ISO-10303-21;
HEADER;
FILE_DESCRIPTION (( 'STEP AP214' ),
    '1' );
FILE_NAME ('cpc_reflact.STEP',
    '2026-05-08T06:30:32',
    ( '' ),
    ( '' ),
    'SwSTEP 2.0',
    'SolidWorks 2025',
    '' );
FILE_SCHEMA (( 'AUTOMOTIVE_DESIGN' ));
ENDSEC;

DATA;
#1 = CARTESIAN_POINT ( 'NONE',  ( 7.106878859722996822, 10.11439573319079877, 0.000000000000000000 ) ) ;
#2 = CARTESIAN_POINT ( 'NONE',  ( 10.48190007495820630, 35.85021234400124968, 0.000000000000000000 ) ) ;
#3 = CARTESIAN_POINT ( 'NONE',  ( -6.734423564119216721, 8.634790622617593669, -13.46884712823842811 ) ) ;
#4 = CARTESIAN_POINT ( 'NONE',  ( 5.885157828235993094, 3.080403315780515960, 0.000000000000000000 ) ) ;
#5 = CARTESIAN_POINT ( 'NONE',  ( 8.604942714301696327, 19.09123446307675565, 17.20988542860338555 ) ) ;
#6 =( LENGTH_UNIT ( ) NAMED_UNIT ( * ) SI_UNIT ( .MILLI., .METRE. ) );
#7 = CARTESIAN_POINT ( 'NONE',  ( -7.106878859722996822, 10.11439573319079877, 8.703416447487758633E-16 ) ) ;
#8 = CARTESIAN_POINT ( 'NONE',  ( 4.739166919561272451, 0.8403829157612299205, 0.000000000000000000 ) ) ;
#9 = ORIENTED_EDGE ( 'NONE', *, *, #915, .T. ) ;
#10 = CARTESIAN_POINT ( 'NONE',  ( -7.384100381190534357, 11.35609144756275413, 14.76820076238107227 ) ) ;
#11 = CARTESIAN_POINT ( 'NONE',  ( 3.811346848434288503, -0.5845650447433110575, 0.000000000000000000 ) ) ;
#12 = CARTESIAN_POINT ( 'NONE',  ( 7.492534154456335749, 11.88078296883618634, -1.835141593951434435E-15 ) ) ;
#13 = CARTESIAN_POINT ( 'NONE',  ( 4.296275654610071548, 0.1179016485952664728, 0.000000000000000000 ) ) ;
#14 = CARTESIAN_POINT ( 'NONE',  ( 8.761578100015004367, 20.56787150577884660, 17.52315620003000518 ) ) ;
#15 = CARTESIAN_POINT ( 'NONE',  ( 10.48676099695429720, 37.05939541999983788, 20.97352199390859084 ) ) ;
#16 = CARTESIAN_POINT ( 'NONE',  ( -6.385782462314971042, 7.402094543604071042, 7.820328052525333052E-16 ) ) ;
#17 = CARTESIAN_POINT ( 'NONE',  ( 9.302352819657741634, 16.52461444714829497, 0.000000000000000000 ) ) ;
#18 = ORIENTED_EDGE ( 'NONE', *, *, #858, .T. ) ;
#19 = DIRECTION ( 'NONE',  ( -0.000000000000000000, -1.000000000000000000, -0.000000000000000000 ) ) ;
#20 = CARTESIAN_POINT ( 'NONE',  ( -8.313808827946411739, 16.75848436021028220, 1.018147936986758185E-15 ) ) ;
#21 = CIRCLE ( 'NONE', #697, 9.486833000000000737 ) ;
#22 = CARTESIAN_POINT ( 'NONE',  ( 0.000000000000000000, -1.469576200000000003E-15, 0.000000000000000000 ) ) ;
#23 = VECTOR ( 'NONE', #687, 1000.000000000000000 ) ;
#24 = ORIENTED_EDGE ( 'NONE', *, *, #602, .F. ) ;
#25 = CARTESIAN_POINT ( 'NONE',  ( 3.452655212582924626, 0.6609660877185299377, 6.905310425165846588 ) ) ;
#26 = CARTESIAN_POINT ( 'NONE',  ( 8.604942714301692774, 19.09123446307675565, -17.20988542860339265 ) ) ;
#27 = CARTESIAN_POINT ( 'NONE',  ( -5.537269839253642800, 2.321288550580893340, -11.07453967850728027 ) ) ;
#28 = ORIENTED_EDGE ( 'NONE', *, *, #954, .T. ) ;
#29 = CARTESIAN_POINT ( 'NONE',  ( -9.441918742764389805, 32.74479694219650838, 1.156301556613581248E-15 ) ) ;
#30 = CARTESIAN_POINT ( 'NONE',  ( 8.604942714301694551, 19.09123446307675565, -2.107603110383181693E-15 ) ) ;
#31 = CARTESIAN_POINT ( 'NONE',  ( -10.35081526421818765, 29.40616896888673537, 1.267609278189036903E-15 ) ) ;
#32 = CARTESIAN_POINT ( 'NONE',  ( -7.788870200701936142, 13.41544673822674838, 9.538614960263827916E-16 ) ) ;
#33 = CARTESIAN_POINT ( 'NONE',  ( 9.223974114415119274, 26.73667513052511069, 18.44794822883023500 ) ) ;
#34 = CARTESIAN_POINT ( 'NONE',  ( -10.48586363485086359, 36.65540624768159716, 1.284147933671574159E-15 ) ) ;
#35 = CARTESIAN_POINT ( 'NONE',  ( -9.357087853730154947, 29.75508884181554237, -18.71417570746030634 ) ) ;
#36 = CARTESIAN_POINT ( 'NONE',  ( 10.45439398344406712, 33.43416936232534908, -20.90878796688814489 ) ) ;
#37 = DIRECTION ( 'NONE',  ( 0.000000000000000000, 0.000000000000000000, -1.000000000000000000 ) ) ;
#38 = CARTESIAN_POINT ( 'NONE',  ( -8.761578100015004367, 20.56787150577884660, 1.072983857566292349E-15 ) ) ;
#39 = CARTESIAN_POINT ( 'NONE',  ( 9.297426627598493809, 28.24943209517240561, 0.000000000000000000 ) ) ;
#40 = CARTESIAN_POINT ( 'NONE',  ( -10.12454278642841388, 24.57187965668954988, 1.239898891622998181E-15 ) ) ;
#41 = CARTESIAN_POINT ( 'NONE',  ( 9.482648503956474073, 35.86238795179403382, -2.322579027561946627E-15 ) ) ;
#42 = CARTESIAN_POINT ( 'NONE',  ( 10.46673869624847519, 34.23960618564090197, -2.563611608374486990E-15 ) ) ;
#43 = EDGE_CURVE ( 'NONE', #654, #999, #660, .T. ) ;
#44 = CARTESIAN_POINT ( 'NONE',  ( -8.160272435004300107, 15.67860248407194135, 9.993451517698392634E-16 ) ) ;
#45 = CARTESIAN_POINT ( 'NONE',  ( -10.47890504043829729, 35.44758203470353664, 1.283295751634182699E-15 ) ) ;
#46 = CARTESIAN_POINT ( 'NONE',  ( -9.357087853730154947, 29.75508884181554237, 1.145912768941121090E-15 ) ) ;
#47 = CARTESIAN_POINT ( 'NONE',  ( 9.302352819657741634, 16.52461444714829497, -2.278419321026641507E-15 ) ) ;
#48 = EDGE_LOOP ( 'NONE', ( #824, #82, #962, #813, #28, #978 ) ) ;
#49 = CARTESIAN_POINT ( 'NONE',  ( 4.663651163422080970, 2.846973803255446356, 9.327302326844160163 ) ) ;
#50 = CARTESIAN_POINT ( 'NONE',  ( -9.302352819657739857, 16.52461444714829497, 18.60470563931547971 ) ) ;
#51 = DIRECTION ( 'NONE',  ( 0.000000000000000000, 0.000000000000000000, -1.000000000000000000 ) ) ;
#52 = CARTESIAN_POINT ( 'NONE',  ( 8.604942714301694551, 19.09123446307675565, 0.000000000000000000 ) ) ;
#53 = CARTESIAN_POINT ( 'NONE',  ( 6.558599360143212209, 7.995282949281317997, 0.000000000000000000 ) ) ;
#54 = CARTESIAN_POINT ( 'NONE',  ( 3.811346848434288503, -0.5845650447433110575, 0.000000000000000000 ) ) ;
#55 = CARTESIAN_POINT ( 'NONE',  ( 4.170747057908732221E-16, -1.469576200000000003E-15, 3.000000000000000000 ) ) ;
#56 = CARTESIAN_POINT ( 'NONE',  ( 5.629271555740181121, 5.129614500436720625, -1.378773878453690838E-15 ) ) ;
#57 = DIRECTION ( 'NONE',  ( -0.000000000000000000, -1.000000000000000000, -0.000000000000000000 ) ) ;
#58 = CARTESIAN_POINT ( 'NONE',  ( 5.629271555740181121, 5.129614500436720625, 0.000000000000000000 ) ) ;
#59 = EDGE_CURVE ( 'NONE', #611, #930, #375, .T. ) ;
#60 = CARTESIAN_POINT ( 'NONE',  ( -7.324295062989104821, 6.956282652123805477, 8.969674504900369673E-16 ) ) ;
#61 = CARTESIAN_POINT ( 'NONE',  ( 0.000000000000000000, 37.46049899999999866, 0.000000000000000000 ) ) ;
#62 = CARTESIAN_POINT ( 'NONE',  ( -5.352745737359992262, 4.412974289028093189, 6.555222933907553385E-16 ) ) ;
#63 = CARTESIAN_POINT ( 'NONE',  ( -9.486823682180350659, 37.40860432993975593, 1.161800825645747450E-15 ) ) ;
#64 = CARTESIAN_POINT ( 'NONE',  ( 6.216211041920571390, 6.851294897263506378, 12.43242208384113923 ) ) ;
#65 = CARTESIAN_POINT ( 'NONE',  ( 3.076609775162171267, 0.1069417612955787245, -6.153219550324343423 ) ) ;
#66 = EDGE_CURVE ( 'NONE', #930, #485, #607, .T. ) ;
#67 = CARTESIAN_POINT ( 'NONE',  ( 5.352745737359992262, 4.412974289028093189, 0.000000000000000000 ) ) ;
#68 = CARTESIAN_POINT ( 'NONE',  ( 5.352745737359992262, 4.412974289028093189, 0.000000000000000000 ) ) ;
#69 = CARTESIAN_POINT ( 'NONE',  ( 4.296275654610071548, 0.1179016485952664867, 8.592551309220141320 ) ) ;
#70 = VECTOR ( 'NONE', #79, 1000.000000000000227 ) ;
#71 = CARTESIAN_POINT ( 'NONE',  ( -3.664794483019730986, 0.9992956448356654642, -7.329588966039456643 ) ) ;
#72 = CARTESIAN_POINT ( 'NONE',  ( 3.664794483019730098, 0.9992956448356654642, 0.000000000000000000 ) ) ;
#73 = CARTESIAN_POINT ( 'NONE',  ( 8.160272435004300107, 15.67860248407194135, 0.000000000000000000 ) ) ;
#74 = CARTESIAN_POINT ( 'NONE',  ( -4.663651163422080970, 2.846973803255446356, 5.711325469624681167E-16 ) ) ;
#75 = APPLICATION_CONTEXT ( 'automotive_design' ) ;
#76 = CARTESIAN_POINT ( 'NONE',  ( 4.296275654610068884, 0.1179016485952664867, -8.592551309220143096 ) ) ;
#77 = CARTESIAN_POINT ( 'NONE',  ( -6.941868987247179490, 9.430032174640052389, 13.88373797449435898 ) ) ;
#78 = EDGE_CURVE ( 'NONE', #276, #499, #1041, .T. ) ;
#79 = DIRECTION ( 'NONE',  ( 0.000000000000000000, -0.0001795525337856189820, -0.9999999838804436436 ) ) ;
#80 = CARTESIAN_POINT ( 'NONE',  ( -6.216211041920572278, 6.851294897263506378, -12.43242208384113923 ) ) ;
#81 = CARTESIAN_POINT ( 'NONE',  ( 9.485942480907731067, 36.74401037921068536, 0.000000000000000000 ) ) ;
#82 = ORIENTED_EDGE ( 'NONE', *, *, #352, .F. ) ;
#83 = CARTESIAN_POINT ( 'NONE',  ( 7.284463141946078579, 10.89576964907767298, 14.56892628389215538 ) ) ;
#84 = CARTESIAN_POINT ( 'NONE',  ( 10.35081526421818765, 29.40616896888673537, 20.70163052843637175 ) ) ;
#85 = CARTESIAN_POINT ( 'NONE',  ( 7.284463141946078579, 10.89576964907767298, -1.784178894058227416E-15 ) ) ;
#86 = CARTESIAN_POINT ( 'NONE',  ( -3.811346848434289392, -0.5845650447433110575, -7.622693696868575230 ) ) ;
#87 = CARTESIAN_POINT ( 'NONE',  ( 8.916281682720962110, 22.24104699958544629, 17.83256336544191711 ) ) ;
#88 = CARTESIAN_POINT ( 'NONE',  ( -10.45439398344407245, 33.43416936232534908, 1.280294012885013042E-15 ) ) ;
#89 = CARTESIAN_POINT ( 'NONE',  ( 7.979722776917344440, 14.53072424535066354, -1.954468391367011027E-15 ) ) ;
#90 = CARTESIAN_POINT ( 'NONE',  ( 6.828030199337946193, 5.384955743026399233, 0.000000000000000000 ) ) ;
#91 = ORIENTED_EDGE ( 'NONE', *, *, #140, .T. ) ;
#92 = CARTESIAN_POINT ( 'NONE',  ( -8.464222254882367125, 17.91244767301265384, 16.92844450976473425 ) ) ;
#93 =( NAMED_UNIT ( * ) SI_UNIT ( $, .STERADIAN. ) SOLID_ANGLE_UNIT ( ) );
#94 = CARTESIAN_POINT ( 'NONE',  ( -7.492534154456335749, 11.88078296883618634, 9.175707969757172175E-16 ) ) ;
#95 = CARTESIAN_POINT ( 'NONE',  ( 10.35081526421818765, 29.40616896888673537, 0.000000000000000000 ) ) ;
#96 = ORIENTED_EDGE ( 'NONE', *, *, #78, .T. ) ;
#97 = CARTESIAN_POINT ( 'NONE',  ( -9.486805098667520753, 37.30510530298870719, 18.97361019733504151 ) ) ;
#98 = CARTESIAN_POINT ( 'NONE',  ( -10.40337379883619739, 31.01759254525214615, 1.274045842307818913E-15 ) ) ;
#99 = CARTESIAN_POINT ( 'NONE',  ( 9.486823682180345330, 37.40860432993975593, -18.97364736436070132 ) ) ;
#100 = AXIS2_PLACEMENT_3D ( 'NONE', #61, #708, #534 ) ;
#101 = CARTESIAN_POINT ( 'NONE',  ( 10.35081526421818410, 29.40616896888673537, -20.70163052843637530 ) ) ;
#102 = VERTEX_POINT ( 'NONE', #151 ) ;
#103 = EDGE_CURVE ( 'NONE', #882, #276, #943, .T. ) ;
#104 = CARTESIAN_POINT ( 'NONE',  ( -9.223974114415119274, 26.73667513052511424, 1.129611037463651695E-15 ) ) ;
#105 = CARTESIAN_POINT ( 'NONE',  ( 3.025467986063202108, 0.03534828230692505652, 6.050935972126403328 ) ) ;
#106 = CARTESIAN_POINT ( 'NONE',  ( -9.486833000000000737, 37.46049899999999866, 1.161801966749548245E-15 ) ) ;
#107 = CARTESIAN_POINT ( 'NONE',  ( -10.12454278642841388, 24.57187965668954988, 1.239898891622998181E-15 ) ) ;
#108 = CARTESIAN_POINT ( 'NONE',  ( -3.000000000000000000, -1.469576200000000003E-15, 7.645980032468771405E-16 ) ) ;
#109 = CARTESIAN_POINT ( 'NONE',  ( -3.000000000000000000, -1.469576200000000003E-15, 7.645980032468771405E-16 ) ) ;
#110 = CARTESIAN_POINT ( 'NONE',  ( -9.357087853730154947, 29.75508884181554237, 1.145912768941121090E-15 ) ) ;
#111 = CARTESIAN_POINT ( 'NONE',  ( 3.025467986063202552, 0.03534828230692505652, 0.000000000000000000 ) ) ;
#112 = EDGE_CURVE ( 'NONE', #485, #572, #443, .T. ) ;
#113 = CARTESIAN_POINT ( 'NONE',  ( -9.223974114415119274, 26.73667513052511424, 1.129611037463651695E-15 ) ) ;
#114 = CARTESIAN_POINT ( 'NONE',  ( 5.885157828235993094, 3.080403315780515960, -1.441447939365239483E-15 ) ) ;
#115 = DIRECTION ( 'NONE',  ( 0.000000000000000000, 0.000000000000000000, -1.000000000000000000 ) ) ;
#116 = CARTESIAN_POINT ( 'NONE',  ( -6.385782462314971042, 7.402094543604071042, 7.820328052525333052E-16 ) ) ;
#117 = CARTESIAN_POINT ( 'NONE',  ( 9.223974114415119274, 26.73667513052511424, 0.000000000000000000 ) ) ;
#118 =( BOUNDED_SURFACE ( )  B_SPLINE_SURFACE ( 3, 3, ( 
 ( #360, #451, #123, #445 ),
 ( #750, #762, #913, #198 ),
 ( #516, #851, #65, #1030 ),
 ( #395, #379, #150, #718 ),
 ( #467, #875, #237, #561 ),
 ( #313, #797, #162, #787 ),
 ( #777, #71, #1036, #318 ),
 ( #934, #632, #866, #616 ),
 ( #1024, #383, #550, #138 ),
 ( #388, #156, #637, #307 ),
 ( #302, #699, #1040, #955 ),
 ( #74, #793, #478, #626 ),
 ( #1017, #862, #297, #217 ),
 ( #714, #945, #620, #950 ),
 ( #782, #544, #939, #233 ),
 ( #62, #539, #704, #709 ),
 ( #856, #229, #458, #56 ),
 ( #223, #145, #463, #557 ),
 ( #871, #472, #492, #900 ),
 ( #265, #80, #816, #254 ),
 ( #16, #806, #583, #565 ),
 ( #166, #889, #483, #981 ),
 ( #405, #3, #248, #658 ),
 ( #801, #176, #726, #185 ),
 ( #7, #322, #570, #975 ),
 ( #171, #880, #327, #85 ),
 ( #575, #960, #503, #410 ),
 ( #94, #488, #260, #12 ),
 ( #342, #647, #732, #965 ),
 ( #821, #400, #642, #811 ),
 ( #243, #421, #885, #89 ),
 ( #332, #739, #336, #736 ),
 ( #20, #666, #415, #579 ),
 ( #652, #970, #895, #722 ),
 ( #181, #497, #26, #30 ),
 ( #347, #928, #353, #996 ),
 ( #991, #676, #364, #274 ),
 ( #844, #692, #593, #838 ),
 ( #207, #128, #911, #514 ),
 ( #113, #449, #196, #765 ),
 ( #833, #121, #754, #436 ),
 ( #46, #35, #442, #520 ),
 ( #358, #587, #682, #368 ),
 ( #671, #923, #289, #986 ),
 ( #279, #212, #426, #526 ),
 ( #269, #508, #742, #41 ),
 ( #598, #918, #202, #760 ),
 ( #608, #688, #1002, #748 ),
 ( #905, #284, #191, #603 ),
 ( #1008, #533, #99, #827 ),
 ( #106, #431, #232, #707 ) ),
 .UNSPECIFIED., .F., .F., .T. ) 
 B_SPLINE_SURFACE_WITH_KNOTS ( ( 4, 1, 1, 1, 1, 1, 1, 1, 1, 1, 1, 1, 1, 1, 1, 1, 1, 1, 1, 1, 1, 1, 1, 1, 1, 1, 1, 1, 1, 1, 1, 1, 1, 1, 1, 1, 1, 1, 1, 1, 1, 1, 1, 1, 1, 1, 1, 1, 4 ),
 ( 4, 4 ),
 ( 0.000000000000000000, 0.003395859329715924038, 0.006857813373830719782, 0.009119438206871272393, 0.02387394597877892308, 0.02945154352964406488, 0.04024517965957693372, 0.04729034441400560562, 0.06633949965235015622, 0.07883381679227670358, 0.08712019407933779824, 0.09139791082429864211, 0.1052294085074627489, 0.1103451120642796740, 0.1302577340503056902, 0.1501198661881400775, 0.1702130606634626175, 0.1848492012246092109, 0.1972397767157667292, 0.2102890861502228759, 0.2297688781925105173, 0.2453961917063232356, 0.2619839766016019977, 0.2938268181591028871, 0.3002638083462582652, 0.3244410943938045855, 0.3305363343314055569, 0.3420249932850199515, 0.3755844929920075237, 0.4012210231599778743, 0.4302170048416140147, 0.4661536416918335424, 0.4862362800757339398, 0.5209227142173060709, 0.5586844838629866361, 0.6019759139917562063, 0.6518914616682688346, 0.6800570970853561104, 0.7175379932101734193, 0.7661937028625503965, 0.7981059090876599926, 0.8349877291123039003, 0.8742116775804610329, 0.9232143361644228330, 0.9682650537724362128, 0.9839554587798458041, 0.9919327743646144668, 0.9959550729607544728, 1.000000000000000000 ),
 ( 0.000000000000000000, 1.000000000000000000 ),
 .UNSPECIFIED. ) 
 GEOMETRIC_REPRESENTATION_ITEM ( )  RATIONAL_B_SPLINE_SURFACE ( (
 ( 1.000000000000000000, 0.3333333333333334259, 0.3333333333333334259, 1.000000000000000000),
 ( 1.000000000000000000, 0.3333333333333334259, 0.3333333333333334259, 1.000000000000000000),
 ( 1.000000000000000000, 0.3333333333333334259, 0.3333333333333334259, 1.000000000000000000),
 ( 1.000000000000000000, 0.3333333333333334259, 0.3333333333333334259, 1.000000000000000000),
 ( 1.000000000000000000, 0.3333333333333334259, 0.3333333333333334259, 1.000000000000000000),
 ( 1.000000000000000000, 0.3333333333333334259, 0.3333333333333334259, 1.000000000000000000),
 ( 1.000000000000000000, 0.3333333333333334259, 0.3333333333333334259, 1.000000000000000000),
 ( 1.000000000000000000, 0.3333333333333334259, 0.3333333333333334259, 1.000000000000000000),
 ( 1.000000000000000000, 0.3333333333333334259, 0.3333333333333334259, 1.000000000000000000),
 ( 1.000000000000000000, 0.3333333333333334259, 0.3333333333333334259, 1.000000000000000000),
 ( 1.000000000000000000, 0.3333333333333334259, 0.3333333333333334259, 1.000000000000000000),
 ( 1.000000000000000000, 0.3333333333333334259, 0.3333333333333334259, 1.000000000000000000),
 ( 1.000000000000000000, 0.3333333333333334259, 0.3333333333333334259, 1.000000000000000000),
 ( 1.000000000000000000, 0.3333333333333334259, 0.3333333333333334259, 1.000000000000000000),
 ( 1.000000000000000000, 0.3333333333333334259, 0.3333333333333334259, 1.000000000000000000),
 ( 1.000000000000000000, 0.3333333333333334259, 0.3333333333333334259, 1.000000000000000000),
 ( 1.000000000000000000, 0.3333333333333334259, 0.3333333333333334259, 1.000000000000000000),
 ( 1.000000000000000000, 0.3333333333333334259, 0.3333333333333334259, 1.000000000000000000),
 ( 1.000000000000000000, 0.3333333333333334259, 0.3333333333333334259, 1.000000000000000000),
 ( 1.000000000000000000, 0.3333333333333334259, 0.3333333333333334259, 1.000000000000000000),
 ( 1.000000000000000000, 0.3333333333333334259, 0.3333333333333334259, 1.000000000000000000),
 ( 1.000000000000000000, 0.3333333333333334259, 0.3333333333333334259, 1.000000000000000000),
 ( 1.000000000000000000, 0.3333333333333334259, 0.3333333333333334259, 1.000000000000000000),
 ( 1.000000000000000000, 0.3333333333333334259, 0.3333333333333334259, 1.000000000000000000),
 ( 1.000000000000000000, 0.3333333333333334259, 0.3333333333333334259, 1.000000000000000000),
 ( 1.000000000000000000, 0.3333333333333334259, 0.3333333333333334259, 1.000000000000000000),
 ( 1.000000000000000000, 0.3333333333333334259, 0.3333333333333334259, 1.000000000000000000),
 ( 1.000000000000000000, 0.3333333333333334259, 0.3333333333333334259, 1.000000000000000000),
 ( 1.000000000000000000, 0.3333333333333334259, 0.3333333333333334259, 1.000000000000000000),
 ( 1.000000000000000000, 0.3333333333333334259, 0.3333333333333334259, 1.000000000000000000),
 ( 1.000000000000000000, 0.3333333333333334259, 0.3333333333333334259, 1.000000000000000000),
 ( 1.000000000000000000, 0.3333333333333334259, 0.3333333333333334259, 1.000000000000000000),
 ( 1.000000000000000000, 0.3333333333333334259, 0.3333333333333334259, 1.000000000000000000),
 ( 1.000000000000000000, 0.3333333333333334259, 0.3333333333333334259, 1.000000000000000000),
 ( 1.000000000000000000, 0.3333333333333334259, 0.3333333333333334259, 1.000000000000000000),
 ( 1.000000000000000000, 0.3333333333333334259, 0.3333333333333334259, 1.000000000000000000),
 ( 1.000000000000000000, 0.3333333333333334259, 0.3333333333333334259, 1.000000000000000000),
 ( 1.000000000000000000, 0.3333333333333334259, 0.3333333333333334259, 1.000000000000000000),
 ( 1.000000000000000000, 0.3333333333333334259, 0.3333333333333334259, 1.000000000000000000),
 ( 1.000000000000000000, 0.3333333333333334259, 0.3333333333333334259, 1.000000000000000000),
 ( 1.000000000000000000, 0.3333333333333334259, 0.3333333333333334259, 1.000000000000000000),
 ( 1.000000000000000000, 0.3333333333333334259, 0.3333333333333334259, 1.000000000000000000),
 ( 1.000000000000000000, 0.3333333333333334259, 0.3333333333333334259, 1.000000000000000000),
 ( 1.000000000000000000, 0.3333333333333334259, 0.3333333333333334259, 1.000000000000000000),
 ( 1.000000000000000000, 0.3333333333333334259, 0.3333333333333334259, 1.000000000000000000),
 ( 1.000000000000000000, 0.3333333333333334259, 0.3333333333333334259, 1.000000000000000000),
 ( 1.000000000000000000, 0.3333333333333334259, 0.3333333333333334259, 1.000000000000000000),
 ( 1.000000000000000000, 0.3333333333333334259, 0.3333333333333334259, 1.000000000000000000),
 ( 1.000000000000000000, 0.3333333333333334259, 0.3333333333333334259, 1.000000000000000000),
 ( 1.000000000000000000, 0.3333333333333334259, 0.3333333333333334259, 1.000000000000000000),
 ( 1.000000000000000000, 0.3333333333333334259, 0.3333333333333334259, 1.000000000000000000) ) ) 
 REPRESENTATION_ITEM ( '' )  SURFACE ( )  );
#119 = CARTESIAN_POINT ( 'NONE',  ( -3.076609775162172156, 0.1069417612955787383, 3.767760313377811929E-16 ) ) ;
#120 = EDGE_CURVE ( 'NONE', #882, #572, #175, .T. ) ;
#121 = CARTESIAN_POINT ( 'NONE',  ( -9.297426627598495585, 28.24943209517240561, -18.59485325519698407 ) ) ;
#122 = CARTESIAN_POINT ( 'NONE',  ( -10.45439398344407245, 33.43416936232534908, 1.280294012885013042E-15 ) ) ;
#123 = CARTESIAN_POINT ( 'NONE',  ( 2.999999999999998668, -1.469576200000000003E-15, -6.000000000000000000 ) ) ;
#124 = AXIS2_PLACEMENT_3D ( 'NONE', #291, #535, #115 ) ;
#125 = ORIENTED_EDGE ( 'NONE', *, *, #103, .T. ) ;
#126 = AXIS2_PLACEMENT_3D ( 'NONE', #507, #764, #591 ) ;
#127 = CARTESIAN_POINT ( 'NONE',  ( -10.48676099695429720, 37.05939541999983788, 1.284257828834338582E-15 ) ) ;
#128 = CARTESIAN_POINT ( 'NONE',  ( -9.137633390568714375, 25.27275425128878439, -18.27526678113742520 ) ) ;
#129 = CARTESIAN_POINT ( 'NONE',  ( 10.48190007495820630, 35.85021234400124968, -2.567325075155994037E-15 ) ) ;
#130 = CARTESIAN_POINT ( 'NONE',  ( -9.357087853730154947, 29.75508884181554237, 1.145912768941121090E-15 ) ) ;
#131 = PRODUCT_CONTEXT ( 'NONE', #566, 'mechanical' ) ;
#132 = CARTESIAN_POINT ( 'NONE',  ( -3.819768608208786720, 1.256684091749024956, 7.639537216417573440 ) ) ;
#133 = CARTESIAN_POINT ( 'NONE',  ( 4.296275654610071548, 0.1179016485952664728, 0.000000000000000000 ) ) ;
#134 = DIRECTION ( 'NONE',  ( -0.000000000000000000, -1.000000000000000000, -0.000000000000000000 ) ) ;
#135 = CARTESIAN_POINT ( 'NONE',  ( -6.385782462314971042, 7.402094543604071042, 7.820328052525333052E-16 ) ) ;
#136 = CARTESIAN_POINT ( 'NONE',  ( -4.296275654610071548, 0.1179016485952664728, 5.261420228672923919E-16 ) ) ;
#137 = B_SPLINE_CURVE_WITH_KNOTS ( 'NONE', 3,
 ( #182, #333, #13, #8, #812, #901, #4, #90, #737, #498, #653, #817, #17, #337, #489, #95, #740, #323, #727, #971, #982, #966, #976, #172 ),
 .UNSPECIFIED., .F., .F.,
 ( 4, 2, 2, 2, 2, 2, 2, 2, 2, 2, 2, 4 ),
 ( 0.000000000000000000, 0.03124999999999996531, 0.06249999999999993061, 0.1249999999999999167, 0.2499999999999998890, 0.3749999999999998335, 0.4999999999999998890, 0.7500000000000000000, 0.8750000000000002220, 0.9375000000000004441, 0.9687500000000001110, 1.000000000000000000 ),
 .UNSPECIFIED. ) ;
#138 = CARTESIAN_POINT ( 'NONE',  ( 4.056328797069572722, 1.666589519164689559, -9.935140155240970113E-16 ) ) ;
#139 = CARTESIAN_POINT ( 'NONE',  ( 4.931504368053622578, 3.424494176704538262, 0.000000000000000000 ) ) ;
#140 = EDGE_CURVE ( 'NONE', #999, #734, #908, .T. ) ;
#141 = CIRCLE ( 'NONE', #124, 3.000000000000000000 ) ;
#142 = CARTESIAN_POINT ( 'NONE',  ( -4.292560862090076590, 2.101763015741237250, 5.256870919903815567E-16 ) ) ;
#143 = CARTESIAN_POINT ( 'NONE',  ( 6.828030199337945305, 5.384955743026400121, 13.65606039867589061 ) ) ;
#144 = DIRECTION ( 'NONE',  ( -0.000000000000000000, -1.000000000000000000, -0.000000000000000000 ) ) ;
#145 = CARTESIAN_POINT ( 'NONE',  ( -5.865670148623795654, 5.788947189054818310, -11.73134029724758243 ) ) ;
#146 = CARTESIAN_POINT ( 'NONE',  ( 6.558599360143212209, 7.995282949281317997, 0.000000000000000000 ) ) ;
#147 = CARTESIAN_POINT ( 'NONE',  ( -5.629271555740179345, 5.129614500436721514, 11.25854311148035869 ) ) ;
#148 = CARTESIAN_POINT ( 'NONE',  ( 7.324295062989105709, 6.956282652123805477, 14.64859012597820609 ) ) ;
#149 = CARTESIAN_POINT ( 'NONE',  ( 0.000000000000000000, 37.46049899999999866, 0.000000000000000000 ) ) ;
#150 = CARTESIAN_POINT ( 'NONE',  ( 3.143756106984463283, 0.2027556443573139966, -6.287512213968929231 ) ) ;
#151 = CARTESIAN_POINT ( 'NONE',  ( 1.223034305719877869E-15, 37.46049899999999866, 9.486833000000000737 ) ) ;
#152 = CARTESIAN_POINT ( 'NONE',  ( 3.819768608208787608, 1.256684091749024956, 7.639537216417573440 ) ) ;
#153 = CARTESIAN_POINT ( 'NONE',  ( -9.885522924923263233, 21.34829603839435208, 19.77104584984652647 ) ) ;
#154 = EDGE_CURVE ( 'NONE', #744, #251, #137, .T. ) ;
#155 = DIRECTION ( 'NONE',  ( 0.000000000000000000, 0.000000000000000000, -1.000000000000000000 ) ) ;
#156 = CARTESIAN_POINT ( 'NONE',  ( -4.292560862090077478, 2.101763015741237250, -8.585121724180151404 ) ) ;
#157 = CARTESIAN_POINT ( 'NONE',  ( 3.452655212582924626, 0.6609660877185298267, 0.000000000000000000 ) ) ;
#158 = CARTESIAN_POINT ( 'NONE',  ( 7.492534154456335749, 11.88078296883618634, 0.000000000000000000 ) ) ;
#159 = AXIS2_PLACEMENT_3D ( 'NONE', #422, #886, #648 ) ;
#160 = CARTESIAN_POINT ( 'NONE',  ( -4.060277553363137670, -0.2390617603120041290, 4.972405909376012819E-16 ) ) ;
#161 = PRESENTATION_LAYER_ASSIGNMENT (  '', '', ( #193 ) ) ;
#162 = CARTESIAN_POINT ( 'NONE',  ( 3.452655212582922850, 0.6609660877185299377, -6.905310425165848365 ) ) ;
#163 = DIRECTION ( 'NONE',  ( 0.000000000000000000, 0.000000000000000000, -1.000000000000000000 ) ) ;
#164 = CARTESIAN_POINT ( 'NONE',  ( 6.941868987247181266, 9.430032174640052389, 13.88373797449435898 ) ) ;
#165 = CARTESIAN_POINT ( 'NONE',  ( 10.48683298388044349, 37.46031944746622599, 0.000000000000000000 ) ) ;
#166 = CARTESIAN_POINT ( 'NONE',  ( -6.558599360143212209, 7.995282949281317997, 8.031967713289263276E-16 ) ) ;
#167 = CARTESIAN_POINT ( 'NONE',  ( -4.947246571560759421, 1.207412906101376970, -9.894493143121515288 ) ) ;
#168 = VERTEX_POINT ( 'NONE', #328 ) ;
#169 = CARTESIAN_POINT ( 'NONE',  ( -7.284463141946077691, 10.89576964907767298, 14.56892628389215538 ) ) ;
#170 = CARTESIAN_POINT ( 'NONE',  ( -10.35081526421818587, 29.40616896888673537, 20.70163052843637175 ) ) ;
#171 = CARTESIAN_POINT ( 'NONE',  ( -7.284463141946078579, 10.89576964907767298, 8.920894470291137080E-16 ) ) ;
#172 = CARTESIAN_POINT ( 'NONE',  ( 10.48683298388044349, 37.46031944746621889, 0.000000000000000000 ) ) ;
#173 = CARTESIAN_POINT ( 'NONE',  ( 8.916281682720960333, 22.24104699958544273, 0.000000000000000000 ) ) ;
#174 = CARTESIAN_POINT ( 'NONE',  ( -10.12454278642841388, 24.57187965668954988, 1.239898891622998181E-15 ) ) ;
#175 = B_SPLINE_CURVE_WITH_KNOTS ( 'NONE', 3,
 ( #794, #639, #224, #789, #710, #157, #72, #546, #464, #314, #230, #705, #551, #139, #863, #67, #468, #715, #867, #778, #783, #146, #562, #872, #1031, #621, #633, #951, #234, #1018, #473, #877, #479, #303, #52, #376, #298, #935, #218, #540, #857, #460, #1025, #667, #659, #417, #81, #411, #733, #187, #406 ),
 .UNSPECIFIED., .F., .F.,
 ( 4, 1, 1, 1, 1, 1, 1, 1, 1, 1, 1, 1, 1, 1, 1, 1, 1, 1, 1, 1, 1, 1, 1, 1, 1, 1, 1, 1, 1, 1, 1, 1, 1, 1, 1, 1, 1, 1, 1, 1, 1, 1, 1, 1, 1, 1, 1, 1, 4 ),
 ( 0.000000000000000000, 0.003395859329715924038, 0.006857813373830719782, 0.009119438206871272393, 0.02387394597877892308, 0.02945154352964406488, 0.04024517965957693372, 0.04729034441400560562, 0.06633949965235015622, 0.07883381679227670358, 0.08712019407933779824, 0.09139791082429864211, 0.1052294085074627489, 0.1103451120642796740, 0.1302577340503056902, 0.1501198661881400775, 0.1702130606634626175, 0.1848492012246092109, 0.1972397767157667292, 0.2102890861502228759, 0.2297688781925105173, 0.2453961917063232356, 0.2619839766016019977, 0.2938268181591028871, 0.3002638083462582652, 0.3244410943938045855, 0.3305363343314055569, 0.3420249932850199515, 0.3755844929920075237, 0.4012210231599778743, 0.4302170048416140147, 0.4661536416918335424, 0.4862362800757339398, 0.5209227142173060709, 0.5586844838629866361, 0.6019759139917562063, 0.6518914616682688346, 0.6800570970853561104, 0.7175379932101734193, 0.7661937028625503965, 0.7981059090876599926, 0.8349877291123039003, 0.8742116775804610329, 0.9232143361644228330, 0.9682650537724362128, 0.9839554587798458041, 0.9919327743646144668, 0.9959550729607544728, 1.000000000000000000 ),
 .UNSPECIFIED. ) ;
#176 = CARTESIAN_POINT ( 'NONE',  ( -6.941868987247183931, 9.430032174640052389, -13.88373797449435898 ) ) ;
#177 = CARTESIAN_POINT ( 'NONE',  ( 3.811346848434286727, -0.5845650447433110575, -7.622693696868576119 ) ) ;
#178 = ORIENTED_EDGE ( 'NONE', *, *, #225, .T. ) ;
#179 = CARTESIAN_POINT ( 'NONE',  ( 9.037759474718052743, 23.79350002922808471, 18.07551894943609838 ) ) ;
#180 = CARTESIAN_POINT ( 'NONE',  ( 10.46673869624847519, 34.23960618564090197, 20.93347739249694683 ) ) ;
#181 = CARTESIAN_POINT ( 'NONE',  ( -8.604942714301694551, 19.09123446307675565, 1.053801555191590847E-15 ) ) ;
#182 = CARTESIAN_POINT ( 'NONE',  ( 3.811346848434288503, -0.5845650447433110575, 0.000000000000000000 ) ) ;
#183 = ORIENTED_EDGE ( 'NONE', *, *, #403, .T. ) ;
#184 = CARTESIAN_POINT ( 'NONE',  ( -10.48683298388044349, 37.46031944746621889, 1.284266644690220509E-15 ) ) ;
#185 = CARTESIAN_POINT ( 'NONE',  ( 6.941868987247182154, 9.430032174640052389, -1.700267527066507885E-15 ) ) ;
#186 = EDGE_CURVE ( 'NONE', #611, #168, #292, .T. ) ;
#187 = CARTESIAN_POINT ( 'NONE',  ( 9.486823682180350659, 37.40860432993975593, 0.000000000000000000 ) ) ;
#188 = ORIENTED_EDGE ( 'NONE', *, *, #747, .F. ) ;
#189 = CARTESIAN_POINT ( 'NONE',  ( -9.486604804445297745, 37.09926083681344267, 18.97320960889059549 ) ) ;
#190 = FACE_OUTER_BOUND ( 'NONE', #505, .T. ) ;
#191 = CARTESIAN_POINT ( 'NONE',  ( 9.486805098667515423, 37.30510530298870719, -18.97361019733504151 ) ) ;
#192 = CARTESIAN_POINT ( 'NONE',  ( 8.498664528677551289, 11.71761775010523543, -16.99732905735510968 ) ) ;
#193 = STYLED_ITEM ( 'NONE', ( #884 ), #780 ) ;
#194 = CARTESIAN_POINT ( 'NONE',  ( -7.621867189581235102, 12.52406206666003108, 9.334095257246892421E-16 ) ) ;
#195 = CARTESIAN_POINT ( 'NONE',  ( 9.486604804445299521, 37.09926083681344267, 0.000000000000000000 ) ) ;
#196 = CARTESIAN_POINT ( 'NONE',  ( 9.223974114415113945, 26.73667513052511069, -18.44794822883023855 ) ) ;
#197 = CARTESIAN_POINT ( 'NONE',  ( 5.537269839253641024, 2.321288550580893340, -1.356239956931430014E-15 ) ) ;
#198 = CARTESIAN_POINT ( 'NONE',  ( 3.025467986063202552, 0.03534828230692505652, -7.410259370110179366E-16 ) ) ;
#199 = CARTESIAN_POINT ( 'NONE',  ( -3.076609775162172156, 0.1069417612955787383, 3.767760313377811929E-16 ) ) ;
#200 = CARTESIAN_POINT ( 'NONE',  ( -9.485942480907729291, 36.74401037921068536, 18.97188496181545858 ) ) ;
#201 = DIRECTION ( 'NONE',  ( -0.000000000000000000, -1.000000000000000000, -0.000000000000000000 ) ) ;
#202 = CARTESIAN_POINT ( 'NONE',  ( 9.485942480907725738, 36.74401037921068536, -18.97188496181546213 ) ) ;
#203 = CARTESIAN_POINT ( 'NONE',  ( 8.160376629527805292, 10.12196304422556459, -1.998715823837618807E-15 ) ) ;
#204 = CARTESIAN_POINT ( 'NONE',  ( -4.292560862090076590, 2.101763015741237250, 5.256870919903815567E-16 ) ) ;
#205 = CARTESIAN_POINT ( 'NONE',  ( -9.486823682180348882, 37.40860432993975593, 18.97364736436069776 ) ) ;
#206 = CARTESIAN_POINT ( 'NONE',  ( 3.000000000000000000, -1.469576200000000003E-15, 0.000000000000000000 ) ) ;
#207 = CARTESIAN_POINT ( 'NONE',  ( -9.137633390568714375, 25.27275425128878084, 1.119037348354195175E-15 ) ) ;
#208 = CARTESIAN_POINT ( 'NONE',  ( -10.48190007495820808, 35.85021234400124968, -20.96380014991641261 ) ) ;
#209 = CARTESIAN_POINT ( 'NONE',  ( -9.137633390568714375, 25.27275425128878084, 1.119037348354195175E-15 ) ) ;
#210 = DIRECTION ( 'NONE',  ( 0.000000000000000000, 0.000000000000000000, 1.000000000000000000 ) ) ;
#211 = CARTESIAN_POINT ( 'NONE',  ( 5.352745737359992262, 4.412974289028093189, 10.70549147471998275 ) ) ;
#212 = CARTESIAN_POINT ( 'NONE',  ( -9.470496765418046081, 34.45446526311807389, -18.94099353083608150 ) ) ;
#213 = ORIENTED_EDGE ( 'NONE', *, *, #954, .F. ) ;
#214 = CARTESIAN_POINT ( 'NONE',  ( -4.056328797069570946, 1.666589519164689559, 8.112657594139141892 ) ) ;
#215 = CARTESIAN_POINT ( 'NONE',  ( -8.160376629527803516, 10.12196304422556459, 16.32075325905560703 ) ) ;
#216 = DIRECTION ( 'NONE',  ( 0.000000000000000000, 0.000000000000000000, -1.000000000000000000 ) ) ;
#217 = CARTESIAN_POINT ( 'NONE',  ( 4.808196390162846612, 3.153221814484565844, -1.177668463776957492E-15 ) ) ;
#218 = CARTESIAN_POINT ( 'NONE',  ( 9.137633390568714375, 25.27275425128878084, 0.000000000000000000 ) ) ;
#219 = CARTESIAN_POINT ( 'NONE',  ( -4.663651163422080970, 2.846973803255446356, 5.711325469624681167E-16 ) ) ;
#220 = CARTESIAN_POINT ( 'NONE',  ( 4.060277553363137670, -0.2390617603120041013, 8.120555106726273564 ) ) ;
#221 =( BOUNDED_SURFACE ( )  B_SPLINE_SURFACE ( 3, 3, ( 
 ( #206, #367, #990, #273 ),
 ( #111, #105, #753, #346 ),
 ( #995, #357, #278, #119 ),
 ( #513, #691, #832, #441 ),
 ( #264, #899, #502, #268 ),
 ( #424, #25, #670, #985 ),
 ( #695, #385, #859, #1020 ),
 ( #377, #152, #132, #1013 ),
 ( #701, #622, #214, #469 ),
 ( #711, #299, #310, #142 ),
 ( #774, #453, #612, #618 ),
 ( #537, #49, #936, #219 ),
 ( #768, #456, #1032, #547 ),
 ( #371, #864, #779, #941 ),
 ( #629, #542, #461, #853 ),
 ( #68, #211, #304, #226 ),
 ( #58, #947, #147, #465 ),
 ( #231, #553, #381, #706 ),
 ( #294, #868, #784, #790 ),
 ( #532, #64, #1026, #927 ),
 ( #931, #392, #1007, #135 ),
 ( #53, #287, #606, #848 ),
 ( #257, #878, #408, #324 ),
 ( #413, #164, #77, #650 ),
 ( #1, #568, #795, #481 ),
 ( #804, #83, #169, #397 ),
 ( #735, #402, #10, #730 ),
 ( #158, #883, #239, #973 ),
 ( #235, #490, #892, #559 ),
 ( #799, #495, #1038, #809 ),
 ( #873, #320, #646, #476 ),
 ( #73, #577, #563, #720 ),
 ( #724, #968, #952, #814 ),
 ( #486, #963, #92, #330 ),
 ( #640, #5, #246, #957 ),
 ( #252, #14, #573, #887 ),
 ( #173, #87, #335, #634 ),
 ( #655, #179, #716, #315 ),
 ( #663, #752, #356, #836 ),
 ( #117, #33, #679, #104 ),
 ( #39, #512, #831, #994 ),
 ( #440, #277, #362, #110 ),
 ( #596, #590, #340, #345 ),
 ( #429, #272, #898, #29 ),
 ( #916, #686, #350, #825 ),
 ( #586, #434, #674, #518 ),
 ( #903, #745, #200, #909 ),
 ( #195, #500, #189, #757 ),
 ( #1000, #282, #97, #989 ),
 ( #601, #921, #205, #523 ),
 ( #841, #984, #419, #738 ) ),
 .UNSPECIFIED., .F., .F., .T. ) 
 B_SPLINE_SURFACE_WITH_KNOTS ( ( 4, 1, 1, 1, 1, 1, 1, 1, 1, 1, 1, 1, 1, 1, 1, 1, 1, 1, 1, 1, 1, 1, 1, 1, 1, 1, 1, 1, 1, 1, 1, 1, 1, 1, 1, 1, 1, 1, 1, 1, 1, 1, 1, 1, 1, 1, 1, 1, 4 ),
 ( 4, 4 ),
 ( 0.000000000000000000, 0.003395859329715924038, 0.006857813373830719782, 0.009119438206871272393, 0.02387394597877892308, 0.02945154352964406488, 0.04024517965957693372, 0.04729034441400560562, 0.06633949965235015622, 0.07883381679227670358, 0.08712019407933779824, 0.09139791082429864211, 0.1052294085074627489, 0.1103451120642796740, 0.1302577340503056902, 0.1501198661881400775, 0.1702130606634626175, 0.1848492012246092109, 0.1972397767157667292, 0.2102890861502228759, 0.2297688781925105173, 0.2453961917063232356, 0.2619839766016019977, 0.2938268181591028871, 0.3002638083462582652, 0.3244410943938045855, 0.3305363343314055569, 0.3420249932850199515, 0.3755844929920075237, 0.4012210231599778743, 0.4302170048416140147, 0.4661536416918335424, 0.4862362800757339398, 0.5209227142173060709, 0.5586844838629866361, 0.6019759139917562063, 0.6518914616682688346, 0.6800570970853561104, 0.7175379932101734193, 0.7661937028625503965, 0.7981059090876599926, 0.8349877291123039003, 0.8742116775804610329, 0.9232143361644228330, 0.9682650537724362128, 0.9839554587798458041, 0.9919327743646144668, 0.9959550729607544728, 1.000000000000000000 ),
 ( 0.000000000000000000, 1.000000000000000000 ),
 .UNSPECIFIED. ) 
 GEOMETRIC_REPRESENTATION_ITEM ( )  RATIONAL_B_SPLINE_SURFACE ( (
 ( 1.000000000000000000, 0.3333333333333334259, 0.3333333333333334259, 1.000000000000000000),
 ( 1.000000000000000000, 0.3333333333333334259, 0.3333333333333334259, 1.000000000000000000),
 ( 1.000000000000000000, 0.3333333333333334259, 0.3333333333333334259, 1.000000000000000000),
 ( 1.000000000000000000, 0.3333333333333334259, 0.3333333333333334259, 1.000000000000000000),
 ( 1.000000000000000000, 0.3333333333333334259, 0.3333333333333334259, 1.000000000000000000),
 ( 1.000000000000000000, 0.3333333333333334259, 0.3333333333333334259, 1.000000000000000000),
 ( 1.000000000000000000, 0.3333333333333334259, 0.3333333333333334259, 1.000000000000000000),
 ( 1.000000000000000000, 0.3333333333333334259, 0.3333333333333334259, 1.000000000000000000),
 ( 1.000000000000000000, 0.3333333333333334259, 0.3333333333333334259, 1.000000000000000000),
 ( 1.000000000000000000, 0.3333333333333334259, 0.3333333333333334259, 1.000000000000000000),
 ( 1.000000000000000000, 0.3333333333333334259, 0.3333333333333334259, 1.000000000000000000),
 ( 1.000000000000000000, 0.3333333333333334259, 0.3333333333333334259, 1.000000000000000000),
 ( 1.000000000000000000, 0.3333333333333334259, 0.3333333333333334259, 1.000000000000000000),
 ( 1.000000000000000000, 0.3333333333333334259, 0.3333333333333334259, 1.000000000000000000),
 ( 1.000000000000000000, 0.3333333333333334259, 0.3333333333333334259, 1.000000000000000000),
 ( 1.000000000000000000, 0.3333333333333334259, 0.3333333333333334259, 1.000000000000000000),
 ( 1.000000000000000000, 0.3333333333333334259, 0.3333333333333334259, 1.000000000000000000),
 ( 1.000000000000000000, 0.3333333333333334259, 0.3333333333333334259, 1.000000000000000000),
 ( 1.000000000000000000, 0.3333333333333334259, 0.3333333333333334259, 1.000000000000000000),
 ( 1.000000000000000000, 0.3333333333333334259, 0.3333333333333334259, 1.000000000000000000),
 ( 1.000000000000000000, 0.3333333333333334259, 0.3333333333333334259, 1.000000000000000000),
 ( 1.000000000000000000, 0.3333333333333334259, 0.3333333333333334259, 1.000000000000000000),
 ( 1.000000000000000000, 0.3333333333333334259, 0.3333333333333334259, 1.000000000000000000),
 ( 1.000000000000000000, 0.3333333333333334259, 0.3333333333333334259, 1.000000000000000000),
 ( 1.000000000000000000, 0.3333333333333334259, 0.3333333333333334259, 1.000000000000000000),
 ( 1.000000000000000000, 0.3333333333333334259, 0.3333333333333334259, 1.000000000000000000),
 ( 1.000000000000000000, 0.3333333333333334259, 0.3333333333333334259, 1.000000000000000000),
 ( 1.000000000000000000, 0.3333333333333334259, 0.3333333333333334259, 1.000000000000000000),
 ( 1.000000000000000000, 0.3333333333333334259, 0.3333333333333334259, 1.000000000000000000),
 ( 1.000000000000000000, 0.3333333333333334259, 0.3333333333333334259, 1.000000000000000000),
 ( 1.000000000000000000, 0.3333333333333334259, 0.3333333333333334259, 1.000000000000000000),
 ( 1.000000000000000000, 0.3333333333333334259, 0.3333333333333334259, 1.000000000000000000),
 ( 1.000000000000000000, 0.3333333333333334259, 0.3333333333333334259, 1.000000000000000000),
 ( 1.000000000000000000, 0.3333333333333334259, 0.3333333333333334259, 1.000000000000000000),
 ( 1.000000000000000000, 0.3333333333333334259, 0.3333333333333334259, 1.000000000000000000),
 ( 1.000000000000000000, 0.3333333333333334259, 0.3333333333333334259, 1.000000000000000000),
 ( 1.000000000000000000, 0.3333333333333334259, 0.3333333333333334259, 1.000000000000000000),
 ( 1.000000000000000000, 0.3333333333333334259, 0.3333333333333334259, 1.000000000000000000),
 ( 1.000000000000000000, 0.3333333333333334259, 0.3333333333333334259, 1.000000000000000000),
 ( 1.000000000000000000, 0.3333333333333334259, 0.3333333333333334259, 1.000000000000000000),
 ( 1.000000000000000000, 0.3333333333333334259, 0.3333333333333334259, 1.000000000000000000),
 ( 1.000000000000000000, 0.3333333333333334259, 0.3333333333333334259, 1.000000000000000000),
 ( 1.000000000000000000, 0.3333333333333334259, 0.3333333333333334259, 1.000000000000000000),
 ( 1.000000000000000000, 0.3333333333333334259, 0.3333333333333334259, 1.000000000000000000),
 ( 1.000000000000000000, 0.3333333333333334259, 0.3333333333333334259, 1.000000000000000000),
 ( 1.000000000000000000, 0.3333333333333334259, 0.3333333333333334259, 1.000000000000000000),
 ( 1.000000000000000000, 0.3333333333333334259, 0.3333333333333334259, 1.000000000000000000),
 ( 1.000000000000000000, 0.3333333333333334259, 0.3333333333333334259, 1.000000000000000000),
 ( 1.000000000000000000, 0.3333333333333334259, 0.3333333333333334259, 1.000000000000000000),
 ( 1.000000000000000000, 0.3333333333333334259, 0.3333333333333334259, 1.000000000000000000),
 ( 1.000000000000000000, 0.3333333333333334259, 0.3333333333333334259, 1.000000000000000000) ) ) 
 REPRESENTATION_ITEM ( '' )  SURFACE ( )  );
#222 = CARTESIAN_POINT ( 'NONE',  ( 10.48676099695429720, 37.05939541999983788, -2.568515657668677164E-15 ) ) ;
#223 = CARTESIAN_POINT ( 'NONE',  ( -5.865670148623793878, 5.788947189054818310, 7.183374172366308241E-16 ) ) ;
#224 = CARTESIAN_POINT ( 'NONE',  ( 3.076609775162172156, 0.1069417612955787383, 0.000000000000000000 ) ) ;
#225 = EDGE_CURVE ( 'NONE', #102, #654, #255, .T. ) ;
#226 = CARTESIAN_POINT ( 'NONE',  ( -5.352745737359992262, 4.412974289028093189, 6.555222933907553385E-16 ) ) ;
#227 = CARTESIAN_POINT ( 'NONE',  ( 4.739166919561272451, 0.8403829157612299205, 9.478333839122543125 ) ) ;
#228 = DIRECTION ( 'NONE',  ( -0.000000000000000000, -1.000000000000000000, -0.000000000000000000 ) ) ;
#229 = CARTESIAN_POINT ( 'NONE',  ( -5.629271555740182009, 5.129614500436721514, -11.25854311148035869 ) ) ;
#230 = CARTESIAN_POINT ( 'NONE',  ( 4.523456511661752444, 2.557655134011882048, 0.000000000000000000 ) ) ;
#231 = CARTESIAN_POINT ( 'NONE',  ( 5.865670148623793878, 5.788947189054818310, 0.000000000000000000 ) ) ;
#232 = CARTESIAN_POINT ( 'NONE',  ( 9.486832999999995408, 37.46049900000000576, -18.97366599999999792 ) ) ;
#233 = CARTESIAN_POINT ( 'NONE',  ( 5.131393248011810293, 3.881226960314947849, -1.256828863268800923E-15 ) ) ;
#234 = CARTESIAN_POINT ( 'NONE',  ( 7.621867189581235102, 12.52406206666003108, 0.000000000000000000 ) ) ;
#235 = CARTESIAN_POINT ( 'NONE',  ( 7.621867189581235102, 12.52406206666003108, 0.000000000000000000 ) ) ;
#236 = CARTESIAN_POINT ( 'NONE',  ( -4.296275654610070660, 0.1179016485952664867, 8.592551309220141320 ) ) ;
#237 = CARTESIAN_POINT ( 'NONE',  ( 3.293017673807820511, 0.4189636159495916945, -6.586035347615643687 ) ) ;
#238 = DIRECTION ( 'NONE',  ( -0.000000000000000000, -1.000000000000000000, -0.000000000000000000 ) ) ;
#239 = CARTESIAN_POINT ( 'NONE',  ( -7.492534154456334861, 11.88078296883618634, 14.98506830891267150 ) ) ;
#240 = AXIS2_PLACEMENT_3D ( 'NONE', #149, #1035, #216 ) ;
#241 = FILL_AREA_STYLE_COLOUR ( '', #309 ) ;
#242 = CIRCLE ( 'NONE', #126, 3.811346848434288503 ) ;
#243 = CARTESIAN_POINT ( 'NONE',  ( -7.979722776917344440, 14.53072424535066354, 9.772341956835055136E-16 ) ) ;
#244 = CARTESIAN_POINT ( 'NONE',  ( 4.739166919561269786, 0.8403829157612299205, -9.478333839122544902 ) ) ;
#245 = ORIENTED_EDGE ( 'NONE', *, *, #786, .T. ) ;
#246 = CARTESIAN_POINT ( 'NONE',  ( -8.604942714301692774, 19.09123446307675565, 17.20988542860338555 ) ) ;
#247 = CARTESIAN_POINT ( 'NONE',  ( 10.48586363485086537, 36.65540624768159716, 20.97172726970172363 ) ) ;
#248 = CARTESIAN_POINT ( 'NONE',  ( 6.734423564119211392, 8.634790622617593669, -13.46884712823842811 ) ) ;
#249 = CARTESIAN_POINT ( 'NONE',  ( -3.811346848434288503, -0.5845650447433110575, 4.667553718375404081E-16 ) ) ;
#250 = ADVANCED_FACE ( 'NONE', ( #261 ), #822, .T. ) ;
#251 = VERTEX_POINT ( 'NONE', #776 ) ;
#252 = CARTESIAN_POINT ( 'NONE',  ( 8.761578100015004367, 20.56787150577884660, 0.000000000000000000 ) ) ;
#253 = CARTESIAN_POINT ( 'NONE',  ( 0.000000000000000000, 37.46049899999999866, -9.486833000000000737 ) ) ;
#254 = CARTESIAN_POINT ( 'NONE',  ( 6.216211041920570501, 6.851294897263505490, -1.522532591062492139E-15 ) ) ;
#255 = LINE ( 'NONE', #807, #545 ) ;
#256 = ORIENTED_EDGE ( 'NONE', *, *, #186, .F. ) ;
#257 = CARTESIAN_POINT ( 'NONE',  ( 6.734423564119216721, 8.634790622617591893, 0.000000000000000000 ) ) ;
#258 = CARTESIAN_POINT ( 'NONE',  ( 10.45439398344407245, 33.43416936232534908, 20.90878796688814134 ) ) ;
#259 = AXIS2_PLACEMENT_3D ( 'NONE', #837, #922, #351 ) ;
#260 = CARTESIAN_POINT ( 'NONE',  ( 7.492534154456333084, 11.88078296883618634, -14.98506830891267150 ) ) ;
#261 = FACE_OUTER_BOUND ( 'NONE', #407, .T. ) ;
#262 = ORIENTED_EDGE ( 'NONE', *, *, #66, .T. ) ;
#263 = DIRECTION ( 'NONE',  ( 0.000000000000000000, 0.000000000000000000, -1.000000000000000000 ) ) ;
#264 = CARTESIAN_POINT ( 'NONE',  ( 3.293017673807822732, 0.4189636159495916945, 0.000000000000000000 ) ) ;
#265 = CARTESIAN_POINT ( 'NONE',  ( -6.216211041920570501, 6.851294897263505490, 7.612662955312460697E-16 ) ) ;
#266 = CARTESIAN_POINT ( 'NONE',  ( 3.811346848434288503, -0.5845650447433110575, -9.335107436750808162E-16 ) ) ;
#267 = ORIENTED_EDGE ( 'NONE', *, *, #1022, .T. ) ;
#268 = CARTESIAN_POINT ( 'NONE',  ( -3.293017673807822732, 0.4189636159495916945, 4.032783553764412369E-16 ) ) ;
#269 = CARTESIAN_POINT ( 'NONE',  ( -9.482648503956474073, 35.86238795179403382, 1.161289513780973313E-15 ) ) ;
#270 = CARTESIAN_POINT ( 'NONE',  ( 6.828030199337946193, 5.384955743026399233, -1.672385065620135830E-15 ) ) ;
#271 = CARTESIAN_POINT ( 'NONE',  ( -7.492534154456335749, 11.88078296883618634, 9.175707969757172175E-16 ) ) ;
#272 = CARTESIAN_POINT ( 'NONE',  ( 9.441918742764389805, 32.74479694219650128, 18.88383748552877606 ) ) ;
#273 = CARTESIAN_POINT ( 'NONE',  ( -3.000000000000000000, -1.469576200000000003E-15, 3.673940397442059868E-16 ) ) ;
#274 = CARTESIAN_POINT ( 'NONE',  ( 8.916281682720960333, 22.24104699958544273, -2.183859164608080200E-15 ) ) ;
#275 = CARTESIAN_POINT ( 'NONE',  ( 6.828030199337942641, 5.384955743026400121, -13.65606039867589061 ) ) ;
#276 = VERTEX_POINT ( 'NONE', #55 ) ;
#277 = CARTESIAN_POINT ( 'NONE',  ( 9.357087853730154947, 29.75508884181554237, 18.71417570746030634 ) ) ;
#278 = CARTESIAN_POINT ( 'NONE',  ( -3.076609775162171267, 0.1069417612955787245, 6.153219550324342535 ) ) ;
#279 = CARTESIAN_POINT ( 'NONE',  ( -9.470496765418042528, 34.45446526311807389, 1.159801355010456928E-15 ) ) ;
#280 = CARTESIAN_POINT ( 'NONE',  ( 9.069952122225256375, 14.91877971388929147, -18.13990424445052341 ) ) ;
#281 = CARTESIAN_POINT ( 'NONE',  ( -4.663651163422080970, 2.846973803255446356, 5.711325469624681167E-16 ) ) ;
#282 = CARTESIAN_POINT ( 'NONE',  ( 9.486805098667520753, 37.30510530298870719, 18.97361019733504151 ) ) ;
#283 = DIRECTION ( 'NONE',  ( 0.000000000000000000, 0.000000000000000000, -1.000000000000000000 ) ) ;
#284 = CARTESIAN_POINT ( 'NONE',  ( -9.486805098667524305, 37.30510530298870719, -18.97361019733504151 ) ) ;
#285 = CARTESIAN_POINT ( 'NONE',  ( 10.47890504043829729, 35.44758203470353664, -2.566591503268365398E-15 ) ) ;
#286 = CARTESIAN_POINT ( 'NONE',  ( -9.037759474718052743, 23.79350002922808827, 1.106806321217712717E-15 ) ) ;
#287 = CARTESIAN_POINT ( 'NONE',  ( 6.558599360143213097, 7.995282949281317997, 13.11719872028642087 ) ) ;
#288 = EDGE_CURVE ( 'NONE', #168, #882, #1033, .T. ) ;
#289 = CARTESIAN_POINT ( 'NONE',  ( 9.441918742764384476, 32.74479694219650128, -18.88383748552877961 ) ) ;
#290 = CARTESIAN_POINT ( 'NONE',  ( -7.324295062989104821, 6.956282652123805477, 8.969674504900369673E-16 ) ) ;
#291 = CARTESIAN_POINT ( 'NONE',  ( 0.000000000000000000, -1.469576200000000003E-15, 0.000000000000000000 ) ) ;
#292 = CIRCLE ( 'NONE', #459, 3.000000000000000000 ) ;
#293 = ORIENTED_EDGE ( 'NONE', *, *, #288, .T. ) ;
#294 = CARTESIAN_POINT ( 'NONE',  ( 6.058791030634164798, 6.361817832959666852, 0.000000000000000000 ) ) ;
#295 = CARTESIAN_POINT ( 'NONE',  ( 9.069952122225261704, 14.91877971388929147, 18.13990424445051985 ) ) ;
#296 = CARTESIAN_POINT ( 'NONE',  ( 0.000000000000000000, -0.5845650447433110575, 0.000000000000000000 ) ) ;
#297 = CARTESIAN_POINT ( 'NONE',  ( 4.808196390162843947, 3.153221814484565844, -9.616392780325691447 ) ) ;
#298 = CARTESIAN_POINT ( 'NONE',  ( 8.916281682720960333, 22.24104699958544273, 0.000000000000000000 ) ) ;
#299 = CARTESIAN_POINT ( 'NONE',  ( 4.292560862090076590, 2.101763015741237250, 8.585121724180151404 ) ) ;
#300 = CARTESIAN_POINT ( 'NONE',  ( -8.498664528677553065, 11.71761775010523543, 16.99732905735510613 ) ) ;
#301 = CARTESIAN_POINT ( 'NONE',  ( -10.48676099695429720, 37.05939541999983788, 1.284257828834338582E-15 ) ) ;
#302 = CARTESIAN_POINT ( 'NONE',  ( -4.523456511661752444, 2.557655134011882048, 5.539636538088817272E-16 ) ) ;
#303 = CARTESIAN_POINT ( 'NONE',  ( 8.464222254882368901, 17.91244767301265384, 0.000000000000000000 ) ) ;
#304 = CARTESIAN_POINT ( 'NONE',  ( -5.352745737359990486, 4.412974289028093189, 10.70549147471998275 ) ) ;
#305 = CARTESIAN_POINT ( 'NONE',  ( 8.160376629527805292, 10.12196304422556459, 16.32075325905560703 ) ) ;
#306 = DIRECTION ( 'NONE',  ( -0.000000000000000000, -1.000000000000000000, -0.000000000000000000 ) ) ;
#307 = CARTESIAN_POINT ( 'NONE',  ( 4.292560862090076590, 2.101763015741237250, -1.051374183980763113E-15 ) ) ;
#308 = CARTESIAN_POINT ( 'NONE',  ( -9.486604804445299521, 37.09926083681344267, 1.161774020853983945E-15 ) ) ;
#309 = COLOUR_RGB ( '',0.7921568627450980005, 0.8196078431372548767, 0.9333333333333333481 ) ;
#310 = CARTESIAN_POINT ( 'NONE',  ( -4.292560862090075702, 2.101763015741237250, 8.585121724180151404 ) ) ;
#311 = CARTESIAN_POINT ( 'NONE',  ( 9.885522924923265009, 21.34829603839435208, 19.77104584984652647 ) ) ;
#312 = CARTESIAN_POINT ( 'NONE',  ( 0.000000000000000000, 37.46049899999999866, -9.486833000000000737 ) ) ;
#313 = CARTESIAN_POINT ( 'NONE',  ( -3.452655212582924626, 0.6609660877185298267, 4.228283154649102613E-16 ) ) ;
#314 = CARTESIAN_POINT ( 'NONE',  ( 4.292560862090076590, 2.101763015741237250, 0.000000000000000000 ) ) ;
#315 = CARTESIAN_POINT ( 'NONE',  ( -9.037759474718052743, 23.79350002922808827, 1.106806321217712717E-15 ) ) ;
#316 = CARTESIAN_POINT ( 'NONE',  ( 4.947246571560758532, 1.207412906101376970, 9.894493143121515288 ) ) ;
#317 = CARTESIAN_POINT ( 'NONE',  ( 10.48586363485086359, 36.65540624768159716, -2.568295867343148318E-15 ) ) ;
#318 = CARTESIAN_POINT ( 'NONE',  ( 3.664794483019730098, 0.9992956448356654642, -8.976157666325982813E-16 ) ) ;
#319 = DIRECTION ( 'NONE',  ( 9.936133209333442129E-17, -0.5845650447433095032, 0.8113468484342886144 ) ) ;
#320 = CARTESIAN_POINT ( 'NONE',  ( 7.979722776917344440, 14.53072424535066531, 15.95944555383468710 ) ) ;
#321 = CARTESIAN_POINT ( 'NONE',  ( -10.48586363485086359, 36.65540624768159716, 1.284147933671574159E-15 ) ) ;
#322 = CARTESIAN_POINT ( 'NONE',  ( -7.106878859722998598, 10.11439573319079699, -14.21375771944598831 ) ) ;
#323 = CARTESIAN_POINT ( 'NONE',  ( 10.45439398344407245, 33.43416936232534908, 0.000000000000000000 ) ) ;
#324 = CARTESIAN_POINT ( 'NONE',  ( -6.734423564119216721, 8.634790622617591893, 8.247290261901108341E-16 ) ) ;
#325 = CARTESIAN_POINT ( 'NONE',  ( 10.47890504043829729, 35.44758203470353664, 0.000000000000000000 ) ) ;
#326 = EDGE_CURVE ( 'NONE', #572, #102, #1012, .T. ) ;
#327 = CARTESIAN_POINT ( 'NONE',  ( 7.284463141946075027, 10.89576964907767298, -14.56892628389215538 ) ) ;
#328 = CARTESIAN_POINT ( 'NONE',  ( 0.000000000000000000, -1.469576200000000003E-15, -3.000000000000000000 ) ) ;
#329 = ORIENTED_EDGE ( 'NONE', *, *, #120, .F. ) ;
#330 = CARTESIAN_POINT ( 'NONE',  ( -8.464222254882368901, 17.91244767301265384, 1.036568269171348670E-15 ) ) ;
#331 = CARTESIAN_POINT ( 'NONE',  ( 10.48676099695429720, 37.05939541999983788, 0.000000000000000000 ) ) ;
#332 = CARTESIAN_POINT ( 'NONE',  ( -8.160272435004300107, 15.67860248407194135, 9.993451517698392634E-16 ) ) ;
#333 = CARTESIAN_POINT ( 'NONE',  ( 4.060277553363137670, -0.2390617603120041290, 0.000000000000000000 ) ) ;
#334 = ORIENTED_EDGE ( 'NONE', *, *, #59, .F. ) ;
#335 = CARTESIAN_POINT ( 'NONE',  ( -8.916281682720958557, 22.24104699958544629, 17.83256336544191711 ) ) ;
#336 = CARTESIAN_POINT ( 'NONE',  ( 8.160272435004296554, 15.67860248407194312, -16.32054487000860021 ) ) ;
#337 = CARTESIAN_POINT ( 'NONE',  ( 9.885522924923265009, 21.34829603839435208, 0.000000000000000000 ) ) ;
#338 = ORIENTED_EDGE ( 'NONE', *, *, #288, .F. ) ;
#339 = EDGE_CURVE ( 'NONE', #972, #361, #662, .T. ) ;
#340 = CARTESIAN_POINT ( 'NONE',  ( -9.401970813354393997, 31.14019570222300359, 18.80394162670878799 ) ) ;
#341 = AXIS2_PLACEMENT_3D ( 'NONE', #1029, #306, #850 ) ;
#342 = CARTESIAN_POINT ( 'NONE',  ( -7.621867189581235102, 12.52406206666003108, 9.334095257246892421E-16 ) ) ;
#343 = DIRECTION ( 'NONE',  ( -0.000000000000000000, -1.000000000000000000, -0.000000000000000000 ) ) ;
#344 = ORIENTED_EDGE ( 'NONE', *, *, #103, .F. ) ;
#345 = CARTESIAN_POINT ( 'NONE',  ( -9.401970813354397549, 31.14019570222300004, 1.151409346225130004E-15 ) ) ;
#346 = CARTESIAN_POINT ( 'NONE',  ( -3.025467986063202552, 0.03534828230692505652, 3.705129685055089683E-16 ) ) ;
#347 = CARTESIAN_POINT ( 'NONE',  ( -8.761578100015004367, 20.56787150577884660, 1.072983857566292349E-15 ) ) ;
#348 = CARTESIAN_POINT ( 'NONE',  ( 10.40337379883619739, 31.01759254525214615, -2.548091684615637826E-15 ) ) ;
#349 = CARTESIAN_POINT ( 'NONE',  ( -4.808196390162846612, 3.153221814484565844, 5.888342318884787462E-16 ) ) ;
#350 = CARTESIAN_POINT ( 'NONE',  ( -9.470496765418040752, 34.45446526311807389, 18.94099353083608150 ) ) ;
#351 = DIRECTION ( 'NONE',  ( 0.000000000000000000, 0.000000000000000000, -1.000000000000000000 ) ) ;
#352 = EDGE_CURVE ( 'NONE', #499, #972, #474, .T. ) ;
#353 = CARTESIAN_POINT ( 'NONE',  ( 8.761578100015000814, 20.56787150577884660, -17.52315620003000873 ) ) ;
#354 = CARTESIAN_POINT ( 'NONE',  ( -9.069952122225261704, 14.91877971388929147, 1.110748783490291189E-15 ) ) ;
#355 = CARTESIAN_POINT ( 'NONE',  ( -3.143756106984465060, 0.2027556443573140244, 3.849990853718469539E-16 ) ) ;
#356 = CARTESIAN_POINT ( 'NONE',  ( -9.137633390568712599, 25.27275425128878439, 18.27526678113742520 ) ) ;
#357 = CARTESIAN_POINT ( 'NONE',  ( 3.076609775162172600, 0.1069417612955787245, 6.153219550324342535 ) ) ;
#358 = CARTESIAN_POINT ( 'NONE',  ( -9.401970813354397549, 31.14019570222300004, 1.151409346225130004E-15 ) ) ;
#359 = CARTESIAN_POINT ( 'NONE',  ( -8.160376629527805292, 10.12196304422556459, 9.993579119188094037E-16 ) ) ;
#360 = CARTESIAN_POINT ( 'NONE',  ( -3.000000000000000000, -1.469576200000000003E-15, 3.673940397442059868E-16 ) ) ;
#361 = VERTEX_POINT ( 'NONE', #933 ) ;
#362 = CARTESIAN_POINT ( 'NONE',  ( -9.357087853730153171, 29.75508884181554237, 18.71417570746030634 ) ) ;
#363 = CARTESIAN_POINT ( 'NONE',  ( -10.45439398344407245, 33.43416936232534908, 1.280294012885013042E-15 ) ) ;
#364 = CARTESIAN_POINT ( 'NONE',  ( 8.916281682720956780, 22.24104699958544629, -17.83256336544192422 ) ) ;
#365 = CARTESIAN_POINT ( 'NONE',  ( -10.47890504043829729, 35.44758203470353664, 1.283295751634182699E-15 ) ) ;
#366 = EDGE_LOOP ( 'NONE', ( #494, #452, #178, #213, #661, #188 ) ) ;
#367 = CARTESIAN_POINT ( 'NONE',  ( 3.000000000000000000, -1.469576200000000003E-15, 5.999999999999998224 ) ) ;
#368 = CARTESIAN_POINT ( 'NONE',  ( 9.401970813354397549, 31.14019570222300004, -2.302818692450260007E-15 ) ) ;
#369 = CARTESIAN_POINT ( 'NONE',  ( 9.885522924923259680, 21.34829603839435208, -19.77104584984653002 ) ) ;
#370 = CARTESIAN_POINT ( 'NONE',  ( -8.604942714301694551, 19.09123446307675565, 1.053801555191590847E-15 ) ) ;
#371 = CARTESIAN_POINT ( 'NONE',  ( 4.931504368053622578, 3.424494176704538262, 0.000000000000000000 ) ) ;
#372 = CARTESIAN_POINT ( 'NONE',  ( 9.302352819657739857, 16.52461444714829497, 18.60470563931547971 ) ) ;
#373 = CARTESIAN_POINT ( 'NONE',  ( -10.48683298388044349, 37.46031944746622599, 1.284266644690207296E-15 ) ) ;
#374 = AXIS2_PLACEMENT_3D ( 'NONE', #296, #698, #615 ) ;
#375 = B_SPLINE_CURVE_WITH_KNOTS ( 'NONE', 3,
 ( #109, #536, #199, #355, #988, #835, #926, #907, #771, #204, #840, #281, #349, #446, #595, #433, #756, #685, #914, #830, #116, #522, #763, #852, #510, #439, #751, #271, #194, #32, #678, #44, #690, #993, #370, #38, #1004, #286, #209, #531, #847, #130, #767, #396, #719, #617, #380, #308, #956, #63, #558 ),
 .UNSPECIFIED., .F., .F.,
 ( 4, 1, 1, 1, 1, 1, 1, 1, 1, 1, 1, 1, 1, 1, 1, 1, 1, 1, 1, 1, 1, 1, 1, 1, 1, 1, 1, 1, 1, 1, 1, 1, 1, 1, 1, 1, 1, 1, 1, 1, 1, 1, 1, 1, 1, 1, 1, 1, 4 ),
 ( 0.000000000000000000, 0.003395859329715924038, 0.006857813373830719782, 0.009119438206871272393, 0.02387394597877892308, 0.02945154352964406488, 0.04024517965957693372, 0.04729034441400560562, 0.06633949965235015622, 0.07883381679227670358, 0.08712019407933779824, 0.09139791082429864211, 0.1052294085074627489, 0.1103451120642796740, 0.1302577340503056902, 0.1501198661881400775, 0.1702130606634626175, 0.1848492012246092109, 0.1972397767157667292, 0.2102890861502228759, 0.2297688781925105173, 0.2453961917063232356, 0.2619839766016019977, 0.2938268181591028871, 0.3002638083462582652, 0.3244410943938045855, 0.3305363343314055569, 0.3420249932850199515, 0.3755844929920075237, 0.4012210231599778743, 0.4302170048416140147, 0.4661536416918335424, 0.4862362800757339398, 0.5209227142173060709, 0.5586844838629866361, 0.6019759139917562063, 0.6518914616682688346, 0.6800570970853561104, 0.7175379932101734193, 0.7661937028625503965, 0.7981059090876599926, 0.8349877291123039003, 0.8742116775804610329, 0.9232143361644228330, 0.9682650537724362128, 0.9839554587798458041, 0.9919327743646144668, 0.9959550729607544728, 1.000000000000000000 ),
 .UNSPECIFIED. ) ;
#376 = CARTESIAN_POINT ( 'NONE',  ( 8.761578100015004367, 20.56787150577884660, 0.000000000000000000 ) ) ;
#377 = CARTESIAN_POINT ( 'NONE',  ( 3.819768608208787608, 1.256684091749024956, 0.000000000000000000 ) ) ;
#378 = CARTESIAN_POINT ( 'NONE',  ( 6.828030199337946193, 5.384955743026399233, 0.000000000000000000 ) ) ;
#379 = CARTESIAN_POINT ( 'NONE',  ( -3.143756106984465948, 0.2027556443573139966, -6.287512213968929231 ) ) ;
#380 = CARTESIAN_POINT ( 'NONE',  ( -9.485942480907731067, 36.74401037921068536, 1.161692909613955551E-15 ) ) ;
#381 = CARTESIAN_POINT ( 'NONE',  ( -5.865670148623791214, 5.788947189054818310, 11.73134029724758243 ) ) ;
#382 = CARTESIAN_POINT ( 'NONE',  ( 7.324295062989104821, 6.956282652123805477, 0.000000000000000000 ) ) ;
#383 = CARTESIAN_POINT ( 'NONE',  ( -4.056328797069573611, 1.666589519164689559, -8.112657594139141892 ) ) ;
#384 = DIRECTION ( 'NONE',  ( 0.000000000000000000, 0.000000000000000000, -1.000000000000000000 ) ) ;
#385 = CARTESIAN_POINT ( 'NONE',  ( 3.664794483019729654, 0.9992956448356654642, 7.329588966039458420 ) ) ;
#386 = CARTESIAN_POINT ( 'NONE',  ( -8.498664528677554841, 11.71761775010523365, 1.040786231207211775E-15 ) ) ;
#387 = CARTESIAN_POINT ( 'NONE',  ( -10.48676099695429897, 37.05939541999983788, -20.97352199390859084 ) ) ;
#388 = CARTESIAN_POINT ( 'NONE',  ( -4.292560862090076590, 2.101763015741237250, 5.256870919903815567E-16 ) ) ;
#389 = CARTESIAN_POINT ( 'NONE',  ( 0.000000000000000000, 37.46049899999999866, 0.000000000000000000 ) ) ;
#390 = VECTOR ( 'NONE', #319, 1000.000000000000000 ) ;
#391 = AXIS2_PLACEMENT_3D ( 'NONE', #917, #201, #283 ) ;
#392 = CARTESIAN_POINT ( 'NONE',  ( 6.385782462314971930, 7.402094543604071930, 12.77156492462994031 ) ) ;
#393 = CARTESIAN_POINT ( 'NONE',  ( -4.060277553363136782, -0.2390617603120041013, 8.120555106726273564 ) ) ;
#394 = CARTESIAN_POINT ( 'NONE',  ( -10.48586363485086537, 36.65540624768159716, -20.97172726970172363 ) ) ;
#395 = CARTESIAN_POINT ( 'NONE',  ( -3.143756106984465060, 0.2027556443573140244, 3.849990853718469539E-16 ) ) ;
#396 = CARTESIAN_POINT ( 'NONE',  ( -9.441918742764389805, 32.74479694219650838, 1.156301556613581248E-15 ) ) ;
#397 = CARTESIAN_POINT ( 'NONE',  ( -7.284463141946078579, 10.89576964907767298, 8.920894470291137080E-16 ) ) ;
#398 = CARTESIAN_POINT ( 'NONE',  ( -4.296275654610071548, 0.1179016485952664728, 5.261420228672923919E-16 ) ) ;
#399 = B_SPLINE_CURVE_WITH_KNOTS ( 'NONE', 3,
 ( #574, #160, #398, #721, #958, #597, #680, #759, #741, #435, #826, #524, #842, #820, #40, #448, #98, #363, #430, #45, #582, #34, #127, #904 ),
 .UNSPECIFIED., .F., .F.,
 ( 4, 2, 2, 2, 2, 2, 2, 2, 2, 2, 2, 4 ),
 ( 0.000000000000000000, 0.03124999999999996531, 0.06249999999999993061, 0.1249999999999999167, 0.2499999999999998890, 0.3749999999999998335, 0.4999999999999998890, 0.7500000000000000000, 0.8750000000000002220, 0.9375000000000004441, 0.9687500000000001110, 1.000000000000000000 ),
 .UNSPECIFIED. ) ;
#400 = CARTESIAN_POINT ( 'NONE',  ( -7.788870200701937918, 13.41544673822674838, -15.57774040140386518 ) ) ;
#401 = CARTESIAN_POINT ( 'NONE',  ( 4.296275654610071548, 0.1179016485952664728, -1.052284045734584784E-15 ) ) ;
#402 = CARTESIAN_POINT ( 'NONE',  ( 7.384100381190536133, 11.35609144756275413, 14.76820076238106871 ) ) ;
#403 = EDGE_CURVE ( 'NONE', #102, #930, #21, .T. ) ;
#404 = SURFACE_SIDE_STYLE ('',( #420 ) ) ;
#405 = CARTESIAN_POINT ( 'NONE',  ( -6.734423564119216721, 8.634790622617591893, 8.247290261901108341E-16 ) ) ;
#406 = CARTESIAN_POINT ( 'NONE',  ( 9.486833000000000737, 37.46049899999999866, 0.000000000000000000 ) ) ;
#407 = EDGE_LOOP ( 'NONE', ( #902, #245, #91, #517, #891, #455 ) ) ;
#408 = CARTESIAN_POINT ( 'NONE',  ( -6.734423564119214056, 8.634790622617593669, 13.46884712823842811 ) ) ;
#409 = CARTESIAN_POINT ( 'NONE',  ( -10.48586363485086181, 36.65540624768159716, 20.97172726970172363 ) ) ;
#410 = CARTESIAN_POINT ( 'NONE',  ( 7.384100381190536133, 11.35609144756275413, -1.808582979281548235E-15 ) ) ;
#411 = CARTESIAN_POINT ( 'NONE',  ( 9.486604804445299521, 37.09926083681344267, 0.000000000000000000 ) ) ;
#412 = ORIENTED_EDGE ( 'NONE', *, *, #66, .F. ) ;
#413 = CARTESIAN_POINT ( 'NONE',  ( 6.941868987247182154, 9.430032174640052389, 0.000000000000000000 ) ) ;
#414 = FILL_AREA_STYLE ('',( #241 ) ) ;
#415 = CARTESIAN_POINT ( 'NONE',  ( 8.313808827946408186, 16.75848436021027865, -16.62761765589282348 ) ) ;
#416 = PRODUCT_RELATED_PRODUCT_CATEGORY ( 'part', '', ( #1027 ) ) ;
#417 = CARTESIAN_POINT ( 'NONE',  ( 9.482648503956474073, 35.86238795179403382, 0.000000000000000000 ) ) ;
#418 = EDGE_LOOP ( 'NONE', ( #334, #818, #293, #1010, #605, #412 ) ) ;
#419 = CARTESIAN_POINT ( 'NONE',  ( -9.486832999999997185, 37.46049900000000576, 18.97366599999999437 ) ) ;
#420 = SURFACE_STYLE_FILL_AREA ( #414 ) ;
#421 = CARTESIAN_POINT ( 'NONE',  ( -7.979722776917347105, 14.53072424535066531, -15.95944555383468710 ) ) ;
#422 = CARTESIAN_POINT ( 'NONE',  ( 0.000000000000000000, 37.46031944746621889, 0.000000000000000000 ) ) ;
#423 = EDGE_LOOP ( 'NONE', ( #24, #96, #808, #673, #649, #256 ) ) ;
#424 = CARTESIAN_POINT ( 'NONE',  ( 3.452655212582924626, 0.6609660877185298267, 0.000000000000000000 ) ) ;
#425 =( GEOMETRIC_REPRESENTATION_CONTEXT ( 3 ) GLOBAL_UNCERTAINTY_ASSIGNED_CONTEXT ( ( #555 ) ) GLOBAL_UNIT_ASSIGNED_CONTEXT ( ( #6, #656, #93 ) ) REPRESENTATION_CONTEXT ( 'NONE', 'WORKASPACE' ) );
#426 = CARTESIAN_POINT ( 'NONE',  ( 9.470496765418037199, 34.45446526311807389, -18.94099353083608506 ) ) ;
#427 = CARTESIAN_POINT ( 'NONE',  ( -10.12454278642841565, 24.57187965668955343, -20.24908557285682420 ) ) ;
#428 = ORIENTED_EDGE ( 'NONE', *, *, #43, .F. ) ;
#429 = CARTESIAN_POINT ( 'NONE',  ( 9.441918742764389805, 32.74479694219650838, 0.000000000000000000 ) ) ;
#430 = CARTESIAN_POINT ( 'NONE',  ( -10.46673869624847519, 34.23960618564090197, 1.281805804187243495E-15 ) ) ;
#431 = CARTESIAN_POINT ( 'NONE',  ( -9.486833000000002514, 37.46049900000000576, -18.97366599999999437 ) ) ;
#432 = CARTESIAN_POINT ( 'NONE',  ( -10.45439398344407422, 33.43416936232534908, -20.90878796688814134 ) ) ;
#433 = CARTESIAN_POINT ( 'NONE',  ( -5.352745737359992262, 4.412974289028093189, 6.555222933907553385E-16 ) ) ;
#434 = CARTESIAN_POINT ( 'NONE',  ( 9.482648503956474073, 35.86238795179403382, 18.96529700791294459 ) ) ;
#435 = CARTESIAN_POINT ( 'NONE',  ( -8.160376629527805292, 10.12196304422556459, 9.993579119188094037E-16 ) ) ;
#436 = CARTESIAN_POINT ( 'NONE',  ( 9.297426627598493809, 28.24943209517240561, -2.277212751959173211E-15 ) ) ;
#437 = CARTESIAN_POINT ( 'NONE',  ( -10.40337379883619739, 31.01759254525214615, 1.274045842307818913E-15 ) ) ;
#438 = CARTESIAN_POINT ( 'NONE',  ( 0.000000000000000000, 37.46049899999999866, 0.000000000000000000 ) ) ;
#439 = CARTESIAN_POINT ( 'NONE',  ( -7.284463141946078579, 10.89576964907767298, 8.920894470291137080E-16 ) ) ;
#440 = CARTESIAN_POINT ( 'NONE',  ( 9.357087853730154947, 29.75508884181554237, 0.000000000000000000 ) ) ;
#441 = CARTESIAN_POINT ( 'NONE',  ( -3.143756106984465060, 0.2027556443573140244, 3.849990853718469539E-16 ) ) ;
#442 = CARTESIAN_POINT ( 'NONE',  ( 9.357087853730149618, 29.75508884181554237, -18.71417570746030989 ) ) ;
#443 = CIRCLE ( 'NONE', #527, 9.486833000000000737 ) ;
#444 = CARTESIAN_POINT ( 'NONE',  ( -10.46673869624847519, 34.23960618564090197, 1.281805804187243495E-15 ) ) ;
#445 = CARTESIAN_POINT ( 'NONE',  ( 3.000000000000000000, -1.469576200000000003E-15, -7.347880794884119736E-16 ) ) ;
#446 = CARTESIAN_POINT ( 'NONE',  ( -4.931504368053622578, 3.424494176704538262, 6.039351039318060140E-16 ) ) ;
#447 = DIRECTION ( 'NONE',  ( 1.000000000000000000, 0.000000000000000000, 0.000000000000000000 ) ) ;
#448 = CARTESIAN_POINT ( 'NONE',  ( -10.35081526421818765, 29.40616896888673537, 1.267609278189036903E-15 ) ) ;
#449 = CARTESIAN_POINT ( 'NONE',  ( -9.223974114415121051, 26.73667513052511069, -18.44794822883023500 ) ) ;
#450 = CARTESIAN_POINT ( 'NONE',  ( -6.828030199337946193, 5.384955743026399233, 8.361925328100679152E-16 ) ) ;
#451 = CARTESIAN_POINT ( 'NONE',  ( -3.000000000000001332, -1.469576200000000003E-15, -5.999999999999998224 ) ) ;
#452 = ORIENTED_EDGE ( 'NONE', *, *, #326, .T. ) ;
#453 = CARTESIAN_POINT ( 'NONE',  ( 4.523456511661752444, 2.557655134011882492, 9.046913023323503111 ) ) ;
#454 = CARTESIAN_POINT ( 'NONE',  ( 8.498664528677554841, 11.71761775010523543, 16.99732905735510613 ) ) ;
#455 = ORIENTED_EDGE ( 'NONE', *, *, #1022, .F. ) ;
#456 = CARTESIAN_POINT ( 'NONE',  ( 4.808196390162845724, 3.153221814484565844, 9.616392780325691447 ) ) ;
#457 = CARTESIAN_POINT ( 'NONE',  ( -4.739166919561272451, 0.8403829157612299205, 5.803805598665734211E-16 ) ) ;
#458 = CARTESIAN_POINT ( 'NONE',  ( 5.629271555740179345, 5.129614500436721514, -11.25854311148036224 ) ) ;
#459 = AXIS2_PLACEMENT_3D ( 'NONE', #22, #343, #643 ) ;
#460 = CARTESIAN_POINT ( 'NONE',  ( 9.357087853730154947, 29.75508884181554237, 0.000000000000000000 ) ) ;
#461 = CARTESIAN_POINT ( 'NONE',  ( -5.131393248011809405, 3.881226960314947849, 10.26278649602361881 ) ) ;
#462 = CARTESIAN_POINT ( 'NONE',  ( -9.069952122225261704, 14.91877971388929147, 1.110748783490291189E-15 ) ) ;
#463 = CARTESIAN_POINT ( 'NONE',  ( 5.865670148623791214, 5.788947189054818310, -11.73134029724758598 ) ) ;
#464 = CARTESIAN_POINT ( 'NONE',  ( 4.056328797069572722, 1.666589519164689559, 0.000000000000000000 ) ) ;
#465 = CARTESIAN_POINT ( 'NONE',  ( -5.629271555740181121, 5.129614500436720625, 6.893869392268454190E-16 ) ) ;
#466 = CARTESIAN_POINT ( 'NONE',  ( -5.537269839253641024, 2.321288550580893340, 6.781199784657150071E-16 ) ) ;
#467 = CARTESIAN_POINT ( 'NONE',  ( -3.293017673807822732, 0.4189636159495916945, 4.032783553764412369E-16 ) ) ;
#468 = CARTESIAN_POINT ( 'NONE',  ( 5.629271555740181121, 5.129614500436720625, 0.000000000000000000 ) ) ;
#469 = CARTESIAN_POINT ( 'NONE',  ( -4.056328797069572722, 1.666589519164689559, 4.967570077620485057E-16 ) ) ;
#470 = CARTESIAN_POINT ( 'NONE',  ( 10.12454278642841210, 24.57187965668955343, 20.24908557285682420 ) ) ;
#471 = CARTESIAN_POINT ( 'NONE',  ( 0.000000000000000000, -0.5845650447433110575, 0.000000000000000000 ) ) ;
#472 = CARTESIAN_POINT ( 'NONE',  ( -6.058791030634165686, 6.361817832959665964, -12.11758206126832604 ) ) ;
#473 = CARTESIAN_POINT ( 'NONE',  ( 7.979722776917344440, 14.53072424535066354, 0.000000000000000000 ) ) ;
#474 = CIRCLE ( 'NONE', #374, 3.811346848434288503 ) ;
#475 = AXIS2_PLACEMENT_3D ( 'NONE', #438, #846, #37 ) ;
#476 = CARTESIAN_POINT ( 'NONE',  ( -7.979722776917344440, 14.53072424535066354, 9.772341956835055136E-16 ) ) ;
#477 = CARTESIAN_POINT ( 'NONE',  ( -10.48190007495820630, 35.85021234400124968, 20.96380014991641261 ) ) ;
#478 = CARTESIAN_POINT ( 'NONE',  ( 4.663651163422078305, 2.846973803255446356, -9.327302326844161939 ) ) ;
#479 = CARTESIAN_POINT ( 'NONE',  ( 8.313808827946411739, 16.75848436021028220, 0.000000000000000000 ) ) ;
#480 = ADVANCED_FACE ( 'NONE', ( #549 ), #609, .T. ) ;
#481 = CARTESIAN_POINT ( 'NONE',  ( -7.106878859722996822, 10.11439573319079877, 8.703416447487758633E-16 ) ) ;
#482 = CARTESIAN_POINT ( 'NONE',  ( -10.48190007495820630, 35.85021234400124968, 1.283662537577997019E-15 ) ) ;
#483 = CARTESIAN_POINT ( 'NONE',  ( 6.558599360143208656, 7.995282949281317997, -13.11719872028642264 ) ) ;
#484 = CARTESIAN_POINT ( 'NONE',  ( 4.947246571560755868, 1.207412906101376970, -9.894493143121517065 ) ) ;
#485 = VERTEX_POINT ( 'NONE', #312 ) ;
#486 = CARTESIAN_POINT ( 'NONE',  ( 8.464222254882368901, 17.91244767301265384, 0.000000000000000000 ) ) ;
#487 = CARTESIAN_POINT ( 'NONE',  ( 10.45439398344407245, 33.43416936232534908, 0.000000000000000000 ) ) ;
#488 = CARTESIAN_POINT ( 'NONE',  ( -7.492534154456338413, 11.88078296883618634, -14.98506830891266617 ) ) ;
#489 = CARTESIAN_POINT ( 'NONE',  ( 10.12454278642841388, 24.57187965668954988, 0.000000000000000000 ) ) ;
#490 = CARTESIAN_POINT ( 'NONE',  ( 7.621867189581235102, 12.52406206666003108, 15.24373437916246843 ) ) ;
#491 = CARTESIAN_POINT ( 'NONE',  ( -10.40337379883619739, 31.01759254525214615, 1.274045842307818913E-15 ) ) ;
#492 = CARTESIAN_POINT ( 'NONE',  ( 6.058791030634162134, 6.361817832959665964, -12.11758206126832604 ) ) ;
#493 = CARTESIAN_POINT ( 'NONE',  ( -4.060277553363137670, -0.2390617603120041290, 4.972405909376012819E-16 ) ) ;
#494 = ORIENTED_EDGE ( 'NONE', *, *, #112, .T. ) ;
#495 = CARTESIAN_POINT ( 'NONE',  ( 7.788870200701935254, 13.41544673822674838, 15.57774040140386695 ) ) ;
#496 = CARTESIAN_POINT ( 'NONE',  ( -10.48676099695429542, 37.05939541999983788, 20.97352199390859084 ) ) ;
#497 = CARTESIAN_POINT ( 'NONE',  ( -8.604942714301698103, 19.09123446307675565, -17.20988542860338555 ) ) ;
#498 = CARTESIAN_POINT ( 'NONE',  ( 8.160376629527805292, 10.12196304422556459, 0.000000000000000000 ) ) ;
#499 = VERTEX_POINT ( 'NONE', #631 ) ;
#500 = CARTESIAN_POINT ( 'NONE',  ( 9.486604804445299521, 37.09926083681344267, 18.97320960889059549 ) ) ;
#501 = PRODUCT_DEFINITION_CONTEXT ( 'detailed design', #75, 'design' ) ;
#502 = CARTESIAN_POINT ( 'NONE',  ( -3.293017673807821399, 0.4189636159495916945, 6.586035347615642799 ) ) ;
#503 = CARTESIAN_POINT ( 'NONE',  ( 7.384100381190533469, 11.35609144756275413, -14.76820076238107227 ) ) ;
#504 = CARTESIAN_POINT ( 'NONE',  ( 9.885522924923265009, 21.34829603839435208, -2.421254801581011728E-15 ) ) ;
#505 = EDGE_LOOP ( 'NONE', ( #585, #983, #694, #581, #329, #125 ) ) ;
#506 =( NAMED_UNIT ( * ) SI_UNIT ( $, .STERADIAN. ) SOLID_ANGLE_UNIT ( ) );
#507 = CARTESIAN_POINT ( 'NONE',  ( 0.000000000000000000, -0.5845650447433110575, 0.000000000000000000 ) ) ;
#508 = CARTESIAN_POINT ( 'NONE',  ( -9.482648503956475849, 35.86238795179403382, -18.96529700791294459 ) ) ;
#509 = CARTESIAN_POINT ( 'NONE',  ( -9.302352819657743410, 16.52461444714829497, -18.60470563931547971 ) ) ;
#510 = CARTESIAN_POINT ( 'NONE',  ( -7.106878859722996822, 10.11439573319079877, 8.703416447487758633E-16 ) ) ;
#511 = ADVANCED_FACE ( 'NONE', ( #949 ), #644, .F. ) ;
#512 = CARTESIAN_POINT ( 'NONE',  ( 9.297426627598493809, 28.24943209517240561, 18.59485325519698407 ) ) ;
#513 = CARTESIAN_POINT ( 'NONE',  ( 3.143756106984465060, 0.2027556443573140244, 0.000000000000000000 ) ) ;
#514 = CARTESIAN_POINT ( 'NONE',  ( 9.137633390568714375, 25.27275425128878084, -2.238074696708390349E-15 ) ) ;
#515 = CARTESIAN_POINT ( 'NONE',  ( 8.498664528677554841, 11.71761775010523365, -2.081572462414423551E-15 ) ) ;
#516 = CARTESIAN_POINT ( 'NONE',  ( -3.076609775162172156, 0.1069417612955787383, 3.767760313377811929E-16 ) ) ;
#517 = ORIENTED_EDGE ( 'NONE', *, *, #894, .T. ) ;
#518 = CARTESIAN_POINT ( 'NONE',  ( -9.482648503956474073, 35.86238795179403382, 1.161289513780973313E-15 ) ) ;
#519 = CARTESIAN_POINT ( 'NONE',  ( 0.000000000000000000, -0.5845650447433110575, -3.811346848434288503 ) ) ;
#520 = CARTESIAN_POINT ( 'NONE',  ( 9.357087853730154947, 29.75508884181554237, -2.291825537882242180E-15 ) ) ;
#521 = CARTESIAN_POINT ( 'NONE',  ( 10.12454278642840677, 24.57187965668955343, -20.24908557285682420 ) ) ;
#522 = CARTESIAN_POINT ( 'NONE',  ( -6.558599360143212209, 7.995282949281317997, 8.031967713289263276E-16 ) ) ;
#523 = CARTESIAN_POINT ( 'NONE',  ( -9.486823682180350659, 37.40860432993975593, 1.161800825645747450E-15 ) ) ;
#524 = CARTESIAN_POINT ( 'NONE',  ( -9.069952122225261704, 14.91877971388929147, 1.110748783490291189E-15 ) ) ;
#525 = CLOSED_SHELL ( 'NONE', ( #1006, #250, #480, #511, #702, #541, #641, #614 ) ) ;
#526 = CARTESIAN_POINT ( 'NONE',  ( 9.470496765418042528, 34.45446526311807389, -2.319602710020913856E-15 ) ) ;
#527 = AXIS2_PLACEMENT_3D ( 'NONE', #389, #1037, #163 ) ;
#528 = AXIS2_PLACEMENT_3D ( 'NONE', #979, #19, #263 ) ;
#529 = CARTESIAN_POINT ( 'NONE',  ( 10.40337379883619207, 31.01759254525214970, -20.80674759767239479 ) ) ;
#530 = DIRECTION ( 'NONE',  ( 0.000000000000000000, 0.000000000000000000, -1.000000000000000000 ) ) ;
#531 = CARTESIAN_POINT ( 'NONE',  ( -9.223974114415119274, 26.73667513052511424, 1.129611037463651695E-15 ) ) ;
#532 = CARTESIAN_POINT ( 'NONE',  ( 6.216211041920570501, 6.851294897263505490, 0.000000000000000000 ) ) ;
#533 = CARTESIAN_POINT ( 'NONE',  ( -9.486823682180352435, 37.40860432993975593, -18.97364736436069776 ) ) ;
#534 = DIRECTION ( 'NONE',  ( 0.000000000000000000, 0.000000000000000000, -1.000000000000000000 ) ) ;
#535 = DIRECTION ( 'NONE',  ( -0.000000000000000000, -1.000000000000000000, -0.000000000000000000 ) ) ;
#536 = CARTESIAN_POINT ( 'NONE',  ( -3.025467986063202552, 0.03534828230692505652, 3.705129685055089683E-16 ) ) ;
#537 = CARTESIAN_POINT ( 'NONE',  ( 4.663651163422080970, 2.846973803255446356, 0.000000000000000000 ) ) ;
#538 = CARTESIAN_POINT ( 'NONE',  ( -4.947246571560757644, 1.207412906101376970, 9.894493143121515288 ) ) ;
#539 = CARTESIAN_POINT ( 'NONE',  ( -5.352745737359994038, 4.412974289028093189, -10.70549147471998275 ) ) ;
#540 = CARTESIAN_POINT ( 'NONE',  ( 9.223974114415119274, 26.73667513052511424, 0.000000000000000000 ) ) ;
#541 = ADVANCED_FACE ( 'NONE', ( #792 ), #758, .F. ) ;
#542 = CARTESIAN_POINT ( 'NONE',  ( 5.131393248011810293, 3.881226960314947849, 10.26278649602361881 ) ) ;
#543 = CARTESIAN_POINT ( 'NONE',  ( -9.069952122225259927, 14.91877971388929147, 18.13990424445051985 ) ) ;
#544 = CARTESIAN_POINT ( 'NONE',  ( -5.131393248011811181, 3.881226960314947849, -10.26278649602361881 ) ) ;
#545 = VECTOR ( 'NONE', #576, 1000.000000000000227 ) ;
#546 = CARTESIAN_POINT ( 'NONE',  ( 3.819768608208787608, 1.256684091749024956, 0.000000000000000000 ) ) ;
#547 = CARTESIAN_POINT ( 'NONE',  ( -4.808196390162846612, 3.153221814484565844, 5.888342318884787462E-16 ) ) ;
#548 = CARTESIAN_POINT ( 'NONE',  ( 1.284266644690155428E-15, 37.46031944746621889, 10.48683298388002072 ) ) ;
#549 = FACE_OUTER_BOUND ( 'NONE', #366, .T. ) ;
#550 = CARTESIAN_POINT ( 'NONE',  ( 4.056328797069570946, 1.666589519164689559, -8.112657594139143669 ) ) ;
#551 = CARTESIAN_POINT ( 'NONE',  ( 4.808196390162846612, 3.153221814484565844, 0.000000000000000000 ) ) ;
#552 = ADVANCED_BREP_SHAPE_REPRESENTATION ( 'cpc_reflact', ( #780, #592 ), #664 ) ;
#553 = CARTESIAN_POINT ( 'NONE',  ( 5.865670148623793878, 5.788947189054818310, 11.73134029724758243 ) ) ;
#554 = CARTESIAN_POINT ( 'NONE',  ( 5.537269839253641024, 2.321288550580893340, 0.000000000000000000 ) ) ;
#555 = UNCERTAINTY_MEASURE_WITH_UNIT (LENGTH_MEASURE( 1.000000000000000082E-05 ), #6, 'distance_accuracy_value', 'NONE');
#556 = CARTESIAN_POINT ( 'NONE',  ( 0.000000000000000000, -0.5845650447433110575, 0.000000000000000000 ) ) ;
#557 = CARTESIAN_POINT ( 'NONE',  ( 5.865670148623793878, 5.788947189054818310, -1.436674834473261648E-15 ) ) ;
#558 = CARTESIAN_POINT ( 'NONE',  ( -9.486833000000000737, 37.46049899999999866, 1.161801966751588239E-15 ) ) ;
#559 = CARTESIAN_POINT ( 'NONE',  ( -7.621867189581235102, 12.52406206666003108, 9.334095257246892421E-16 ) ) ;
#560 = CARTESIAN_POINT ( 'NONE',  ( 10.48683298388044349, 37.46031944746622599, 20.97366596776088699 ) ) ;
#561 = CARTESIAN_POINT ( 'NONE',  ( 3.293017673807822732, 0.4189636159495916945, -8.065567107528824738E-16 ) ) ;
#562 = CARTESIAN_POINT ( 'NONE',  ( 6.734423564119216721, 8.634790622617591893, 0.000000000000000000 ) ) ;
#563 = CARTESIAN_POINT ( 'NONE',  ( -8.160272435004298330, 15.67860248407194312, 16.32054487000859666 ) ) ;
#564 = CARTESIAN_POINT ( 'NONE',  ( 10.48190007495820808, 35.85021234400124968, 20.96380014991641261 ) ) ;
#565 = CARTESIAN_POINT ( 'NONE',  ( 6.385782462314971042, 7.402094543604071042, -1.564065610505066610E-15 ) ) ;
#566 = APPLICATION_CONTEXT ( 'automotive_design' ) ;
#567 = CARTESIAN_POINT ( 'NONE',  ( 4.739166919561272451, 0.8403829157612299205, -1.160761119733146842E-15 ) ) ;
#568 = CARTESIAN_POINT ( 'NONE',  ( 7.106878859722996822, 10.11439573319079699, 14.21375771944598831 ) ) ;
#569 = CARTESIAN_POINT ( 'NONE',  ( 0.000000000000000000, 37.46031944746621889, -10.48683298388002072 ) ) ;
#570 = CARTESIAN_POINT ( 'NONE',  ( 7.106878859722993269, 10.11439573319079699, -14.21375771944599187 ) ) ;
#571 = CARTESIAN_POINT ( 'NONE',  ( 4.060277553363135894, -0.2390617603120041013, -8.120555106726275341 ) ) ;
#572 = VERTEX_POINT ( 'NONE', #829 ) ;
#573 = CARTESIAN_POINT ( 'NONE',  ( -8.761578100015002590, 20.56787150577884660, 17.52315620003000518 ) ) ;
#574 = CARTESIAN_POINT ( 'NONE',  ( -3.811346848434288503, -0.5845650447433110575, 8.755110082638739504E-16 ) ) ;
#575 = CARTESIAN_POINT ( 'NONE',  ( -7.384100381190536133, 11.35609144756275413, 9.042914896407741175E-16 ) ) ;
#576 = DIRECTION ( 'NONE',  ( 1.224646779406590013E-16, -0.0001795525337856189820, 0.9999999838804436436 ) ) ;
#577 = CARTESIAN_POINT ( 'NONE',  ( 8.160272435004300107, 15.67860248407194312, 16.32054487000859666 ) ) ;
#578 = CARTESIAN_POINT ( 'NONE',  ( -10.48683298388044349, 37.46031944746622599, 1.284266644690207296E-15 ) ) ;
#579 = CARTESIAN_POINT ( 'NONE',  ( 8.313808827946411739, 16.75848436021028220, -2.036295873973516371E-15 ) ) ;
#580 = CARTESIAN_POINT ( 'NONE',  ( -4.060277553363138558, -0.2390617603120041013, -8.120555106726273564 ) ) ;
#581 = ORIENTED_EDGE ( 'NONE', *, *, #326, .F. ) ;
#582 = CARTESIAN_POINT ( 'NONE',  ( -10.48190007495820630, 35.85021234400124968, 1.283662537577997019E-15 ) ) ;
#583 = CARTESIAN_POINT ( 'NONE',  ( 6.385782462314967489, 7.402094543604071930, -12.77156492462994031 ) ) ;
#584 = CARTESIAN_POINT ( 'NONE',  ( -4.296275654610071548, 0.1179016485952664728, 5.261420228672923919E-16 ) ) ;
#585 = ORIENTED_EDGE ( 'NONE', *, *, #602, .T. ) ;
#586 = CARTESIAN_POINT ( 'NONE',  ( 9.482648503956474073, 35.86238795179403382, 0.000000000000000000 ) ) ;
#587 = CARTESIAN_POINT ( 'NONE',  ( -9.401970813354397549, 31.14019570222300359, -18.80394162670878799 ) ) ;
#588 = CARTESIAN_POINT ( 'NONE',  ( -8.160376629527807069, 10.12196304422556459, -16.32075325905560703 ) ) ;
#589 = CARTESIAN_POINT ( 'NONE',  ( 0.000000000000000000, 37.46031944746621889, 0.000000000000000000 ) ) ;
#590 = CARTESIAN_POINT ( 'NONE',  ( 9.401970813354397549, 31.14019570222300359, 18.80394162670878799 ) ) ;
#591 = DIRECTION ( 'NONE',  ( 0.000000000000000000, 0.000000000000000000, -1.000000000000000000 ) ) ;
#592 = AXIS2_PLACEMENT_3D ( 'NONE', #1005, #210, #447 ) ;
#593 = CARTESIAN_POINT ( 'NONE',  ( 9.037759474718047414, 23.79350002922808471, -18.07551894943610549 ) ) ;
#594 = CARTESIAN_POINT ( 'NONE',  ( -5.885157828235993982, 3.080403315780515960, -11.77031565647198441 ) ) ;
#595 = CARTESIAN_POINT ( 'NONE',  ( -5.131393248011810293, 3.881226960314947849, 6.284144316344004613E-16 ) ) ;
#596 = CARTESIAN_POINT ( 'NONE',  ( 9.401970813354397549, 31.14019570222300004, 0.000000000000000000 ) ) ;
#597 = CARTESIAN_POINT ( 'NONE',  ( -5.537269839253641024, 2.321288550580893340, 6.781199784657150071E-16 ) ) ;
#598 = CARTESIAN_POINT ( 'NONE',  ( -9.485942480907731067, 36.74401037921068536, 1.161692909613955551E-15 ) ) ;
#599 = CARTESIAN_POINT ( 'NONE',  ( -8.498664528677554841, 11.71761775010523365, 1.040786231207211775E-15 ) ) ;
#600 = DIRECTION ( 'NONE',  ( 0.000000000000000000, 0.000000000000000000, -1.000000000000000000 ) ) ;
#601 = CARTESIAN_POINT ( 'NONE',  ( 9.486823682180350659, 37.40860432993975593, 0.000000000000000000 ) ) ;
#602 = EDGE_CURVE ( 'NONE', #276, #611, #141, .T. ) ;
#603 = CARTESIAN_POINT ( 'NONE',  ( 9.486805098667520753, 37.30510530298870719, -2.323597099643594082E-15 ) ) ;
#604 = CARTESIAN_POINT ( 'NONE',  ( -10.48190007495820630, 35.85021234400124968, 1.283662537577997019E-15 ) ) ;
#605 = ORIENTED_EDGE ( 'NONE', *, *, #112, .F. ) ;
#606 = CARTESIAN_POINT ( 'NONE',  ( -6.558599360143210433, 7.995282949281317997, 13.11719872028642087 ) ) ;
#607 = CIRCLE ( 'NONE', #1011, 9.486833000000000737 ) ;
#608 = CARTESIAN_POINT ( 'NONE',  ( -9.486604804445299521, 37.09926083681344267, 1.161774020853983945E-15 ) ) ;
#609 = CONICAL_SURFACE ( 'NONE', #240, 9.486833000000000737, 1.570616774260146231 ) ;
#610 = CARTESIAN_POINT ( 'NONE',  ( -7.324295062989107485, 6.956282652123805477, -14.64859012597820609 ) ) ;
#611 = VERTEX_POINT ( 'NONE', #108 ) ;
#612 = CARTESIAN_POINT ( 'NONE',  ( -4.523456511661751556, 2.557655134011882492, 9.046913023323503111 ) ) ;
#613 = CARTESIAN_POINT ( 'NONE',  ( -5.885157828235993094, 3.080403315780515960, 7.207239696826197414E-16 ) ) ;
#614 = ADVANCED_FACE ( 'NONE', ( #684 ), #843, .T. ) ;
#615 = DIRECTION ( 'NONE',  ( 0.000000000000000000, 0.000000000000000000, -1.000000000000000000 ) ) ;
#616 = CARTESIAN_POINT ( 'NONE',  ( 3.819768608208787608, 1.256684091749024956, -9.355734799052863026E-16 ) ) ;
#617 = CARTESIAN_POINT ( 'NONE',  ( -9.482648503956474073, 35.86238795179403382, 1.161289513780973313E-15 ) ) ;
#618 = CARTESIAN_POINT ( 'NONE',  ( -4.523456511661752444, 2.557655134011882048, 5.539636538088817272E-16 ) ) ;
#619 = CARTESIAN_POINT ( 'NONE',  ( 9.069952122225261704, 14.91877971388929147, 0.000000000000000000 ) ) ;
#620 = CARTESIAN_POINT ( 'NONE',  ( 4.931504368053620802, 3.424494176704538262, -9.863008736107246932 ) ) ;
#621 = CARTESIAN_POINT ( 'NONE',  ( 7.284463141946078579, 10.89576964907767298, 0.000000000000000000 ) ) ;
#622 = CARTESIAN_POINT ( 'NONE',  ( 4.056328797069571834, 1.666589519164689559, 8.112657594139141892 ) ) ;
#623 = CARTESIAN_POINT ( 'NONE',  ( 3.811346848434288948, -0.5845650447433110575, 7.622693696868576119 ) ) ;
#624 = CARTESIAN_POINT ( 'NONE',  ( 0.000000000000000000, -1.469576200000000003E-15, 0.000000000000000000 ) ) ;
#625 = AXIS2_PLACEMENT_3D ( 'NONE', #556, #870, #155 ) ;
#626 = CARTESIAN_POINT ( 'NONE',  ( 4.663651163422080970, 2.846973803255446356, -1.142265093924936233E-15 ) ) ;
#627 = AXIS2_PLACEMENT_3D ( 'NONE', #940, #57, #700 ) ;
#628 = CARTESIAN_POINT ( 'NONE',  ( 0.000000000000000000, 37.46049899999999866, 0.000000000000000000 ) ) ;
#629 = CARTESIAN_POINT ( 'NONE',  ( 5.131393248011810293, 3.881226960314947849, 0.000000000000000000 ) ) ;
#630 = CARTESIAN_POINT ( 'NONE',  ( -9.885522924923265009, 21.34829603839435208, 1.210627400790505864E-15 ) ) ;
#631 = CARTESIAN_POINT ( 'NONE',  ( 4.667553718375404081E-16, -0.5845650447433110575, 3.811346848434288503 ) ) ;
#632 = CARTESIAN_POINT ( 'NONE',  ( -3.819768608208788052, 1.256684091749024956, -7.639537216417572552 ) ) ;
#633 = CARTESIAN_POINT ( 'NONE',  ( 7.384100381190536133, 11.35609144756275413, 0.000000000000000000 ) ) ;
#634 = CARTESIAN_POINT ( 'NONE',  ( -8.916281682720960333, 22.24104699958544273, 1.091929582304040100E-15 ) ) ;
#635 = CARTESIAN_POINT ( 'NONE',  ( -4.947246571560758532, 1.207412906101376970, 6.058629678454600443E-16 ) ) ;
#636 = CARTESIAN_POINT ( 'NONE',  ( 10.48683298388044349, 37.46031944746622599, -2.568533289380414591E-15 ) ) ;
#637 = CARTESIAN_POINT ( 'NONE',  ( 4.292560862090074814, 2.101763015741237250, -8.585121724180153180 ) ) ;
#638 = SHAPE_DEFINITION_REPRESENTATION ( #788, #552 ) ;
#639 = CARTESIAN_POINT ( 'NONE',  ( 3.025467986063202552, 0.03534828230692505652, 0.000000000000000000 ) ) ;
#640 = CARTESIAN_POINT ( 'NONE',  ( 8.604942714301694551, 19.09123446307675565, 0.000000000000000000 ) ) ;
#641 = ADVANCED_FACE ( 'NONE', ( #998 ), #118, .F. ) ;
#642 = CARTESIAN_POINT ( 'NONE',  ( 7.788870200701932589, 13.41544673822674838, -15.57774040140387051 ) ) ;
#643 = DIRECTION ( 'NONE',  ( 0.000000000000000000, 0.000000000000000000, -1.000000000000000000 ) ) ;
#644 = CONICAL_SURFACE ( 'NONE', #625, 3.811346848434288503, 0.9464524630309751885 ) ;
#645 = ORIENTED_EDGE ( 'NONE', *, *, #78, .F. ) ;
#646 = CARTESIAN_POINT ( 'NONE',  ( -7.979722776917343552, 14.53072424535066531, 15.95944555383468710 ) ) ;
#647 = CARTESIAN_POINT ( 'NONE',  ( -7.621867189581236879, 12.52406206666003108, -15.24373437916246488 ) ) ;
#648 = DIRECTION ( 'NONE',  ( 0.000000000000000000, 0.000000000000000000, -1.000000000000000000 ) ) ;
#649 = ORIENTED_EDGE ( 'NONE', *, *, #858, .F. ) ;
#650 = CARTESIAN_POINT ( 'NONE',  ( -6.941868987247182154, 9.430032174640052389, 8.501337635332539423E-16 ) ) ;
#651 = CARTESIAN_POINT ( 'NONE',  ( -10.46673869624847342, 34.23960618564090197, 20.93347739249694683 ) ) ;
#652 = CARTESIAN_POINT ( 'NONE',  ( -8.464222254882368901, 17.91244767301265384, 1.036568269171348670E-15 ) ) ;
#653 = CARTESIAN_POINT ( 'NONE',  ( 8.498664528677554841, 11.71761775010523365, 0.000000000000000000 ) ) ;
#654 = VERTEX_POINT ( 'NONE', #548 ) ;
#655 = CARTESIAN_POINT ( 'NONE',  ( 9.037759474718052743, 23.79350002922808827, 0.000000000000000000 ) ) ;
#656 =( NAMED_UNIT ( * ) PLANE_ANGLE_UNIT ( ) SI_UNIT ( $, .RADIAN. ) );
#657 =( BOUNDED_SURFACE ( )  B_SPLINE_SURFACE ( 3, 3, ( 
 ( #54, #623, #791, #937 ),
 ( #854, #220, #393, #717 ),
 ( #133, #69, #236, #136 ),
 ( #769, #227, #1039, #457 ),
 ( #865, #316, #538, #635 ),
 ( #554, #1028, #860, #466 ),
 ( #953, #1015, #775, #613 ),
 ( #378, #143, #781, #869 ),
 ( #382, #148, #703, #60 ),
 ( #932, #305, #215, #849 ),
 ( #1021, #454, #300, #386 ),
 ( #619, #295, #543, #462 ),
 ( #785, #372, #50, #712 ),
 ( #1034, #311, #153, #630 ),
 ( #948, #470, #696, #174 ),
 ( #974, #84, #170, #800 ),
 ( #665, #796, #888, #491 ),
 ( #487, #258, #810, #88 ),
 ( #893, #180, #651, #969 ),
 ( #325, #964, #731, #980 ),
 ( #2, #564, #477, #482 ),
 ( #879, #247, #409, #321 ),
 ( #331, #15, #496, #805 ),
 ( #165, #560, #815, #578 ) ),
 .UNSPECIFIED., .F., .F., .F. ) 
 B_SPLINE_SURFACE_WITH_KNOTS ( ( 4, 2, 2, 2, 2, 2, 2, 2, 2, 2, 2, 4 ),
 ( 4, 4 ),
 ( 0.000000000000000000, 0.03124999999999996531, 0.06249999999999993061, 0.1249999999999999167, 0.2499999999999998890, 0.3749999999999998335, 0.4999999999999998890, 0.7500000000000000000, 0.8750000000000002220, 0.9375000000000004441, 0.9687500000000001110, 1.000000000000000000 ),
 ( 0.000000000000000000, 1.000000000000000000 ),
 .UNSPECIFIED. ) 
 GEOMETRIC_REPRESENTATION_ITEM ( )  RATIONAL_B_SPLINE_SURFACE ( (
 ( 1.000000000000000000, 0.3333333333333334259, 0.3333333333333334259, 1.000000000000000000),
 ( 1.000000000000000000, 0.3333333333333334259, 0.3333333333333334259, 1.000000000000000000),
 ( 1.000000000000000000, 0.3333333333333334259, 0.3333333333333334259, 1.000000000000000000),
 ( 1.000000000000000000, 0.3333333333333334259, 0.3333333333333334259, 1.000000000000000000),
 ( 1.000000000000000000, 0.3333333333333334259, 0.3333333333333334259, 1.000000000000000000),
 ( 1.000000000000000000, 0.3333333333333334259, 0.3333333333333334259, 1.000000000000000000),
 ( 1.000000000000000000, 0.3333333333333334259, 0.3333333333333334259, 1.000000000000000000),
 ( 1.000000000000000000, 0.3333333333333334259, 0.3333333333333334259, 1.000000000000000000),
 ( 1.000000000000000000, 0.3333333333333334259, 0.3333333333333334259, 1.000000000000000000),
 ( 1.000000000000000000, 0.3333333333333334259, 0.3333333333333334259, 1.000000000000000000),
 ( 1.000000000000000000, 0.3333333333333334259, 0.3333333333333334259, 1.000000000000000000),
 ( 1.000000000000000000, 0.3333333333333334259, 0.3333333333333334259, 1.000000000000000000),
 ( 1.000000000000000000, 0.3333333333333334259, 0.3333333333333334259, 1.000000000000000000),
 ( 1.000000000000000000, 0.3333333333333334259, 0.3333333333333334259, 1.000000000000000000),
 ( 1.000000000000000000, 0.3333333333333334259, 0.3333333333333334259, 1.000000000000000000),
 ( 1.000000000000000000, 0.3333333333333334259, 0.3333333333333334259, 1.000000000000000000),
 ( 1.000000000000000000, 0.3333333333333334259, 0.3333333333333334259, 1.000000000000000000),
 ( 1.000000000000000000, 0.3333333333333334259, 0.3333333333333334259, 1.000000000000000000),
 ( 1.000000000000000000, 0.3333333333333334259, 0.3333333333333334259, 1.000000000000000000),
 ( 1.000000000000000000, 0.3333333333333334259, 0.3333333333333334259, 1.000000000000000000),
 ( 1.000000000000000000, 0.3333333333333334259, 0.3333333333333334259, 1.000000000000000000),
 ( 1.000000000000000000, 0.3333333333333334259, 0.3333333333333334259, 1.000000000000000000),
 ( 1.000000000000000000, 0.3333333333333334259, 0.3333333333333334259, 1.000000000000000000),
 ( 1.000000000000000000, 0.3333333333333334259, 0.3333333333333334259, 1.000000000000000000) ) ) 
 REPRESENTATION_ITEM ( '' )  SURFACE ( )  );
#658 = CARTESIAN_POINT ( 'NONE',  ( 6.734423564119216721, 8.634790622617591893, -1.649458052380221668E-15 ) ) ;
#659 = CARTESIAN_POINT ( 'NONE',  ( 9.470496765418042528, 34.45446526311807389, 0.000000000000000000 ) ) ;
#660 = CIRCLE ( 'NONE', #959, 10.48683298388044349 ) ;
#661 = ORIENTED_EDGE ( 'NONE', *, *, #894, .F. ) ;
#662 = CIRCLE ( 'NONE', #341, 3.811346848434288503 ) ;
#663 = CARTESIAN_POINT ( 'NONE',  ( 9.137633390568714375, 25.27275425128878084, 0.000000000000000000 ) ) ;
#664 =( GEOMETRIC_REPRESENTATION_CONTEXT ( 3 ) GLOBAL_UNCERTAINTY_ASSIGNED_CONTEXT ( ( #855 ) ) GLOBAL_UNIT_ASSIGNED_CONTEXT ( ( #819, #669, #506 ) ) REPRESENTATION_CONTEXT ( 'NONE', 'WORKASPACE' ) );
#665 = CARTESIAN_POINT ( 'NONE',  ( 10.40337379883619739, 31.01759254525214615, 0.000000000000000000 ) ) ;
#666 = CARTESIAN_POINT ( 'NONE',  ( -8.313808827946413516, 16.75848436021027865, -16.62761765589281993 ) ) ;
#667 = CARTESIAN_POINT ( 'NONE',  ( 9.441918742764389805, 32.74479694219650838, 0.000000000000000000 ) ) ;
#668 = ORIENTED_EDGE ( 'NONE', *, *, #747, .T. ) ;
#669 =( NAMED_UNIT ( * ) PLANE_ANGLE_UNIT ( ) SI_UNIT ( $, .RADIAN. ) );
#670 = CARTESIAN_POINT ( 'NONE',  ( -3.452655212582923294, 0.6609660877185299377, 6.905310425165846588 ) ) ;
#671 = CARTESIAN_POINT ( 'NONE',  ( -9.441918742764389805, 32.74479694219650838, 1.156301556613581248E-15 ) ) ;
#672 = CARTESIAN_POINT ( 'NONE',  ( -6.828030199337946193, 5.384955743026400121, -13.65606039867589061 ) ) ;
#673 = ORIENTED_EDGE ( 'NONE', *, *, #339, .T. ) ;
#674 = CARTESIAN_POINT ( 'NONE',  ( -9.482648503956472297, 35.86238795179403382, 18.96529700791294459 ) ) ;
#675 = CARTESIAN_POINT ( 'NONE',  ( -3.811346848434288503, -0.5845650447433110575, 8.755110082638739504E-16 ) ) ;
#676 = CARTESIAN_POINT ( 'NONE',  ( -8.916281682720963886, 22.24104699958544629, -17.83256336544191711 ) ) ;
#677 = CARTESIAN_POINT ( 'NONE',  ( 8.160376629527801740, 10.12196304422556459, -16.32075325905561058 ) ) ;
#678 = CARTESIAN_POINT ( 'NONE',  ( -7.979722776917344440, 14.53072424535066354, 9.772341956835055136E-16 ) ) ;
#679 = CARTESIAN_POINT ( 'NONE',  ( -9.223974114415117498, 26.73667513052511069, 18.44794822883023500 ) ) ;
#680 = CARTESIAN_POINT ( 'NONE',  ( -5.885157828235993094, 3.080403315780515960, 7.207239696826197414E-16 ) ) ;
#681 = AXIS2_PLACEMENT_3D ( 'NONE', #471, #925, #530 ) ;
#682 = CARTESIAN_POINT ( 'NONE',  ( 9.401970813354392220, 31.14019570222300359, -18.80394162670879510 ) ) ;
#683 = CARTESIAN_POINT ( 'NONE',  ( -5.537269839253641024, 2.321288550580893340, 6.781199784657150071E-16 ) ) ;
#684 = FACE_OUTER_BOUND ( 'NONE', #728, .T. ) ;
#685 = CARTESIAN_POINT ( 'NONE',  ( -5.865670148623793878, 5.788947189054818310, 7.183374172366308241E-16 ) ) ;
#686 = CARTESIAN_POINT ( 'NONE',  ( 9.470496765418042528, 34.45446526311807389, 18.94099353083608150 ) ) ;
#687 = DIRECTION ( 'NONE',  ( 0.000000000000000000, -0.5845650447433095032, -0.8113468484342886144 ) ) ;
#688 = CARTESIAN_POINT ( 'NONE',  ( -9.486604804445301298, 37.09926083681344267, -18.97320960889059549 ) ) ;
#689 = CARTESIAN_POINT ( 'NONE',  ( -10.47890504043829907, 35.44758203470353664, -20.95781008087659103 ) ) ;
#690 = CARTESIAN_POINT ( 'NONE',  ( -8.313808827946411739, 16.75848436021028220, 1.018147936986758185E-15 ) ) ;
#691 = CARTESIAN_POINT ( 'NONE',  ( 3.143756106984465060, 0.2027556443573139966, 6.287512213968929231 ) ) ;
#692 = CARTESIAN_POINT ( 'NONE',  ( -9.037759474718054520, 23.79350002922808471, -18.07551894943609838 ) ) ;
#693 = CARTESIAN_POINT ( 'NONE',  ( 5.537269839253637471, 2.321288550580893340, -11.07453967850728027 ) ) ;
#694 = ORIENTED_EDGE ( 'NONE', *, *, #403, .F. ) ;
#695 = CARTESIAN_POINT ( 'NONE',  ( 3.664794483019730098, 0.9992956448356654642, 0.000000000000000000 ) ) ;
#696 = CARTESIAN_POINT ( 'NONE',  ( -10.12454278642841210, 24.57187965668955343, 20.24908557285682420 ) ) ;
#697 = AXIS2_PLACEMENT_3D ( 'NONE', #944, #228, #713 ) ;
#698 = DIRECTION ( 'NONE',  ( -0.000000000000000000, -1.000000000000000000, -0.000000000000000000 ) ) ;
#699 = CARTESIAN_POINT ( 'NONE',  ( -4.523456511661753332, 2.557655134011882492, -9.046913023323503111 ) ) ;
#700 = DIRECTION ( 'NONE',  ( 0.000000000000000000, 0.000000000000000000, -1.000000000000000000 ) ) ;
#701 = CARTESIAN_POINT ( 'NONE',  ( 4.056328797069572722, 1.666589519164689559, 0.000000000000000000 ) ) ;
#702 = ADVANCED_FACE ( 'NONE', ( #942 ), #657, .T. ) ;
#703 = CARTESIAN_POINT ( 'NONE',  ( -7.324295062989103045, 6.956282652123805477, 14.64859012597820964 ) ) ;
#704 = CARTESIAN_POINT ( 'NONE',  ( 5.352745737359989597, 4.412974289028093189, -10.70549147471998452 ) ) ;
#705 = CARTESIAN_POINT ( 'NONE',  ( 4.663651163422080970, 2.846973803255446356, 0.000000000000000000 ) ) ;
#706 = CARTESIAN_POINT ( 'NONE',  ( -5.865670148623793878, 5.788947189054818310, 7.183374172366308241E-16 ) ) ;
#707 = CARTESIAN_POINT ( 'NONE',  ( 9.486833000000000737, 37.46049899999999866, -2.323603933499096490E-15 ) ) ;
#708 = DIRECTION ( 'NONE',  ( -0.000000000000000000, -1.000000000000000000, -0.000000000000000000 ) ) ;
#709 = CARTESIAN_POINT ( 'NONE',  ( 5.352745737359992262, 4.412974289028093189, -1.311044586781510677E-15 ) ) ;
#710 = CARTESIAN_POINT ( 'NONE',  ( 3.293017673807822732, 0.4189636159495916945, 0.000000000000000000 ) ) ;
#711 = CARTESIAN_POINT ( 'NONE',  ( 4.292560862090076590, 2.101763015741237250, 0.000000000000000000 ) ) ;
#712 = CARTESIAN_POINT ( 'NONE',  ( -9.302352819657741634, 16.52461444714829497, 1.139209660513320753E-15 ) ) ;
#713 = DIRECTION ( 'NONE',  ( 0.000000000000000000, 0.000000000000000000, -1.000000000000000000 ) ) ;
#714 = CARTESIAN_POINT ( 'NONE',  ( -4.931504368053622578, 3.424494176704538262, 6.039351039318060140E-16 ) ) ;
#715 = CARTESIAN_POINT ( 'NONE',  ( 5.865670148623793878, 5.788947189054818310, 0.000000000000000000 ) ) ;
#716 = CARTESIAN_POINT ( 'NONE',  ( -9.037759474718049191, 23.79350002922808471, 18.07551894943609838 ) ) ;
#717 = CARTESIAN_POINT ( 'NONE',  ( -4.060277553363137670, -0.2390617603120041290, 4.972405909376012819E-16 ) ) ;
#718 = CARTESIAN_POINT ( 'NONE',  ( 3.143756106984465060, 0.2027556443573140244, -7.699981707436939077E-16 ) ) ;
#719 = CARTESIAN_POINT ( 'NONE',  ( -9.470496765418042528, 34.45446526311807389, 1.159801355010456928E-15 ) ) ;
#720 = CARTESIAN_POINT ( 'NONE',  ( -8.160272435004300107, 15.67860248407194135, 9.993451517698392634E-16 ) ) ;
#721 = CARTESIAN_POINT ( 'NONE',  ( -4.739166919561272451, 0.8403829157612299205, 5.803805598665734211E-16 ) ) ;
#722 = CARTESIAN_POINT ( 'NONE',  ( 8.464222254882368901, 17.91244767301265384, -2.073136538342697340E-15 ) ) ;
#723 = CARTESIAN_POINT ( 'NONE',  ( -4.739166919561272451, 0.8403829157612299205, 5.803805598665734211E-16 ) ) ;
#724 = CARTESIAN_POINT ( 'NONE',  ( 8.313808827946411739, 16.75848436021028220, 0.000000000000000000 ) ) ;
#725 = SURFACE_STYLE_USAGE ( .BOTH. , #404 ) ;
#726 = CARTESIAN_POINT ( 'NONE',  ( 6.941868987247178602, 9.430032174640052389, -13.88373797449436253 ) ) ;
#727 = CARTESIAN_POINT ( 'NONE',  ( 10.46673869624847519, 34.23960618564090197, 0.000000000000000000 ) ) ;
#728 = EDGE_LOOP ( 'NONE', ( #897, #183, #262, #668, #967, #428 ) ) ;
#729 = MECHANICAL_DESIGN_GEOMETRIC_PRESENTATION_REPRESENTATION (  '', ( #193 ), #425 ) ;
#730 = CARTESIAN_POINT ( 'NONE',  ( -7.384100381190536133, 11.35609144756275413, 9.042914896407741175E-16 ) ) ;
#731 = CARTESIAN_POINT ( 'NONE',  ( -10.47890504043829552, 35.44758203470353664, 20.95781008087659103 ) ) ;
#732 = CARTESIAN_POINT ( 'NONE',  ( 7.621867189581231550, 12.52406206666003108, -15.24373437916246843 ) ) ;
#733 = CARTESIAN_POINT ( 'NONE',  ( 9.486805098667520753, 37.30510530298870719, 0.000000000000000000 ) ) ;
#734 = VERTEX_POINT ( 'NONE', #569 ) ;
#735 = CARTESIAN_POINT ( 'NONE',  ( 7.384100381190536133, 11.35609144756275413, 0.000000000000000000 ) ) ;
#736 = CARTESIAN_POINT ( 'NONE',  ( 8.160272435004300107, 15.67860248407194135, -1.998690303539678527E-15 ) ) ;
#737 = CARTESIAN_POINT ( 'NONE',  ( 7.324295062989104821, 6.956282652123805477, 0.000000000000000000 ) ) ;
#738 = CARTESIAN_POINT ( 'NONE',  ( -9.486833000000000737, 37.46049899999999866, 1.161801966749548245E-15 ) ) ;
#739 = CARTESIAN_POINT ( 'NONE',  ( -8.160272435004301883, 15.67860248407194312, -16.32054487000859666 ) ) ;
#740 = CARTESIAN_POINT ( 'NONE',  ( 10.40337379883619739, 31.01759254525214615, 0.000000000000000000 ) ) ;
#741 = CARTESIAN_POINT ( 'NONE',  ( -7.324295062989104821, 6.956282652123805477, 8.969674504900369673E-16 ) ) ;
#742 = CARTESIAN_POINT ( 'NONE',  ( 9.482648503956468744, 35.86238795179403382, -18.96529700791294815 ) ) ;
#743 = CARTESIAN_POINT ( 'NONE',  ( 7.324295062989102156, 6.956282652123805477, -14.64859012597820964 ) ) ;
#744 = VERTEX_POINT ( 'NONE', #11 ) ;
#745 = CARTESIAN_POINT ( 'NONE',  ( 9.485942480907731067, 36.74401037921068536, 18.97188496181545858 ) ) ;
#746 = LINE ( 'NONE', #519, #23 ) ;
#747 = EDGE_CURVE ( 'NONE', #485, #734, #920, .T. ) ;
#748 = CARTESIAN_POINT ( 'NONE',  ( 9.486604804445299521, 37.09926083681344267, -2.323548041707967890E-15 ) ) ;
#749 = CARTESIAN_POINT ( 'NONE',  ( -9.069952122225263480, 14.91877971388929147, -18.13990424445051985 ) ) ;
#750 = CARTESIAN_POINT ( 'NONE',  ( -3.025467986063202552, 0.03534828230692505652, 3.705129685055089683E-16 ) ) ;
#751 = CARTESIAN_POINT ( 'NONE',  ( -7.384100381190536133, 11.35609144756275413, 9.042914896407741175E-16 ) ) ;
#752 = CARTESIAN_POINT ( 'NONE',  ( 9.137633390568714375, 25.27275425128878439, 18.27526678113742520 ) ) ;
#753 = CARTESIAN_POINT ( 'NONE',  ( -3.025467986063201664, 0.03534828230692505652, 6.050935972126403328 ) ) ;
#754 = CARTESIAN_POINT ( 'NONE',  ( 9.297426627598488480, 28.24943209517240561, -18.59485325519698762 ) ) ;
#755 = CARTESIAN_POINT ( 'NONE',  ( -10.40337379883619917, 31.01759254525214970, -20.80674759767239124 ) ) ;
#756 = CARTESIAN_POINT ( 'NONE',  ( -5.629271555740181121, 5.129614500436720625, 6.893869392268454190E-16 ) ) ;
#757 = CARTESIAN_POINT ( 'NONE',  ( -9.486604804445299521, 37.09926083681344267, 1.161774020853983945E-15 ) ) ;
#758 = CONICAL_SURFACE ( 'NONE', #681, 3.811346848434288503, 0.9464524630309751885 ) ;
#759 = CARTESIAN_POINT ( 'NONE',  ( -6.828030199337946193, 5.384955743026399233, 8.361925328100679152E-16 ) ) ;
#760 = CARTESIAN_POINT ( 'NONE',  ( 9.485942480907731067, 36.74401037921068536, -2.323385819227911102E-15 ) ) ;
#761 = CARTESIAN_POINT ( 'NONE',  ( 5.885157828235990429, 3.080403315780515960, -11.77031565647198441 ) ) ;
#762 = CARTESIAN_POINT ( 'NONE',  ( -3.025467986063203440, 0.03534828230692505652, -6.050935972126403328 ) ) ;
#763 = CARTESIAN_POINT ( 'NONE',  ( -6.734423564119216721, 8.634790622617591893, 8.247290261901108341E-16 ) ) ;
#764 = DIRECTION ( 'NONE',  ( -0.000000000000000000, -1.000000000000000000, -0.000000000000000000 ) ) ;
#765 = CARTESIAN_POINT ( 'NONE',  ( 9.223974114415119274, 26.73667513052511424, -2.259222074927303389E-15 ) ) ;
#766 = CARTESIAN_POINT ( 'NONE',  ( 9.069952122225261704, 14.91877971388929147, -2.221497566980582378E-15 ) ) ;
#767 = CARTESIAN_POINT ( 'NONE',  ( -9.401970813354397549, 31.14019570222300004, 1.151409346225130004E-15 ) ) ;
#768 = CARTESIAN_POINT ( 'NONE',  ( 4.808196390162846612, 3.153221814484565844, 0.000000000000000000 ) ) ;
#769 = CARTESIAN_POINT ( 'NONE',  ( 4.739166919561272451, 0.8403829157612299205, 0.000000000000000000 ) ) ;
#770 = CARTESIAN_POINT ( 'NONE',  ( -10.48586363485086359, 36.65540624768159716, 1.284147933671574159E-15 ) ) ;
#771 = CARTESIAN_POINT ( 'NONE',  ( -4.056328797069572722, 1.666589519164689559, 4.967570077620485057E-16 ) ) ;
#772 = APPLICATION_PROTOCOL_DEFINITION ( 'draft international standard', 'automotive_design', 1998, #566 ) ;
#773 = PRODUCT_DEFINITION ( 'ๆ', '', #1014, #501 ) ;
#774 = CARTESIAN_POINT ( 'NONE',  ( 4.523456511661752444, 2.557655134011882048, 0.000000000000000000 ) ) ;
#775 = CARTESIAN_POINT ( 'NONE',  ( -5.885157828235992206, 3.080403315780515960, 11.77031565647198441 ) ) ;
#776 = CARTESIAN_POINT ( 'NONE',  ( 10.48683298388044349, 37.46031944746621889, 0.000000000000000000 ) ) ;
#777 = CARTESIAN_POINT ( 'NONE',  ( -3.664794483019730098, 0.9992956448356654642, 4.488078833162991406E-16 ) ) ;
#778 = CARTESIAN_POINT ( 'NONE',  ( 6.216211041920570501, 6.851294897263505490, 0.000000000000000000 ) ) ;
#779 = CARTESIAN_POINT ( 'NONE',  ( -4.931504368053621690, 3.424494176704538262, 9.863008736107243379 ) ) ;
#780 = MANIFOLD_SOLID_BREP ( '\X2\65cb8f6c\X0\-\X2\858458c1\X0\2', #525 ) ;
#781 = CARTESIAN_POINT ( 'NONE',  ( -6.828030199337945305, 5.384955743026400121, 13.65606039867589061 ) ) ;
#782 = CARTESIAN_POINT ( 'NONE',  ( -5.131393248011810293, 3.881226960314947849, 6.284144316344004613E-16 ) ) ;
#783 = CARTESIAN_POINT ( 'NONE',  ( 6.385782462314971042, 7.402094543604071042, 0.000000000000000000 ) ) ;
#784 = CARTESIAN_POINT ( 'NONE',  ( -6.058791030634163022, 6.361817832959665964, 12.11758206126832604 ) ) ;
#785 = CARTESIAN_POINT ( 'NONE',  ( 9.302352819657741634, 16.52461444714829497, 0.000000000000000000 ) ) ;
#786 = EDGE_CURVE ( 'NONE', #972, #999, #399, .T. ) ;
#787 = CARTESIAN_POINT ( 'NONE',  ( 3.452655212582924626, 0.6609660877185298267, -8.456566309298205225E-16 ) ) ;
#788 = PRODUCT_DEFINITION_SHAPE ( 'NONE', 'NONE',  #773 ) ;
#789 = CARTESIAN_POINT ( 'NONE',  ( 3.143756106984465060, 0.2027556443573140244, 0.000000000000000000 ) ) ;
#790 = CARTESIAN_POINT ( 'NONE',  ( -6.058791030634164798, 6.361817832959666852, 7.419879042368823236E-16 ) ) ;
#791 = CARTESIAN_POINT ( 'NONE',  ( -3.811346848434288059, -0.5845650447433110575, 7.622693696868576119 ) ) ;
#792 = FACE_OUTER_BOUND ( 'NONE', #803, .T. ) ;
#793 = CARTESIAN_POINT ( 'NONE',  ( -4.663651163422082746, 2.846973803255446356, -9.327302326844160163 ) ) ;
#794 = CARTESIAN_POINT ( 'NONE',  ( 3.000000000000000000, -1.469576200000000003E-15, 0.000000000000000000 ) ) ;
#795 = CARTESIAN_POINT ( 'NONE',  ( -7.106878859722994157, 10.11439573319079699, 14.21375771944599187 ) ) ;
#796 = CARTESIAN_POINT ( 'NONE',  ( 10.40337379883619739, 31.01759254525214970, 20.80674759767239124 ) ) ;
#797 = CARTESIAN_POINT ( 'NONE',  ( -3.452655212582925515, 0.6609660877185299377, -6.905310425165846588 ) ) ;
#798 = CARTESIAN_POINT ( 'NONE',  ( -4.296275654610071548, 0.1179016485952664867, -8.592551309220141320 ) ) ;
#799 = CARTESIAN_POINT ( 'NONE',  ( 7.788870200701936142, 13.41544673822674838, 0.000000000000000000 ) ) ;
#800 = CARTESIAN_POINT ( 'NONE',  ( -10.35081526421818765, 29.40616896888673537, 1.267609278189036903E-15 ) ) ;
#801 = CARTESIAN_POINT ( 'NONE',  ( -6.941868987247182154, 9.430032174640052389, 8.501337635332539423E-16 ) ) ;
#802 = CARTESIAN_POINT ( 'NONE',  ( 4.947246571560758532, 1.207412906101376970, -1.211725935690920089E-15 ) ) ;
#803 = EDGE_LOOP ( 'NONE', ( #645, #344, #338, #18, #267, #9 ) ) ;
#804 = CARTESIAN_POINT ( 'NONE',  ( 7.284463141946078579, 10.89576964907767298, 0.000000000000000000 ) ) ;
#805 = CARTESIAN_POINT ( 'NONE',  ( -10.48676099695429720, 37.05939541999983788, 1.284257828834338582E-15 ) ) ;
#806 = CARTESIAN_POINT ( 'NONE',  ( -6.385782462314972818, 7.402094543604071930, -12.77156492462994031 ) ) ;
#807 = CARTESIAN_POINT ( 'NONE',  ( 1.161801966749548245E-15, 37.46049899999999866, 9.486833000000000737 ) ) ;
#808 = ORIENTED_EDGE ( 'NONE', *, *, #352, .T. ) ;
#809 = CARTESIAN_POINT ( 'NONE',  ( -7.788870200701936142, 13.41544673822674838, 9.538614960263827916E-16 ) ) ;
#810 = CARTESIAN_POINT ( 'NONE',  ( -10.45439398344407067, 33.43416936232534908, 20.90878796688814134 ) ) ;
#811 = CARTESIAN_POINT ( 'NONE',  ( 7.788870200701936142, 13.41544673822674838, -1.907722992052765583E-15 ) ) ;
#812 = CARTESIAN_POINT ( 'NONE',  ( 4.947246571560758532, 1.207412906101376970, 0.000000000000000000 ) ) ;
#813 = ORIENTED_EDGE ( 'NONE', *, *, #154, .T. ) ;
#814 = CARTESIAN_POINT ( 'NONE',  ( -8.313808827946411739, 16.75848436021028220, 1.018147936986758185E-15 ) ) ;
#815 = CARTESIAN_POINT ( 'NONE',  ( -10.48683298388044349, 37.46031944746622599, 20.97366596776088699 ) ) ;
#816 = CARTESIAN_POINT ( 'NONE',  ( 6.216211041920566949, 6.851294897263506378, -12.43242208384113923 ) ) ;
#817 = CARTESIAN_POINT ( 'NONE',  ( 9.069952122225261704, 14.91877971388929147, 0.000000000000000000 ) ) ;
#818 = ORIENTED_EDGE ( 'NONE', *, *, #186, .T. ) ;
#819 =( LENGTH_UNIT ( ) NAMED_UNIT ( * ) SI_UNIT ( .MILLI., .METRE. ) );
#820 = CARTESIAN_POINT ( 'NONE',  ( -9.885522924923265009, 21.34829603839435208, 1.210627400790505864E-15 ) ) ;
#821 = CARTESIAN_POINT ( 'NONE',  ( -7.788870200701936142, 13.41544673822674838, 9.538614960263827916E-16 ) ) ;
#822 =( BOUNDED_SURFACE ( )  B_SPLINE_SURFACE ( 3, 3, ( 
 ( #249, #86, #177, #266 ),
 ( #493, #580, #571, #896 ),
 ( #584, #798, #76, #401 ),
 ( #723, #961, #244, #567 ),
 ( #881, #167, #484, #802 ),
 ( #683, #27, #693, #197 ),
 ( #924, #594, #761, #114 ),
 ( #450, #672, #275, #270 ),
 ( #290, #610, #743, #919 ),
 ( #359, #588, #677, #203 ),
 ( #599, #997, #192, #515 ),
 ( #354, #749, #280, #766 ),
 ( #929, #509, #912, #47 ),
 ( #834, #823, #369, #504 ),
 ( #107, #427, #521, #1009 ),
 ( #31, #839, #101, #828 ),
 ( #437, #755, #529, #348 ),
 ( #122, #432, #36, #987 ),
 ( #444, #906, #992, #42 ),
 ( #365, #689, #1003, #285 ),
 ( #604, #208, #845, #129 ),
 ( #770, #394, #938, #317 ),
 ( #301, #387, #861, #222 ),
 ( #373, #1023, #1016, #636 ) ),
 .UNSPECIFIED., .F., .F., .T. ) 
 B_SPLINE_SURFACE_WITH_KNOTS ( ( 4, 2, 2, 2, 2, 2, 2, 2, 2, 2, 2, 4 ),
 ( 4, 4 ),
 ( 0.000000000000000000, 0.03124999999999996531, 0.06249999999999993061, 0.1249999999999999167, 0.2499999999999998890, 0.3749999999999998335, 0.4999999999999998890, 0.7500000000000000000, 0.8750000000000002220, 0.9375000000000004441, 0.9687500000000001110, 1.000000000000000000 ),
 ( 0.000000000000000000, 1.000000000000000000 ),
 .UNSPECIFIED. ) 
 GEOMETRIC_REPRESENTATION_ITEM ( )  RATIONAL_B_SPLINE_SURFACE ( (
 ( 1.000000000000000000, 0.3333333333333334259, 0.3333333333333334259, 1.000000000000000000),
 ( 1.000000000000000000, 0.3333333333333334259, 0.3333333333333334259, 1.000000000000000000),
 ( 1.000000000000000000, 0.3333333333333334259, 0.3333333333333334259, 1.000000000000000000),
 ( 1.000000000000000000, 0.3333333333333334259, 0.3333333333333334259, 1.000000000000000000),
 ( 1.000000000000000000, 0.3333333333333334259, 0.3333333333333334259, 1.000000000000000000),
 ( 1.000000000000000000, 0.3333333333333334259, 0.3333333333333334259, 1.000000000000000000),
 ( 1.000000000000000000, 0.3333333333333334259, 0.3333333333333334259, 1.000000000000000000),
 ( 1.000000000000000000, 0.3333333333333334259, 0.3333333333333334259, 1.000000000000000000),
 ( 1.000000000000000000, 0.3333333333333334259, 0.3333333333333334259, 1.000000000000000000),
 ( 1.000000000000000000, 0.3333333333333334259, 0.3333333333333334259, 1.000000000000000000),
 ( 1.000000000000000000, 0.3333333333333334259, 0.3333333333333334259, 1.000000000000000000),
 ( 1.000000000000000000, 0.3333333333333334259, 0.3333333333333334259, 1.000000000000000000),
 ( 1.000000000000000000, 0.3333333333333334259, 0.3333333333333334259, 1.000000000000000000),
 ( 1.000000000000000000, 0.3333333333333334259, 0.3333333333333334259, 1.000000000000000000),
 ( 1.000000000000000000, 0.3333333333333334259, 0.3333333333333334259, 1.000000000000000000),
 ( 1.000000000000000000, 0.3333333333333334259, 0.3333333333333334259, 1.000000000000000000),
 ( 1.000000000000000000, 0.3333333333333334259, 0.3333333333333334259, 1.000000000000000000),
 ( 1.000000000000000000, 0.3333333333333334259, 0.3333333333333334259, 1.000000000000000000),
 ( 1.000000000000000000, 0.3333333333333334259, 0.3333333333333334259, 1.000000000000000000),
 ( 1.000000000000000000, 0.3333333333333334259, 0.3333333333333334259, 1.000000000000000000),
 ( 1.000000000000000000, 0.3333333333333334259, 0.3333333333333334259, 1.000000000000000000),
 ( 1.000000000000000000, 0.3333333333333334259, 0.3333333333333334259, 1.000000000000000000),
 ( 1.000000000000000000, 0.3333333333333334259, 0.3333333333333334259, 1.000000000000000000),
 ( 1.000000000000000000, 0.3333333333333334259, 0.3333333333333334259, 1.000000000000000000) ) ) 
 REPRESENTATION_ITEM ( '' )  SURFACE ( )  );
#823 = CARTESIAN_POINT ( 'NONE',  ( -9.885522924923266785, 21.34829603839435208, -19.77104584984652647 ) ) ;
#824 = ORIENTED_EDGE ( 'NONE', *, *, #786, .F. ) ;
#825 = CARTESIAN_POINT ( 'NONE',  ( -9.470496765418042528, 34.45446526311807389, 1.159801355010456928E-15 ) ) ;
#826 = CARTESIAN_POINT ( 'NONE',  ( -8.498664528677554841, 11.71761775010523365, 1.040786231207211775E-15 ) ) ;
#827 = CARTESIAN_POINT ( 'NONE',  ( 9.486823682180350659, 37.40860432993975593, -2.323601651291494901E-15 ) ) ;
#828 = CARTESIAN_POINT ( 'NONE',  ( 10.35081526421818765, 29.40616896888673537, -2.535218556378073805E-15 ) ) ;
#829 = CARTESIAN_POINT ( 'NONE',  ( 9.486833000000000737, 37.46049899999999866, 0.000000000000000000 ) ) ;
#830 = CARTESIAN_POINT ( 'NONE',  ( -6.216211041920570501, 6.851294897263505490, 7.612662955312460697E-16 ) ) ;
#831 = CARTESIAN_POINT ( 'NONE',  ( -9.297426627598492033, 28.24943209517240561, 18.59485325519698407 ) ) ;
#832 = CARTESIAN_POINT ( 'NONE',  ( -3.143756106984464616, 0.2027556443573139966, 6.287512213968929231 ) ) ;
#833 = CARTESIAN_POINT ( 'NONE',  ( -9.297426627598493809, 28.24943209517240561, 1.138606375979586606E-15 ) ) ;
#834 = CARTESIAN_POINT ( 'NONE',  ( -9.885522924923265009, 21.34829603839435208, 1.210627400790505864E-15 ) ) ;
#835 = CARTESIAN_POINT ( 'NONE',  ( -3.452655212582924626, 0.6609660877185298267, 4.228283154649102613E-16 ) ) ;
#836 = CARTESIAN_POINT ( 'NONE',  ( -9.137633390568714375, 25.27275425128878084, 1.119037348354195175E-15 ) ) ;
#837 = CARTESIAN_POINT ( 'NONE',  ( 0.000000000000000000, 37.46031944746621889, 0.000000000000000000 ) ) ;
#838 = CARTESIAN_POINT ( 'NONE',  ( 9.037759474718052743, 23.79350002922808827, -2.213612642435425433E-15 ) ) ;
#839 = CARTESIAN_POINT ( 'NONE',  ( -10.35081526421818943, 29.40616896888673537, -20.70163052843637175 ) ) ;
#840 = CARTESIAN_POINT ( 'NONE',  ( -4.523456511661752444, 2.557655134011882048, 5.539636538088817272E-16 ) ) ;
#841 = CARTESIAN_POINT ( 'NONE',  ( 9.486833000000000737, 37.46049899999999866, 0.000000000000000000 ) ) ;
#842 = CARTESIAN_POINT ( 'NONE',  ( -9.302352819657741634, 16.52461444714829497, 1.139209660513320753E-15 ) ) ;
#843 = CONICAL_SURFACE ( 'NONE', #475, 9.486833000000000737, 1.570616774260146231 ) ;
#844 = CARTESIAN_POINT ( 'NONE',  ( -9.037759474718052743, 23.79350002922808827, 1.106806321217712717E-15 ) ) ;
#845 = CARTESIAN_POINT ( 'NONE',  ( 10.48190007495820275, 35.85021234400124968, -20.96380014991641616 ) ) ;
#846 = DIRECTION ( 'NONE',  ( -0.000000000000000000, -1.000000000000000000, -0.000000000000000000 ) ) ;
#847 = CARTESIAN_POINT ( 'NONE',  ( -9.297426627598493809, 28.24943209517240561, 1.138606375979586606E-15 ) ) ;
#848 = CARTESIAN_POINT ( 'NONE',  ( -6.558599360143212209, 7.995282949281317997, 8.031967713289263276E-16 ) ) ;
#849 = CARTESIAN_POINT ( 'NONE',  ( -8.160376629527805292, 10.12196304422556459, 9.993579119188094037E-16 ) ) ;
#850 = DIRECTION ( 'NONE',  ( 0.000000000000000000, 0.000000000000000000, -1.000000000000000000 ) ) ;
#851 = CARTESIAN_POINT ( 'NONE',  ( -3.076609775162173044, 0.1069417612955787245, -6.153219550324342535 ) ) ;
#852 = CARTESIAN_POINT ( 'NONE',  ( -6.941868987247182154, 9.430032174640052389, 8.501337635332539423E-16 ) ) ;
#853 = CARTESIAN_POINT ( 'NONE',  ( -5.131393248011810293, 3.881226960314947849, 6.284144316344004613E-16 ) ) ;
#854 = CARTESIAN_POINT ( 'NONE',  ( 4.060277553363137670, -0.2390617603120041290, 0.000000000000000000 ) ) ;
#855 = UNCERTAINTY_MEASURE_WITH_UNIT (LENGTH_MEASURE( 1.000000000000000082E-05 ), #819, 'distance_accuracy_value', 'NONE');
#856 = CARTESIAN_POINT ( 'NONE',  ( -5.629271555740181121, 5.129614500436720625, 6.893869392268454190E-16 ) ) ;
#857 = CARTESIAN_POINT ( 'NONE',  ( 9.297426627598493809, 28.24943209517240561, 0.000000000000000000 ) ) ;
#858 = EDGE_CURVE ( 'NONE', #168, #361, #746, .T. ) ;
#859 = CARTESIAN_POINT ( 'NONE',  ( -3.664794483019729210, 0.9992956448356654642, 7.329588966039459308 ) ) ;
#860 = CARTESIAN_POINT ( 'NONE',  ( -5.537269839253638359, 2.321288550580893340, 11.07453967850728027 ) ) ;
#861 = CARTESIAN_POINT ( 'NONE',  ( 10.48676099695429187, 37.05939541999983788, -20.97352199390859440 ) ) ;
#862 = CARTESIAN_POINT ( 'NONE',  ( -4.808196390162846612, 3.153221814484565844, -9.616392780325691447 ) ) ;
#863 = CARTESIAN_POINT ( 'NONE',  ( 5.131393248011810293, 3.881226960314947849, 0.000000000000000000 ) ) ;
#864 = CARTESIAN_POINT ( 'NONE',  ( 4.931504368053623466, 3.424494176704538262, 9.863008736107243379 ) ) ;
#865 = CARTESIAN_POINT ( 'NONE',  ( 4.947246571560758532, 1.207412906101376970, 0.000000000000000000 ) ) ;
#866 = CARTESIAN_POINT ( 'NONE',  ( 3.819768608208785388, 1.256684091749024956, -7.639537216417573440 ) ) ;
#867 = CARTESIAN_POINT ( 'NONE',  ( 6.058791030634164798, 6.361817832959666852, 0.000000000000000000 ) ) ;
#868 = CARTESIAN_POINT ( 'NONE',  ( 6.058791030634164798, 6.361817832959665964, 12.11758206126832604 ) ) ;
#869 = CARTESIAN_POINT ( 'NONE',  ( -6.828030199337946193, 5.384955743026399233, 8.361925328100679152E-16 ) ) ;
#870 = DIRECTION ( 'NONE',  ( -0.000000000000000000, -1.000000000000000000, -0.000000000000000000 ) ) ;
#871 = CARTESIAN_POINT ( 'NONE',  ( -6.058791030634164798, 6.361817832959666852, 7.419879042368823236E-16 ) ) ;
#872 = CARTESIAN_POINT ( 'NONE',  ( 6.941868987247182154, 9.430032174640052389, 0.000000000000000000 ) ) ;
#873 = CARTESIAN_POINT ( 'NONE',  ( 7.979722776917344440, 14.53072424535066354, 0.000000000000000000 ) ) ;
#874 = AXIS2_PLACEMENT_3D ( 'NONE', #624, #144, #51 ) ;
#875 = CARTESIAN_POINT ( 'NONE',  ( -3.293017673807823176, 0.4189636159495916945, -6.586035347615642799 ) ) ;
#876 = CIRCLE ( 'NONE', #528, 3.811346848434288503 ) ;
#877 = CARTESIAN_POINT ( 'NONE',  ( 8.160272435004300107, 15.67860248407194135, 0.000000000000000000 ) ) ;
#878 = CARTESIAN_POINT ( 'NONE',  ( 6.734423564119215833, 8.634790622617593669, 13.46884712823842811 ) ) ;
#879 = CARTESIAN_POINT ( 'NONE',  ( 10.48586363485086359, 36.65540624768159716, 0.000000000000000000 ) ) ;
#880 = CARTESIAN_POINT ( 'NONE',  ( -7.284463141946080356, 10.89576964907767298, -14.56892628389215183 ) ) ;
#881 = CARTESIAN_POINT ( 'NONE',  ( -4.947246571560758532, 1.207412906101376970, 6.058629678454600443E-16 ) ) ;
#882 = VERTEX_POINT ( 'NONE', #910 ) ;
#883 = CARTESIAN_POINT ( 'NONE',  ( 7.492534154456335749, 11.88078296883618634, 14.98506830891266972 ) ) ;
#884 = PRESENTATION_STYLE_ASSIGNMENT (( #725 ) ) ;
#885 = CARTESIAN_POINT ( 'NONE',  ( 7.979722776917341776, 14.53072424535066531, -15.95944555383468888 ) ) ;
#886 = DIRECTION ( 'NONE',  ( -0.000000000000000000, -1.000000000000000000, -0.000000000000000000 ) ) ;
#887 = CARTESIAN_POINT ( 'NONE',  ( -8.761578100015004367, 20.56787150577884660, 1.072983857566292349E-15 ) ) ;
#888 = CARTESIAN_POINT ( 'NONE',  ( -10.40337379883619562, 31.01759254525214970, 20.80674759767239124 ) ) ;
#889 = CARTESIAN_POINT ( 'NONE',  ( -6.558599360143213985, 7.995282949281317997, -13.11719872028642087 ) ) ;
#890 = CIRCLE ( 'NONE', #391, 10.48683298388044349 ) ;
#891 = ORIENTED_EDGE ( 'NONE', *, *, #154, .F. ) ;
#892 = CARTESIAN_POINT ( 'NONE',  ( -7.621867189581234214, 12.52406206666003108, 15.24373437916246843 ) ) ;
#893 = CARTESIAN_POINT ( 'NONE',  ( 10.46673869624847519, 34.23960618564090197, 0.000000000000000000 ) ) ;
#894 = EDGE_CURVE ( 'NONE', #734, #251, #977, .T. ) ;
#895 = CARTESIAN_POINT ( 'NONE',  ( 8.464222254882365348, 17.91244767301265384, -16.92844450976473780 ) ) ;
#896 = CARTESIAN_POINT ( 'NONE',  ( 4.060277553363137670, -0.2390617603120041290, -9.944811818752025638E-16 ) ) ;
#897 = ORIENTED_EDGE ( 'NONE', *, *, #225, .F. ) ;
#898 = CARTESIAN_POINT ( 'NONE',  ( -9.441918742764388028, 32.74479694219650128, 18.88383748552877606 ) ) ;
#899 = CARTESIAN_POINT ( 'NONE',  ( 3.293017673807822732, 0.4189636159495916945, 6.586035347615642799 ) ) ;
#900 = CARTESIAN_POINT ( 'NONE',  ( 6.058791030634164798, 6.361817832959666852, -1.483975808473764647E-15 ) ) ;
#901 = CARTESIAN_POINT ( 'NONE',  ( 5.537269839253641024, 2.321288550580893340, 0.000000000000000000 ) ) ;
#902 = ORIENTED_EDGE ( 'NONE', *, *, #339, .F. ) ;
#903 = CARTESIAN_POINT ( 'NONE',  ( 9.485942480907731067, 36.74401037921068536, 0.000000000000000000 ) ) ;
#904 = CARTESIAN_POINT ( 'NONE',  ( -10.48683298388044349, 37.46031944746621889, 1.284266644690220509E-15 ) ) ;
#905 = CARTESIAN_POINT ( 'NONE',  ( -9.486805098667520753, 37.30510530298870719, 1.161798549821797041E-15 ) ) ;
#906 = CARTESIAN_POINT ( 'NONE',  ( -10.46673869624847697, 34.23960618564090197, -20.93347739249694683 ) ) ;
#907 = CARTESIAN_POINT ( 'NONE',  ( -3.819768608208787608, 1.256684091749024956, 4.677867399526431513E-16 ) ) ;
#908 = CIRCLE ( 'NONE', #159, 10.48683298388044349 ) ;
#909 = CARTESIAN_POINT ( 'NONE',  ( -9.485942480907731067, 36.74401037921068536, 1.161692909613955551E-15 ) ) ;
#910 = CARTESIAN_POINT ( 'NONE',  ( 3.000000000000000000, -1.469576200000000003E-15, 0.000000000000000000 ) ) ;
#911 = CARTESIAN_POINT ( 'NONE',  ( 9.137633390568709046, 25.27275425128878439, -18.27526678113742875 ) ) ;
#912 = CARTESIAN_POINT ( 'NONE',  ( 9.302352819657734528, 16.52461444714829497, -18.60470563931547971 ) ) ;
#913 = CARTESIAN_POINT ( 'NONE',  ( 3.025467986063200776, 0.03534828230692505652, -6.050935972126404216 ) ) ;
#914 = CARTESIAN_POINT ( 'NONE',  ( -6.058791030634164798, 6.361817832959666852, 7.419879042368823236E-16 ) ) ;
#915 = EDGE_CURVE ( 'NONE', #744, #499, #242, .T. ) ;
#916 = CARTESIAN_POINT ( 'NONE',  ( 9.470496765418042528, 34.45446526311807389, 0.000000000000000000 ) ) ;
#917 = CARTESIAN_POINT ( 'NONE',  ( 0.000000000000000000, 37.46031944746621889, 0.000000000000000000 ) ) ;
#918 = CARTESIAN_POINT ( 'NONE',  ( -9.485942480907732843, 36.74401037921068536, -18.97188496181545858 ) ) ;
#919 = CARTESIAN_POINT ( 'NONE',  ( 7.324295062989104821, 6.956282652123805477, -1.793934900980073935E-15 ) ) ;
#920 = LINE ( 'NONE', #253, #70 ) ;
#921 = CARTESIAN_POINT ( 'NONE',  ( 9.486823682180350659, 37.40860432993975593, 18.97364736436069776 ) ) ;
#922 = DIRECTION ( 'NONE',  ( -0.000000000000000000, -1.000000000000000000, -0.000000000000000000 ) ) ;
#923 = CARTESIAN_POINT ( 'NONE',  ( -9.441918742764393357, 32.74479694219650128, -18.88383748552877606 ) ) ;
#924 = CARTESIAN_POINT ( 'NONE',  ( -5.885157828235993094, 3.080403315780515960, 7.207239696826197414E-16 ) ) ;
#925 = DIRECTION ( 'NONE',  ( -0.000000000000000000, -1.000000000000000000, -0.000000000000000000 ) ) ;
#926 = CARTESIAN_POINT ( 'NONE',  ( -3.664794483019730098, 0.9992956448356654642, 4.488078833162991406E-16 ) ) ;
#927 = CARTESIAN_POINT ( 'NONE',  ( -6.216211041920570501, 6.851294897263505490, 7.612662955312460697E-16 ) ) ;
#928 = CARTESIAN_POINT ( 'NONE',  ( -8.761578100015006143, 20.56787150577884660, -17.52315620003000518 ) ) ;
#929 = CARTESIAN_POINT ( 'NONE',  ( -9.302352819657741634, 16.52461444714829497, 1.139209660513320753E-15 ) ) ;
#930 = VERTEX_POINT ( 'NONE', #1001 ) ;
#931 = CARTESIAN_POINT ( 'NONE',  ( 6.385782462314971042, 7.402094543604071042, 0.000000000000000000 ) ) ;
#932 = CARTESIAN_POINT ( 'NONE',  ( 8.160376629527805292, 10.12196304422556459, 0.000000000000000000 ) ) ;
#933 = CARTESIAN_POINT ( 'NONE',  ( 0.000000000000000000, -0.5845650447433110575, -3.811346848434288503 ) ) ;
#934 = CARTESIAN_POINT ( 'NONE',  ( -3.819768608208787608, 1.256684091749024956, 4.677867399526431513E-16 ) ) ;
#935 = CARTESIAN_POINT ( 'NONE',  ( 9.037759474718052743, 23.79350002922808827, 0.000000000000000000 ) ) ;
#936 = CARTESIAN_POINT ( 'NONE',  ( -4.663651163422080081, 2.846973803255446356, 9.327302326844160163 ) ) ;
#937 = CARTESIAN_POINT ( 'NONE',  ( -3.811346848434288503, -0.5845650447433110575, 4.667553718375404081E-16 ) ) ;
#938 = CARTESIAN_POINT ( 'NONE',  ( 10.48586363485086004, 36.65540624768159716, -20.97172726970173073 ) ) ;
#939 = CARTESIAN_POINT ( 'NONE',  ( 5.131393248011807628, 3.881226960314947849, -10.26278649602362059 ) ) ;
#940 = CARTESIAN_POINT ( 'NONE',  ( 0.000000000000000000, -1.469576200000000003E-15, 0.000000000000000000 ) ) ;
#941 = CARTESIAN_POINT ( 'NONE',  ( -4.931504368053622578, 3.424494176704538262, 6.039351039318060140E-16 ) ) ;
#942 = FACE_OUTER_BOUND ( 'NONE', #48, .T. ) ;
#943 = CIRCLE ( 'NONE', #627, 3.000000000000000000 ) ;
#944 = CARTESIAN_POINT ( 'NONE',  ( 0.000000000000000000, 37.46049899999999866, 0.000000000000000000 ) ) ;
#945 = CARTESIAN_POINT ( 'NONE',  ( -4.931504368053623466, 3.424494176704538262, -9.863008736107243379 ) ) ;
#946 = CARTESIAN_POINT ( 'NONE',  ( 4.667553718375404081E-16, -0.5845650447433110575, 3.811346848434288503 ) ) ;
#947 = CARTESIAN_POINT ( 'NONE',  ( 5.629271555740181121, 5.129614500436721514, 11.25854311148035869 ) ) ;
#948 = CARTESIAN_POINT ( 'NONE',  ( 10.12454278642841388, 24.57187965668954988, 0.000000000000000000 ) ) ;
#949 = FACE_OUTER_BOUND ( 'NONE', #423, .T. ) ;
#950 = CARTESIAN_POINT ( 'NONE',  ( 4.931504368053622578, 3.424494176704538262, -1.207870207863612028E-15 ) ) ;
#951 = CARTESIAN_POINT ( 'NONE',  ( 7.492534154456335749, 11.88078296883618634, 0.000000000000000000 ) ) ;
#952 = CARTESIAN_POINT ( 'NONE',  ( -8.313808827946409963, 16.75848436021027865, 16.62761765589281993 ) ) ;
#953 = CARTESIAN_POINT ( 'NONE',  ( 5.885157828235993094, 3.080403315780515960, 0.000000000000000000 ) ) ;
#954 = EDGE_CURVE ( 'NONE', #251, #654, #890, .T. ) ;
#955 = CARTESIAN_POINT ( 'NONE',  ( 4.523456511661752444, 2.557655134011882048, -1.107927307617763454E-15 ) ) ;
#956 = CARTESIAN_POINT ( 'NONE',  ( -9.486805098667520753, 37.30510530298870719, 1.161798549821797041E-15 ) ) ;
#957 = CARTESIAN_POINT ( 'NONE',  ( -8.604942714301694551, 19.09123446307675565, 1.053801555191590847E-15 ) ) ;
#958 = CARTESIAN_POINT ( 'NONE',  ( -4.947246571560758532, 1.207412906101376970, 6.058629678454600443E-16 ) ) ;
#959 = AXIS2_PLACEMENT_3D ( 'NONE', #589, #134, #600 ) ;
#960 = CARTESIAN_POINT ( 'NONE',  ( -7.384100381190538798, 11.35609144756275413, -14.76820076238106694 ) ) ;
#961 = CARTESIAN_POINT ( 'NONE',  ( -4.739166919561272451, 0.8403829157612299205, -9.478333839122543125 ) ) ;
#962 = ORIENTED_EDGE ( 'NONE', *, *, #915, .F. ) ;
#963 = CARTESIAN_POINT ( 'NONE',  ( 8.464222254882368901, 17.91244767301265384, 16.92844450976473425 ) ) ;
#964 = CARTESIAN_POINT ( 'NONE',  ( 10.47890504043829729, 35.44758203470353664, 20.95781008087659103 ) ) ;
#965 = CARTESIAN_POINT ( 'NONE',  ( 7.621867189581235102, 12.52406206666003108, -1.866819051449378484E-15 ) ) ;
#966 = CARTESIAN_POINT ( 'NONE',  ( 10.48586363485086359, 36.65540624768159716, 0.000000000000000000 ) ) ;
#967 = ORIENTED_EDGE ( 'NONE', *, *, #140, .F. ) ;
#968 = CARTESIAN_POINT ( 'NONE',  ( 8.313808827946411739, 16.75848436021027865, 16.62761765589281993 ) ) ;
#969 = CARTESIAN_POINT ( 'NONE',  ( -10.46673869624847519, 34.23960618564090197, 1.281805804187243495E-15 ) ) ;
#970 = CARTESIAN_POINT ( 'NONE',  ( -8.464222254882370677, 17.91244767301265384, -16.92844450976473425 ) ) ;
#971 = CARTESIAN_POINT ( 'NONE',  ( 10.47890504043829729, 35.44758203470353664, 0.000000000000000000 ) ) ;
#972 = VERTEX_POINT ( 'NONE', #675 ) ;
#973 = CARTESIAN_POINT ( 'NONE',  ( -7.492534154456335749, 11.88078296883618634, 9.175707969757172175E-16 ) ) ;
#974 = CARTESIAN_POINT ( 'NONE',  ( 10.35081526421818765, 29.40616896888673537, 0.000000000000000000 ) ) ;
#975 = CARTESIAN_POINT ( 'NONE',  ( 7.106878859722996822, 10.11439573319079877, -1.740683289497551727E-15 ) ) ;
#976 = CARTESIAN_POINT ( 'NONE',  ( 10.48676099695429720, 37.05939541999983788, 0.000000000000000000 ) ) ;
#977 = CIRCLE ( 'NONE', #259, 10.48683298388044349 ) ;
#978 = ORIENTED_EDGE ( 'NONE', *, *, #43, .T. ) ;
#979 = CARTESIAN_POINT ( 'NONE',  ( 0.000000000000000000, -0.5845650447433110575, 0.000000000000000000 ) ) ;
#980 = CARTESIAN_POINT ( 'NONE',  ( -10.47890504043829729, 35.44758203470353664, 1.283295751634182699E-15 ) ) ;
#981 = CARTESIAN_POINT ( 'NONE',  ( 6.558599360143212209, 7.995282949281317997, -1.606393542657852655E-15 ) ) ;
#982 = CARTESIAN_POINT ( 'NONE',  ( 10.48190007495820630, 35.85021234400124968, 0.000000000000000000 ) ) ;
#983 = ORIENTED_EDGE ( 'NONE', *, *, #59, .T. ) ;
#984 = CARTESIAN_POINT ( 'NONE',  ( 9.486832999999998961, 37.46049900000000576, 18.97366599999999437 ) ) ;
#985 = CARTESIAN_POINT ( 'NONE',  ( -3.452655212582924626, 0.6609660877185298267, 4.228283154649102613E-16 ) ) ;
#986 = CARTESIAN_POINT ( 'NONE',  ( 9.441918742764389805, 32.74479694219650838, -2.312603113227162497E-15 ) ) ;
#987 = CARTESIAN_POINT ( 'NONE',  ( 10.45439398344407245, 33.43416936232534908, -2.560588025770026084E-15 ) ) ;
#988 = CARTESIAN_POINT ( 'NONE',  ( -3.293017673807822732, 0.4189636159495916945, 4.032783553764412369E-16 ) ) ;
#989 = CARTESIAN_POINT ( 'NONE',  ( -9.486805098667520753, 37.30510530298870719, 1.161798549821797041E-15 ) ) ;
#990 = CARTESIAN_POINT ( 'NONE',  ( -2.999999999999999112, -1.469576200000000003E-15, 5.999999999999998224 ) ) ;
#991 = CARTESIAN_POINT ( 'NONE',  ( -8.916281682720960333, 22.24104699958544273, 1.091929582304040100E-15 ) ) ;
#992 = CARTESIAN_POINT ( 'NONE',  ( 10.46673869624846986, 34.23960618564090197, -20.93347739249695039 ) ) ;
#993 = CARTESIAN_POINT ( 'NONE',  ( -8.464222254882368901, 17.91244767301265384, 1.036568269171348670E-15 ) ) ;
#994 = CARTESIAN_POINT ( 'NONE',  ( -9.297426627598493809, 28.24943209517240561, 1.138606375979586606E-15 ) ) ;
#995 = CARTESIAN_POINT ( 'NONE',  ( 3.076609775162172156, 0.1069417612955787383, 0.000000000000000000 ) ) ;
#996 = CARTESIAN_POINT ( 'NONE',  ( 8.761578100015004367, 20.56787150577884660, -2.145967715132584699E-15 ) ) ;
#997 = CARTESIAN_POINT ( 'NONE',  ( -8.498664528677556618, 11.71761775010523543, -16.99732905735510613 ) ) ;
#998 = FACE_OUTER_BOUND ( 'NONE', #418, .T. ) ;
#999 = VERTEX_POINT ( 'NONE', #184 ) ;
#1000 = CARTESIAN_POINT ( 'NONE',  ( 9.486805098667520753, 37.30510530298870719, 0.000000000000000000 ) ) ;
#1001 = CARTESIAN_POINT ( 'NONE',  ( -9.486833000000000737, 37.46049899999999866, 1.161801966751588239E-15 ) ) ;
#1002 = CARTESIAN_POINT ( 'NONE',  ( 9.486604804445294192, 37.09926083681344267, -18.97320960889059904 ) ) ;
#1003 = CARTESIAN_POINT ( 'NONE',  ( 10.47890504043829196, 35.44758203470353664, -20.95781008087659458 ) ) ;
#1004 = CARTESIAN_POINT ( 'NONE',  ( -8.916281682720960333, 22.24104699958544273, 1.091929582304040100E-15 ) ) ;
#1005 = CARTESIAN_POINT ( 'NONE',  ( 0.000000000000000000, 0.000000000000000000, 0.000000000000000000 ) ) ;
#1006 = ADVANCED_FACE ( 'NONE', ( #190 ), #221, .F. ) ;
#1007 = CARTESIAN_POINT ( 'NONE',  ( -6.385782462314970154, 7.402094543604071930, 12.77156492462994031 ) ) ;
#1008 = CARTESIAN_POINT ( 'NONE',  ( -9.486823682180350659, 37.40860432993975593, 1.161800825645747450E-15 ) ) ;
#1009 = CARTESIAN_POINT ( 'NONE',  ( 10.12454278642841388, 24.57187965668954988, -2.479797783245996362E-15 ) ) ;
#1010 = ORIENTED_EDGE ( 'NONE', *, *, #120, .T. ) ;
#1011 = AXIS2_PLACEMENT_3D ( 'NONE', #628, #238, #384 ) ;
#1012 = CIRCLE ( 'NONE', #100, 9.486833000000000737 ) ;
#1013 = CARTESIAN_POINT ( 'NONE',  ( -3.819768608208787608, 1.256684091749024956, 4.677867399526431513E-16 ) ) ;
#1014 = PRODUCT_DEFINITION_FORMATION_WITH_SPECIFIED_SOURCE ( 'ไป', '', #1027, .NOT_KNOWN. ) ;
#1015 = CARTESIAN_POINT ( 'NONE',  ( 5.885157828235993094, 3.080403315780515960, 11.77031565647198441 ) ) ;
#1016 = CARTESIAN_POINT ( 'NONE',  ( 10.48683298388043816, 37.46031944746622599, -20.97366596776088699 ) ) ;
#1017 = CARTESIAN_POINT ( 'NONE',  ( -4.808196390162846612, 3.153221814484565844, 5.888342318884787462E-16 ) ) ;
#1018 = CARTESIAN_POINT ( 'NONE',  ( 7.788870200701936142, 13.41544673822674838, 0.000000000000000000 ) ) ;
#1019 = APPLICATION_PROTOCOL_DEFINITION ( 'draft international standard', 'automotive_design', 1998, #75 ) ;
#1020 = CARTESIAN_POINT ( 'NONE',  ( -3.664794483019730098, 0.9992956448356654642, 4.488078833162991406E-16 ) ) ;
#1021 = CARTESIAN_POINT ( 'NONE',  ( 8.498664528677554841, 11.71761775010523365, 0.000000000000000000 ) ) ;
#1022 = EDGE_CURVE ( 'NONE', #361, #744, #876, .T. ) ;
#1023 = CARTESIAN_POINT ( 'NONE',  ( -10.48683298388044705, 37.46031944746622599, -20.97366596776088699 ) ) ;
#1024 = CARTESIAN_POINT ( 'NONE',  ( -4.056328797069572722, 1.666589519164689559, 4.967570077620485057E-16 ) ) ;
#1025 = CARTESIAN_POINT ( 'NONE',  ( 9.401970813354397549, 31.14019570222300004, 0.000000000000000000 ) ) ;
#1026 = CARTESIAN_POINT ( 'NONE',  ( -6.216211041920569613, 6.851294897263506378, 12.43242208384113923 ) ) ;
#1027 = PRODUCT ( 'cpc_reflact', 'cpc_reflact', '', ( #131 ) ) ;
#1028 = CARTESIAN_POINT ( 'NONE',  ( 5.537269839253640136, 2.321288550580893340, 11.07453967850728027 ) ) ;
#1029 = CARTESIAN_POINT ( 'NONE',  ( 0.000000000000000000, -0.5845650447433110575, 0.000000000000000000 ) ) ;
#1030 = CARTESIAN_POINT ( 'NONE',  ( 3.076609775162172156, 0.1069417612955787383, -7.535520626755623858E-16 ) ) ;
#1031 = CARTESIAN_POINT ( 'NONE',  ( 7.106878859722996822, 10.11439573319079877, 0.000000000000000000 ) ) ;
#1032 = CARTESIAN_POINT ( 'NONE',  ( -4.808196390162845724, 3.153221814484565844, 9.616392780325691447 ) ) ;
#1033 = CIRCLE ( 'NONE', #874, 3.000000000000000000 ) ;
#1034 = CARTESIAN_POINT ( 'NONE',  ( 9.885522924923265009, 21.34829603839435208, 0.000000000000000000 ) ) ;
#1035 = DIRECTION ( 'NONE',  ( -0.000000000000000000, -1.000000000000000000, -0.000000000000000000 ) ) ;
#1036 = CARTESIAN_POINT ( 'NONE',  ( 3.664794483019728322, 0.9992956448356654642, -7.329588966039459308 ) ) ;
#1037 = DIRECTION ( 'NONE',  ( -0.000000000000000000, -1.000000000000000000, -0.000000000000000000 ) ) ;
#1038 = CARTESIAN_POINT ( 'NONE',  ( -7.788870200701933477, 13.41544673822674838, 15.57774040140387051 ) ) ;
#1039 = CARTESIAN_POINT ( 'NONE',  ( -4.739166919561271563, 0.8403829157612299205, 9.478333839122543125 ) ) ;
#1040 = CARTESIAN_POINT ( 'NONE',  ( 4.523456511661749779, 2.557655134011882492, -9.046913023323504888 ) ) ;
#1041 = LINE ( 'NONE', #946, #390 ) ;
ENDSEC;
END-ISO-10303-21;
