ISO-10303-21;
HEADER;
FILE_DESCRIPTION (( 'STEP AP214' ),
    '1' );
FILE_NAME ('f_fesnel.STEP',
    '2026-05-07T11:29:25',
    ( '' ),
    ( '' ),
    'SwSTEP 2.0',
    'SolidWorks 2025',
    '' );
FILE_SCHEMA (( 'AUTOMOTIVE_DESIGN' ));
ENDSEC;

DATA;
#1 = CARTESIAN_POINT ( 'NONE',  ( 8.910027125084701183, 1.115066788946184939, 17.82005425016939881 ) ) ;
#2 = CARTESIAN_POINT ( 'NONE',  ( 0.1505852143515521435, 1.081052366380976348, 0.3011704287031042315 ) ) ;
#3 = CARTESIAN_POINT ( 'NONE',  ( -15.61303572796694361, 1.193792404174607746, 31.22607145593389433 ) ) ;
#4 = ORIENTED_EDGE ( 'NONE', *, *, #860, .F. ) ;
#5 = CARTESIAN_POINT ( 'NONE',  ( 12.76397424881048615, 1.130333079925257556, -25.52794849762098295 ) ) ;
#6 = CARTESIAN_POINT ( 'NONE',  ( 0.000000000000000000, 0.000000000000000000, 0.000000000000000000 ) ) ;
#7 = CARTESIAN_POINT ( 'NONE',  ( 0.4818726818564942893, 1.080915633079334359, 0.9637453637129883566 ) ) ;
#8 = CARTESIAN_POINT ( 'NONE',  ( -15.42265043922109768, 1.218544453536770211, 30.84530087844219892 ) ) ;
#9 = AXIS2_PLACEMENT_3D ( 'NONE', #1040, #599, #165 ) ;
#10 = CARTESIAN_POINT ( 'NONE',  ( -8.040894951905229959, 1.015559237524544356, 9.847256265130850406E-16 ) ) ;
#11 = ORIENTED_EDGE ( 'NONE', *, *, #1062, .T. ) ;
#12 = CARTESIAN_POINT ( 'NONE',  ( -15.09957050734712958, 1.020333424806934453, 1.849164069032243499E-15 ) ) ;
#13 = CARTESIAN_POINT ( 'NONE',  ( -18.99873680962868505, 1.201907349800566793, -37.99747361925735589 ) ) ;
#14 = ADVANCED_FACE ( 'NONE', ( #170 ), #81, .T. ) ;
#15 = CARTESIAN_POINT ( 'NONE',  ( 9.093941084541349085, 1.097975370115353178, 0.000000000000000000 ) ) ;
#16 = CARTESIAN_POINT ( 'NONE',  ( -13.30010845043612910, 1.106719050075173350, 1.628793524213926873E-15 ) ) ;
#17 = CARTESIAN_POINT ( 'NONE',  ( -18.99873680962867795, 1.201907349800566793, 37.99747361925735589 ) ) ;
#18 = CARTESIAN_POINT ( 'NONE',  ( -12.73535928524206895, 1.131460122270636859, -25.47071857048412369 ) ) ;
#19 = CARTESIAN_POINT ( 'NONE',  ( 19.99290606852852648, 1.001467464794642437, -39.98581213705707427 ) ) ;
#20 = CARTESIAN_POINT ( 'NONE',  ( 15.54020354325603037, 1.199730396625413364, 0.000000000000000000 ) ) ;
#21 = CARTESIAN_POINT ( 'NONE',  ( -12.73535928524206184, 1.131460122270636859, 25.47071857048412369 ) ) ;
#22 = CARTESIAN_POINT ( 'NONE',  ( -0.1505852143515521435, 1.081052366380976348, 1.844137007545464146E-17 ) ) ;
#23 = CARTESIAN_POINT ( 'NONE',  ( -19.97871819646893243, 1.004402396269819198, 39.95743639293786487 ) ) ;
#24 = CARTESIAN_POINT ( 'NONE',  ( 12.67900089615569748, 1.132799173539398296, -25.35800179231140561 ) ) ;
#25 = CARTESIAN_POINT ( 'NONE',  ( 18.99873680962868150, 1.201907349800566793, -4.653348444350952912E-15 ) ) ;
#26 = CARTESIAN_POINT ( 'NONE',  ( 8.492538392742968512, 1.008033228944637649, 0.000000000000000000 ) ) ;
#27 = CARTESIAN_POINT ( 'NONE',  ( -15.09957050734712958, 1.020333424806934453, 1.849164069032243499E-15 ) ) ;
#28 = CARTESIAN_POINT ( 'NONE',  ( -19.72327854532479918, 1.056950359024974029, 39.44655709064959836 ) ) ;
#29 = PRODUCT_DEFINITION_CONTEXT ( 'detailed design', #432, 'design' ) ;
#30 = CARTESIAN_POINT ( 'NONE',  ( 15.37711503279199654, 1.005976582099039174, -3.766306941005873402E-15 ) ) ;
#31 = CARTESIAN_POINT ( 'NONE',  ( 15.34838419384909081, 1.007490892425114470, 0.000000000000000000 ) ) ;
#32 = CARTESIAN_POINT ( 'NONE',  ( -15.34838419384909081, 1.007490892425114470, 1.879634957508111887E-15 ) ) ;
#33 = CARTESIAN_POINT ( 'NONE',  ( 18.54356612587876185, 1.290031379586823457, 37.08713225175751660 ) ) ;
#34 = CARTESIAN_POINT ( 'NONE',  ( 10.90286046612374804, 1.052709710240094410, -21.80572093224750674 ) ) ;
#35 = CARTESIAN_POINT ( 'NONE',  ( -17.91019258679357762, 1.408709205375067164, 2.193366002352940858E-15 ) ) ;
#36 = CARTESIAN_POINT ( 'NONE',  ( 15.40574378613102446, 1.004567374092396159, 0.000000000000000000 ) ) ;
#37 = CARTESIAN_POINT ( 'NONE',  ( 14.51578206211213917, 1.049978025727191122, 0.000000000000000000 ) ) ;
#38 = FACE_OUTER_BOUND ( 'NONE', #183, .T. ) ;
#39 = CARTESIAN_POINT ( 'NONE',  ( -12.33729461807188876, 1.009873010768793211, -24.67458923614376332 ) ) ;
#40 = CARTESIAN_POINT ( 'NONE',  ( 18.19480281020578971, 1.356060482383286470, -36.38960562041160074 ) ) ;
#41 = CARTESIAN_POINT ( 'NONE',  ( -15.09957050734712958, 1.020333424806934453, 1.849164069032243499E-15 ) ) ;
#42 = CARTESIAN_POINT ( 'NONE',  ( 12.33729461807188343, 1.009873010768792989, 0.000000000000000000 ) ) ;
#43 = CARTESIAN_POINT ( 'NONE',  ( 8.583105266235483199, 1.006236124566350254, 17.16621053247096285 ) ) ;
#44 = CARTESIAN_POINT ( 'NONE',  ( 17.93121302640953019, 1.405171977253203197, 0.000000000000000000 ) ) ;
#45 = CARTESIAN_POINT ( 'NONE',  ( -9.742703114324198665, 1.082494106911059628, -19.48540622864839023 ) ) ;
#46 = CARTESIAN_POINT ( 'NONE',  ( -17.93121302640953374, 1.405171977253203197, -35.86242605281904616 ) ) ;
#47 = CLOSED_SHELL ( 'NONE', ( #1129, #14, #322, #954, #648 ) ) ;
#48 = CARTESIAN_POINT ( 'NONE',  ( 0.000000000000000000, 0.000000000000000000, 0.000000000000000000 ) ) ;
#49 = EDGE_CURVE ( 'NONE', #900, #809, #411, .T. ) ;
#50 = CARTESIAN_POINT ( 'NONE',  ( 9.742703114324195113, 1.082494106911059628, 19.48540622864839023 ) ) ;
#51 = CARTESIAN_POINT ( 'NONE',  ( -8.402261921624685215, 1.009516960398546770, 16.80452384324937043 ) ) ;
#52 = CARTESIAN_POINT ( 'NONE',  ( 18.19480281020579682, 1.356060482383286470, 0.000000000000000000 ) ) ;
#53 = CARTESIAN_POINT ( 'NONE',  ( -10.05457365010870596, 1.074677635997141945, 1.231330143739694525E-15 ) ) ;
#54 = CARTESIAN_POINT ( 'NONE',  ( 17.97402149014921946, 1.397186168250449168, -35.94804298029846024 ) ) ;
#55 = CARTESIAN_POINT ( 'NONE',  ( -15.58880087277217541, 1.195729241318517211, 1.909077509138591014E-15 ) ) ;
#56 = CARTESIAN_POINT ( 'NONE',  ( -12.33729461807188166, 1.009873010768793211, 24.67458923614376332 ) ) ;
#57 = CARTESIAN_POINT ( 'NONE',  ( -17.79176678195252137, 1.008775748400054129, 35.58353356390504274 ) ) ;
#58 = CARTESIAN_POINT ( 'NONE',  ( 12.49947696288097454, 1.004731724309497087, -3.061488890721653287E-15 ) ) ;
#59 = CARTESIAN_POINT ( 'NONE',  ( -17.81593163392021850, 1.006620071174722408, 2.181822364930847260E-15 ) ) ;
#60 = CARTESIAN_POINT ( 'NONE',  ( -19.99290606852853713, 1.001467464794642437, 2.448424842247716732E-15 ) ) ;
#61 = CARTESIAN_POINT ( 'NONE',  ( -12.49947696288097454, 1.004731724309497087, 1.530744445360826644E-15 ) ) ;
#62 = CARTESIAN_POINT ( 'NONE',  ( -18.02758766674821445, 0.9769530221059115060, 2.207742753243150118E-15 ) ) ;
#63 = CARTESIAN_POINT ( 'NONE',  ( -8.492538392742970288, 1.008033228944637649, -16.98507678548593702 ) ) ;
#64 = CARTESIAN_POINT ( 'NONE',  ( -15.51679038290437695, 1.200775636556898007, -31.03358076580874325 ) ) ;
#65 = CARTESIAN_POINT ( 'NONE',  ( -15.27182995670938759, 1.011450342872764363, 1.870259767360681431E-15 ) ) ;
#66 = CARTESIAN_POINT ( 'NONE',  ( -12.60977451110728786, 1.003185808184092309, 1.544251999299742011E-15 ) ) ;
#67 = CARTESIAN_POINT ( 'NONE',  ( -8.311907294756798237, 1.011063929886906632, 16.62381458951359647 ) ) ;
#68 = CARTESIAN_POINT ( 'NONE',  ( 17.74336761012248687, 1.013156328314543497, 35.48673522024496663 ) ) ;
#69 = CARTESIAN_POINT ( 'NONE',  ( 8.492538392742968512, 1.008033228944637649, -2.080071991861736913E-15 ) ) ;
#70 = CARTESIAN_POINT ( 'NONE',  ( -15.61303572796694539, 1.193792404174607746, 1.912045422922798693E-15 ) ) ;
#71 = CARTESIAN_POINT ( 'NONE',  ( -20.00000000000000000, 1.000000000000000000, 2.449293598294706513E-15 ) ) ;
#72 = CARTESIAN_POINT ( 'NONE',  ( -9.018586246688190755, 1.100204980776276820, 1.104458277984103544E-15 ) ) ;
#73 = CARTESIAN_POINT ( 'NONE',  ( 3.523671243039711687, 1.069652425872327894, 7.047342486079421597 ) ) ;
#74 = CARTESIAN_POINT ( 'NONE',  ( -16.15387460245579732, 1.150183142308132345, 1.978279082572521599E-15 ) ) ;
#75 = CARTESIAN_POINT ( 'NONE',  ( -8.191461923243132048, 1.013075913013881113, 1.003164762463712246E-15 ) ) ;
#76 = CARTESIAN_POINT ( 'NONE',  ( -15.66146581134536753, 1.189955472956447657, -31.32293162269072440 ) ) ;
#77 = CARTESIAN_POINT ( 'NONE',  ( -10.05457365010870596, 1.074677635997141945, 1.231330143739694525E-15 ) ) ;
#78 = CARTESIAN_POINT ( 'NONE',  ( 19.47478600948447536, 1.107313003656597017, 0.000000000000000000 ) ) ;
#79 = CARTESIAN_POINT ( 'NONE',  ( -15.93593350460645297, 1.167955622209819078, 31.87186700921290594 ) ) ;
#80 = CARTESIAN_POINT ( 'NONE',  ( -8.910027125084701183, 1.115066788946184939, -17.82005425016939881 ) ) ;
#81 = CYLINDRICAL_SURFACE ( 'NONE', #233, 20.00000000000000000 ) ;
#82 = CARTESIAN_POINT ( 'NONE',  ( 17.25135014776862263, 1.057415298232794454, -34.50270029553725948 ) ) ;
#83 = CARTESIAN_POINT ( 'NONE',  ( -12.33729461807188343, 1.009873010768792989, 1.510882836415960056E-15 ) ) ;
#84 = CARTESIAN_POINT ( 'NONE',  ( 9.168830524663045267, 1.096206820373297086, 0.000000000000000000 ) ) ;
#85 = CARTESIAN_POINT ( 'NONE',  ( -0.1505852143515521435, 1.081052366380976348, 1.844137007545464146E-17 ) ) ;
#86 = CARTESIAN_POINT ( 'NONE',  ( -15.56179393036464198, 0.9844886235954716236, 31.12358786072929107 ) ) ;
#87 = CARTESIAN_POINT ( 'NONE',  ( 9.018586246688185426, 1.100204980776276820, -18.03717249337638151 ) ) ;
#88 = ADVANCED_BREP_SHAPE_REPRESENTATION ( 'f_fesnel', ( #1108, #751 ), #717 ) ;
#89 = CARTESIAN_POINT ( 'NONE',  ( 15.61303572796694183, 1.193792404174607746, -31.22607145593389433 ) ) ;
#90 = CARTESIAN_POINT ( 'NONE',  ( -12.57478944286087774, 1.001859814752027678, 1.539967564115150203E-15 ) ) ;
#91 = CARTESIAN_POINT ( 'NONE',  ( 9.018586246688190755, 1.100204980776276820, 0.000000000000000000 ) ) ;
#92 = CARTESIAN_POINT ( 'NONE',  ( 0.000000000000000000, 1.081060399999999921, 0.000000000000000000 ) ) ;
#93 = CARTESIAN_POINT ( 'NONE',  ( 15.61303572796694539, 1.193792404174607746, 0.000000000000000000 ) ) ;
#94 = CARTESIAN_POINT ( 'NONE',  ( -0.4818726818564942338, 1.080915633079334137, 5.901238374321064267E-17 ) ) ;
#95 = ORIENTED_EDGE ( 'NONE', *, *, #505, .T. ) ;
#96 = CARTESIAN_POINT ( 'NONE',  ( -12.92675411625737425, 1.123243654847318362, 1.583070805183946545E-15 ) ) ;
#97 = CARTESIAN_POINT ( 'NONE',  ( -1.144446994964193554, 1.079932268857970445, 1.401543349176706825E-16 ) ) ;
#98 = CARTESIAN_POINT ( 'NONE',  ( -9.168830524663045267, 1.096206820373297086, 1.122857895395314619E-15 ) ) ;
#99 = CARTESIAN_POINT ( 'NONE',  ( 20.00000000000000000, 1.000000000000000000, 0.000000000000000000 ) ) ;
#100 = CARTESIAN_POINT ( 'NONE',  ( 15.42265043922109946, 1.218544453536770211, 30.84530087844219537 ) ) ;
#101 = CARTESIAN_POINT ( 'NONE',  ( -0.1505852143515521713, 1.081052366380976348, -0.3011704287031042315 ) ) ;
#102 = ORIENTED_EDGE ( 'NONE', *, *, #49, .T. ) ;
#103 = CARTESIAN_POINT ( 'NONE',  ( 13.30010845043612200, 1.106719050075173350, -26.60021690087225466 ) ) ;
#104 = EDGE_CURVE ( 'NONE', #900, #345, #288, .T. ) ;
#105 = CARTESIAN_POINT ( 'NONE',  ( 15.56463948722713120, 1.197584174169176841, 0.000000000000000000 ) ) ;
#106 = CARTESIAN_POINT ( 'NONE',  ( 12.76397424881049503, 1.130333079925257556, 25.52794849762098295 ) ) ;
#107 = CARTESIAN_POINT ( 'NONE',  ( -8.040894951905231736, 1.015559237524544134, -16.08178990381045281 ) ) ;
#108 = ORIENTED_EDGE ( 'NONE', *, *, #683, .T. ) ;
#109 = CARTESIAN_POINT ( 'NONE',  ( 12.92675411625736892, 1.123243654847318362, -25.85350823251474850 ) ) ;
#110 = FILL_AREA_STYLE ('',( #642 ) ) ;
#111 = CARTESIAN_POINT ( 'NONE',  ( 14.51578206211213917, 1.049978025727191122, 0.000000000000000000 ) ) ;
#112 = CARTESIAN_POINT ( 'NONE',  ( 15.34838419384909258, 1.007490892425114470, 30.69676838769817451 ) ) ;
#113 = CARTESIAN_POINT ( 'NONE',  ( -3.523671243039711687, 1.069652425872327672, 4.315252709036158076E-16 ) ) ;
#114 = DIRECTION ( 'NONE',  ( 0.000000000000000000, 0.000000000000000000, -1.000000000000000000 ) ) ;
#115 = CARTESIAN_POINT ( 'NONE',  ( 12.70624063491672828, 1.133108333666563716, -25.41248126983346722 ) ) ;
#116 = CARTESIAN_POINT ( 'NONE',  ( 19.47478600948447536, 1.107313003656597017, -4.769946870118964075E-15 ) ) ;
#117 = CARTESIAN_POINT ( 'NONE',  ( 12.38718434686138181, 1.008310547713949568, 0.000000000000000000 ) ) ;
#118 = CARTESIAN_POINT ( 'NONE',  ( -12.92675411625737070, 1.123243654847318362, 25.85350823251474139 ) ) ;
#119 = CARTESIAN_POINT ( 'NONE',  ( 2.449293598294706513E-15, 0.000000000000000000, 20.00000000000000000 ) ) ;
#120 = CARTESIAN_POINT ( 'NONE',  ( 15.09957050734712425, 1.020333424806934230, -30.19914101469425916 ) ) ;
#121 = CARTESIAN_POINT ( 'NONE',  ( -18.54356612587876185, 1.290031379586823457, 2.270931890083471008E-15 ) ) ;
#122 = CARTESIAN_POINT ( 'NONE',  ( 12.60977451110728786, 1.003185808184092309, 0.000000000000000000 ) ) ;
#123 = CARTESIAN_POINT ( 'NONE',  ( -14.51578206211213740, 1.049978025727190900, 29.03156412422427834 ) ) ;
#124 = CARTESIAN_POINT ( 'NONE',  ( 18.78543048179367503, 1.243505718252097658, 37.57086096358733585 ) ) ;
#125 = CIRCLE ( 'NONE', #1067, 20.00000000000000000 ) ;
#126 = CARTESIAN_POINT ( 'NONE',  ( 12.38718434686138181, 1.008310547713949568, -3.033985132166398130E-15 ) ) ;
#127 = CARTESIAN_POINT ( 'NONE',  ( -18.99873680962868150, 1.201907349800566793, 2.326674222175476456E-15 ) ) ;
#128 = CARTESIAN_POINT ( 'NONE',  ( 16.15387460245579732, 1.150183142308132345, 0.000000000000000000 ) ) ;
#129 = CARTESIAN_POINT ( 'NONE',  ( -12.70624063491673361, 1.133108333666563716, 25.41248126983346722 ) ) ;
#130 = CARTESIAN_POINT ( 'NONE',  ( 18.99873680962868150, 1.201907349800566793, 0.000000000000000000 ) ) ;
#131 = CARTESIAN_POINT ( 'NONE',  ( 12.46201183490380870, 1.005963782502433901, -24.92402366980762807 ) ) ;
#132 = CARTESIAN_POINT ( 'NONE',  ( 18.00964708191902375, 1.390572543742836009, -4.411091330529119984E-15 ) ) ;
#133 = DIRECTION ( 'NONE',  ( 0.000000000000000000, 0.000000000000000000, -1.000000000000000000 ) ) ;
#134 = CARTESIAN_POINT ( 'NONE',  ( -12.42460603710273581, 1.007130599161914164, 1.521575401400474434E-15 ) ) ;
#135 = CARTESIAN_POINT ( 'NONE',  ( -17.70303805939488484, 1.016794765555397939, 35.40607611878976968 ) ) ;
#136 = CARTESIAN_POINT ( 'NONE',  ( 12.49947696288096921, 1.004731724309497087, -24.99895392576194908 ) ) ;
#137 = CARTESIAN_POINT ( 'NONE',  ( 17.84024514376963921, 1.004293341453797117, -4.369599822264320190E-15 ) ) ;
#138 = CARTESIAN_POINT ( 'NONE',  ( 20.00000000000000000, 1.000000000000000000, 0.000000000000000000 ) ) ;
#139 = CARTESIAN_POINT ( 'NONE',  ( -12.46201183490381048, 1.005963782502433901, 24.92402366980762096 ) ) ;
#140 = CARTESIAN_POINT ( 'NONE',  ( -17.95267725149125226, 1.401111692410873077, 35.90535450298250453 ) ) ;
#141 = CARTESIAN_POINT ( 'NONE',  ( 12.60245624164091005, 1.148402596828822730, -25.20491248328183076 ) ) ;
#142 = CARTESIAN_POINT ( 'NONE',  ( -18.08085793029657751, 1.377355921937331695, -36.16171586059314791 ) ) ;
#143 = AXIS2_PLACEMENT_3D ( 'NONE', #832, #454, #388 ) ;
#144 = CARTESIAN_POINT ( 'NONE',  ( 0.000000000000000000, 1.081060399999999921, 0.000000000000000000 ) ) ;
#145 = CARTESIAN_POINT ( 'NONE',  ( -12.38718434686138004, 1.008310547713949568, 24.77436869372276007 ) ) ;
#146 = CARTESIAN_POINT ( 'NONE',  ( -8.583105266235481423, 1.006236124566350254, 17.16621053247096285 ) ) ;
#147 = CARTESIAN_POINT ( 'NONE',  ( 17.97402149014923012, 1.397186168250449168, 0.000000000000000000 ) ) ;
#148 = CARTESIAN_POINT ( 'NONE',  ( -12.33729461807188343, 1.009873010768792989, 1.510882836415960056E-15 ) ) ;
#149 = CARTESIAN_POINT ( 'NONE',  ( -17.86400265465850268, 1.002591225870178571, -35.72800530931699114 ) ) ;
#150 = CARTESIAN_POINT ( 'NONE',  ( -19.47478600948447536, 1.107313003656597017, 2.384973435059482037E-15 ) ) ;
#151 = CARTESIAN_POINT ( 'NONE',  ( -12.69676286340616755, 0.9833497661791278377, 25.39352572681233511 ) ) ;
#152 = CARTESIAN_POINT ( 'NONE',  ( 18.19480281020580037, 1.356060482383286470, 36.38960562041158653 ) ) ;
#153 = CARTESIAN_POINT ( 'NONE',  ( -8.983713542196658963, 1.098448264806356045, 1.100187603390786737E-15 ) ) ;
#154 = CARTESIAN_POINT ( 'NONE',  ( -18.02758766674821445, 0.9769530221059115060, 2.207742753243150118E-15 ) ) ;
#155 = CARTESIAN_POINT ( 'NONE',  ( -17.74336761012248687, 1.013156328314543497, 2.172935834983132698E-15 ) ) ;
#156 = CARTESIAN_POINT ( 'NONE',  ( 12.42460603710273581, 1.007130599161914164, 0.000000000000000000 ) ) ;
#157 = CARTESIAN_POINT ( 'NONE',  ( 8.492538392742968512, 1.008033228944637649, 16.98507678548593702 ) ) ;
#158 = CARTESIAN_POINT ( 'NONE',  ( -17.93121302640953019, 1.405171977253203197, 2.195940263762175372E-15 ) ) ;
#159 = CARTESIAN_POINT ( 'NONE',  ( -8.402261921624688767, 1.009516960398546770, -16.80452384324937043 ) ) ;
#160 = CARTESIAN_POINT ( 'NONE',  ( -15.43475225036212350, 1.002752097615531079, -30.86950450072422569 ) ) ;
#161 = FACE_OUTER_BOUND ( 'NONE', #709, .T. ) ;
#162 = CARTESIAN_POINT ( 'NONE',  ( 16.15387460245579732, 1.150183142308132345, 0.000000000000000000 ) ) ;
#163 = CARTESIAN_POINT ( 'NONE',  ( -8.672586901175066032, 1.005529073370777571, -17.34517380235012851 ) ) ;
#164 = CARTESIAN_POINT ( 'NONE',  ( 15.93593350460645119, 1.167955622209819078, -31.87186700921291660 ) ) ;
#165 = DIRECTION ( 'NONE',  ( 0.000000000000000000, 0.000000000000000000, -1.000000000000000000 ) ) ;
#166 = CARTESIAN_POINT ( 'NONE',  ( 8.766117336900109080, 1.000676780912959307, 0.000000000000000000 ) ) ;
#167 = CARTESIAN_POINT ( 'NONE',  ( -1.987720776247791976, 1.077394584656452103, 3.975441552495583952 ) ) ;
#168 = CARTESIAN_POINT ( 'NONE',  ( -15.66146581134536575, 1.189955472956447657, 1.917976397581980709E-15 ) ) ;
#169 = CARTESIAN_POINT ( 'NONE',  ( -8.984824507239022040, 0.9623284186775089566, 1.100323657369096256E-15 ) ) ;
#170 = FACE_OUTER_BOUND ( 'NONE', #531, .T. ) ;
#171 = CARTESIAN_POINT ( 'NONE',  ( 16.73497119741565697, 1.102109867813015009, -33.46994239483132105 ) ) ;
#172 = CYLINDRICAL_SURFACE ( 'NONE', #637, 20.00000000000000000 ) ;
#173 = CARTESIAN_POINT ( 'NONE',  ( -9.131416993120623715, 1.097061102479487849, 18.26283398624124743 ) ) ;
#174 = CARTESIAN_POINT ( 'NONE',  ( -8.040894951905226407, 1.015559237524544134, 16.08178990381045281 ) ) ;
#175 = CARTESIAN_POINT ( 'NONE',  ( 15.51679038290437340, 1.200775636556898007, 31.03358076580874325 ) ) ;
#176 = CARTESIAN_POINT ( 'NONE',  ( 8.583105266235477870, 1.006236124566350254, -17.16621053247096640 ) ) ;
#177 = CARTESIAN_POINT ( 'NONE',  ( -15.46234332221042962, 1.002439822973477446, 1.893590925686245387E-15 ) ) ;
#178 = CARTESIAN_POINT ( 'NONE',  ( -12.53671998251326514, 1.003725730177871034, 1.535305399839153366E-15 ) ) ;
#179 = CARTESIAN_POINT ( 'NONE',  ( -9.056697611951044280, 1.098648613910045535, 18.11339522390208856 ) ) ;
#180 = CARTESIAN_POINT ( 'NONE',  ( 1.144446994964193776, 1.079932268857970445, 2.288893989928386663 ) ) ;
#181 = CARTESIAN_POINT ( 'NONE',  ( 15.40574378613102446, 1.004567374092396159, 0.000000000000000000 ) ) ;
#182 = CARTESIAN_POINT ( 'NONE',  ( 1.144446994964193554, 1.079932268857970445, -2.803086698353413650E-16 ) ) ;
#183 = EDGE_LOOP ( 'NONE', ( #722, #449 ) ) ;
#184 = CARTESIAN_POINT ( 'NONE',  ( 15.56179393036464020, 0.9844886235954716236, -31.12358786072929107 ) ) ;
#185 = CARTESIAN_POINT ( 'NONE',  ( -11.66376048336297266, 1.030890954362423839, 1.428398694197185069E-15 ) ) ;
#186 = CARTESIAN_POINT ( 'NONE',  ( -8.844536125420207284, 1.011215805985844485, 1.083143285593898947E-15 ) ) ;
#187 = CARTESIAN_POINT ( 'NONE',  ( 18.78543048179367148, 1.243505718252097880, 0.000000000000000000 ) ) ;
#188 = CARTESIAN_POINT ( 'NONE',  ( 15.93593350460645830, 1.167955622209819078, 31.87186700921290594 ) ) ;
#189 = CARTESIAN_POINT ( 'NONE',  ( 1.144446994964193109, 1.079932268857970445, -2.288893989928387551 ) ) ;
#190 = CARTESIAN_POINT ( 'NONE',  ( 15.37711503279198944, 1.005976582099039174, -30.75423006558398953 ) ) ;
#191 = CARTESIAN_POINT ( 'NONE',  ( 19.25457521090228497, 1.151336402251854629, -4.716010780194691410E-15 ) ) ;
#192 = CARTESIAN_POINT ( 'NONE',  ( 12.53671998251326514, 1.003725730177871034, 0.000000000000000000 ) ) ;
#193 = CARTESIAN_POINT ( 'NONE',  ( -15.37711503279199654, 1.005976582099039174, 1.883153470502936701E-15 ) ) ;
#194 = ORIENTED_EDGE ( 'NONE', *, *, #825, .F. ) ;
#195 = CARTESIAN_POINT ( 'NONE',  ( 13.09906517189214625, 1.115695284255741493, -3.208345646916058095E-15 ) ) ;
#196 = CARTESIAN_POINT ( 'NONE',  ( 19.99999999999998934, 1.000000000000000000, -40.00000000000000000 ) ) ;
#197 = CARTESIAN_POINT ( 'NONE',  ( 15.75834998787812502, 1.182221434841278285, 0.000000000000000000 ) ) ;
#198 = CARTESIAN_POINT ( 'NONE',  ( 13.09906517189214625, 1.115695284255741493, 0.000000000000000000 ) ) ;
#199 = CARTESIAN_POINT ( 'NONE',  ( -0.4818726818564942893, 1.080915633079334359, -0.9637453637129882456 ) ) ;
#200 = CARTESIAN_POINT ( 'NONE',  ( -13.30010845043612910, 1.106719050075173350, 1.628793524213926873E-15 ) ) ;
#201 = CARTESIAN_POINT ( 'NONE',  ( 19.72327854532480274, 1.056950359024974029, -4.830809987844736655E-15 ) ) ;
#202 = CARTESIAN_POINT ( 'NONE',  ( 15.42265043922109946, 1.218544453536770433, 0.000000000000000000 ) ) ;
#203 = CARTESIAN_POINT ( 'NONE',  ( 15.34838419384909081, 1.007490892425114470, 0.000000000000000000 ) ) ;
#204 = CARTESIAN_POINT ( 'NONE',  ( 19.97871819646893954, 1.004402396269819198, 39.95743639293786487 ) ) ;
#205 = CARTESIAN_POINT ( 'NONE',  ( -15.27182995670939292, 1.011450342872764363, -30.54365991341876452 ) ) ;
#206 = CARTESIAN_POINT ( 'NONE',  ( -19.25457521090228497, 1.151336402251854629, 2.358005390097345705E-15 ) ) ;
#207 = CARTESIAN_POINT ( 'NONE',  ( 8.311907294756800013, 1.011063929886906632, 0.000000000000000000 ) ) ;
#208 = CARTESIAN_POINT ( 'NONE',  ( -12.67900089615569925, 1.132799173539398296, 25.35800179231139850 ) ) ;
#209 = CARTESIAN_POINT ( 'NONE',  ( -19.25457521090228141, 1.151336402251854629, 38.50915042180456282 ) ) ;
#210 = CARTESIAN_POINT ( 'NONE',  ( 12.69676286340617111, 0.9833497661791278377, -3.109810000040670059E-15 ) ) ;
#211 = CARTESIAN_POINT ( 'NONE',  ( -19.25457521090228497, 1.151336402251854629, -38.50915042180456282 ) ) ;
#212 = CARTESIAN_POINT ( 'NONE',  ( 8.766117336900109080, 1.000676780912959307, 0.000000000000000000 ) ) ;
#213 = CARTESIAN_POINT ( 'NONE',  ( 12.70624063491673539, 1.133108333666563938, 0.000000000000000000 ) ) ;
#214 = CARTESIAN_POINT ( 'NONE',  ( -19.97871819646893954, 1.004402396269819198, 2.446687329037266669E-15 ) ) ;
#215 = CARTESIAN_POINT ( 'NONE',  ( 12.69676286340616578, 0.9833497661791278377, -25.39352572681234221 ) ) ;
#216 = CARTESIAN_POINT ( 'NONE',  ( -17.70303805939489550, 1.016794765555397939, -35.40607611878976968 ) ) ;
#217 = CARTESIAN_POINT ( 'NONE',  ( -18.02758766674821445, 0.9769530221059115060, 2.207742753243150118E-15 ) ) ;
#218 = CARTESIAN_POINT ( 'NONE',  ( 12.33729461807188343, 1.009873010768793211, 24.67458923614376332 ) ) ;
#219 = EDGE_CURVE ( 'NONE', #1074, #628, #989, .T. ) ;
#220 = CARTESIAN_POINT ( 'NONE',  ( -19.47478600948447180, 1.107313003656597239, 38.94957201896894361 ) ) ;
#221 = CARTESIAN_POINT ( 'NONE',  ( -12.57478944286088307, 1.001859814752027455, -25.14957888572174838 ) ) ;
#222 = CARTESIAN_POINT ( 'NONE',  ( 17.86400265465848847, 1.002591225870178571, -35.72800530931699825 ) ) ;
#223 = CARTESIAN_POINT ( 'NONE',  ( -17.75141055225266129, 1.446977868114493804, 2.173920811316677367E-15 ) ) ;
#224 = CARTESIAN_POINT ( 'NONE',  ( -9.742703114324195113, 1.082494106911059628, 19.48540622864839023 ) ) ;
#225 = CARTESIAN_POINT ( 'NONE',  ( -18.02758766674821089, 0.9769530221059116171, 36.05517533349642179 ) ) ;
#226 = CARTESIAN_POINT ( 'NONE',  ( 12.53671998251325803, 1.003725730177871034, -25.07343996502652672 ) ) ;
#227 = CARTESIAN_POINT ( 'NONE',  ( -17.76756202427717213, 1.010973665007323330, -35.53512404855433005 ) ) ;
#228 = CARTESIAN_POINT ( 'NONE',  ( -15.56179393036464553, 0.9844886235954716236, 1.905770112581177517E-15 ) ) ;
#229 = CARTESIAN_POINT ( 'NONE',  ( -9.455763476574515991, 1.089468953494857617, 18.91152695314903198 ) ) ;
#230 = CARTESIAN_POINT ( 'NONE',  ( 17.79176678195252492, 1.008775748400054129, 35.58353356390504274 ) ) ;
#231 = CARTESIAN_POINT ( 'NONE',  ( -12.49947696288097454, 1.004731724309497087, 1.530744445360826644E-15 ) ) ;
#232 = CARTESIAN_POINT ( 'NONE',  ( -17.86400265465849913, 1.002591225870178571, 2.187709367098735172E-15 ) ) ;
#233 = AXIS2_PLACEMENT_3D ( 'NONE', #429, #701, #262 ) ;
#234 = DIRECTION ( 'NONE',  ( -0.000000000000000000, -1.000000000000000000, -0.000000000000000000 ) ) ;
#235 = CARTESIAN_POINT ( 'NONE',  ( 12.69676286340617288, 0.9833497661791278377, 25.39352572681233511 ) ) ;
#236 = CARTESIAN_POINT ( 'NONE',  ( -8.583105266235481423, 1.006236124566350254, 1.051127239104007334E-15 ) ) ;
#237 = CARTESIAN_POINT ( 'NONE',  ( 18.00964708191902375, 1.390572543742836009, 36.01929416383804039 ) ) ;
#238 = CARTESIAN_POINT ( 'NONE',  ( -8.492538392742968512, 1.008033228944637649, 1.040035995930868456E-15 ) ) ;
#239 = CARTESIAN_POINT ( 'NONE',  ( -17.74336761012249042, 1.013156328314543497, -35.48673522024496663 ) ) ;
#240 = CARTESIAN_POINT ( 'NONE',  ( -19.72327854532480274, 1.056950359024974029, 2.415404993922368328E-15 ) ) ;
#241 = CARTESIAN_POINT ( 'NONE',  ( -11.66376048336296911, 1.030890954362423839, 23.32752096672594178 ) ) ;
#242 = CARTESIAN_POINT ( 'NONE',  ( -17.84024514376963921, 1.004293341453797117, 2.184799911132160095E-15 ) ) ;
#243 = CARTESIAN_POINT ( 'NONE',  ( 9.168830524663045267, 1.096206820373297086, -2.245715790790629239E-15 ) ) ;
#244 = CARTESIAN_POINT ( 'NONE',  ( -15.56463948722713120, 1.197584174169176841, 1.906118592791520940E-15 ) ) ;
#245 = CARTESIAN_POINT ( 'NONE',  ( -8.583105266235481423, 1.006236124566350254, 1.051127239104007334E-15 ) ) ;
#246 = CARTESIAN_POINT ( 'NONE',  ( 9.131416993120625492, 1.097061102479487849, 0.000000000000000000 ) ) ;
#247 = CARTESIAN_POINT ( 'NONE',  ( 17.70303805939488839, 1.016794765555397939, 35.40607611878976968 ) ) ;
#248 = CARTESIAN_POINT ( 'NONE',  ( -8.583105266235483199, 1.006236124566350254, -17.16621053247096285 ) ) ;
#249 = CARTESIAN_POINT ( 'NONE',  ( -16.15387460245580087, 1.150183142308132567, -32.30774920491158042 ) ) ;
#250 = CARTESIAN_POINT ( 'NONE',  ( -12.60977451110728786, 1.003185808184092309, 1.544251999299742011E-15 ) ) ;
#251 = CARTESIAN_POINT ( 'NONE',  ( -9.093941084541349085, 1.097975370115353178, 1.113686584081817362E-15 ) ) ;
#252 = CARTESIAN_POINT ( 'NONE',  ( 17.81593163392021850, 1.006620071174722408, 0.000000000000000000 ) ) ;
#253 = CARTESIAN_POINT ( 'NONE',  ( 15.66146581134536575, 1.189955472956447657, 0.000000000000000000 ) ) ;
#254 = CARTESIAN_POINT ( 'NONE',  ( 8.983713542196658963, 1.098448264806356045, -2.200375206781573474E-15 ) ) ;
#255 = ORIENTED_EDGE ( 'NONE', *, *, #104, .T. ) ;
#256 = CARTESIAN_POINT ( 'NONE',  ( -15.61303572796695249, 1.193792404174607746, -31.22607145593388367 ) ) ;
#257 = CARTESIAN_POINT ( 'NONE',  ( -9.018586246688190755, 1.100204980776276820, 1.104458277984103544E-15 ) ) ;
#258 = CARTESIAN_POINT ( 'NONE',  ( -9.056697611951046056, 1.098648613910045757, 1.109125574132132651E-15 ) ) ;
#259 = CARTESIAN_POINT ( 'NONE',  ( -1.144446994964193332, 1.079932268857970445, 2.288893989928386663 ) ) ;
#260 = CARTESIAN_POINT ( 'NONE',  ( 15.56463948722713120, 1.197584174169176841, 0.000000000000000000 ) ) ;
#261 = CARTESIAN_POINT ( 'NONE',  ( -8.844536125420209061, 1.011215805985844485, -17.68907225084041457 ) ) ;
#262 = DIRECTION ( 'NONE',  ( 0.000000000000000000, 0.000000000000000000, -1.000000000000000000 ) ) ;
#263 = CARTESIAN_POINT ( 'NONE',  ( -15.56179393036464553, 0.9844886235954716236, 1.905770112581177517E-15 ) ) ;
#264 = DIRECTION ( 'NONE',  ( -0.000000000000000000, -1.000000000000000000, -0.000000000000000000 ) ) ;
#265 = CARTESIAN_POINT ( 'NONE',  ( 0.4818726818564942338, 1.080915633079334137, 0.000000000000000000 ) ) ;
#266 = CARTESIAN_POINT ( 'NONE',  ( 17.25135014776862974, 1.057415298232794454, 34.50270029553724527 ) ) ;
#267 = CARTESIAN_POINT ( 'NONE',  ( -7.167613812420845498, 1.029629927195718331, 8.777795312905545723E-16 ) ) ;
#268 = CARTESIAN_POINT ( 'NONE',  ( 15.66146581134535865, 1.189955472956447657, -31.32293162269072795 ) ) ;
#269 = CARTESIAN_POINT ( 'NONE',  ( -8.984824507239022040, 0.9623284186775089566, 1.100323657369096256E-15 ) ) ;
#270 = CARTESIAN_POINT ( 'NONE',  ( 8.984824507239022040, 0.9623284186775089566, 17.96964901447804053 ) ) ;
#271 = CARTESIAN_POINT ( 'NONE',  ( 17.91019258679357762, 1.408709205375067164, 0.000000000000000000 ) ) ;
#272 = CARTESIAN_POINT ( 'NONE',  ( -15.66146581134536220, 1.189955472956447657, 31.32293162269072440 ) ) ;
#273 = CARTESIAN_POINT ( 'NONE',  ( 7.167613812420841946, 1.029629927195718331, -14.33522762484168922 ) ) ;
#274 = CARTESIAN_POINT ( 'NONE',  ( -12.76397424881049680, 1.130333079925257556, -25.52794849762098295 ) ) ;
#275 = CARTESIAN_POINT ( 'NONE',  ( 19.47478600948446470, 1.107313003656597239, -38.94957201896895072 ) ) ;
#276 = CARTESIAN_POINT ( 'NONE',  ( 8.040894951905229959, 1.015559237524544356, 0.000000000000000000 ) ) ;
#277 = CARTESIAN_POINT ( 'NONE',  ( 15.54020354325603037, 1.199730396625413364, 0.000000000000000000 ) ) ;
#278 = CARTESIAN_POINT ( 'NONE',  ( -15.37711503279200009, 1.005976582099039174, -30.75423006558398242 ) ) ;
#279 = CARTESIAN_POINT ( 'NONE',  ( 8.583105266235481423, 1.006236124566350254, 0.000000000000000000 ) ) ;
#280 = CARTESIAN_POINT ( 'NONE',  ( 13.30010845043612910, 1.106719050075173350, 0.000000000000000000 ) ) ;
#281 = CARTESIAN_POINT ( 'NONE',  ( 5.481211967592263257, 1.052638997805674714, -1.342509738312006128E-15 ) ) ;
#282 = CARTESIAN_POINT ( 'NONE',  ( -19.72327854532480274, 1.056950359024974029, 2.415404993922368328E-15 ) ) ;
#283 = CARTESIAN_POINT ( 'NONE',  ( 12.76397424881049325, 1.130333079925257556, -3.126272041641002499E-15 ) ) ;
#284 = CARTESIAN_POINT ( 'NONE',  ( -19.97871819646894309, 1.004402396269819198, -39.95743639293786487 ) ) ;
#285 = CARTESIAN_POINT ( 'NONE',  ( 12.57478944286087774, 1.001859814752027678, 0.000000000000000000 ) ) ;
#286 = CARTESIAN_POINT ( 'NONE',  ( 12.73535928524206362, 1.131460122270636859, 25.47071857048412369 ) ) ;
#287 = CIRCLE ( 'NONE', #9, 20.00000000000000000 ) ;
#288 = LINE ( 'NONE', #1095, #1042 ) ;
#289 = CARTESIAN_POINT ( 'NONE',  ( -13.30010845043613266, 1.106719050075173350, -26.60021690087224755 ) ) ;
#290 = CARTESIAN_POINT ( 'NONE',  ( 18.78543048179366437, 1.243505718252097658, -37.57086096358735006 ) ) ;
#291 = CARTESIAN_POINT ( 'NONE',  ( 12.33729461807188343, 1.009873010768792989, 0.000000000000000000 ) ) ;
#292 = CARTESIAN_POINT ( 'NONE',  ( -13.09906517189214092, 1.115695284255741493, 26.19813034378428185 ) ) ;
#293 = DIRECTION ( 'NONE',  ( -0.000000000000000000, -1.000000000000000000, -0.000000000000000000 ) ) ;
#294 = CARTESIAN_POINT ( 'NONE',  ( 15.31011263941726241, 1.009467749381731894, -30.62022527883453549 ) ) ;
#295 = CARTESIAN_POINT ( 'NONE',  ( -19.88649183883801896, 1.023453564620538048, 2.435392857670294358E-15 ) ) ;
#296 = CARTESIAN_POINT ( 'NONE',  ( 15.09957050734712958, 1.020333424806934453, 0.000000000000000000 ) ) ;
#297 = CARTESIAN_POINT ( 'NONE',  ( -12.84057955052124811, 1.127003471505461096, 1.572517464574280587E-15 ) ) ;
#298 = CARTESIAN_POINT ( 'NONE',  ( 0.000000000000000000, 0.000000000000000000, -20.00000000000000000 ) ) ;
#299 = CARTESIAN_POINT ( 'NONE',  ( 12.46201183490381403, 1.005963782502433901, -3.052312580910278058E-15 ) ) ;
#300 = CARTESIAN_POINT ( 'NONE',  ( 17.91019258679356696, 1.408709205375067164, -35.82038517358715524 ) ) ;
#301 = CARTESIAN_POINT ( 'NONE',  ( 12.46201183490381403, 1.005963782502433901, 0.000000000000000000 ) ) ;
#302 = CARTESIAN_POINT ( 'NONE',  ( -9.742703114324196889, 1.082494106911059406, 1.193137018400007504E-15 ) ) ;
#303 = CARTESIAN_POINT ( 'NONE',  ( 19.47478600948447536, 1.107313003656597239, 38.94957201896894361 ) ) ;
#304 = STYLED_ITEM ( 'NONE', ( #370 ), #1108 ) ;
#305 = CARTESIAN_POINT ( 'NONE',  ( 12.60977451110728786, 1.003185808184092309, -3.088503998599484023E-15 ) ) ;
#306 = CARTESIAN_POINT ( 'NONE',  ( -17.95267725149125937, 1.401111692410873077, -35.90535450298250453 ) ) ;
#307 = CARTESIAN_POINT ( 'NONE',  ( -19.88649183883801896, 1.023453564620538048, 2.435392857670294358E-15 ) ) ;
#308 = CARTESIAN_POINT ( 'NONE',  ( -12.57478944286087774, 1.001859814752027678, 1.539967564115150203E-15 ) ) ;
#309 = CARTESIAN_POINT ( 'NONE',  ( 17.91019258679357762, 1.408709205375067164, 35.82038517358714813 ) ) ;
#310 = CARTESIAN_POINT ( 'NONE',  ( -12.60245624164091538, 1.148402596828822730, 1.543355769772012956E-15 ) ) ;
#311 = CARTESIAN_POINT ( 'NONE',  ( 17.81593163392021850, 1.006620071174722408, -4.363644729861694520E-15 ) ) ;
#312 = CARTESIAN_POINT ( 'NONE',  ( -16.73497119741566053, 1.102109867813014787, 2.049442891073823793E-15 ) ) ;
#313 = CARTESIAN_POINT ( 'NONE',  ( -12.60977451110728431, 1.003185808184092309, 25.21954902221456862 ) ) ;
#314 = CARTESIAN_POINT ( 'NONE',  ( 8.311907294756800013, 1.011063929886906632, 0.000000000000000000 ) ) ;
#315 = CARTESIAN_POINT ( 'NONE',  ( -17.95267725149125582, 1.401111692410873077, 2.198568873216426862E-15 ) ) ;
#316 = CARTESIAN_POINT ( 'NONE',  ( -12.38718434686138714, 1.008310547713949568, -24.77436869372276007 ) ) ;
#317 = CARTESIAN_POINT ( 'NONE',  ( 18.02758766674820379, 0.9769530221059116171, -36.05517533349642889 ) ) ;
#318 = CARTESIAN_POINT ( 'NONE',  ( 3.523671243039711687, 1.069652425872327672, 0.000000000000000000 ) ) ;
#319 = CARTESIAN_POINT ( 'NONE',  ( -12.60245624164091538, 1.148402596828822730, 1.543355769772012956E-15 ) ) ;
#320 = CARTESIAN_POINT ( 'NONE',  ( -17.91019258679357407, 1.408709205375067164, 35.82038517358714813 ) ) ;
#321 = CARTESIAN_POINT ( 'NONE',  ( -12.60245624164092071, 1.148402596828822730, -25.20491248328182365 ) ) ;
#322 = ADVANCED_FACE ( 'NONE', ( #38 ), #1004, .T. ) ;
#323 = CARTESIAN_POINT ( 'NONE',  ( 17.75141055225265063, 1.446977868114493804, -35.50282110450532258 ) ) ;
#324 = CARTESIAN_POINT ( 'NONE',  ( -19.97871819646893954, 1.004402396269819198, 2.446687329037266669E-15 ) ) ;
#325 = CARTESIAN_POINT ( 'NONE',  ( 12.60245624164091538, 1.148402596828822730, 25.20491248328182365 ) ) ;
#326 = CARTESIAN_POINT ( 'NONE',  ( 17.86400265465849913, 1.002591225870178571, 0.000000000000000000 ) ) ;
#327 = CARTESIAN_POINT ( 'NONE',  ( -9.093941084541350861, 1.097975370115353178, -18.18788216908269462 ) ) ;
#328 = CARTESIAN_POINT ( 'NONE',  ( 15.42265043922109946, 1.218544453536770433, -3.777459898952128124E-15 ) ) ;
#329 = CARTESIAN_POINT ( 'NONE',  ( -15.93593350460645652, 1.167955622209818856, 1.951588995784136032E-15 ) ) ;
#330 = CARTESIAN_POINT ( 'NONE',  ( -9.168830524663043491, 1.096206820373297086, 18.33766104932608698 ) ) ;
#331 = CARTESIAN_POINT ( 'NONE',  ( 8.583105266235481423, 1.006236124566350254, 0.000000000000000000 ) ) ;
#332 = CARTESIAN_POINT ( 'NONE',  ( -18.00964708191902375, 1.390572543742836009, 2.205545665264559992E-15 ) ) ;
#333 = CARTESIAN_POINT ( 'NONE',  ( -8.583105266235481423, 1.006236124566350254, 1.051127239104007334E-15 ) ) ;
#334 = CARTESIAN_POINT ( 'NONE',  ( 15.58880087277217541, 1.195729241318517211, -3.818155018277182029E-15 ) ) ;
#335 = CARTESIAN_POINT ( 'NONE',  ( -5.481211967592263257, 1.052638997805674714, 6.712548691560030642E-16 ) ) ;
#336 = CARTESIAN_POINT ( 'NONE',  ( 9.131416993120625492, 1.097061102479487849, 18.26283398624124743 ) ) ;
#337 = CARTESIAN_POINT ( 'NONE',  ( -1.987720776247792198, 1.077394584656451881, 2.434255886230550722E-16 ) ) ;
#338 = CARTESIAN_POINT ( 'NONE',  ( -15.56179393036464553, 0.9844886235954716236, 1.905770112581177517E-15 ) ) ;
#339 = CARTESIAN_POINT ( 'NONE',  ( 8.983713542196651858, 1.098448264806356045, -17.96742708439331437 ) ) ;
#340 = CARTESIAN_POINT ( 'NONE',  ( 15.54020354325603037, 1.199730396625413364, -3.806252105469370945E-15 ) ) ;
#341 = CARTESIAN_POINT ( 'NONE',  ( -9.168830524663045267, 1.096206820373297086, 1.122857895395314619E-15 ) ) ;
#342 = CARTESIAN_POINT ( 'NONE',  ( 18.99873680962868150, 1.201907349800566793, 0.000000000000000000 ) ) ;
#343 = CARTESIAN_POINT ( 'NONE',  ( -15.56463948722713120, 1.197584174169176841, 1.906118592791520940E-15 ) ) ;
#344 = CARTESIAN_POINT ( 'NONE',  ( 8.984824507239016711, 0.9623284186775089566, -17.96964901447804408 ) ) ;
#345 = VERTEX_POINT ( 'NONE', #298 ) ;
#346 = CARTESIAN_POINT ( 'NONE',  ( 16.15387460245579732, 1.150183142308132345, -3.956558165145043199E-15 ) ) ;
#347 = DIRECTION ( 'NONE',  ( 0.000000000000000000, 0.000000000000000000, -1.000000000000000000 ) ) ;
#348 = CARTESIAN_POINT ( 'NONE',  ( 1.987720776247792642, 1.077394584656452103, 3.975441552495583952 ) ) ;
#349 = CARTESIAN_POINT ( 'NONE',  ( -16.73497119741566053, 1.102109867813014787, 2.049442891073823793E-15 ) ) ;
#350 = CARTESIAN_POINT ( 'NONE',  ( -9.056697611951046056, 1.098648613910045757, 1.109125574132132651E-15 ) ) ;
#351 = ORIENTED_EDGE ( 'NONE', *, *, #683, .F. ) ;
#352 = CARTESIAN_POINT ( 'NONE',  ( -15.51679038290437340, 1.200775636556898007, 1.900258767546427287E-15 ) ) ;
#353 = CARTESIAN_POINT ( 'NONE',  ( -9.131416993120625492, 1.097061102479487849, 1.118276059230492238E-15 ) ) ;
#354 = CARTESIAN_POINT ( 'NONE',  ( -9.131416993120625492, 1.097061102479487849, 1.118276059230492238E-15 ) ) ;
#355 = CARTESIAN_POINT ( 'NONE',  ( 0.000000000000000000, 1.081060399999999921, 0.000000000000000000 ) ) ;
#356 = CARTESIAN_POINT ( 'NONE',  ( -15.43475225036211462, 1.002752097615531079, 30.86950450072423635 ) ) ;
#357 = CARTESIAN_POINT ( 'NONE',  ( 3.523671243039710355, 1.069652425872327894, -7.047342486079423374 ) ) ;
#358 = CARTESIAN_POINT ( 'NONE',  ( -15.31011263941726952, 1.009467749381731894, 1.874948043844779256E-15 ) ) ;
#359 = CIRCLE ( 'NONE', #866, 20.00000000000000000 ) ;
#360 = CARTESIAN_POINT ( 'NONE',  ( 18.19480281020579682, 1.356060482383286470, 0.000000000000000000 ) ) ;
#361 = CARTESIAN_POINT ( 'NONE',  ( 15.56179393036464553, 0.9844886235954716236, 0.000000000000000000 ) ) ;
#362 =( NAMED_UNIT ( * ) PLANE_ANGLE_UNIT ( ) SI_UNIT ( $, .RADIAN. ) );
#363 = ORIENTED_EDGE ( 'NONE', *, *, #219, .F. ) ;
#364 = CARTESIAN_POINT ( 'NONE',  ( -15.34838419384909081, 1.007490892425114470, 1.879634957508111887E-15 ) ) ;
#365 = CARTESIAN_POINT ( 'NONE',  ( 9.056697611951046056, 1.098648613910045757, 0.000000000000000000 ) ) ;
#366 = CARTESIAN_POINT ( 'NONE',  ( -12.76397424881049147, 1.130333079925257556, 25.52794849762098295 ) ) ;
#367 = CARTESIAN_POINT ( 'NONE',  ( 3.523671243039711687, 1.069652425872327672, -8.630505418072316152E-16 ) ) ;
#368 = CARTESIAN_POINT ( 'NONE',  ( -19.25457521090228497, 1.151336402251854629, 2.358005390097345705E-15 ) ) ;
#369 = CARTESIAN_POINT ( 'NONE',  ( 12.79272408643405967, 1.129062827064956975, -3.133313720965343830E-15 ) ) ;
#370 = PRESENTATION_STYLE_ASSIGNMENT (( #908 ) ) ;
#371 = CARTESIAN_POINT ( 'NONE',  ( 15.43475225036211995, 1.002752097615531079, 0.000000000000000000 ) ) ;
#372 = CARTESIAN_POINT ( 'NONE',  ( 12.92675411625737425, 1.123243654847318362, 25.85350823251474139 ) ) ;
#373 = CARTESIAN_POINT ( 'NONE',  ( -1.987720776247792198, 1.077394584656451881, 2.434255886230550722E-16 ) ) ;
#374 = DIRECTION ( 'NONE',  ( 0.000000000000000000, 0.000000000000000000, -1.000000000000000000 ) ) ;
#375 = CARTESIAN_POINT ( 'NONE',  ( 15.34838419384908370, 1.007490892425114470, -30.69676838769817806 ) ) ;
#376 =( LENGTH_UNIT ( ) NAMED_UNIT ( * ) SI_UNIT ( .MILLI., .METRE. ) );
#377 = CARTESIAN_POINT ( 'NONE',  ( 8.402261921624686991, 1.009516960398546770, 0.000000000000000000 ) ) ;
#378 = CARTESIAN_POINT ( 'NONE',  ( 15.09957050734712958, 1.020333424806934230, 30.19914101469425205 ) ) ;
#379 = CARTESIAN_POINT ( 'NONE',  ( -19.47478600948447536, 1.107313003656597017, 2.384973435059482037E-15 ) ) ;
#380 = CARTESIAN_POINT ( 'NONE',  ( 15.34838419384909081, 1.007490892425114470, -3.759269915016223774E-15 ) ) ;
#381 = CARTESIAN_POINT ( 'NONE',  ( 11.66376048336297266, 1.030890954362423839, 0.000000000000000000 ) ) ;
#382 = CARTESIAN_POINT ( 'NONE',  ( -15.37711503279199121, 1.005976582099039174, 30.75423006558398953 ) ) ;
#383 = CARTESIAN_POINT ( 'NONE',  ( -18.54356612587876185, 1.290031379586823457, 2.270931890083471008E-15 ) ) ;
#384 = CARTESIAN_POINT ( 'NONE',  ( 10.90286046612375515, 1.052709710240094632, -2.670430634277734902E-15 ) ) ;
#385 = CARTESIAN_POINT ( 'NONE',  ( 17.79176678195251426, 1.008775748400054129, -35.58353356390504985 ) ) ;
#386 = CARTESIAN_POINT ( 'NONE',  ( 15.37711503279199654, 1.005976582099039174, 0.000000000000000000 ) ) ;
#387 = CARTESIAN_POINT ( 'NONE',  ( -13.09906517189214625, 1.115695284255741493, 1.604172823458029047E-15 ) ) ;
#388 = DIRECTION ( 'NONE',  ( 0.000000000000000000, 0.000000000000000000, -1.000000000000000000 ) ) ;
#389 = CARTESIAN_POINT ( 'NONE',  ( -12.53671998251326869, 1.003725730177871034, -25.07343996502652317 ) ) ;
#390 = CARTESIAN_POINT ( 'NONE',  ( -18.00964708191902375, 1.390572543742836009, 2.205545665264559992E-15 ) ) ;
#391 = CARTESIAN_POINT ( 'NONE',  ( -14.51578206211213917, 1.049978025727191122, 1.777670603948619834E-15 ) ) ;
#392 = CARTESIAN_POINT ( 'NONE',  ( 9.268644255858584202, 1.093874010886612735, 0.000000000000000000 ) ) ;
#393 = CARTESIAN_POINT ( 'NONE',  ( 17.97402149014923012, 1.397186168250449168, 35.94804298029845313 ) ) ;
#394 =( BOUNDED_SURFACE ( )  B_SPLINE_SURFACE ( 3, 3, ( 
 ( #645, #837, #1085, #549 ),
 ( #464, #554, #640, #737 ),
 ( #994, #204, #23, #214 ),
 ( #570, #747, #911, #922 ),
 ( #1100, #827, #28, #282 ),
 ( #906, #303, #220, #379 ),
 ( #927, #1090, #209, #368 ),
 ( #130, #559, #17, #726 ),
 ( #916, #124, #459, #470 ),
 ( #1080, #33, #634, #383 ),
 ( #742, #651, #821, #843 ),
 ( #52, #152, #575, #942 ),
 ( #849, #596, #661, #1037 ),
 ( #937, #237, #1126, #332 ),
 ( #147, #393, #861, #586 ),
 ( #754, #415, #140, #315 ),
 ( #44, #497, #1106, #158 ),
 ( #932, #309, #320, #1014 ),
 ( #666, #399, #771, #671 ),
 ( #409, #581, #225, #62 ),
 ( #326, #854, #679, #1032 ),
 ( #1020, #686, #485, #242 ),
 ( #1026, #503, #759, #1113 ),
 ( #492, #230, #57, #404 ),
 ( #765, #1119, #947, #592 ),
 ( #867, #68, #777, #1132 ),
 ( #480, #247, #135, #796 ),
 ( #959, #266, #872, #441 ),
 ( #523, #888, #803, #349 ),
 ( #162, #1072, #692, #74 ),
 ( #1151, #188, #79, #1043 ),
 ( #807, #877, #602, #615 ),
 ( #253, #952, #272, #168 ),
 ( #93, #883, #3, #1066 ),
 ( #421, #783, #894, #790 ),
 ( #260, #427, #1145, #343 ),
 ( #277, #536, #1050, #621 ),
 ( #447, #175, #699, #1138 ),
 ( #517, #100, #8, #609 ),
 ( #361, #967, #86, #338 ),
 ( #978, #434, #721, #510 ),
 ( #707, #1058, #356, #972 ),
 ( #181, #529, #714, #1089 ),
 ( #904, #1084, #382, #193 ),
 ( #203, #112, #1099, #32 ),
 ( #915, #910, #453, #457 ),
 ( #899, #463, #826, #474 ),
 ( #541, #378, #836, #27 ),
 ( #37, #741, #123, #831 ),
 ( #1078, #1003, #469, #1094 ),
 ( #280, #813, #736, #16 ),
 ( #198, #819, #292, #387 ),
 ( #626, #372, #118, #632 ),
 ( #547, #725, #983, #297 ),
 ( #746, #558, #553, #650 ),
 ( #644, #106, #366, #564 ),
 ( #998, #286, #21, #730 ),
 ( #213, #921, #129, #987 ),
 ( #639, #993, #208, #936 ),
 ( #1124, #325, #403, #319 ),
 ( #1008, #235, #151, #763 ),
 ( #574, #677, #313, #66 ),
 ( #414, #758, #853, #308 ),
 ( #585, #408, #1013, #769 ),
 ( #752, #931, #1111, #61 ),
 ( #1030, #1018, #139, #775 ),
 ( #156, #941, #580, #134 ),
 ( #665, #569, #145, #490 ),
 ( #42, #218, #56, #501 ),
 ( #848, #865, #241, #496 ),
 ( #591, #1104, #946, #858 ),
 ( #1117, #660, #479, #670 ),
 ( #1025, #50, #224, #302 ),
 ( #655, #926, #229, #842 ),
 ( #392, #484, #398, #1056 ),
 ( #84, #425, #330, #98 ),
 ( #246, #336, #173, #354 ),
 ( #445, #1048, #976, #251 ),
 ( #1136, #534, #179, #258 ),
 ( #91, #705, #508, #72 ),
 ( #957, #439, #1143, #600 ),
 ( #801, #1, #1131, #712 ),
 ( #1064, #270, #619, #697 ),
 ( #419, #781, #690, #186 ),
 ( #166, #515, #892, #607 ),
 ( #965, #684, #502, #764 ),
 ( #331, #43, #146, #236 ),
 ( #859, #157, #1112, #1125 ),
 ( #491, #678, #51, #1031 ),
 ( #314, #753, #67, #1019 ),
 ( #1118, #776, #685, #1105 ),
 ( #276, #1049, #174, #614 ),
 ( #720, #509, #522, #782 ),
 ( #971, #1057, #1137, #806 ),
 ( #698, #73, #420, #887 ),
 ( #535, #348, #167, #337 ),
 ( #691, #180, #259, #426 ),
 ( #265, #7, #802, #966 ),
 ( #528, #2, #440, #85 ),
 ( #355, #92, #882, #871 ) ),
 .UNSPECIFIED., .F., .F., .F. ) 
 B_SPLINE_SURFACE_WITH_KNOTS ( ( 4, 1, 1, 1, 1, 1, 1, 1, 1, 1, 1, 1, 1, 1, 1, 1, 1, 1, 1, 1, 1, 1, 1, 1, 1, 1, 1, 1, 1, 1, 1, 1, 1, 1, 1, 1, 1, 1, 1, 1, 1, 1, 1, 1, 1, 1, 1, 1, 1, 1, 1, 1, 1, 1, 1, 1, 1, 1, 1, 1, 1, 1, 1, 1, 1, 1, 1, 1, 1, 1, 1, 1, 1, 1, 1, 1, 1, 1, 1, 1, 1, 1, 1, 1, 1, 1, 1, 1, 1, 1, 1, 1, 1, 1, 1, 1, 1, 4 ),
 ( 4, 4 ),
 ( 0.000000000000000000, 0.001039491485358312595, 0.002078984306605025090, 0.01351337513678363411, 0.02494782702740550029, 0.03846122159675813279, 0.04573763444606604445, 0.06236952048486177347, 0.06964595819199492777, 0.08108036124084994078, 0.08835681142900886353, 0.09459375697963368079, 0.09771226113093833820, 0.09875172750119132203, 0.09979124612488710078, 0.1008307247285451513, 0.1018702095250817452, 0.1029096996978577927, 0.1226627545646645778, 0.1238248601585539843, 0.1249869051310744661, 0.1261490324067758850, 0.1273110990957087019, 0.1284731532822940281, 0.1296352421902957630, 0.1307973182002218904, 0.1342835647241820141, 0.1947118246334469394, 0.2051705997918433777, 0.2179534880404248032, 0.2260880430746160519, 0.2307363689058132827, 0.2318984936133458019, 0.2330605592899031020, 0.2342226136345042509, 0.2353847047244093105, 0.2365467845174528128, 0.2377089003393165756, 0.2474362078858705072, 0.2488112340579695658, 0.2501863010021203593, 0.2515613609652369576, 0.2529364142089617351, 0.2543114602490362808, 0.2556865473621097173, 0.2584366527992930651, 0.2598117191637306922, 0.2804375675066376195, 0.3423151738610495931, 0.3505655488141221632, 0.3643161247476940368, 0.3711914302003272992, 0.3753165819144658188, 0.3766916370057781238, 0.3780666861040712368, 0.3794417772163820590, 0.3808168149869671781, 0.3821918947975387892, 0.3835669208815114528, 0.3900358328067213831, 0.3918265079672083040, 0.3936171776271091272, 0.3954077941477860403, 0.3971984530077909969, 0.3989891065675802428, 0.4007798024997555331, 0.4025704453557091833, 0.4043610828089495568, 0.4079423898288802031, 0.4992658478781283327, 0.5135910578318250153, 0.5297069791986321885, 0.5440322224388598471, 0.5547761585383117477, 0.5565668133634655845, 0.5583574690824584241, 0.5601481256005451659, 0.5619387782623610494, 0.5637294365378369143, 0.5655200908797534121, 0.5673107461951587549, 0.5721587590725163430, 0.5764803860527247803, 0.5808020179171569097, 0.5851236453314672126, 0.5894452731385916300, 0.5937669016499578234, 0.5980885307623626801, 0.6024101608664812479, 0.6067317871620114822, 0.6153750433367737305, 0.6240183006054733639, 0.7320590221312832657, 0.8573862519271163718, 0.9049241704269259667, 0.9524620845168668692, 0.9783918563161154713, 1.000000000000000000 ),
 ( 0.000000000000000000, 1.000000000000000000 ),
 .UNSPECIFIED. ) 
 GEOMETRIC_REPRESENTATION_ITEM ( )  RATIONAL_B_SPLINE_SURFACE ( (
 ( 1.000000000000000000, 0.3333333333333334259, 0.3333333333333334259, 1.000000000000000000),
 ( 1.000000000000000000, 0.3333333333333334259, 0.3333333333333334259, 1.000000000000000000),
 ( 1.000000000000000000, 0.3333333333333334259, 0.3333333333333334259, 1.000000000000000000),
 ( 1.000000000000000000, 0.3333333333333334259, 0.3333333333333334259, 1.000000000000000000),
 ( 1.000000000000000000, 0.3333333333333334259, 0.3333333333333334259, 1.000000000000000000),
 ( 1.000000000000000000, 0.3333333333333334259, 0.3333333333333334259, 1.000000000000000000),
 ( 1.000000000000000000, 0.3333333333333334259, 0.3333333333333334259, 1.000000000000000000),
 ( 1.000000000000000000, 0.3333333333333334259, 0.3333333333333334259, 1.000000000000000000),
 ( 1.000000000000000000, 0.3333333333333334259, 0.3333333333333334259, 1.000000000000000000),
 ( 1.000000000000000000, 0.3333333333333334259, 0.3333333333333334259, 1.000000000000000000),
 ( 1.000000000000000000, 0.3333333333333334259, 0.3333333333333334259, 1.000000000000000000),
 ( 1.000000000000000000, 0.3333333333333334259, 0.3333333333333334259, 1.000000000000000000),
 ( 1.000000000000000000, 0.3333333333333334259, 0.3333333333333334259, 1.000000000000000000),
 ( 1.000000000000000000, 0.3333333333333334259, 0.3333333333333334259, 1.000000000000000000),
 ( 1.000000000000000000, 0.3333333333333334259, 0.3333333333333334259, 1.000000000000000000),
 ( 1.000000000000000000, 0.3333333333333334259, 0.3333333333333334259, 1.000000000000000000),
 ( 1.000000000000000000, 0.3333333333333334259, 0.3333333333333334259, 1.000000000000000000),
 ( 1.000000000000000000, 0.3333333333333334259, 0.3333333333333334259, 1.000000000000000000),
 ( 1.000000000000000000, 0.3333333333333334259, 0.3333333333333334259, 1.000000000000000000),
 ( 1.000000000000000000, 0.3333333333333334259, 0.3333333333333334259, 1.000000000000000000),
 ( 1.000000000000000000, 0.3333333333333334259, 0.3333333333333334259, 1.000000000000000000),
 ( 1.000000000000000000, 0.3333333333333334259, 0.3333333333333334259, 1.000000000000000000),
 ( 1.000000000000000000, 0.3333333333333334259, 0.3333333333333334259, 1.000000000000000000),
 ( 1.000000000000000000, 0.3333333333333334259, 0.3333333333333334259, 1.000000000000000000),
 ( 1.000000000000000000, 0.3333333333333334259, 0.3333333333333334259, 1.000000000000000000),
 ( 1.000000000000000000, 0.3333333333333334259, 0.3333333333333334259, 1.000000000000000000),
 ( 1.000000000000000000, 0.3333333333333334259, 0.3333333333333334259, 1.000000000000000000),
 ( 1.000000000000000000, 0.3333333333333334259, 0.3333333333333334259, 1.000000000000000000),
 ( 1.000000000000000000, 0.3333333333333334259, 0.3333333333333334259, 1.000000000000000000),
 ( 1.000000000000000000, 0.3333333333333334259, 0.3333333333333334259, 1.000000000000000000),
 ( 1.000000000000000000, 0.3333333333333334259, 0.3333333333333334259, 1.000000000000000000),
 ( 1.000000000000000000, 0.3333333333333334259, 0.3333333333333334259, 1.000000000000000000),
 ( 1.000000000000000000, 0.3333333333333334259, 0.3333333333333334259, 1.000000000000000000),
 ( 1.000000000000000000, 0.3333333333333334259, 0.3333333333333334259, 1.000000000000000000),
 ( 1.000000000000000000, 0.3333333333333334259, 0.3333333333333334259, 1.000000000000000000),
 ( 1.000000000000000000, 0.3333333333333334259, 0.3333333333333334259, 1.000000000000000000),
 ( 1.000000000000000000, 0.3333333333333334259, 0.3333333333333334259, 1.000000000000000000),
 ( 1.000000000000000000, 0.3333333333333334259, 0.3333333333333334259, 1.000000000000000000),
 ( 1.000000000000000000, 0.3333333333333334259, 0.3333333333333334259, 1.000000000000000000),
 ( 1.000000000000000000, 0.3333333333333334259, 0.3333333333333334259, 1.000000000000000000),
 ( 1.000000000000000000, 0.3333333333333334259, 0.3333333333333334259, 1.000000000000000000),
 ( 1.000000000000000000, 0.3333333333333334259, 0.3333333333333334259, 1.000000000000000000),
 ( 1.000000000000000000, 0.3333333333333334259, 0.3333333333333334259, 1.000000000000000000),
 ( 1.000000000000000000, 0.3333333333333334259, 0.3333333333333334259, 1.000000000000000000),
 ( 1.000000000000000000, 0.3333333333333334259, 0.3333333333333334259, 1.000000000000000000),
 ( 1.000000000000000000, 0.3333333333333334259, 0.3333333333333334259, 1.000000000000000000),
 ( 1.000000000000000000, 0.3333333333333334259, 0.3333333333333334259, 1.000000000000000000),
 ( 1.000000000000000000, 0.3333333333333334259, 0.3333333333333334259, 1.000000000000000000),
 ( 1.000000000000000000, 0.3333333333333334259, 0.3333333333333334259, 1.000000000000000000),
 ( 1.000000000000000000, 0.3333333333333334259, 0.3333333333333334259, 1.000000000000000000),
 ( 1.000000000000000000, 0.3333333333333334259, 0.3333333333333334259, 1.000000000000000000),
 ( 1.000000000000000000, 0.3333333333333334259, 0.3333333333333334259, 1.000000000000000000),
 ( 1.000000000000000000, 0.3333333333333334259, 0.3333333333333334259, 1.000000000000000000),
 ( 1.000000000000000000, 0.3333333333333334259, 0.3333333333333334259, 1.000000000000000000),
 ( 1.000000000000000000, 0.3333333333333334259, 0.3333333333333334259, 1.000000000000000000),
 ( 1.000000000000000000, 0.3333333333333334259, 0.3333333333333334259, 1.000000000000000000),
 ( 1.000000000000000000, 0.3333333333333334259, 0.3333333333333334259, 1.000000000000000000),
 ( 1.000000000000000000, 0.3333333333333334259, 0.3333333333333334259, 1.000000000000000000),
 ( 1.000000000000000000, 0.3333333333333334259, 0.3333333333333334259, 1.000000000000000000),
 ( 1.000000000000000000, 0.3333333333333334259, 0.3333333333333334259, 1.000000000000000000),
 ( 1.000000000000000000, 0.3333333333333334259, 0.3333333333333334259, 1.000000000000000000),
 ( 1.000000000000000000, 0.3333333333333334259, 0.3333333333333334259, 1.000000000000000000),
 ( 1.000000000000000000, 0.3333333333333334259, 0.3333333333333334259, 1.000000000000000000),
 ( 1.000000000000000000, 0.3333333333333334259, 0.3333333333333334259, 1.000000000000000000),
 ( 1.000000000000000000, 0.3333333333333334259, 0.3333333333333334259, 1.000000000000000000),
 ( 1.000000000000000000, 0.3333333333333334259, 0.3333333333333334259, 1.000000000000000000),
 ( 1.000000000000000000, 0.3333333333333334259, 0.3333333333333334259, 1.000000000000000000),
 ( 1.000000000000000000, 0.3333333333333334259, 0.3333333333333334259, 1.000000000000000000),
 ( 1.000000000000000000, 0.3333333333333334259, 0.3333333333333334259, 1.000000000000000000),
 ( 1.000000000000000000, 0.3333333333333334259, 0.3333333333333334259, 1.000000000000000000),
 ( 1.000000000000000000, 0.3333333333333334259, 0.3333333333333334259, 1.000000000000000000),
 ( 1.000000000000000000, 0.3333333333333334259, 0.3333333333333334259, 1.000000000000000000),
 ( 1.000000000000000000, 0.3333333333333334259, 0.3333333333333334259, 1.000000000000000000),
 ( 1.000000000000000000, 0.3333333333333334259, 0.3333333333333334259, 1.000000000000000000),
 ( 1.000000000000000000, 0.3333333333333334259, 0.3333333333333334259, 1.000000000000000000),
 ( 1.000000000000000000, 0.3333333333333334259, 0.3333333333333334259, 1.000000000000000000),
 ( 1.000000000000000000, 0.3333333333333334259, 0.3333333333333334259, 1.000000000000000000),
 ( 1.000000000000000000, 0.3333333333333334259, 0.3333333333333334259, 1.000000000000000000),
 ( 1.000000000000000000, 0.3333333333333334259, 0.3333333333333334259, 1.000000000000000000),
 ( 1.000000000000000000, 0.3333333333333334259, 0.3333333333333334259, 1.000000000000000000),
 ( 1.000000000000000000, 0.3333333333333334259, 0.3333333333333334259, 1.000000000000000000),
 ( 1.000000000000000000, 0.3333333333333334259, 0.3333333333333334259, 1.000000000000000000),
 ( 1.000000000000000000, 0.3333333333333334259, 0.3333333333333334259, 1.000000000000000000),
 ( 1.000000000000000000, 0.3333333333333334259, 0.3333333333333334259, 1.000000000000000000),
 ( 1.000000000000000000, 0.3333333333333334259, 0.3333333333333334259, 1.000000000000000000),
 ( 1.000000000000000000, 0.3333333333333334259, 0.3333333333333334259, 1.000000000000000000),
 ( 1.000000000000000000, 0.3333333333333334259, 0.3333333333333334259, 1.000000000000000000),
 ( 1.000000000000000000, 0.3333333333333334259, 0.3333333333333334259, 1.000000000000000000),
 ( 1.000000000000000000, 0.3333333333333334259, 0.3333333333333334259, 1.000000000000000000),
 ( 1.000000000000000000, 0.3333333333333334259, 0.3333333333333334259, 1.000000000000000000),
 ( 1.000000000000000000, 0.3333333333333334259, 0.3333333333333334259, 1.000000000000000000),
 ( 1.000000000000000000, 0.3333333333333334259, 0.3333333333333334259, 1.000000000000000000),
 ( 1.000000000000000000, 0.3333333333333334259, 0.3333333333333334259, 1.000000000000000000),
 ( 1.000000000000000000, 0.3333333333333334259, 0.3333333333333334259, 1.000000000000000000),
 ( 1.000000000000000000, 0.3333333333333334259, 0.3333333333333334259, 1.000000000000000000),
 ( 1.000000000000000000, 0.3333333333333334259, 0.3333333333333334259, 1.000000000000000000),
 ( 1.000000000000000000, 0.3333333333333334259, 0.3333333333333334259, 1.000000000000000000),
 ( 1.000000000000000000, 0.3333333333333334259, 0.3333333333333334259, 1.000000000000000000),
 ( 1.000000000000000000, 0.3333333333333334259, 0.3333333333333334259, 1.000000000000000000),
 ( 1.000000000000000000, 0.3333333333333334259, 0.3333333333333334259, 1.000000000000000000) ) ) 
 REPRESENTATION_ITEM ( '' )  SURFACE ( )  );
#395 = CARTESIAN_POINT ( 'NONE',  ( 12.33729461807187811, 1.009873010768793211, -24.67458923614376687 ) ) ;
#396 = CARTESIAN_POINT ( 'NONE',  ( -17.91019258679358117, 1.408709205375067164, -35.82038517358714813 ) ) ;
#397 = CARTESIAN_POINT ( 'NONE',  ( -17.95267725149125582, 1.401111692410873077, 2.198568873216426862E-15 ) ) ;
#398 = CARTESIAN_POINT ( 'NONE',  ( -9.268644255858582426, 1.093874010886612735, 18.53728851171716485 ) ) ;
#399 = CARTESIAN_POINT ( 'NONE',  ( 17.75141055225266129, 1.446977868114493804, 35.50282110450531547 ) ) ;
#400 = CARTESIAN_POINT ( 'NONE',  ( -12.57478944286087774, 1.001859814752027678, 1.539967564115150203E-15 ) ) ;
#401 = CARTESIAN_POINT ( 'NONE',  ( -17.75141055225266129, 1.446977868114493804, 2.173920811316677367E-15 ) ) ;
#402 = CARTESIAN_POINT ( 'NONE',  ( -17.25135014776862974, 1.057415298232794232, 2.112681073943507038E-15 ) ) ;
#403 = CARTESIAN_POINT ( 'NONE',  ( -12.60245624164091183, 1.148402596828822730, 25.20491248328182365 ) ) ;
#404 = CARTESIAN_POINT ( 'NONE',  ( -17.79176678195252492, 1.008775748400054129, 2.178863024069436323E-15 ) ) ;
#405 = CARTESIAN_POINT ( 'NONE',  ( -9.268644255858584202, 1.093874010886612735, 1.135081552037271561E-15 ) ) ;
#406 = CARTESIAN_POINT ( 'NONE',  ( 17.81593163392020784, 1.006620071174722186, -35.63186326784043700 ) ) ;
#407 = CARTESIAN_POINT ( 'NONE',  ( -19.25457521090228497, 1.151336402251854629, 2.358005390097345705E-15 ) ) ;
#408 = CARTESIAN_POINT ( 'NONE',  ( 12.53671998251326691, 1.003725730177871034, 25.07343996502652317 ) ) ;
#409 = CARTESIAN_POINT ( 'NONE',  ( 18.02758766674821445, 0.9769530221059115060, 0.000000000000000000 ) ) ;
#410 = CARTESIAN_POINT ( 'NONE',  ( -9.056697611951047833, 1.098648613910045535, -18.11339522390208856 ) ) ;
#411 = CIRCLE ( 'NONE', #468, 20.00000000000000000 ) ;
#412 = CARTESIAN_POINT ( 'NONE',  ( -17.25135014776862974, 1.057415298232794232, 2.112681073943507038E-15 ) ) ;
#413 = CARTESIAN_POINT ( 'NONE',  ( 1.987720776247792198, 1.077394584656451881, 0.000000000000000000 ) ) ;
#414 = CARTESIAN_POINT ( 'NONE',  ( 12.57478944286087774, 1.001859814752027678, 0.000000000000000000 ) ) ;
#415 = CARTESIAN_POINT ( 'NONE',  ( 17.95267725149125226, 1.401111692410873077, 35.90535450298250453 ) ) ;
#416 = CARTESIAN_POINT ( 'NONE',  ( 9.056697611951046056, 1.098648613910045757, -2.218251148264265302E-15 ) ) ;
#417 = CARTESIAN_POINT ( 'NONE',  ( -15.42265043922110479, 1.218544453536770211, -30.84530087844218826 ) ) ;
#418 = CARTESIAN_POINT ( 'NONE',  ( 0.000000000000000000, 1.000000000000000000, -20.00000000000000000 ) ) ;
#419 = CARTESIAN_POINT ( 'NONE',  ( 8.844536125420207284, 1.011215805985844485, 0.000000000000000000 ) ) ;
#420 = CARTESIAN_POINT ( 'NONE',  ( -3.523671243039710799, 1.069652425872327894, 7.047342486079421597 ) ) ;
#421 = CARTESIAN_POINT ( 'NONE',  ( 15.58880087277217541, 1.195729241318517211, 0.000000000000000000 ) ) ;
#422 = CARTESIAN_POINT ( 'NONE',  ( 9.131416993120625492, 1.097061102479487849, -2.236552118460984477E-15 ) ) ;
#423 = CARTESIAN_POINT ( 'NONE',  ( -15.58880087277217541, 1.195729241318517211, 1.909077509138591014E-15 ) ) ;
#424 = CARTESIAN_POINT ( 'NONE',  ( -8.983713542196658963, 1.098448264806356045, 1.100187603390786737E-15 ) ) ;
#425 = CARTESIAN_POINT ( 'NONE',  ( 9.168830524663045267, 1.096206820373297086, 18.33766104932608698 ) ) ;
#426 = CARTESIAN_POINT ( 'NONE',  ( -1.144446994964193554, 1.079932268857970445, 1.401543349176706825E-16 ) ) ;
#427 = CARTESIAN_POINT ( 'NONE',  ( 15.56463948722713297, 1.197584174169176841, 31.12927897445425884 ) ) ;
#428 = CARTESIAN_POINT ( 'NONE',  ( -8.984824507239023816, 0.9623284186775089566, -17.96964901447804053 ) ) ;
#429 = CARTESIAN_POINT ( 'NONE',  ( 0.000000000000000000, 0.000000000000000000, 0.000000000000000000 ) ) ;
#430 = CARTESIAN_POINT ( 'NONE',  ( -15.75834998787812680, 1.182221434841278285, -31.51669997575623938 ) ) ;
#431 = CARTESIAN_POINT ( 'NONE',  ( -9.093941084541349085, 1.097975370115353178, 1.113686584081817362E-15 ) ) ;
#432 = APPLICATION_CONTEXT ( 'automotive_design' ) ;
#433 = CARTESIAN_POINT ( 'NONE',  ( 18.54356612587876185, 1.290031379586823457, 0.000000000000000000 ) ) ;
#434 = CARTESIAN_POINT ( 'NONE',  ( 15.46234332221042962, 1.002439822973477446, 30.92468664442085569 ) ) ;
#435 = CARTESIAN_POINT ( 'NONE',  ( 8.766117336900105528, 1.000676780912959307, -17.53223467380021816 ) ) ;
#436 = ORIENTED_EDGE ( 'NONE', *, *, #49, .F. ) ;
#437 = CARTESIAN_POINT ( 'NONE',  ( -15.54020354325603392, 1.199730396625413142, -31.08040708651205364 ) ) ;
#438 = CARTESIAN_POINT ( 'NONE',  ( -8.402261921624686991, 1.009516960398546770, 1.028980316791536199E-15 ) ) ;
#439 = CARTESIAN_POINT ( 'NONE',  ( 8.983713542196657187, 1.098448264806356045, 17.96742708439331082 ) ) ;
#440 = CARTESIAN_POINT ( 'NONE',  ( -0.1505852143515521158, 1.081052366380976348, 0.3011704287031042315 ) ) ;
#441 = CARTESIAN_POINT ( 'NONE',  ( -17.25135014776862974, 1.057415298232794232, 2.112681073943507038E-15 ) ) ;
#442 = VERTEX_POINT ( 'NONE', #732 ) ;
#443 = CARTESIAN_POINT ( 'NONE',  ( -14.51578206211213917, 1.049978025727191122, 1.777670603948619834E-15 ) ) ;
#444 = CARTESIAN_POINT ( 'NONE',  ( 0.000000000000000000, 1.081060399999999921, 0.000000000000000000 ) ) ;
#445 = CARTESIAN_POINT ( 'NONE',  ( 9.093941084541349085, 1.097975370115353178, 0.000000000000000000 ) ) ;
#446 = CARTESIAN_POINT ( 'NONE',  ( 19.88649183883801896, 1.023453564620538048, 0.000000000000000000 ) ) ;
#447 = CARTESIAN_POINT ( 'NONE',  ( 15.51679038290437340, 1.200775636556898007, 0.000000000000000000 ) ) ;
#448 = CARTESIAN_POINT ( 'NONE',  ( -1.144446994964193776, 1.079932268857970445, -2.288893989928386663 ) ) ;
#449 = ORIENTED_EDGE ( 'NONE', *, *, #719, .T. ) ;
#450 = CARTESIAN_POINT ( 'NONE',  ( -13.09906517189214803, 1.115695284255741493, -26.19813034378428185 ) ) ;
#451 = PRESENTATION_LAYER_ASSIGNMENT (  '', '', ( #304 ) ) ;
#452 = CARTESIAN_POINT ( 'NONE',  ( 10.05457365010870596, 1.074677635997141945, 0.000000000000000000 ) ) ;
#453 = CARTESIAN_POINT ( 'NONE',  ( -15.31011263941726774, 1.009467749381731894, 30.62022527883453549 ) ) ;
#454 = DIRECTION ( 'NONE',  ( 0.000000000000000000, -1.000000000000000000, -0.000000000000000000 ) ) ;
#455 = CARTESIAN_POINT ( 'NONE',  ( -12.79272408643406322, 1.129062827064956975, -25.58544817286811579 ) ) ;
#456 = CARTESIAN_POINT ( 'NONE',  ( 15.61303572796694539, 1.193792404174607746, 0.000000000000000000 ) ) ;
#457 = CARTESIAN_POINT ( 'NONE',  ( -15.31011263941726952, 1.009467749381731894, 1.874948043844779256E-15 ) ) ;
#458 = CARTESIAN_POINT ( 'NONE',  ( -1.144446994964193554, 1.079932268857970445, 1.401543349176706825E-16 ) ) ;
#459 = CARTESIAN_POINT ( 'NONE',  ( -18.78543048179366792, 1.243505718252097658, 37.57086096358733585 ) ) ;
#460 = CARTESIAN_POINT ( 'NONE',  ( -12.67900089615570813, 1.132799173539398296, -25.35800179231139850 ) ) ;
#461 = CARTESIAN_POINT ( 'NONE',  ( 18.99873680962867084, 1.201907349800566793, -37.99747361925736300 ) ) ;
#462 = CARTESIAN_POINT ( 'NONE',  ( 9.742703114324196889, 1.082494106911059406, 0.000000000000000000 ) ) ;
#463 = CARTESIAN_POINT ( 'NONE',  ( 15.27182995670938759, 1.011450342872764363, 30.54365991341876807 ) ) ;
#464 = CARTESIAN_POINT ( 'NONE',  ( 19.99290606852853713, 1.001467464794642437, 0.000000000000000000 ) ) ;
#465 = CARTESIAN_POINT ( 'NONE',  ( -12.92675411625737603, 1.123243654847318362, -25.85350823251474139 ) ) ;
#466 = CARTESIAN_POINT ( 'NONE',  ( -18.54356612587876540, 1.290031379586823457, -37.08713225175751660 ) ) ;
#467 = CARTESIAN_POINT ( 'NONE',  ( 15.27182995670938759, 1.011450342872764363, 0.000000000000000000 ) ) ;
#468 = AXIS2_PLACEMENT_3D ( 'NONE', #525, #999, #374 ) ;
#469 = CARTESIAN_POINT ( 'NONE',  ( -13.88404356241591131, 1.080227051790146442, 27.76808712483182262 ) ) ;
#470 = CARTESIAN_POINT ( 'NONE',  ( -18.78543048179367148, 1.243505718252097880, 2.300551731013374628E-15 ) ) ;
#471 = CARTESIAN_POINT ( 'NONE',  ( 10.05457365010870063, 1.074677635997141945, -20.10914730021741192 ) ) ;
#472 =( NAMED_UNIT ( * ) PLANE_ANGLE_UNIT ( ) SI_UNIT ( $, .RADIAN. ) );
#473 = CARTESIAN_POINT ( 'NONE',  ( 15.66146581134536575, 1.189955472956447657, 0.000000000000000000 ) ) ;
#474 = CARTESIAN_POINT ( 'NONE',  ( -15.27182995670938759, 1.011450342872764363, 1.870259767360681431E-15 ) ) ;
#475 = CARTESIAN_POINT ( 'NONE',  ( 0.000000000000000000, 1.000000000000000000, 0.000000000000000000 ) ) ;
#476 = CARTESIAN_POINT ( 'NONE',  ( -11.66376048336297266, 1.030890954362423839, 1.428398694197185069E-15 ) ) ;
#477 = CARTESIAN_POINT ( 'NONE',  ( 17.97402149014923012, 1.397186168250449168, -4.402365577143398772E-15 ) ) ;
#478 = CARTESIAN_POINT ( 'NONE',  ( -15.66146581134536575, 1.189955472956447657, 1.917976397581980709E-15 ) ) ;
#479 = CARTESIAN_POINT ( 'NONE',  ( -10.05457365010870419, 1.074677635997141945, 20.10914730021740837 ) ) ;
#480 = CARTESIAN_POINT ( 'NONE',  ( 17.70303805939488839, 1.016794765555397939, 0.000000000000000000 ) ) ;
#481 = CARTESIAN_POINT ( 'NONE',  ( -10.90286046612375515, 1.052709710240094632, 1.335215317138867451E-15 ) ) ;
#482 = CARTESIAN_POINT ( 'NONE',  ( -18.19480281020579682, 1.356060482383286470, 2.228220702263579588E-15 ) ) ;
#483 = CARTESIAN_POINT ( 'NONE',  ( -15.61303572796694539, 1.193792404174607746, 1.912045422922798693E-15 ) ) ;
#484 = CARTESIAN_POINT ( 'NONE',  ( 9.268644255858582426, 1.093874010886612735, 18.53728851171716485 ) ) ;
#485 = CARTESIAN_POINT ( 'NONE',  ( -17.84024514376963566, 1.004293341453797117, 35.68049028753927132 ) ) ;
#486 =( GEOMETRIC_REPRESENTATION_CONTEXT ( 3 ) GLOBAL_UNCERTAINTY_ASSIGNED_CONTEXT ( ( #1060 ) ) GLOBAL_UNIT_ASSIGNED_CONTEXT ( ( #376, #472, #630 ) ) REPRESENTATION_CONTEXT ( 'NONE', 'WORKASPACE' ) );
#487 = CARTESIAN_POINT ( 'NONE',  ( 12.42460603710273581, 1.007130599161914164, -3.043150802800948868E-15 ) ) ;
#488 = CARTESIAN_POINT ( 'NONE',  ( 17.93121302640951953, 1.405171977253203197, -35.86242605281906037 ) ) ;
#489 = CARTESIAN_POINT ( 'NONE',  ( -15.43475225036211995, 1.002752097615531079, 1.890211993903837578E-15 ) ) ;
#490 = CARTESIAN_POINT ( 'NONE',  ( -12.38718434686138181, 1.008310547713949568, 1.516992566083199065E-15 ) ) ;
#491 = CARTESIAN_POINT ( 'NONE',  ( 8.402261921624686991, 1.009516960398546770, 0.000000000000000000 ) ) ;
#492 = CARTESIAN_POINT ( 'NONE',  ( 17.79176678195252492, 1.008775748400054129, 0.000000000000000000 ) ) ;
#493 = CARTESIAN_POINT ( 'NONE',  ( 9.455763476574515991, 1.089468953494857617, -2.315994095016286076E-15 ) ) ;
#494 = CARTESIAN_POINT ( 'NONE',  ( 17.86400265465849913, 1.002591225870178571, -4.375418734197470345E-15 ) ) ;
#495 = CARTESIAN_POINT ( 'NONE',  ( -20.00000000000000000, 1.000000000000000000, 2.449293598294706513E-15 ) ) ;
#496 = CARTESIAN_POINT ( 'NONE',  ( -11.66376048336297266, 1.030890954362423839, 1.428398694197185069E-15 ) ) ;
#497 = CARTESIAN_POINT ( 'NONE',  ( 17.93121302640953019, 1.405171977253203197, 35.86242605281904616 ) ) ;
#498 = CARTESIAN_POINT ( 'NONE',  ( -8.191461923243133825, 1.013075913013881113, -16.38292384648625699 ) ) ;
#499 = CARTESIAN_POINT ( 'NONE',  ( 17.95267725149124161, 1.401111692410873077, -35.90535450298250453 ) ) ;
#500 = CARTESIAN_POINT ( 'NONE',  ( -17.70303805939488839, 1.016794765555397939, 2.167996889462171885E-15 ) ) ;
#501 = CARTESIAN_POINT ( 'NONE',  ( -12.33729461807188343, 1.009873010768792989, 1.510882836415960056E-15 ) ) ;
#502 = CARTESIAN_POINT ( 'NONE',  ( -8.672586901175064256, 1.005529073370777571, 17.34517380235012851 ) ) ;
#503 = CARTESIAN_POINT ( 'NONE',  ( 17.81593163392021850, 1.006620071174722186, 35.63186326784042990 ) ) ;
#504 = CARTESIAN_POINT ( 'NONE',  ( -8.311907294756800013, 1.011063929886906632, -16.62381458951359647 ) ) ;
#505 = EDGE_CURVE ( 'NONE', #1052, #900, #1122, .T. ) ;
#506 = CARTESIAN_POINT ( 'NONE',  ( -15.40574378613102446, 1.004567374092396159, 1.886659481616958439E-15 ) ) ;
#507 = CARTESIAN_POINT ( 'NONE',  ( -9.742703114324196889, 1.082494106911059406, 1.193137018400007504E-15 ) ) ;
#508 = CARTESIAN_POINT ( 'NONE',  ( -9.018586246688190755, 1.100204980776276820, 18.03717249337638151 ) ) ;
#509 = CARTESIAN_POINT ( 'NONE',  ( 7.167613812420845498, 1.029629927195718331, 14.33522762484168567 ) ) ;
#510 = CARTESIAN_POINT ( 'NONE',  ( -15.46234332221042962, 1.002439822973477446, 1.893590925686245387E-15 ) ) ;
#511 = CARTESIAN_POINT ( 'NONE',  ( -8.311907294756800013, 1.011063929886906632, 1.017915066333345011E-15 ) ) ;
#512 = CARTESIAN_POINT ( 'NONE',  ( -15.75834998787812502, 1.182221434841278285, 1.929841287249867572E-15 ) ) ;
#513 = CARTESIAN_POINT ( 'NONE',  ( -12.70624063491673539, 1.133108333666563938, 1.556065692274681453E-15 ) ) ;
#514 = B_SPLINE_CURVE_WITH_KNOTS ( 'NONE', 3,
 ( #99, #1144, #516, #446, #789, #78, #1041, #342, #187, #433, #625, #360, #982, #795, #713, #876, #1065, #271, #608, #620, #1071, #977, #252, #1150, #706, #601, #958, #893, #920, #128, #818, #197, #473, #456, #903, #105, #20, #1002, #202, #1098, #835, #371, #36, #386, #31, #638, #467, #296, #111, #649, #643, #631, #729, #992, #1093, #898, #745, #909, #1083, #654, #740, #122, #285, #192, #724, #301, #552, #117, #291, #381, #540, #452, #462, #812, #914, #997, #735, #15, #365, #546, #824, #986, #563, #830, #212, #1077, #279, #26, #377, #207, #1088, #557, #573, #846, #318, #413, #1012, #1007, #757, #144 ),
 .UNSPECIFIED., .F., .F.,
 ( 4, 1, 1, 1, 1, 1, 1, 1, 1, 1, 1, 1, 1, 1, 1, 1, 1, 1, 1, 1, 1, 1, 1, 1, 1, 1, 1, 1, 1, 1, 1, 1, 1, 1, 1, 1, 1, 1, 1, 1, 1, 1, 1, 1, 1, 1, 1, 1, 1, 1, 1, 1, 1, 1, 1, 1, 1, 1, 1, 1, 1, 1, 1, 1, 1, 1, 1, 1, 1, 1, 1, 1, 1, 1, 1, 1, 1, 1, 1, 1, 1, 1, 1, 1, 1, 1, 1, 1, 1, 1, 1, 1, 1, 1, 1, 1, 1, 4 ),
 ( 0.000000000000000000, 0.001039491485358312595, 0.002078984306605025090, 0.01351337513678363411, 0.02494782702740550029, 0.03846122159675813279, 0.04573763444606604445, 0.06236952048486177347, 0.06964595819199492777, 0.08108036124084994078, 0.08835681142900886353, 0.09459375697963368079, 0.09771226113093833820, 0.09875172750119132203, 0.09979124612488710078, 0.1008307247285451513, 0.1018702095250817452, 0.1029096996978577927, 0.1226627545646645778, 0.1238248601585539843, 0.1249869051310744661, 0.1261490324067758850, 0.1273110990957087019, 0.1284731532822940281, 0.1296352421902957630, 0.1307973182002218904, 0.1342835647241820141, 0.1947118246334469394, 0.2051705997918433777, 0.2179534880404248032, 0.2260880430746160519, 0.2307363689058132827, 0.2318984936133458019, 0.2330605592899031020, 0.2342226136345042509, 0.2353847047244093105, 0.2365467845174528128, 0.2377089003393165756, 0.2474362078858705072, 0.2488112340579695658, 0.2501863010021203593, 0.2515613609652369576, 0.2529364142089617351, 0.2543114602490362808, 0.2556865473621097173, 0.2584366527992930651, 0.2598117191637306922, 0.2804375675066376195, 0.3423151738610495931, 0.3505655488141221632, 0.3643161247476940368, 0.3711914302003272992, 0.3753165819144658188, 0.3766916370057781238, 0.3780666861040712368, 0.3794417772163820590, 0.3808168149869671781, 0.3821918947975387892, 0.3835669208815114528, 0.3900358328067213831, 0.3918265079672083040, 0.3936171776271091272, 0.3954077941477860403, 0.3971984530077909969, 0.3989891065675802428, 0.4007798024997555331, 0.4025704453557091833, 0.4043610828089495568, 0.4079423898288802031, 0.4992658478781283327, 0.5135910578318250153, 0.5297069791986321885, 0.5440322224388598471, 0.5547761585383117477, 0.5565668133634655845, 0.5583574690824584241, 0.5601481256005451659, 0.5619387782623610494, 0.5637294365378369143, 0.5655200908797534121, 0.5673107461951587549, 0.5721587590725163430, 0.5764803860527247803, 0.5808020179171569097, 0.5851236453314672126, 0.5894452731385916300, 0.5937669016499578234, 0.5980885307623626801, 0.6024101608664812479, 0.6067317871620114822, 0.6153750433367737305, 0.6240183006054733639, 0.7320590221312832657, 0.8573862519271163718, 0.9049241704269259667, 0.9524620845168668692, 0.9783918563161154713, 1.000000000000000000 ),
 .UNSPECIFIED. ) ;
#515 = CARTESIAN_POINT ( 'NONE',  ( 8.766117336900109080, 1.000676780912959307, 17.53223467380021106 ) ) ;
#516 = CARTESIAN_POINT ( 'NONE',  ( 19.97871819646893954, 1.004402396269819198, 0.000000000000000000 ) ) ;
#517 = CARTESIAN_POINT ( 'NONE',  ( 15.42265043922109946, 1.218544453536770433, 0.000000000000000000 ) ) ;
#518 = CARTESIAN_POINT ( 'NONE',  ( -8.910027125084701183, 1.115066788946184939, 1.091163619905107235E-15 ) ) ;
#519 = ORIENTED_EDGE ( 'NONE', *, *, #860, .T. ) ;
#520 = CARTESIAN_POINT ( 'NONE',  ( -16.15387460245579732, 1.150183142308132345, 1.978279082572521599E-15 ) ) ;
#521 = DIRECTION ( 'NONE',  ( -0.000000000000000000, -1.000000000000000000, -0.000000000000000000 ) ) ;
#522 = CARTESIAN_POINT ( 'NONE',  ( -7.167613812420842834, 1.029629927195718331, 14.33522762484168922 ) ) ;
#523 = CARTESIAN_POINT ( 'NONE',  ( 16.73497119741566053, 1.102109867813014787, 0.000000000000000000 ) ) ;
#524 = CARTESIAN_POINT ( 'NONE',  ( -9.168830524663045267, 1.096206820373297086, 1.122857895395314619E-15 ) ) ;
#525 = CARTESIAN_POINT ( 'NONE',  ( 0.000000000000000000, 1.000000000000000000, 0.000000000000000000 ) ) ;
#526 = CARTESIAN_POINT ( 'NONE',  ( 15.56463948722713120, 1.197584174169176841, -3.812237185583041880E-15 ) ) ;
#527 = CARTESIAN_POINT ( 'NONE',  ( -8.672586901175064256, 1.005529073370777571, 1.062085578885130567E-15 ) ) ;
#528 = CARTESIAN_POINT ( 'NONE',  ( 0.1505852143515521435, 1.081052366380976348, 0.000000000000000000 ) ) ;
#529 = CARTESIAN_POINT ( 'NONE',  ( 15.40574378613102446, 1.004567374092396159, 30.81148757226204538 ) ) ;
#530 =( LENGTH_UNIT ( ) NAMED_UNIT ( * ) SI_UNIT ( .MILLI., .METRE. ) );
#531 = EDGE_LOOP ( 'NONE', ( #102, #11, #879, #961, #543 ) ) ;
#532 = CARTESIAN_POINT ( 'NONE',  ( 12.73535928524205829, 1.131460122270636859, -25.47071857048412724 ) ) ;
#533 = CARTESIAN_POINT ( 'NONE',  ( -9.056697611951046056, 1.098648613910045757, 1.109125574132132651E-15 ) ) ;
#534 = CARTESIAN_POINT ( 'NONE',  ( 9.056697611951046056, 1.098648613910045535, 18.11339522390208856 ) ) ;
#535 = CARTESIAN_POINT ( 'NONE',  ( 1.987720776247792198, 1.077394584656451881, 0.000000000000000000 ) ) ;
#536 = CARTESIAN_POINT ( 'NONE',  ( 15.54020354325603215, 1.199730396625413142, 31.08040708651205719 ) ) ;
#537 = CARTESIAN_POINT ( 'NONE',  ( 1.987720776247791532, 1.077394584656452103, -3.975441552495585285 ) ) ;
#538 = CARTESIAN_POINT ( 'NONE',  ( -15.27182995670938759, 1.011450342872764363, 1.870259767360681431E-15 ) ) ;
#539 = CARTESIAN_POINT ( 'NONE',  ( 18.36565414739912683, 1.323901513819561560, -36.73130829479827497 ) ) ;
#540 = CARTESIAN_POINT ( 'NONE',  ( 10.90286046612375515, 1.052709710240094632, 0.000000000000000000 ) ) ;
#541 = CARTESIAN_POINT ( 'NONE',  ( 15.09957050734712958, 1.020333424806934453, 0.000000000000000000 ) ) ;
#542 = CARTESIAN_POINT ( 'NONE',  ( 8.040894951905229959, 1.015559237524544356, -1.969451253026170081E-15 ) ) ;
#543 = ORIENTED_EDGE ( 'NONE', *, *, #104, .F. ) ;
#544 = CARTESIAN_POINT ( 'NONE',  ( 14.51578206211213917, 1.049978025727191122, -3.555341207897239668E-15 ) ) ;
#545 = PRODUCT_DEFINITION_FORMATION_WITH_SPECIFIED_SOURCE ( 'ไป', '', #1147, .NOT_KNOWN. ) ;
#546 = CARTESIAN_POINT ( 'NONE',  ( 9.018586246688190755, 1.100204980776276820, 0.000000000000000000 ) ) ;
#547 = CARTESIAN_POINT ( 'NONE',  ( 12.84057955052124811, 1.127003471505461096, 0.000000000000000000 ) ) ;
#548 = CARTESIAN_POINT ( 'NONE',  ( 8.191461923243132048, 1.013075913013881113, -2.006329524927424492E-15 ) ) ;
#549 = CARTESIAN_POINT ( 'NONE',  ( -20.00000000000000000, 1.000000000000000000, 2.449293598294706513E-15 ) ) ;
#550 = CARTESIAN_POINT ( 'NONE',  ( 13.30010845043612910, 1.106719050075173350, -3.257587048427853746E-15 ) ) ;
#551 = CARTESIAN_POINT ( 'NONE',  ( -20.00000000000000000, 1.000000000000000000, 2.449293598294706513E-15 ) ) ;
#552 = CARTESIAN_POINT ( 'NONE',  ( 12.42460603710273581, 1.007130599161914164, 0.000000000000000000 ) ) ;
#553 = CARTESIAN_POINT ( 'NONE',  ( -12.79272408643405790, 1.129062827064956975, 25.58544817286811579 ) ) ;
#554 = CARTESIAN_POINT ( 'NONE',  ( 19.99290606852853713, 1.001467464794642437, 39.98581213705706716 ) ) ;
#555 = CARTESIAN_POINT ( 'NONE',  ( 15.27182995670938226, 1.011450342872764363, -30.54365991341877518 ) ) ;
#556 = SURFACE_SIDE_STYLE ('',( #996 ) ) ;
#557 = CARTESIAN_POINT ( 'NONE',  ( 8.040894951905229959, 1.015559237524544356, 0.000000000000000000 ) ) ;
#558 = CARTESIAN_POINT ( 'NONE',  ( 12.79272408643405967, 1.129062827064956975, 25.58544817286811579 ) ) ;
#559 = CARTESIAN_POINT ( 'NONE',  ( 18.99873680962868150, 1.201907349800566793, 37.99747361925735589 ) ) ;
#560 = UNCERTAINTY_MEASURE_WITH_UNIT (LENGTH_MEASURE( 1.000000000000000082E-05 ), #530, 'distance_accuracy_value', 'NONE');
#561 = CARTESIAN_POINT ( 'NONE',  ( 12.67900089615570280, 1.132799173539398518, -3.105459572772700790E-15 ) ) ;
#562 = CARTESIAN_POINT ( 'NONE',  ( -18.78543048179367148, 1.243505718252097880, 2.300551731013374628E-15 ) ) ;
#563 = CARTESIAN_POINT ( 'NONE',  ( 8.984824507239022040, 0.9623284186775089566, 0.000000000000000000 ) ) ;
#564 = CARTESIAN_POINT ( 'NONE',  ( -12.76397424881049325, 1.130333079925257556, 1.563136020820501250E-15 ) ) ;
#565 = CARTESIAN_POINT ( 'NONE',  ( 2.449293598294706513E-15, 0.000000000000000000, 20.00000000000000000 ) ) ;
#566 = CARTESIAN_POINT ( 'NONE',  ( -12.42460603710273936, 1.007130599161913942, -24.84921207420546452 ) ) ;
#567 = CARTESIAN_POINT ( 'NONE',  ( 17.95267725149125582, 1.401111692410873077, -4.397137746432853725E-15 ) ) ;
#568 = CARTESIAN_POINT ( 'NONE',  ( -16.15387460245579732, 1.150183142308132345, 1.978279082572521599E-15 ) ) ;
#569 = CARTESIAN_POINT ( 'NONE',  ( 12.38718434686138181, 1.008310547713949568, 24.77436869372276007 ) ) ;
#570 = CARTESIAN_POINT ( 'NONE',  ( 19.88649183883801896, 1.023453564620538048, 0.000000000000000000 ) ) ;
#571 = CARTESIAN_POINT ( 'NONE',  ( 12.53671998251326514, 1.003725730177871034, -3.070610799678306731E-15 ) ) ;
#572 = CARTESIAN_POINT ( 'NONE',  ( -17.93121302640953019, 1.405171977253203197, 2.195940263762175372E-15 ) ) ;
#573 = CARTESIAN_POINT ( 'NONE',  ( 7.167613812420845498, 1.029629927195718331, 0.000000000000000000 ) ) ;
#574 = CARTESIAN_POINT ( 'NONE',  ( 12.60977451110728786, 1.003185808184092309, 0.000000000000000000 ) ) ;
#575 = CARTESIAN_POINT ( 'NONE',  ( -18.19480281020579326, 1.356060482383286470, 36.38960562041158653 ) ) ;
#576 = CARTESIAN_POINT ( 'NONE',  ( 12.60977451110728076, 1.003185808184092309, -25.21954902221456862 ) ) ;
#577 = PRODUCT_RELATED_PRODUCT_CATEGORY ( 'part', '', ( #1147 ) ) ;
#578 = CARTESIAN_POINT ( 'NONE',  ( -18.19480281020580037, 1.356060482383286470, -36.38960562041158653 ) ) ;
#579 = CARTESIAN_POINT ( 'NONE',  ( -17.76756202427716858, 1.010973665007323330, 2.175898796168310038E-15 ) ) ;
#580 = CARTESIAN_POINT ( 'NONE',  ( -12.42460603710273226, 1.007130599161913942, 24.84921207420546452 ) ) ;
#581 = CARTESIAN_POINT ( 'NONE',  ( 18.02758766674821445, 0.9769530221059116171, 36.05517533349642179 ) ) ;
#582 = CARTESIAN_POINT ( 'NONE',  ( 10.05457365010870596, 1.074677635997141945, -2.462660287479389050E-15 ) ) ;
#583 = CARTESIAN_POINT ( 'NONE',  ( -17.84024514376964277, 1.004293341453797117, -35.68049028753927132 ) ) ;
#584 = CARTESIAN_POINT ( 'NONE',  ( -15.40574378613102446, 1.004567374092396159, 1.886659481616958439E-15 ) ) ;
#585 = CARTESIAN_POINT ( 'NONE',  ( 12.53671998251326514, 1.003725730177871034, 0.000000000000000000 ) ) ;
#586 = CARTESIAN_POINT ( 'NONE',  ( -17.97402149014923012, 1.397186168250449168, 2.201182788571699386E-15 ) ) ;
#587 = CARTESIAN_POINT ( 'NONE',  ( 9.131416993120620162, 1.097061102479487849, -18.26283398624125098 ) ) ;
#588 = CARTESIAN_POINT ( 'NONE',  ( 17.74336761012248687, 1.013156328314543497, -4.345871669966265397E-15 ) ) ;
#589 = CARTESIAN_POINT ( 'NONE',  ( -18.54356612587876185, 1.290031379586823457, 2.270931890083471008E-15 ) ) ;
#590 = SHAPE_DEFINITION_REPRESENTATION ( #674, #88 ) ;
#591 = CARTESIAN_POINT ( 'NONE',  ( 10.90286046612375515, 1.052709710240094632, 0.000000000000000000 ) ) ;
#592 = CARTESIAN_POINT ( 'NONE',  ( -17.76756202427716858, 1.010973665007323330, 2.175898796168310038E-15 ) ) ;
#593 = CARTESIAN_POINT ( 'NONE',  ( 9.268644255858584202, 1.093874010886612735, -2.270163104074543122E-15 ) ) ;
#594 = CARTESIAN_POINT ( 'NONE',  ( 15.46234332221042429, 1.002439822973477446, -30.92468664442085924 ) ) ;
#595 = CARTESIAN_POINT ( 'NONE',  ( -12.79272408643405967, 1.129062827064956975, 1.566656860482671915E-15 ) ) ;
#596 = CARTESIAN_POINT ( 'NONE',  ( 18.08085793029657395, 1.377355921937331695, 36.16171586059314791 ) ) ;
#597 = CARTESIAN_POINT ( 'NONE',  ( 8.583105266235481423, 1.006236124566350254, -2.102254478208014668E-15 ) ) ;
#598 = CARTESIAN_POINT ( 'NONE',  ( 15.75834998787812502, 1.182221434841278285, -3.859682574499735145E-15 ) ) ;
#599 = DIRECTION ( 'NONE',  ( -0.000000000000000000, -1.000000000000000000, -0.000000000000000000 ) ) ;
#600 = CARTESIAN_POINT ( 'NONE',  ( -8.983713542196658963, 1.098448264806356045, 1.100187603390786737E-15 ) ) ;
#601 = CARTESIAN_POINT ( 'NONE',  ( 17.74336761012248687, 1.013156328314543497, 0.000000000000000000 ) ) ;
#602 = CARTESIAN_POINT ( 'NONE',  ( -15.75834998787811969, 1.182221434841278285, 31.51669997575623938 ) ) ;
#603 = CARTESIAN_POINT ( 'NONE',  ( -8.983713542196660740, 1.098448264806356045, -17.96742708439331082 ) ) ;
#604 = CARTESIAN_POINT ( 'NONE',  ( -15.46234332221043495, 1.002439822973477446, -30.92468664442084858 ) ) ;
#605 = CARTESIAN_POINT ( 'NONE',  ( -13.30010845043612910, 1.106719050075173350, 1.628793524213926873E-15 ) ) ;
#606 = DIRECTION ( 'NONE',  ( 0.000000000000000000, 0.000000000000000000, 1.000000000000000000 ) ) ;
#607 = CARTESIAN_POINT ( 'NONE',  ( -8.766117336900109080, 1.000676780912959307, 1.073539753758483737E-15 ) ) ;
#608 = CARTESIAN_POINT ( 'NONE',  ( 17.75141055225266129, 1.446977868114493804, 0.000000000000000000 ) ) ;
#609 = CARTESIAN_POINT ( 'NONE',  ( -15.42265043922109946, 1.218544453536770433, 1.888729949476064062E-15 ) ) ;
#610 = CARTESIAN_POINT ( 'NONE',  ( 8.844536125420207284, 1.011215805985844485, -2.166286571187797894E-15 ) ) ;
#611 = EDGE_LOOP ( 'NONE', ( #1153, #519, #351, #436 ) ) ;
#612 = CARTESIAN_POINT ( 'NONE',  ( -15.40574378613102802, 1.004567374092396159, -30.81148757226203827 ) ) ;
#613 = CARTESIAN_POINT ( 'NONE',  ( -13.88404356241591486, 1.080227051790146442, 1.700304950793506443E-15 ) ) ;
#614 = CARTESIAN_POINT ( 'NONE',  ( -8.040894951905229959, 1.015559237524544356, 9.847256265130850406E-16 ) ) ;
#615 = CARTESIAN_POINT ( 'NONE',  ( -15.75834998787812502, 1.182221434841278285, 1.929841287249867572E-15 ) ) ;
#616 = CARTESIAN_POINT ( 'NONE',  ( 0.1505852143515521435, 1.081052366380976348, -3.688274015090928292E-17 ) ) ;
#617 = CARTESIAN_POINT ( 'NONE',  ( 15.51679038290436807, 1.200775636556898007, -31.03358076580874680 ) ) ;
#618 = CARTESIAN_POINT ( 'NONE',  ( -12.73535928524206362, 1.131460122270636859, 1.559631698466321825E-15 ) ) ;
#619 = CARTESIAN_POINT ( 'NONE',  ( -8.984824507239020264, 0.9623284186775089566, 17.96964901447804053 ) ) ;
#620 = CARTESIAN_POINT ( 'NONE',  ( 18.02758766674821445, 0.9769530221059115060, 0.000000000000000000 ) ) ;
#621 = CARTESIAN_POINT ( 'NONE',  ( -15.54020354325603037, 1.199730396625413364, 1.903126052734685472E-15 ) ) ;
#622 = CARTESIAN_POINT ( 'NONE',  ( -5.481211967592265033, 1.052638997805674714, -10.96242393518452474 ) ) ;
#623 = CARTESIAN_POINT ( 'NONE',  ( -15.37711503279199654, 1.005976582099039174, 1.883153470502936701E-15 ) ) ;
#624 = CARTESIAN_POINT ( 'NONE',  ( -18.36565414739914104, 1.323901513819561560, -36.73130829479826787 ) ) ;
#625 = CARTESIAN_POINT ( 'NONE',  ( 18.36565414739913749, 1.323901513819561560, 0.000000000000000000 ) ) ;
#626 = CARTESIAN_POINT ( 'NONE',  ( 12.92675411625737425, 1.123243654847318362, 0.000000000000000000 ) ) ;
#627 =( NAMED_UNIT ( * ) SI_UNIT ( $, .STERADIAN. ) SOLID_ANGLE_UNIT ( ) );
#628 = VERTEX_POINT ( 'NONE', #119 ) ;
#629 = CARTESIAN_POINT ( 'NONE',  ( 12.92675411625737425, 1.123243654847318362, -3.166141610367893089E-15 ) ) ;
#630 =( NAMED_UNIT ( * ) SI_UNIT ( $, .STERADIAN. ) SOLID_ANGLE_UNIT ( ) );
#631 = CARTESIAN_POINT ( 'NONE',  ( 13.09906517189214625, 1.115695284255741493, 0.000000000000000000 ) ) ;
#632 = CARTESIAN_POINT ( 'NONE',  ( -12.92675411625737425, 1.123243654847318362, 1.583070805183946545E-15 ) ) ;
#633 = CARTESIAN_POINT ( 'NONE',  ( 1.987720776247792198, 1.077394584656451881, -4.868511772461101444E-16 ) ) ;
#634 = CARTESIAN_POINT ( 'NONE',  ( -18.54356612587875830, 1.290031379586823457, 37.08713225175751660 ) ) ;
#635 = CARTESIAN_POINT ( 'NONE',  ( 15.40574378613102446, 1.004567374092396159, -3.773318963233916878E-15 ) ) ;
#636 = CARTESIAN_POINT ( 'NONE',  ( 19.99290606852853713, 1.001467464794642437, -4.896849684495433464E-15 ) ) ;
#637 = AXIS2_PLACEMENT_3D ( 'NONE', #6, #521, #347 ) ;
#638 = CARTESIAN_POINT ( 'NONE',  ( 15.31011263941726952, 1.009467749381731894, 0.000000000000000000 ) ) ;
#639 = CARTESIAN_POINT ( 'NONE',  ( 12.67900089615570280, 1.132799173539398518, 0.000000000000000000 ) ) ;
#640 = CARTESIAN_POINT ( 'NONE',  ( -19.99290606852853358, 1.001467464794642437, 39.98581213705706716 ) ) ;
#641 = CARTESIAN_POINT ( 'NONE',  ( -15.34838419384909436, 1.007490892425114470, -30.69676838769817451 ) ) ;
#642 = FILL_AREA_STYLE_COLOUR ( '', #951 ) ;
#643 = CARTESIAN_POINT ( 'NONE',  ( 13.30010845043612910, 1.106719050075173350, 0.000000000000000000 ) ) ;
#644 = CARTESIAN_POINT ( 'NONE',  ( 12.76397424881049325, 1.130333079925257556, 0.000000000000000000 ) ) ;
#645 = CARTESIAN_POINT ( 'NONE',  ( 20.00000000000000000, 1.000000000000000000, 0.000000000000000000 ) ) ;
#646 = CARTESIAN_POINT ( 'NONE',  ( -13.88404356241591842, 1.080227051790146442, -27.76808712483182262 ) ) ;
#647 = CARTESIAN_POINT ( 'NONE',  ( -19.88649183883802252, 1.023453564620538048, -39.77298367767603082 ) ) ;
#648 = ADVANCED_FACE ( 'NONE', ( #656 ), #394, .T. ) ;
#649 = CARTESIAN_POINT ( 'NONE',  ( 13.88404356241591486, 1.080227051790146442, 0.000000000000000000 ) ) ;
#650 = CARTESIAN_POINT ( 'NONE',  ( -12.79272408643405967, 1.129062827064956975, 1.566656860482671915E-15 ) ) ;
#651 = CARTESIAN_POINT ( 'NONE',  ( 18.36565414739913749, 1.323901513819561560, 36.73130829479826787 ) ) ;
#652 = CARTESIAN_POINT ( 'NONE',  ( 9.742703114324189784, 1.082494106911059628, -19.48540622864839023 ) ) ;
#653 = CARTESIAN_POINT ( 'NONE',  ( -17.75141055225266484, 1.446977868114493804, -35.50282110450531547 ) ) ;
#654 = CARTESIAN_POINT ( 'NONE',  ( 12.60245624164091538, 1.148402596828822730, 0.000000000000000000 ) ) ;
#655 = CARTESIAN_POINT ( 'NONE',  ( 9.455763476574515991, 1.089468953494857617, 0.000000000000000000 ) ) ;
#656 = FACE_OUTER_BOUND ( 'NONE', #889, .T. ) ;
#657 = CARTESIAN_POINT ( 'NONE',  ( 12.33729461807188343, 1.009873010768792989, -3.021765672831920112E-15 ) ) ;
#658 = CARTESIAN_POINT ( 'NONE',  ( 17.75141055225266129, 1.446977868114493804, -4.347841622633354734E-15 ) ) ;
#659 = CARTESIAN_POINT ( 'NONE',  ( -15.51679038290437340, 1.200775636556898007, 1.900258767546427287E-15 ) ) ;
#660 = CARTESIAN_POINT ( 'NONE',  ( 10.05457365010870596, 1.074677635997141945, 20.10914730021740837 ) ) ;
#661 = CARTESIAN_POINT ( 'NONE',  ( -18.08085793029657395, 1.377355921937331695, 36.16171586059314791 ) ) ;
#662 = CARTESIAN_POINT ( 'NONE',  ( -12.69676286340617111, 0.9833497661791278377, 1.554905000020335030E-15 ) ) ;
#663 = CARTESIAN_POINT ( 'NONE',  ( -17.79176678195252848, 1.008775748400054129, -35.58353356390504274 ) ) ;
#664 = CARTESIAN_POINT ( 'NONE',  ( -15.54020354325603037, 1.199730396625413364, 1.903126052734685472E-15 ) ) ;
#665 = CARTESIAN_POINT ( 'NONE',  ( 12.38718434686138181, 1.008310547713949568, 0.000000000000000000 ) ) ;
#666 = CARTESIAN_POINT ( 'NONE',  ( 17.75141055225266129, 1.446977868114493804, 0.000000000000000000 ) ) ;
#667 = CARTESIAN_POINT ( 'NONE',  ( -12.42460603710273581, 1.007130599161914164, 1.521575401400474434E-15 ) ) ;
#668 = CARTESIAN_POINT ( 'NONE',  ( -18.00964708191903085, 1.390572543742836009, -36.01929416383804039 ) ) ;
#669 = CARTESIAN_POINT ( 'NONE',  ( -17.93121302640953019, 1.405171977253203197, 2.195940263762175372E-15 ) ) ;
#670 = CARTESIAN_POINT ( 'NONE',  ( -10.05457365010870596, 1.074677635997141945, 1.231330143739694525E-15 ) ) ;
#671 = CARTESIAN_POINT ( 'NONE',  ( -17.75141055225266129, 1.446977868114493804, 2.173920811316677367E-15 ) ) ;
#672 = CIRCLE ( 'NONE', #770, 20.00000000000000000 ) ;
#673 = CARTESIAN_POINT ( 'NONE',  ( -12.49947696288097987, 1.004731724309497087, -24.99895392576194197 ) ) ;
#674 = PRODUCT_DEFINITION_SHAPE ( 'NONE', 'NONE',  #788 ) ;
#675 = CARTESIAN_POINT ( 'NONE',  ( 18.08085793029656330, 1.377355921937331695, -36.16171586059314791 ) ) ;
#676 = CARTESIAN_POINT ( 'NONE',  ( -17.81593163392021850, 1.006620071174722408, 2.181822364930847260E-15 ) ) ;
#677 = CARTESIAN_POINT ( 'NONE',  ( 12.60977451110728609, 1.003185808184092309, 25.21954902221456862 ) ) ;
#678 = CARTESIAN_POINT ( 'NONE',  ( 8.402261921624686991, 1.009516960398546770, 16.80452384324937043 ) ) ;
#679 = CARTESIAN_POINT ( 'NONE',  ( -17.86400265465849557, 1.002591225870178571, 35.72800530931699114 ) ) ;
#680 = CARTESIAN_POINT ( 'NONE',  ( 8.910027125084701183, 1.115066788946184939, -2.182327239810214471E-15 ) ) ;
#681 = CARTESIAN_POINT ( 'NONE',  ( 15.93593350460645652, 1.167955622209818856, -3.903177991568272064E-15 ) ) ;
#682 = CARTESIAN_POINT ( 'NONE',  ( 0.000000000000000000, 0.000000000000000000, 0.000000000000000000 ) ) ;
#683 = EDGE_CURVE ( 'NONE', #809, #442, #514, .T. ) ;
#684 = CARTESIAN_POINT ( 'NONE',  ( 8.672586901175064256, 1.005529073370777571, 17.34517380235012851 ) ) ;
#685 = CARTESIAN_POINT ( 'NONE',  ( -8.191461923243128496, 1.013075913013881113, 16.38292384648625699 ) ) ;
#686 = CARTESIAN_POINT ( 'NONE',  ( 17.84024514376963921, 1.004293341453797117, 35.68049028753927132 ) ) ;
#687 = CARTESIAN_POINT ( 'NONE',  ( -9.168830524663047044, 1.096206820373297086, -18.33766104932608698 ) ) ;
#688 = CARTESIAN_POINT ( 'NONE',  ( -15.56463948722713475, 1.197584174169176841, -31.12927897445425529 ) ) ;
#689 = CARTESIAN_POINT ( 'NONE',  ( -1.987720776247792198, 1.077394584656451881, 2.434255886230550722E-16 ) ) ;
#690 = CARTESIAN_POINT ( 'NONE',  ( -8.844536125420207284, 1.011215805985844485, 17.68907225084041457 ) ) ;
#691 = CARTESIAN_POINT ( 'NONE',  ( 1.144446994964193554, 1.079932268857970445, 0.000000000000000000 ) ) ;
#692 = CARTESIAN_POINT ( 'NONE',  ( -16.15387460245579021, 1.150183142308132567, 32.30774920491158042 ) ) ;
#693 = CARTESIAN_POINT ( 'NONE',  ( 9.093941084541343756, 1.097975370115353178, -18.18788216908269817 ) ) ;
#694 = ORIENTED_EDGE ( 'NONE', *, *, #719, .F. ) ;
#695 = CARTESIAN_POINT ( 'NONE',  ( 15.46234332221042962, 1.002439822973477446, -3.787181851372490774E-15 ) ) ;
#696 = CARTESIAN_POINT ( 'NONE',  ( -8.191461923243132048, 1.013075913013881113, 1.003164762463712246E-15 ) ) ;
#697 = CARTESIAN_POINT ( 'NONE',  ( -8.984824507239022040, 0.9623284186775089566, 1.100323657369096256E-15 ) ) ;
#698 = CARTESIAN_POINT ( 'NONE',  ( 3.523671243039711687, 1.069652425872327672, 0.000000000000000000 ) ) ;
#699 = CARTESIAN_POINT ( 'NONE',  ( -15.51679038290437163, 1.200775636556898007, 31.03358076580874680 ) ) ;
#700 = CARTESIAN_POINT ( 'NONE',  ( 8.984824507239022040, 0.9623284186775089566, -2.200647314738192512E-15 ) ) ;
#701 = DIRECTION ( 'NONE',  ( -0.000000000000000000, -1.000000000000000000, -0.000000000000000000 ) ) ;
#702 = CARTESIAN_POINT ( 'NONE',  ( -15.56179393036465086, 0.9844886235954716236, -31.12358786072928396 ) ) ;
#703 = CARTESIAN_POINT ( 'NONE',  ( -12.84057955052124811, 1.127003471505461096, 1.572517464574280587E-15 ) ) ;
#704 = PRODUCT_CONTEXT ( 'NONE', #1047, 'mechanical' ) ;
#705 = CARTESIAN_POINT ( 'NONE',  ( 9.018586246688190755, 1.100204980776276820, 18.03717249337638151 ) ) ;
#706 = CARTESIAN_POINT ( 'NONE',  ( 17.76756202427716858, 1.010973665007323330, 0.000000000000000000 ) ) ;
#707 = CARTESIAN_POINT ( 'NONE',  ( 15.43475225036211995, 1.002752097615531079, 0.000000000000000000 ) ) ;
#708 = CARTESIAN_POINT ( 'NONE',  ( 0.000000000000000000, 1.081060399999999921, 0.000000000000000000 ) ) ;
#709 = EDGE_LOOP ( 'NONE', ( #363, #798, #95, #255, #694 ) ) ;
#710 = CARTESIAN_POINT ( 'NONE',  ( -16.73497119741566763, 1.102109867813015009, -33.46994239483131395 ) ) ;
#711 = CARTESIAN_POINT ( 'NONE',  ( -8.910027125084701183, 1.115066788946184939, 1.091163619905107235E-15 ) ) ;
#712 = CARTESIAN_POINT ( 'NONE',  ( -8.910027125084701183, 1.115066788946184939, 1.091163619905107235E-15 ) ) ;
#713 = CARTESIAN_POINT ( 'NONE',  ( 17.97402149014923012, 1.397186168250449168, 0.000000000000000000 ) ) ;
#714 = CARTESIAN_POINT ( 'NONE',  ( -15.40574378613102269, 1.004567374092396159, 30.81148757226204538 ) ) ;
#715 = CARTESIAN_POINT ( 'NONE',  ( 0.1505852143515520603, 1.081052366380976348, -0.3011704287031042870 ) ) ;
#716 = CARTESIAN_POINT ( 'NONE',  ( 12.70624063491673539, 1.133108333666563938, -3.112131384549362905E-15 ) ) ;
#717 =( GEOMETRIC_REPRESENTATION_CONTEXT ( 3 ) GLOBAL_UNCERTAINTY_ASSIGNED_CONTEXT ( ( #560 ) ) GLOBAL_UNIT_ASSIGNED_CONTEXT ( ( #530, #362, #627 ) ) REPRESENTATION_CONTEXT ( 'NONE', 'WORKASPACE' ) );
#718 = CARTESIAN_POINT ( 'NONE',  ( -19.72327854532480274, 1.056950359024974029, 2.415404993922368328E-15 ) ) ;
#719 = EDGE_CURVE ( 'NONE', #628, #345, #359, .T. ) ;
#720 = CARTESIAN_POINT ( 'NONE',  ( 7.167613812420845498, 1.029629927195718331, 0.000000000000000000 ) ) ;
#721 = CARTESIAN_POINT ( 'NONE',  ( -15.46234332221042784, 1.002439822973477446, 30.92468664442085924 ) ) ;
#722 = ORIENTED_EDGE ( 'NONE', *, *, #1036, .T. ) ;
#723 = CARTESIAN_POINT ( 'NONE',  ( -14.51578206211214450, 1.049978025727190900, -29.03156412422426769 ) ) ;
#724 = CARTESIAN_POINT ( 'NONE',  ( 12.49947696288097454, 1.004731724309497087, 0.000000000000000000 ) ) ;
#725 = CARTESIAN_POINT ( 'NONE',  ( 12.84057955052124811, 1.127003471505461096, 25.68115910104248911 ) ) ;
#726 = CARTESIAN_POINT ( 'NONE',  ( -18.99873680962868150, 1.201907349800566793, 2.326674222175476456E-15 ) ) ;
#727 = CARTESIAN_POINT ( 'NONE',  ( -12.73535928524206362, 1.131460122270636859, 1.559631698466321825E-15 ) ) ;
#728 = CARTESIAN_POINT ( 'NONE',  ( -19.99290606852853713, 1.001467464794642437, 2.448424842247716732E-15 ) ) ;
#729 = CARTESIAN_POINT ( 'NONE',  ( 12.92675411625737425, 1.123243654847318362, 0.000000000000000000 ) ) ;
#730 = CARTESIAN_POINT ( 'NONE',  ( -12.73535928524206362, 1.131460122270636859, 1.559631698466321825E-15 ) ) ;
#731 = CARTESIAN_POINT ( 'NONE',  ( 0.000000000000000000, 1.081060399999999921, 0.000000000000000000 ) ) ;
#732 = CARTESIAN_POINT ( 'NONE',  ( 0.000000000000000000, 1.081060399999999921, 0.000000000000000000 ) ) ;
#733 = CARTESIAN_POINT ( 'NONE',  ( -12.70624063491673539, 1.133108333666563938, 1.556065692274681453E-15 ) ) ;
#734 = CARTESIAN_POINT ( 'NONE',  ( 19.97871819646893954, 1.004402396269819198, -4.893374658074533338E-15 ) ) ;
#735 = CARTESIAN_POINT ( 'NONE',  ( 9.131416993120625492, 1.097061102479487849, 0.000000000000000000 ) ) ;
#736 = CARTESIAN_POINT ( 'NONE',  ( -13.30010845043612377, 1.106719050075173350, 26.60021690087224755 ) ) ;
#737 = CARTESIAN_POINT ( 'NONE',  ( -19.99290606852853713, 1.001467464794642437, 2.448424842247716732E-15 ) ) ;
#738 = CARTESIAN_POINT ( 'NONE',  ( -13.88404356241591486, 1.080227051790146442, 1.700304950793506443E-15 ) ) ;
#739 = CARTESIAN_POINT ( 'NONE',  ( -20.00000000000000355, 1.000000000000000000, -39.99999999999999289 ) ) ;
#740 = CARTESIAN_POINT ( 'NONE',  ( 12.69676286340617111, 0.9833497661791278377, 0.000000000000000000 ) ) ;
#741 = CARTESIAN_POINT ( 'NONE',  ( 14.51578206211213917, 1.049978025727190900, 29.03156412422427479 ) ) ;
#742 = CARTESIAN_POINT ( 'NONE',  ( 18.36565414739913749, 1.323901513819561560, 0.000000000000000000 ) ) ;
#743 = CARTESIAN_POINT ( 'NONE',  ( -9.268644255858585979, 1.093874010886612735, -18.53728851171716485 ) ) ;
#744 = CARTESIAN_POINT ( 'NONE',  ( -17.74336761012248687, 1.013156328314543497, 2.172935834983132698E-15 ) ) ;
#745 = CARTESIAN_POINT ( 'NONE',  ( 12.73535928524206362, 1.131460122270636859, 0.000000000000000000 ) ) ;
#746 = CARTESIAN_POINT ( 'NONE',  ( 12.79272408643405967, 1.129062827064956975, 0.000000000000000000 ) ) ;
#747 = CARTESIAN_POINT ( 'NONE',  ( 19.88649183883801541, 1.023453564620538048, 39.77298367767603082 ) ) ;
#748 = CARTESIAN_POINT ( 'NONE',  ( -12.60977451110728786, 1.003185808184092309, 1.544251999299742011E-15 ) ) ;
#749 = CARTESIAN_POINT ( 'NONE',  ( -18.08085793029657395, 1.377355921937331695, 2.214266479017573759E-15 ) ) ;
#750 = CARTESIAN_POINT ( 'NONE',  ( -15.75834998787812502, 1.182221434841278285, 1.929841287249867572E-15 ) ) ;
#751 = AXIS2_PLACEMENT_3D ( 'NONE', #787, #606, #964 ) ;
#752 = CARTESIAN_POINT ( 'NONE',  ( 12.49947696288097454, 1.004731724309497087, 0.000000000000000000 ) ) ;
#753 = CARTESIAN_POINT ( 'NONE',  ( 8.311907294756800013, 1.011063929886906632, 16.62381458951359647 ) ) ;
#754 = CARTESIAN_POINT ( 'NONE',  ( 17.95267725149125582, 1.401111692410873077, 0.000000000000000000 ) ) ;
#755 = CARTESIAN_POINT ( 'NONE',  ( 11.66376048336297266, 1.030890954362423839, -2.856797388394370138E-15 ) ) ;
#756 = CARTESIAN_POINT ( 'NONE',  ( -18.02758766674821800, 0.9769530221059116171, -36.05517533349642179 ) ) ;
#757 = CARTESIAN_POINT ( 'NONE',  ( 0.1505852143515521435, 1.081052366380976348, 0.000000000000000000 ) ) ;
#758 = CARTESIAN_POINT ( 'NONE',  ( 12.57478944286087952, 1.001859814752027455, 25.14957888572174838 ) ) ;
#759 = CARTESIAN_POINT ( 'NONE',  ( -17.81593163392021495, 1.006620071174722186, 35.63186326784042990 ) ) ;
#760 = CARTESIAN_POINT ( 'NONE',  ( -12.53671998251326514, 1.003725730177871034, 1.535305399839153366E-15 ) ) ;
#761 = CARTESIAN_POINT ( 'NONE',  ( 17.91019258679357762, 1.408709205375067164, -4.386732004705881715E-15 ) ) ;
#762 = CARTESIAN_POINT ( 'NONE',  ( -15.34838419384909081, 1.007490892425114470, 1.879634957508111887E-15 ) ) ;
#763 = CARTESIAN_POINT ( 'NONE',  ( -12.69676286340617111, 0.9833497661791278377, 1.554905000020335030E-15 ) ) ;
#764 = CARTESIAN_POINT ( 'NONE',  ( -8.672586901175064256, 1.005529073370777571, 1.062085578885130567E-15 ) ) ;
#765 = CARTESIAN_POINT ( 'NONE',  ( 17.76756202427716858, 1.010973665007323330, 0.000000000000000000 ) ) ;
#766 = CARTESIAN_POINT ( 'NONE',  ( -12.69676286340617644, 0.9833497661791278377, -25.39352572681233511 ) ) ;
#767 = CARTESIAN_POINT ( 'NONE',  ( -17.79176678195252492, 1.008775748400054129, 2.178863024069436323E-15 ) ) ;
#768 = CARTESIAN_POINT ( 'NONE',  ( -18.00964708191902375, 1.390572543742836009, 2.205545665264559992E-15 ) ) ;
#769 = CARTESIAN_POINT ( 'NONE',  ( -12.53671998251326514, 1.003725730177871034, 1.535305399839153366E-15 ) ) ;
#770 = AXIS2_PLACEMENT_3D ( 'NONE', #682, #264, #1035 ) ;
#771 = CARTESIAN_POINT ( 'NONE',  ( -17.75141055225265774, 1.446977868114493804, 35.50282110450531547 ) ) ;
#772 = CARTESIAN_POINT ( 'NONE',  ( 8.311907294756800013, 1.011063929886906632, -2.035830132666690023E-15 ) ) ;
#773 = CARTESIAN_POINT ( 'NONE',  ( -17.25135014776863329, 1.057415298232794454, -34.50270029553724527 ) ) ;
#774 = CARTESIAN_POINT ( 'NONE',  ( -17.91019258679357762, 1.408709205375067164, 2.193366002352940858E-15 ) ) ;
#775 = CARTESIAN_POINT ( 'NONE',  ( -12.46201183490381403, 1.005963782502433901, 1.526156290455139029E-15 ) ) ;
#776 = CARTESIAN_POINT ( 'NONE',  ( 8.191461923243130272, 1.013075913013881113, 16.38292384648625699 ) ) ;
#777 = CARTESIAN_POINT ( 'NONE',  ( -17.74336761012248331, 1.013156328314543497, 35.48673522024496663 ) ) ;
#778 = CARTESIAN_POINT ( 'NONE',  ( -8.672586901175064256, 1.005529073370777571, 1.062085578885130567E-15 ) ) ;
#779 = CARTESIAN_POINT ( 'NONE',  ( 16.15387460245579021, 1.150183142308132567, -32.30774920491159463 ) ) ;
#780 = CARTESIAN_POINT ( 'NONE',  ( -9.268644255858584202, 1.093874010886612735, 1.135081552037271561E-15 ) ) ;
#781 = CARTESIAN_POINT ( 'NONE',  ( 8.844536125420207284, 1.011215805985844485, 17.68907225084041457 ) ) ;
#782 = CARTESIAN_POINT ( 'NONE',  ( -7.167613812420845498, 1.029629927195718331, 8.777795312905545723E-16 ) ) ;
#783 = CARTESIAN_POINT ( 'NONE',  ( 15.58880087277217719, 1.195729241318517211, 31.17760174554434371 ) ) ;
#784 = CARTESIAN_POINT ( 'NONE',  ( 9.168830524663039938, 1.096206820373297086, -18.33766104932609053 ) ) ;
#785 = CARTESIAN_POINT ( 'NONE',  ( -15.58880087277218074, 1.195729241318517211, -31.17760174554434371 ) ) ;
#786 = CARTESIAN_POINT ( 'NONE',  ( -12.42460603710273581, 1.007130599161914164, 1.521575401400474434E-15 ) ) ;
#787 = CARTESIAN_POINT ( 'NONE',  ( 0.000000000000000000, 0.000000000000000000, 0.000000000000000000 ) ) ;
#788 = PRODUCT_DEFINITION ( 'ๆ', '', #545, #29 ) ;
#789 = CARTESIAN_POINT ( 'NONE',  ( 19.72327854532480274, 1.056950359024974029, 0.000000000000000000 ) ) ;
#790 = CARTESIAN_POINT ( 'NONE',  ( -15.58880087277217541, 1.195729241318517211, 1.909077509138591014E-15 ) ) ;
#791 = CARTESIAN_POINT ( 'NONE',  ( -9.131416993120625492, 1.097061102479487849, 1.118276059230492238E-15 ) ) ;
#792 = AXIS2_PLACEMENT_3D ( 'NONE', #475, #293, #114 ) ;
#793 = CARTESIAN_POINT ( 'NONE',  ( 15.43475225036211995, 1.002752097615531079, -3.780423987807675156E-15 ) ) ;
#794 = CARTESIAN_POINT ( 'NONE',  ( -8.844536125420207284, 1.011215805985844485, 1.083143285593898947E-15 ) ) ;
#795 = CARTESIAN_POINT ( 'NONE',  ( 18.00964708191902375, 1.390572543742836009, 0.000000000000000000 ) ) ;
#796 = CARTESIAN_POINT ( 'NONE',  ( -17.70303805939488839, 1.016794765555397939, 2.167996889462171885E-15 ) ) ;
#797 = CARTESIAN_POINT ( 'NONE',  ( 9.056697611951040727, 1.098648613910045535, -18.11339522390209211 ) ) ;
#798 = ORIENTED_EDGE ( 'NONE', *, *, #825, .T. ) ;
#799 = CARTESIAN_POINT ( 'NONE',  ( -15.54020354325603037, 1.199730396625413364, 1.903126052734685472E-15 ) ) ;
#800 = CARTESIAN_POINT ( 'NONE',  ( -12.92675411625737425, 1.123243654847318362, 1.583070805183946545E-15 ) ) ;
#801 = CARTESIAN_POINT ( 'NONE',  ( 8.910027125084701183, 1.115066788946184939, 0.000000000000000000 ) ) ;
#802 = CARTESIAN_POINT ( 'NONE',  ( -0.4818726818564941783, 1.080915633079334359, 0.9637453637129883566 ) ) ;
#803 = CARTESIAN_POINT ( 'NONE',  ( -16.73497119741565697, 1.102109867813015009, 33.46994239483131395 ) ) ;
#804 = CARTESIAN_POINT ( 'NONE',  ( 12.79272408643405257, 1.129062827064956975, -25.58544817286811579 ) ) ;
#805 = CARTESIAN_POINT ( 'NONE',  ( -12.49947696288097454, 1.004731724309497087, 1.530744445360826644E-15 ) ) ;
#806 = CARTESIAN_POINT ( 'NONE',  ( -5.481211967592263257, 1.052638997805674714, 6.712548691560030642E-16 ) ) ;
#807 = CARTESIAN_POINT ( 'NONE',  ( 15.75834998787812502, 1.182221434841278285, 0.000000000000000000 ) ) ;
#808 = CARTESIAN_POINT ( 'NONE',  ( 0.000000000000000000, 1.081060399999999921, 0.000000000000000000 ) ) ;
#809 = VERTEX_POINT ( 'NONE', #138 ) ;
#810 = CARTESIAN_POINT ( 'NONE',  ( 15.09957050734712958, 1.020333424806934453, -3.698328138064486999E-15 ) ) ;
#811 = CARTESIAN_POINT ( 'NONE',  ( 20.00000000000000000, 1.000000000000000000, -4.898587196589413026E-15 ) ) ;
#812 = CARTESIAN_POINT ( 'NONE',  ( 9.455763476574515991, 1.089468953494857617, 0.000000000000000000 ) ) ;
#813 = CARTESIAN_POINT ( 'NONE',  ( 13.30010845043612733, 1.106719050075173350, 26.60021690087224755 ) ) ;
#814 = APPLICATION_PROTOCOL_DEFINITION ( 'draft international standard', 'automotive_design', 1998, #1047 ) ;
#815 = DIRECTION ( 'NONE',  ( -0.000000000000000000, -1.000000000000000000, -0.000000000000000000 ) ) ;
#816 = CARTESIAN_POINT ( 'NONE',  ( 12.84057955052124811, 1.127003471505461096, -3.145034929148561173E-15 ) ) ;
#817 = CARTESIAN_POINT ( 'NONE',  ( -19.99290606852854069, 1.001467464794642437, -39.98581213705706716 ) ) ;
#818 = CARTESIAN_POINT ( 'NONE',  ( 15.93593350460645652, 1.167955622209818856, 0.000000000000000000 ) ) ;
#819 = CARTESIAN_POINT ( 'NONE',  ( 13.09906517189214625, 1.115695284255741493, 26.19813034378428185 ) ) ;
#820 = CARTESIAN_POINT ( 'NONE',  ( 0.4818726818564940118, 1.080915633079334359, -0.9637453637129883566 ) ) ;
#821 = CARTESIAN_POINT ( 'NONE',  ( -18.36565414739913393, 1.323901513819561560, 36.73130829479826787 ) ) ;
#822 = CARTESIAN_POINT ( 'NONE',  ( 12.84057955052124278, 1.127003471505461096, -25.68115910104249622 ) ) ;
#823 = CARTESIAN_POINT ( 'NONE',  ( -19.47478600948447891, 1.107313003656597239, -38.94957201896894361 ) ) ;
#824 = CARTESIAN_POINT ( 'NONE',  ( 8.983713542196658963, 1.098448264806356045, 0.000000000000000000 ) ) ;
#825 = EDGE_CURVE ( 'NONE', #1074, #1052, #125, .T. ) ;
#826 = CARTESIAN_POINT ( 'NONE',  ( -15.27182995670938404, 1.011450342872764363, 30.54365991341877518 ) ) ;
#827 = CARTESIAN_POINT ( 'NONE',  ( 19.72327854532479918, 1.056950359024974029, 39.44655709064959836 ) ) ;
#828 = CARTESIAN_POINT ( 'NONE',  ( -15.31011263941727307, 1.009467749381731894, -30.62022527883452838 ) ) ;
#829 = CARTESIAN_POINT ( 'NONE',  ( 18.54356612587875475, 1.290031379586823457, -37.08713225175752370 ) ) ;
#830 = CARTESIAN_POINT ( 'NONE',  ( 8.844536125420207284, 1.011215805985844485, 0.000000000000000000 ) ) ;
#831 = CARTESIAN_POINT ( 'NONE',  ( -14.51578206211213917, 1.049978025727191122, 1.777670603948619834E-15 ) ) ;
#832 = CARTESIAN_POINT ( 'NONE',  ( 0.000000000000000000, 0.000000000000000000, 0.000000000000000000 ) ) ;
#833 = CARTESIAN_POINT ( 'NONE',  ( 9.455763476574510662, 1.089468953494857617, -18.91152695314903198 ) ) ;
#834 = CARTESIAN_POINT ( 'NONE',  ( 18.54356612587876185, 1.290031379586823457, -4.541863780166942017E-15 ) ) ;
#835 = CARTESIAN_POINT ( 'NONE',  ( 15.46234332221042962, 1.002439822973477446, 0.000000000000000000 ) ) ;
#836 = CARTESIAN_POINT ( 'NONE',  ( -15.09957050734712602, 1.020333424806934230, 30.19914101469425916 ) ) ;
#837 = CARTESIAN_POINT ( 'NONE',  ( 20.00000000000000000, 1.000000000000000000, 39.99999999999999289 ) ) ;
#838 = CARTESIAN_POINT ( 'NONE',  ( -9.455763476574519544, 1.089468953494857617, -18.91152695314903198 ) ) ;
#839 = CARTESIAN_POINT ( 'NONE',  ( 18.36565414739913749, 1.323901513819561560, -4.498287913171932741E-15 ) ) ;
#840 =( BOUNDED_SURFACE ( )  B_SPLINE_SURFACE ( 3, 3, ( 
 ( #551, #739, #196, #811 ),
 ( #728, #817, #19, #636 ),
 ( #1082, #284, #1092, #734 ),
 ( #295, #647, #991, #897 ),
 ( #718, #918, #1001, #201 ),
 ( #1076, #823, #275, #116 ),
 ( #206, #211, #981, #191 ),
 ( #127, #13, #461, #25 ),
 ( #562, #1087, #290, #913 ),
 ( #121, #466, #829, #834 ),
 ( #1070, #624, #539, #839 ),
 ( #482, #578, #40, #851 ),
 ( #749, #142, #675, #845 ),
 ( #390, #668, #939, #132 ),
 ( #934, #1102, #54, #477 ),
 ( #1115, #306, #499, #567 ),
 ( #572, #46, #488, #1022 ),
 ( #35, #396, #300, #761 ),
 ( #401, #653, #323, #658 ),
 ( #154, #756, #317, #1011 ),
 ( #232, #149, #222, #494 ),
 ( #929, #583, #856, #137 ),
 ( #59, #1109, #406, #311 ),
 ( #767, #663, #385, #924 ),
 ( #1016, #227, #1121, #1028 ),
 ( #744, #239, #1006, #588 ),
 ( #944, #216, #1097, #869 ),
 ( #412, #773, #82, #1128 ),
 ( #1061, #710, #171, #1045 ),
 ( #520, #249, #779, #346 ),
 ( #1154, #1148, #164, #681 ),
 ( #512, #430, #955, #598 ),
 ( #874, #76, #268, #1034 ),
 ( #70, #256, #89, #1134 ),
 ( #423, #785, #1141, #334 ),
 ( #244, #688, #1039, #526 ),
 ( #799, #437, #885, #340 ),
 ( #352, #64, #617, #974 ),
 ( #1053, #417, #880, #328 ),
 ( #263, #702, #184, #863 ),
 ( #177, #604, #594, #695 ),
 ( #949, #160, #962, #793 ),
 ( #506, #612, #969, #635 ),
 ( #623, #278, #190, #30 ),
 ( #364, #641, #375, #380 ),
 ( #358, #828, #294, #980 ),
 ( #538, #205, #555, #990 ),
 ( #12, #896, #120, #810 ),
 ( #443, #723, #912, #544 ),
 ( #738, #646, #984, #1081 ),
 ( #200, #289, #103, #550 ),
 ( #907, #450, #1075, #195 ),
 ( #96, #465, #109, #629 ),
 ( #1086, #1091, #822, #816 ),
 ( #901, #455, #804, #369 ),
 ( #1000, #274, #5, #283 ),
 ( #727, #18, #532, #995 ),
 ( #733, #890, #115, #716 ),
 ( #1069, #460, #24, #561 ),
 ( #310, #321, #141, #923 ),
 ( #662, #766, #215, #210 ),
 ( #748, #1010, #576, #305 ),
 ( #400, #221, #1101, #1120 ),
 ( #760, #389, #226, #571 ),
 ( #231, #673, #136, #58 ),
 ( #1005, #1015, #131, #299 ),
 ( #667, #566, #917, #487 ),
 ( #850, #316, #933, #126 ),
 ( #148, #39, #395, #657 ),
 ( #476, #928, #1021, #755 ),
 ( #481, #844, #34, #384 ),
 ( #53, #1114, #471, #582 ),
 ( #938, #45, #652, #1107 ),
 ( #855, #838, #833, #493 ),
 ( #405, #743, #1096, #593 ),
 ( #524, #687, #784, #243 ),
 ( #791, #1127, #587, #422 ),
 ( #1044, #327, #693, #960 ),
 ( #350, #410, #797, #416 ),
 ( #1139, #878, #87, #1027 ),
 ( #153, #603, #339, #254 ),
 ( #518, #80, #1146, #680 ),
 ( #169, #428, #344, #700 ),
 ( #1051, #261, #1152, #610 ),
 ( #868, #968, #435, #1033 ),
 ( #778, #163, #1133, #1038 ),
 ( #333, #248, #176, #597 ),
 ( #238, #63, #884, #69 ),
 ( #943, #159, #948, #953 ),
 ( #511, #504, #873, #772 ),
 ( #75, #498, #862, #548 ),
 ( #10, #107, #1079, #542 ),
 ( #267, #905, #273, #1073 ),
 ( #1068, #622, #979, #281 ),
 ( #113, #973, #357, #367 ),
 ( #373, #988, #537, #633 ),
 ( #458, #448, #189, #182 ),
 ( #94, #199, #820, #895 ),
 ( #22, #101, #715, #616 ),
 ( #731, #808, #708, #1059 ) ),
 .UNSPECIFIED., .F., .F., .F. ) 
 B_SPLINE_SURFACE_WITH_KNOTS ( ( 4, 1, 1, 1, 1, 1, 1, 1, 1, 1, 1, 1, 1, 1, 1, 1, 1, 1, 1, 1, 1, 1, 1, 1, 1, 1, 1, 1, 1, 1, 1, 1, 1, 1, 1, 1, 1, 1, 1, 1, 1, 1, 1, 1, 1, 1, 1, 1, 1, 1, 1, 1, 1, 1, 1, 1, 1, 1, 1, 1, 1, 1, 1, 1, 1, 1, 1, 1, 1, 1, 1, 1, 1, 1, 1, 1, 1, 1, 1, 1, 1, 1, 1, 1, 1, 1, 1, 1, 1, 1, 1, 1, 1, 1, 1, 1, 1, 4 ),
 ( 4, 4 ),
 ( 0.000000000000000000, 0.001039491485358312595, 0.002078984306605025090, 0.01351337513678363411, 0.02494782702740550029, 0.03846122159675813279, 0.04573763444606604445, 0.06236952048486177347, 0.06964595819199492777, 0.08108036124084994078, 0.08835681142900886353, 0.09459375697963368079, 0.09771226113093833820, 0.09875172750119132203, 0.09979124612488710078, 0.1008307247285451513, 0.1018702095250817452, 0.1029096996978577927, 0.1226627545646645778, 0.1238248601585539843, 0.1249869051310744661, 0.1261490324067758850, 0.1273110990957087019, 0.1284731532822940281, 0.1296352421902957630, 0.1307973182002218904, 0.1342835647241820141, 0.1947118246334469394, 0.2051705997918433777, 0.2179534880404248032, 0.2260880430746160519, 0.2307363689058132827, 0.2318984936133458019, 0.2330605592899031020, 0.2342226136345042509, 0.2353847047244093105, 0.2365467845174528128, 0.2377089003393165756, 0.2474362078858705072, 0.2488112340579695658, 0.2501863010021203593, 0.2515613609652369576, 0.2529364142089617351, 0.2543114602490362808, 0.2556865473621097173, 0.2584366527992930651, 0.2598117191637306922, 0.2804375675066376195, 0.3423151738610495931, 0.3505655488141221632, 0.3643161247476940368, 0.3711914302003272992, 0.3753165819144658188, 0.3766916370057781238, 0.3780666861040712368, 0.3794417772163820590, 0.3808168149869671781, 0.3821918947975387892, 0.3835669208815114528, 0.3900358328067213831, 0.3918265079672083040, 0.3936171776271091272, 0.3954077941477860403, 0.3971984530077909969, 0.3989891065675802428, 0.4007798024997555331, 0.4025704453557091833, 0.4043610828089495568, 0.4079423898288802031, 0.4992658478781283327, 0.5135910578318250153, 0.5297069791986321885, 0.5440322224388598471, 0.5547761585383117477, 0.5565668133634655845, 0.5583574690824584241, 0.5601481256005451659, 0.5619387782623610494, 0.5637294365378369143, 0.5655200908797534121, 0.5673107461951587549, 0.5721587590725163430, 0.5764803860527247803, 0.5808020179171569097, 0.5851236453314672126, 0.5894452731385916300, 0.5937669016499578234, 0.5980885307623626801, 0.6024101608664812479, 0.6067317871620114822, 0.6153750433367737305, 0.6240183006054733639, 0.7320590221312832657, 0.8573862519271163718, 0.9049241704269259667, 0.9524620845168668692, 0.9783918563161154713, 1.000000000000000000 ),
 ( 0.000000000000000000, 1.000000000000000000 ),
 .UNSPECIFIED. ) 
 GEOMETRIC_REPRESENTATION_ITEM ( )  RATIONAL_B_SPLINE_SURFACE ( (
 ( 1.000000000000000000, 0.3333333333333334259, 0.3333333333333334259, 1.000000000000000000),
 ( 1.000000000000000000, 0.3333333333333334259, 0.3333333333333334259, 1.000000000000000000),
 ( 1.000000000000000000, 0.3333333333333334259, 0.3333333333333334259, 1.000000000000000000),
 ( 1.000000000000000000, 0.3333333333333334259, 0.3333333333333334259, 1.000000000000000000),
 ( 1.000000000000000000, 0.3333333333333334259, 0.3333333333333334259, 1.000000000000000000),
 ( 1.000000000000000000, 0.3333333333333334259, 0.3333333333333334259, 1.000000000000000000),
 ( 1.000000000000000000, 0.3333333333333334259, 0.3333333333333334259, 1.000000000000000000),
 ( 1.000000000000000000, 0.3333333333333334259, 0.3333333333333334259, 1.000000000000000000),
 ( 1.000000000000000000, 0.3333333333333334259, 0.3333333333333334259, 1.000000000000000000),
 ( 1.000000000000000000, 0.3333333333333334259, 0.3333333333333334259, 1.000000000000000000),
 ( 1.000000000000000000, 0.3333333333333334259, 0.3333333333333334259, 1.000000000000000000),
 ( 1.000000000000000000, 0.3333333333333334259, 0.3333333333333334259, 1.000000000000000000),
 ( 1.000000000000000000, 0.3333333333333334259, 0.3333333333333334259, 1.000000000000000000),
 ( 1.000000000000000000, 0.3333333333333334259, 0.3333333333333334259, 1.000000000000000000),
 ( 1.000000000000000000, 0.3333333333333334259, 0.3333333333333334259, 1.000000000000000000),
 ( 1.000000000000000000, 0.3333333333333334259, 0.3333333333333334259, 1.000000000000000000),
 ( 1.000000000000000000, 0.3333333333333334259, 0.3333333333333334259, 1.000000000000000000),
 ( 1.000000000000000000, 0.3333333333333334259, 0.3333333333333334259, 1.000000000000000000),
 ( 1.000000000000000000, 0.3333333333333334259, 0.3333333333333334259, 1.000000000000000000),
 ( 1.000000000000000000, 0.3333333333333334259, 0.3333333333333334259, 1.000000000000000000),
 ( 1.000000000000000000, 0.3333333333333334259, 0.3333333333333334259, 1.000000000000000000),
 ( 1.000000000000000000, 0.3333333333333334259, 0.3333333333333334259, 1.000000000000000000),
 ( 1.000000000000000000, 0.3333333333333334259, 0.3333333333333334259, 1.000000000000000000),
 ( 1.000000000000000000, 0.3333333333333334259, 0.3333333333333334259, 1.000000000000000000),
 ( 1.000000000000000000, 0.3333333333333334259, 0.3333333333333334259, 1.000000000000000000),
 ( 1.000000000000000000, 0.3333333333333334259, 0.3333333333333334259, 1.000000000000000000),
 ( 1.000000000000000000, 0.3333333333333334259, 0.3333333333333334259, 1.000000000000000000),
 ( 1.000000000000000000, 0.3333333333333334259, 0.3333333333333334259, 1.000000000000000000),
 ( 1.000000000000000000, 0.3333333333333334259, 0.3333333333333334259, 1.000000000000000000),
 ( 1.000000000000000000, 0.3333333333333334259, 0.3333333333333334259, 1.000000000000000000),
 ( 1.000000000000000000, 0.3333333333333334259, 0.3333333333333334259, 1.000000000000000000),
 ( 1.000000000000000000, 0.3333333333333334259, 0.3333333333333334259, 1.000000000000000000),
 ( 1.000000000000000000, 0.3333333333333334259, 0.3333333333333334259, 1.000000000000000000),
 ( 1.000000000000000000, 0.3333333333333334259, 0.3333333333333334259, 1.000000000000000000),
 ( 1.000000000000000000, 0.3333333333333334259, 0.3333333333333334259, 1.000000000000000000),
 ( 1.000000000000000000, 0.3333333333333334259, 0.3333333333333334259, 1.000000000000000000),
 ( 1.000000000000000000, 0.3333333333333334259, 0.3333333333333334259, 1.000000000000000000),
 ( 1.000000000000000000, 0.3333333333333334259, 0.3333333333333334259, 1.000000000000000000),
 ( 1.000000000000000000, 0.3333333333333334259, 0.3333333333333334259, 1.000000000000000000),
 ( 1.000000000000000000, 0.3333333333333334259, 0.3333333333333334259, 1.000000000000000000),
 ( 1.000000000000000000, 0.3333333333333334259, 0.3333333333333334259, 1.000000000000000000),
 ( 1.000000000000000000, 0.3333333333333334259, 0.3333333333333334259, 1.000000000000000000),
 ( 1.000000000000000000, 0.3333333333333334259, 0.3333333333333334259, 1.000000000000000000),
 ( 1.000000000000000000, 0.3333333333333334259, 0.3333333333333334259, 1.000000000000000000),
 ( 1.000000000000000000, 0.3333333333333334259, 0.3333333333333334259, 1.000000000000000000),
 ( 1.000000000000000000, 0.3333333333333334259, 0.3333333333333334259, 1.000000000000000000),
 ( 1.000000000000000000, 0.3333333333333334259, 0.3333333333333334259, 1.000000000000000000),
 ( 1.000000000000000000, 0.3333333333333334259, 0.3333333333333334259, 1.000000000000000000),
 ( 1.000000000000000000, 0.3333333333333334259, 0.3333333333333334259, 1.000000000000000000),
 ( 1.000000000000000000, 0.3333333333333334259, 0.3333333333333334259, 1.000000000000000000),
 ( 1.000000000000000000, 0.3333333333333334259, 0.3333333333333334259, 1.000000000000000000),
 ( 1.000000000000000000, 0.3333333333333334259, 0.3333333333333334259, 1.000000000000000000),
 ( 1.000000000000000000, 0.3333333333333334259, 0.3333333333333334259, 1.000000000000000000),
 ( 1.000000000000000000, 0.3333333333333334259, 0.3333333333333334259, 1.000000000000000000),
 ( 1.000000000000000000, 0.3333333333333334259, 0.3333333333333334259, 1.000000000000000000),
 ( 1.000000000000000000, 0.3333333333333334259, 0.3333333333333334259, 1.000000000000000000),
 ( 1.000000000000000000, 0.3333333333333334259, 0.3333333333333334259, 1.000000000000000000),
 ( 1.000000000000000000, 0.3333333333333334259, 0.3333333333333334259, 1.000000000000000000),
 ( 1.000000000000000000, 0.3333333333333334259, 0.3333333333333334259, 1.000000000000000000),
 ( 1.000000000000000000, 0.3333333333333334259, 0.3333333333333334259, 1.000000000000000000),
 ( 1.000000000000000000, 0.3333333333333334259, 0.3333333333333334259, 1.000000000000000000),
 ( 1.000000000000000000, 0.3333333333333334259, 0.3333333333333334259, 1.000000000000000000),
 ( 1.000000000000000000, 0.3333333333333334259, 0.3333333333333334259, 1.000000000000000000),
 ( 1.000000000000000000, 0.3333333333333334259, 0.3333333333333334259, 1.000000000000000000),
 ( 1.000000000000000000, 0.3333333333333334259, 0.3333333333333334259, 1.000000000000000000),
 ( 1.000000000000000000, 0.3333333333333334259, 0.3333333333333334259, 1.000000000000000000),
 ( 1.000000000000000000, 0.3333333333333334259, 0.3333333333333334259, 1.000000000000000000),
 ( 1.000000000000000000, 0.3333333333333334259, 0.3333333333333334259, 1.000000000000000000),
 ( 1.000000000000000000, 0.3333333333333334259, 0.3333333333333334259, 1.000000000000000000),
 ( 1.000000000000000000, 0.3333333333333334259, 0.3333333333333334259, 1.000000000000000000),
 ( 1.000000000000000000, 0.3333333333333334259, 0.3333333333333334259, 1.000000000000000000),
 ( 1.000000000000000000, 0.3333333333333334259, 0.3333333333333334259, 1.000000000000000000),
 ( 1.000000000000000000, 0.3333333333333334259, 0.3333333333333334259, 1.000000000000000000),
 ( 1.000000000000000000, 0.3333333333333334259, 0.3333333333333334259, 1.000000000000000000),
 ( 1.000000000000000000, 0.3333333333333334259, 0.3333333333333334259, 1.000000000000000000),
 ( 1.000000000000000000, 0.3333333333333334259, 0.3333333333333334259, 1.000000000000000000),
 ( 1.000000000000000000, 0.3333333333333334259, 0.3333333333333334259, 1.000000000000000000),
 ( 1.000000000000000000, 0.3333333333333334259, 0.3333333333333334259, 1.000000000000000000),
 ( 1.000000000000000000, 0.3333333333333334259, 0.3333333333333334259, 1.000000000000000000),
 ( 1.000000000000000000, 0.3333333333333334259, 0.3333333333333334259, 1.000000000000000000),
 ( 1.000000000000000000, 0.3333333333333334259, 0.3333333333333334259, 1.000000000000000000),
 ( 1.000000000000000000, 0.3333333333333334259, 0.3333333333333334259, 1.000000000000000000),
 ( 1.000000000000000000, 0.3333333333333334259, 0.3333333333333334259, 1.000000000000000000),
 ( 1.000000000000000000, 0.3333333333333334259, 0.3333333333333334259, 1.000000000000000000),
 ( 1.000000000000000000, 0.3333333333333334259, 0.3333333333333334259, 1.000000000000000000),
 ( 1.000000000000000000, 0.3333333333333334259, 0.3333333333333334259, 1.000000000000000000),
 ( 1.000000000000000000, 0.3333333333333334259, 0.3333333333333334259, 1.000000000000000000),
 ( 1.000000000000000000, 0.3333333333333334259, 0.3333333333333334259, 1.000000000000000000),
 ( 1.000000000000000000, 0.3333333333333334259, 0.3333333333333334259, 1.000000000000000000),
 ( 1.000000000000000000, 0.3333333333333334259, 0.3333333333333334259, 1.000000000000000000),
 ( 1.000000000000000000, 0.3333333333333334259, 0.3333333333333334259, 1.000000000000000000),
 ( 1.000000000000000000, 0.3333333333333334259, 0.3333333333333334259, 1.000000000000000000),
 ( 1.000000000000000000, 0.3333333333333334259, 0.3333333333333334259, 1.000000000000000000),
 ( 1.000000000000000000, 0.3333333333333334259, 0.3333333333333334259, 1.000000000000000000),
 ( 1.000000000000000000, 0.3333333333333334259, 0.3333333333333334259, 1.000000000000000000),
 ( 1.000000000000000000, 0.3333333333333334259, 0.3333333333333334259, 1.000000000000000000),
 ( 1.000000000000000000, 0.3333333333333334259, 0.3333333333333334259, 1.000000000000000000),
 ( 1.000000000000000000, 0.3333333333333334259, 0.3333333333333334259, 1.000000000000000000),
 ( 1.000000000000000000, 0.3333333333333334259, 0.3333333333333334259, 1.000000000000000000),
 ( 1.000000000000000000, 0.3333333333333334259, 0.3333333333333334259, 1.000000000000000000) ) ) 
 REPRESENTATION_ITEM ( '' )  SURFACE ( )  );
#841 = CARTESIAN_POINT ( 'NONE',  ( -15.31011263941726952, 1.009467749381731894, 1.874948043844779256E-15 ) ) ;
#842 = CARTESIAN_POINT ( 'NONE',  ( -9.455763476574515991, 1.089468953494857617, 1.157997047508143038E-15 ) ) ;
#843 = CARTESIAN_POINT ( 'NONE',  ( -18.36565414739913749, 1.323901513819561560, 2.249143956585966370E-15 ) ) ;
#844 = CARTESIAN_POINT ( 'NONE',  ( -10.90286046612375870, 1.052709710240094410, -21.80572093224750674 ) ) ;
#845 = CARTESIAN_POINT ( 'NONE',  ( 18.08085793029657395, 1.377355921937331695, -4.428532958035147519E-15 ) ) ;
#846 = CARTESIAN_POINT ( 'NONE',  ( 5.481211967592263257, 1.052638997805674714, 0.000000000000000000 ) ) ;
#847 = VECTOR ( 'NONE', #815, 1000.000000000000000 ) ;
#848 = CARTESIAN_POINT ( 'NONE',  ( 11.66376048336297266, 1.030890954362423839, 0.000000000000000000 ) ) ;
#849 = CARTESIAN_POINT ( 'NONE',  ( 18.08085793029657395, 1.377355921937331695, 0.000000000000000000 ) ) ;
#850 = CARTESIAN_POINT ( 'NONE',  ( -12.38718434686138181, 1.008310547713949568, 1.516992566083199065E-15 ) ) ;
#851 = CARTESIAN_POINT ( 'NONE',  ( 18.19480281020579682, 1.356060482383286470, -4.456441404527159176E-15 ) ) ;
#852 = CARTESIAN_POINT ( 'NONE',  ( -15.37711503279199654, 1.005976582099039174, 1.883153470502936701E-15 ) ) ;
#853 = CARTESIAN_POINT ( 'NONE',  ( -12.57478944286087419, 1.001859814752027455, 25.14957888572174838 ) ) ;
#854 = CARTESIAN_POINT ( 'NONE',  ( 17.86400265465849913, 1.002591225870178571, 35.72800530931699114 ) ) ;
#855 = CARTESIAN_POINT ( 'NONE',  ( -9.455763476574515991, 1.089468953494857617, 1.157997047508143038E-15 ) ) ;
#856 = CARTESIAN_POINT ( 'NONE',  ( 17.84024514376962856, 1.004293341453797117, -35.68049028753927843 ) ) ;
#857 = DIRECTION ( 'NONE',  ( 0.000000000000000000, 0.000000000000000000, -1.000000000000000000 ) ) ;
#858 = CARTESIAN_POINT ( 'NONE',  ( -10.90286046612375515, 1.052709710240094632, 1.335215317138867451E-15 ) ) ;
#859 = CARTESIAN_POINT ( 'NONE',  ( 8.492538392742968512, 1.008033228944637649, 0.000000000000000000 ) ) ;
#860 = EDGE_CURVE ( 'NONE', #1052, #442, #1023, .T. ) ;
#861 = CARTESIAN_POINT ( 'NONE',  ( -17.97402149014922657, 1.397186168250449168, 35.94804298029845313 ) ) ;
#862 = CARTESIAN_POINT ( 'NONE',  ( 8.191461923243128496, 1.013075913013881113, -16.38292384648626054 ) ) ;
#863 = CARTESIAN_POINT ( 'NONE',  ( 15.56179393036464553, 0.9844886235954716236, -3.811540225162355034E-15 ) ) ;
#864 = CARTESIAN_POINT ( 'NONE',  ( -15.56463948722713120, 1.197584174169176841, 1.906118592791520940E-15 ) ) ;
#865 = CARTESIAN_POINT ( 'NONE',  ( 11.66376048336297266, 1.030890954362423839, 23.32752096672594178 ) ) ;
#866 = AXIS2_PLACEMENT_3D ( 'NONE', #48, #1123, #857 ) ;
#867 = CARTESIAN_POINT ( 'NONE',  ( 17.74336761012248687, 1.013156328314543497, 0.000000000000000000 ) ) ;
#868 = CARTESIAN_POINT ( 'NONE',  ( -8.766117336900109080, 1.000676780912959307, 1.073539753758483737E-15 ) ) ;
#869 = CARTESIAN_POINT ( 'NONE',  ( 17.70303805939488839, 1.016794765555397939, -4.335993778924343770E-15 ) ) ;
#870 = CARTESIAN_POINT ( 'NONE',  ( -9.455763476574515991, 1.089468953494857617, 1.157997047508143038E-15 ) ) ;
#871 = CARTESIAN_POINT ( 'NONE',  ( 0.000000000000000000, 1.081060399999999921, 0.000000000000000000 ) ) ;
#872 = CARTESIAN_POINT ( 'NONE',  ( -17.25135014776862263, 1.057415298232794454, 34.50270029553724527 ) ) ;
#873 = CARTESIAN_POINT ( 'NONE',  ( 8.311907294756794684, 1.011063929886906632, -16.62381458951360003 ) ) ;
#874 = CARTESIAN_POINT ( 'NONE',  ( -15.66146581134536575, 1.189955472956447657, 1.917976397581980709E-15 ) ) ;
#875 = CARTESIAN_POINT ( 'NONE',  ( -0.4818726818564942338, 1.080915633079334137, 5.901238374321064267E-17 ) ) ;
#876 = CARTESIAN_POINT ( 'NONE',  ( 17.95267725149125582, 1.401111692410873077, 0.000000000000000000 ) ) ;
#877 = CARTESIAN_POINT ( 'NONE',  ( 15.75834998787812502, 1.182221434841278285, 31.51669997575623938 ) ) ;
#878 = CARTESIAN_POINT ( 'NONE',  ( -9.018586246688192531, 1.100204980776276820, -18.03717249337638151 ) ) ;
#879 = ORIENTED_EDGE ( 'NONE', *, *, #219, .T. ) ;
#880 = CARTESIAN_POINT ( 'NONE',  ( 15.42265043922109413, 1.218544453536770211, -30.84530087844219892 ) ) ;
#881 = CARTESIAN_POINT ( 'NONE',  ( -12.67900089615570280, 1.132799173539398518, 1.552729786386350395E-15 ) ) ;
#882 = CARTESIAN_POINT ( 'NONE',  ( 0.000000000000000000, 1.081060399999999921, 0.000000000000000000 ) ) ;
#883 = CARTESIAN_POINT ( 'NONE',  ( 15.61303572796694716, 1.193792404174607746, 31.22607145593388722 ) ) ;
#884 = CARTESIAN_POINT ( 'NONE',  ( 8.492538392742964959, 1.008033228944637649, -16.98507678548593702 ) ) ;
#885 = CARTESIAN_POINT ( 'NONE',  ( 15.54020354325602327, 1.199730396625413142, -31.08040708651205719 ) ) ;
#886 = CARTESIAN_POINT ( 'NONE',  ( -8.492538392742968512, 1.008033228944637649, 1.040035995930868456E-15 ) ) ;
#887 = CARTESIAN_POINT ( 'NONE',  ( -3.523671243039711687, 1.069652425872327672, 4.315252709036158076E-16 ) ) ;
#888 = CARTESIAN_POINT ( 'NONE',  ( 16.73497119741566053, 1.102109867813015009, 33.46994239483131395 ) ) ;
#889 = EDGE_LOOP ( 'NONE', ( #4, #194, #1140, #108 ) ) ;
#890 = CARTESIAN_POINT ( 'NONE',  ( -12.70624063491673894, 1.133108333666563716, -25.41248126983346722 ) ) ;
#891 = CARTESIAN_POINT ( 'NONE',  ( -3.523671243039711687, 1.069652425872327672, 4.315252709036158076E-16 ) ) ;
#892 = CARTESIAN_POINT ( 'NONE',  ( -8.766117336900105528, 1.000676780912959307, 17.53223467380021106 ) ) ;
#893 = CARTESIAN_POINT ( 'NONE',  ( 17.25135014776862974, 1.057415298232794232, 0.000000000000000000 ) ) ;
#894 = CARTESIAN_POINT ( 'NONE',  ( -15.58880087277217186, 1.195729241318517211, 31.17760174554435082 ) ) ;
#895 = CARTESIAN_POINT ( 'NONE',  ( 0.4818726818564942338, 1.080915633079334137, -1.180247674864212853E-16 ) ) ;
#896 = CARTESIAN_POINT ( 'NONE',  ( -15.09957050734713491, 1.020333424806934230, -30.19914101469424850 ) ) ;
#897 = CARTESIAN_POINT ( 'NONE',  ( 19.88649183883801896, 1.023453564620538048, -4.870785715340588717E-15 ) ) ;
#898 = CARTESIAN_POINT ( 'NONE',  ( 12.76397424881049325, 1.130333079925257556, 0.000000000000000000 ) ) ;
#899 = CARTESIAN_POINT ( 'NONE',  ( 15.27182995670938759, 1.011450342872764363, 0.000000000000000000 ) ) ;
#900 = VERTEX_POINT ( 'NONE', #418 ) ;
#901 = CARTESIAN_POINT ( 'NONE',  ( -12.79272408643405967, 1.129062827064956975, 1.566656860482671915E-15 ) ) ;
#902 = CARTESIAN_POINT ( 'NONE',  ( 2.449293598294706513E-15, 1.000000000000000000, 20.00000000000000000 ) ) ;
#903 = CARTESIAN_POINT ( 'NONE',  ( 15.58880087277217541, 1.195729241318517211, 0.000000000000000000 ) ) ;
#904 = CARTESIAN_POINT ( 'NONE',  ( 15.37711503279199654, 1.005976582099039174, 0.000000000000000000 ) ) ;
#905 = CARTESIAN_POINT ( 'NONE',  ( -7.167613812420847275, 1.029629927195718331, -14.33522762484168567 ) ) ;
#906 = CARTESIAN_POINT ( 'NONE',  ( 19.47478600948447536, 1.107313003656597017, 0.000000000000000000 ) ) ;
#907 = CARTESIAN_POINT ( 'NONE',  ( -13.09906517189214625, 1.115695284255741493, 1.604172823458029047E-15 ) ) ;
#908 = SURFACE_STYLE_USAGE ( .BOTH. , #556 ) ;
#909 = CARTESIAN_POINT ( 'NONE',  ( 12.70624063491673539, 1.133108333666563938, 0.000000000000000000 ) ) ;
#910 = CARTESIAN_POINT ( 'NONE',  ( 15.31011263941726952, 1.009467749381731894, 30.62022527883453549 ) ) ;
#911 = CARTESIAN_POINT ( 'NONE',  ( -19.88649183883801541, 1.023453564620538048, 39.77298367767603082 ) ) ;
#912 = CARTESIAN_POINT ( 'NONE',  ( 14.51578206211213384, 1.049978025727190900, -29.03156412422427834 ) ) ;
#913 = CARTESIAN_POINT ( 'NONE',  ( 18.78543048179367148, 1.243505718252097880, -4.601103462026749256E-15 ) ) ;
#914 = CARTESIAN_POINT ( 'NONE',  ( 9.268644255858584202, 1.093874010886612735, 0.000000000000000000 ) ) ;
#915 = CARTESIAN_POINT ( 'NONE',  ( 15.31011263941726952, 1.009467749381731894, 0.000000000000000000 ) ) ;
#916 = CARTESIAN_POINT ( 'NONE',  ( 18.78543048179367148, 1.243505718252097880, 0.000000000000000000 ) ) ;
#917 = CARTESIAN_POINT ( 'NONE',  ( 12.42460603710272871, 1.007130599161913942, -24.84921207420546807 ) ) ;
#918 = CARTESIAN_POINT ( 'NONE',  ( -19.72327854532480629, 1.056950359024974029, -39.44655709064959836 ) ) ;
#919 = MECHANICAL_DESIGN_GEOMETRIC_PRESENTATION_REPRESENTATION (  '', ( #304 ), #486 ) ;
#920 = CARTESIAN_POINT ( 'NONE',  ( 16.73497119741566053, 1.102109867813014787, 0.000000000000000000 ) ) ;
#921 = CARTESIAN_POINT ( 'NONE',  ( 12.70624063491673539, 1.133108333666563716, 25.41248126983346722 ) ) ;
#922 = CARTESIAN_POINT ( 'NONE',  ( -19.88649183883801896, 1.023453564620538048, 2.435392857670294358E-15 ) ) ;
#923 = CARTESIAN_POINT ( 'NONE',  ( 12.60245624164091538, 1.148402596828822730, -3.086711539544025911E-15 ) ) ;
#924 = CARTESIAN_POINT ( 'NONE',  ( 17.79176678195252492, 1.008775748400054129, -4.357726048138872645E-15 ) ) ;
#925 = CARTESIAN_POINT ( 'NONE',  ( 0.000000000000000000, 1.000000000000000000, 0.000000000000000000 ) ) ;
#926 = CARTESIAN_POINT ( 'NONE',  ( 9.455763476574515991, 1.089468953494857617, 18.91152695314903198 ) ) ;
#927 = CARTESIAN_POINT ( 'NONE',  ( 19.25457521090228497, 1.151336402251854629, 0.000000000000000000 ) ) ;
#928 = CARTESIAN_POINT ( 'NONE',  ( -11.66376048336297622, 1.030890954362423839, -23.32752096672594178 ) ) ;
#929 = CARTESIAN_POINT ( 'NONE',  ( -17.84024514376963921, 1.004293341453797117, 2.184799911132160095E-15 ) ) ;
#930 = CARTESIAN_POINT ( 'NONE',  ( -17.97402149014923012, 1.397186168250449168, 2.201182788571699386E-15 ) ) ;
#931 = CARTESIAN_POINT ( 'NONE',  ( 12.49947696288097454, 1.004731724309497087, 24.99895392576194197 ) ) ;
#932 = CARTESIAN_POINT ( 'NONE',  ( 17.91019258679357762, 1.408709205375067164, 0.000000000000000000 ) ) ;
#933 = CARTESIAN_POINT ( 'NONE',  ( 12.38718434686137648, 1.008310547713949568, -24.77436869372276362 ) ) ;
#934 = CARTESIAN_POINT ( 'NONE',  ( -17.97402149014923012, 1.397186168250449168, 2.201182788571699386E-15 ) ) ;
#935 = CARTESIAN_POINT ( 'NONE',  ( -15.46234332221042962, 1.002439822973477446, 1.893590925686245387E-15 ) ) ;
#936 = CARTESIAN_POINT ( 'NONE',  ( -12.67900089615570280, 1.132799173539398518, 1.552729786386350395E-15 ) ) ;
#937 = CARTESIAN_POINT ( 'NONE',  ( 18.00964708191902375, 1.390572543742836009, 0.000000000000000000 ) ) ;
#938 = CARTESIAN_POINT ( 'NONE',  ( -9.742703114324196889, 1.082494106911059406, 1.193137018400007504E-15 ) ) ;
#939 = CARTESIAN_POINT ( 'NONE',  ( 18.00964708191901309, 1.390572543742836009, -36.01929416383804750 ) ) ;
#940 = CARTESIAN_POINT ( 'NONE',  ( -18.36565414739913749, 1.323901513819561560, 2.249143956585966370E-15 ) ) ;
#941 = CARTESIAN_POINT ( 'NONE',  ( 12.42460603710273759, 1.007130599161913942, 24.84921207420546452 ) ) ;
#942 = CARTESIAN_POINT ( 'NONE',  ( -18.19480281020579682, 1.356060482383286470, 2.228220702263579588E-15 ) ) ;
#943 = CARTESIAN_POINT ( 'NONE',  ( -8.402261921624686991, 1.009516960398546770, 1.028980316791536199E-15 ) ) ;
#944 = CARTESIAN_POINT ( 'NONE',  ( -17.70303805939488839, 1.016794765555397939, 2.167996889462171885E-15 ) ) ;
#945 = CARTESIAN_POINT ( 'NONE',  ( -18.99873680962868150, 1.201907349800566793, 2.326674222175476456E-15 ) ) ;
#946 = CARTESIAN_POINT ( 'NONE',  ( -10.90286046612375159, 1.052709710240094410, 21.80572093224750674 ) ) ;
#947 = CARTESIAN_POINT ( 'NONE',  ( -17.76756202427716502, 1.010973665007323330, 35.53512404855433005 ) ) ;
#948 = CARTESIAN_POINT ( 'NONE',  ( 8.402261921624683438, 1.009516960398546770, -16.80452384324937398 ) ) ;
#949 = CARTESIAN_POINT ( 'NONE',  ( -15.43475225036211995, 1.002752097615531079, 1.890211993903837578E-15 ) ) ;
#950 = CARTESIAN_POINT ( 'NONE',  ( -12.76397424881049325, 1.130333079925257556, 1.563136020820501250E-15 ) ) ;
#951 = COLOUR_RGB ( '',0.7921568627450980005, 0.8196078431372548767, 0.9333333333333333481 ) ;
#952 = CARTESIAN_POINT ( 'NONE',  ( 15.66146581134536397, 1.189955472956447657, 31.32293162269072440 ) ) ;
#953 = CARTESIAN_POINT ( 'NONE',  ( 8.402261921624686991, 1.009516960398546770, -2.057960633583072399E-15 ) ) ;
#954 = ADVANCED_FACE ( 'NONE', ( #161 ), #172, .T. ) ;
#955 = CARTESIAN_POINT ( 'NONE',  ( 15.75834998787811614, 1.182221434841278285, -31.51669997575625004 ) ) ;
#956 = CARTESIAN_POINT ( 'NONE',  ( -12.69676286340617111, 0.9833497661791278377, 1.554905000020335030E-15 ) ) ;
#957 = CARTESIAN_POINT ( 'NONE',  ( 8.983713542196658963, 1.098448264806356045, 0.000000000000000000 ) ) ;
#958 = CARTESIAN_POINT ( 'NONE',  ( 17.70303805939488839, 1.016794765555397939, 0.000000000000000000 ) ) ;
#959 = CARTESIAN_POINT ( 'NONE',  ( 17.25135014776862974, 1.057415298232794232, 0.000000000000000000 ) ) ;
#960 = CARTESIAN_POINT ( 'NONE',  ( 9.093941084541349085, 1.097975370115353178, -2.227373168163634723E-15 ) ) ;
#961 = ORIENTED_EDGE ( 'NONE', *, *, #1036, .F. ) ;
#962 = CARTESIAN_POINT ( 'NONE',  ( 15.43475225036211285, 1.002752097615531079, -30.86950450072423635 ) ) ;
#963 = CARTESIAN_POINT ( 'NONE',  ( -7.167613812420845498, 1.029629927195718331, 8.777795312905545723E-16 ) ) ;
#964 = DIRECTION ( 'NONE',  ( 1.000000000000000000, 0.000000000000000000, 0.000000000000000000 ) ) ;
#965 = CARTESIAN_POINT ( 'NONE',  ( 8.672586901175064256, 1.005529073370777571, 0.000000000000000000 ) ) ;
#966 = CARTESIAN_POINT ( 'NONE',  ( -0.4818726818564942338, 1.080915633079334137, 5.901238374321064267E-17 ) ) ;
#967 = CARTESIAN_POINT ( 'NONE',  ( 15.56179393036464731, 0.9844886235954716236, 31.12358786072928396 ) ) ;
#968 = CARTESIAN_POINT ( 'NONE',  ( -8.766117336900110857, 1.000676780912959307, -17.53223467380021106 ) ) ;
#969 = CARTESIAN_POINT ( 'NONE',  ( 15.40574378613101736, 1.004567374092396159, -30.81148757226204538 ) ) ;
#970 = CARTESIAN_POINT ( 'NONE',  ( -13.09906517189214625, 1.115695284255741493, 1.604172823458029047E-15 ) ) ;
#971 = CARTESIAN_POINT ( 'NONE',  ( 5.481211967592263257, 1.052638997805674714, 0.000000000000000000 ) ) ;
#972 = CARTESIAN_POINT ( 'NONE',  ( -15.43475225036211995, 1.002752097615531079, 1.890211993903837578E-15 ) ) ;
#973 = CARTESIAN_POINT ( 'NONE',  ( -3.523671243039713019, 1.069652425872327894, -7.047342486079421597 ) ) ;
#974 = CARTESIAN_POINT ( 'NONE',  ( 15.51679038290437340, 1.200775636556898007, -3.800517535092854575E-15 ) ) ;
#975 = CARTESIAN_POINT ( 'NONE',  ( -0.1505852143515521435, 1.081052366380976348, 1.844137007545464146E-17 ) ) ;
#976 = CARTESIAN_POINT ( 'NONE',  ( -9.093941084541347308, 1.097975370115353178, 18.18788216908269462 ) ) ;
#977 = CARTESIAN_POINT ( 'NONE',  ( 17.84024514376963921, 1.004293341453797117, 0.000000000000000000 ) ) ;
#978 = CARTESIAN_POINT ( 'NONE',  ( 15.46234332221042962, 1.002439822973477446, 0.000000000000000000 ) ) ;
#979 = CARTESIAN_POINT ( 'NONE',  ( 5.481211967592260592, 1.052638997805674714, -10.96242393518452651 ) ) ;
#980 = CARTESIAN_POINT ( 'NONE',  ( 15.31011263941726952, 1.009467749381731894, -3.749896087689558511E-15 ) ) ;
#981 = CARTESIAN_POINT ( 'NONE',  ( 19.25457521090227431, 1.151336402251854629, -38.50915042180456993 ) ) ;
#982 = CARTESIAN_POINT ( 'NONE',  ( 18.08085793029657395, 1.377355921937331695, 0.000000000000000000 ) ) ;
#983 = CARTESIAN_POINT ( 'NONE',  ( -12.84057955052124456, 1.127003471505461096, 25.68115910104248911 ) ) ;
#984 = CARTESIAN_POINT ( 'NONE',  ( 13.88404356241590776, 1.080227051790146442, -27.76808712483182617 ) ) ;
#985 = FACE_OUTER_BOUND ( 'NONE', #611, .T. ) ;
#986 = CARTESIAN_POINT ( 'NONE',  ( 8.910027125084701183, 1.115066788946184939, 0.000000000000000000 ) ) ;
#987 = CARTESIAN_POINT ( 'NONE',  ( -12.70624063491673539, 1.133108333666563938, 1.556065692274681453E-15 ) ) ;
#988 = CARTESIAN_POINT ( 'NONE',  ( -1.987720776247792864, 1.077394584656452103, -3.975441552495583952 ) ) ;
#989 = LINE ( 'NONE', #565, #847 ) ;
#990 = CARTESIAN_POINT ( 'NONE',  ( 15.27182995670938759, 1.011450342872764363, -3.740519534721362862E-15 ) ) ;
#991 = CARTESIAN_POINT ( 'NONE',  ( 19.88649183883800475, 1.023453564620538048, -39.77298367767603082 ) ) ;
#992 = CARTESIAN_POINT ( 'NONE',  ( 12.84057955052124811, 1.127003471505461096, 0.000000000000000000 ) ) ;
#993 = CARTESIAN_POINT ( 'NONE',  ( 12.67900089615570280, 1.132799173539398296, 25.35800179231139850 ) ) ;
#994 = CARTESIAN_POINT ( 'NONE',  ( 19.97871819646893954, 1.004402396269819198, 0.000000000000000000 ) ) ;
#995 = CARTESIAN_POINT ( 'NONE',  ( 12.73535928524206362, 1.131460122270636859, -3.119263396932643649E-15 ) ) ;
#996 = SURFACE_STYLE_FILL_AREA ( #110 ) ;
#997 = CARTESIAN_POINT ( 'NONE',  ( 9.168830524663045267, 1.096206820373297086, 0.000000000000000000 ) ) ;
#998 = CARTESIAN_POINT ( 'NONE',  ( 12.73535928524206362, 1.131460122270636859, 0.000000000000000000 ) ) ;
#999 = DIRECTION ( 'NONE',  ( -0.000000000000000000, -1.000000000000000000, -0.000000000000000000 ) ) ;
#1000 = CARTESIAN_POINT ( 'NONE',  ( -12.76397424881049325, 1.130333079925257556, 1.563136020820501250E-15 ) ) ;
#1001 = CARTESIAN_POINT ( 'NONE',  ( 19.72327854532478852, 1.056950359024974029, -39.44655709064959836 ) ) ;
#1002 = CARTESIAN_POINT ( 'NONE',  ( 15.51679038290437340, 1.200775636556898007, 0.000000000000000000 ) ) ;
#1003 = CARTESIAN_POINT ( 'NONE',  ( 13.88404356241591309, 1.080227051790146442, 27.76808712483182262 ) ) ;
#1004 = PLANE ( 'NONE',  #143 ) ;
#1005 = CARTESIAN_POINT ( 'NONE',  ( -12.46201183490381403, 1.005963782502433901, 1.526156290455139029E-15 ) ) ;
#1006 = CARTESIAN_POINT ( 'NONE',  ( 17.74336761012247621, 1.013156328314543497, -35.48673522024497373 ) ) ;
#1007 = CARTESIAN_POINT ( 'NONE',  ( 0.4818726818564942338, 1.080915633079334137, 0.000000000000000000 ) ) ;
#1008 = CARTESIAN_POINT ( 'NONE',  ( 12.69676286340617111, 0.9833497661791278377, 0.000000000000000000 ) ) ;
#1009 = DIRECTION ( 'NONE',  ( -0.000000000000000000, -1.000000000000000000, -0.000000000000000000 ) ) ;
#1010 = CARTESIAN_POINT ( 'NONE',  ( -12.60977451110728964, 1.003185808184092309, -25.21954902221456862 ) ) ;
#1011 = CARTESIAN_POINT ( 'NONE',  ( 18.02758766674821445, 0.9769530221059115060, -4.415485506486300236E-15 ) ) ;
#1012 = CARTESIAN_POINT ( 'NONE',  ( 1.144446994964193554, 1.079932268857970445, 0.000000000000000000 ) ) ;
#1013 = CARTESIAN_POINT ( 'NONE',  ( -12.53671998251326158, 1.003725730177871034, 25.07343996502652317 ) ) ;
#1014 = CARTESIAN_POINT ( 'NONE',  ( -17.91019258679357762, 1.408709205375067164, 2.193366002352940858E-15 ) ) ;
#1015 = CARTESIAN_POINT ( 'NONE',  ( -12.46201183490381936, 1.005963782502433901, -24.92402366980762096 ) ) ;
#1016 = CARTESIAN_POINT ( 'NONE',  ( -17.76756202427716858, 1.010973665007323330, 2.175898796168310038E-15 ) ) ;
#1017 = CARTESIAN_POINT ( 'NONE',  ( -15.42265043922109946, 1.218544453536770433, 1.888729949476064062E-15 ) ) ;
#1018 = CARTESIAN_POINT ( 'NONE',  ( 12.46201183490381581, 1.005963782502433901, 24.92402366980762096 ) ) ;
#1019 = CARTESIAN_POINT ( 'NONE',  ( -8.311907294756800013, 1.011063929886906632, 1.017915066333345011E-15 ) ) ;
#1020 = CARTESIAN_POINT ( 'NONE',  ( 17.84024514376963921, 1.004293341453797117, 0.000000000000000000 ) ) ;
#1021 = CARTESIAN_POINT ( 'NONE',  ( 11.66376048336296734, 1.030890954362423839, -23.32752096672594533 ) ) ;
#1022 = CARTESIAN_POINT ( 'NONE',  ( 17.93121302640953019, 1.405171977253203197, -4.391880527524350744E-15 ) ) ;
#1023 = B_SPLINE_CURVE_WITH_KNOTS ( 'NONE', 3,
 ( #495, #60, #324, #307, #240, #150, #407, #945, #1103, #589, #940, #1116, #1130, #768, #930, #397, #669, #774, #223, #217, #1110, #1024, #676, #1029, #579, #155, #500, #402, #312, #568, #329, #750, #478, #483, #55, #864, #664, #659, #1017, #228, #935, #489, #584, #852, #762, #841, #65, #41, #391, #613, #605, #970, #800, #703, #595, #950, #618, #513, #881, #1142, #956, #250, #90, #178, #805, #1063, #786, #1155, #83, #185, #1046, #77, #507, #870, #780, #341, #353, #431, #533, #257, #424, #711, #269, #794, #1054, #527, #245, #886, #438, #1149, #696, #1135, #963, #335, #891, #689, #97, #875, #975, #444 ),
 .UNSPECIFIED., .F., .F.,
 ( 4, 1, 1, 1, 1, 1, 1, 1, 1, 1, 1, 1, 1, 1, 1, 1, 1, 1, 1, 1, 1, 1, 1, 1, 1, 1, 1, 1, 1, 1, 1, 1, 1, 1, 1, 1, 1, 1, 1, 1, 1, 1, 1, 1, 1, 1, 1, 1, 1, 1, 1, 1, 1, 1, 1, 1, 1, 1, 1, 1, 1, 1, 1, 1, 1, 1, 1, 1, 1, 1, 1, 1, 1, 1, 1, 1, 1, 1, 1, 1, 1, 1, 1, 1, 1, 1, 1, 1, 1, 1, 1, 1, 1, 1, 1, 1, 1, 4 ),
 ( 0.000000000000000000, 0.001039491485358312595, 0.002078984306605025090, 0.01351337513678363411, 0.02494782702740550029, 0.03846122159675813279, 0.04573763444606604445, 0.06236952048486177347, 0.06964595819199492777, 0.08108036124084994078, 0.08835681142900886353, 0.09459375697963368079, 0.09771226113093833820, 0.09875172750119132203, 0.09979124612488710078, 0.1008307247285451513, 0.1018702095250817452, 0.1029096996978577927, 0.1226627545646645778, 0.1238248601585539843, 0.1249869051310744661, 0.1261490324067758850, 0.1273110990957087019, 0.1284731532822940281, 0.1296352421902957630, 0.1307973182002218904, 0.1342835647241820141, 0.1947118246334469394, 0.2051705997918433777, 0.2179534880404248032, 0.2260880430746160519, 0.2307363689058132827, 0.2318984936133458019, 0.2330605592899031020, 0.2342226136345042509, 0.2353847047244093105, 0.2365467845174528128, 0.2377089003393165756, 0.2474362078858705072, 0.2488112340579695658, 0.2501863010021203593, 0.2515613609652369576, 0.2529364142089617351, 0.2543114602490362808, 0.2556865473621097173, 0.2584366527992930651, 0.2598117191637306922, 0.2804375675066376195, 0.3423151738610495931, 0.3505655488141221632, 0.3643161247476940368, 0.3711914302003272992, 0.3753165819144658188, 0.3766916370057781238, 0.3780666861040712368, 0.3794417772163820590, 0.3808168149869671781, 0.3821918947975387892, 0.3835669208815114528, 0.3900358328067213831, 0.3918265079672083040, 0.3936171776271091272, 0.3954077941477860403, 0.3971984530077909969, 0.3989891065675802428, 0.4007798024997555331, 0.4025704453557091833, 0.4043610828089495568, 0.4079423898288802031, 0.4992658478781283327, 0.5135910578318250153, 0.5297069791986321885, 0.5440322224388598471, 0.5547761585383117477, 0.5565668133634655845, 0.5583574690824584241, 0.5601481256005451659, 0.5619387782623610494, 0.5637294365378369143, 0.5655200908797534121, 0.5673107461951587549, 0.5721587590725163430, 0.5764803860527247803, 0.5808020179171569097, 0.5851236453314672126, 0.5894452731385916300, 0.5937669016499578234, 0.5980885307623626801, 0.6024101608664812479, 0.6067317871620114822, 0.6153750433367737305, 0.6240183006054733639, 0.7320590221312832657, 0.8573862519271163718, 0.9049241704269259667, 0.9524620845168668692, 0.9783918563161154713, 1.000000000000000000 ),
 .UNSPECIFIED. ) ;
#1024 = CARTESIAN_POINT ( 'NONE',  ( -17.84024514376963921, 1.004293341453797117, 2.184799911132160095E-15 ) ) ;
#1025 = CARTESIAN_POINT ( 'NONE',  ( 9.742703114324196889, 1.082494106911059406, 0.000000000000000000 ) ) ;
#1026 = CARTESIAN_POINT ( 'NONE',  ( 17.81593163392021850, 1.006620071174722408, 0.000000000000000000 ) ) ;
#1027 = CARTESIAN_POINT ( 'NONE',  ( 9.018586246688190755, 1.100204980776276820, -2.208916555968207088E-15 ) ) ;
#1028 = CARTESIAN_POINT ( 'NONE',  ( 17.76756202427716858, 1.010973665007323330, -4.351797592336620075E-15 ) ) ;
#1029 = CARTESIAN_POINT ( 'NONE',  ( -17.79176678195252492, 1.008775748400054129, 2.178863024069436323E-15 ) ) ;
#1030 = CARTESIAN_POINT ( 'NONE',  ( 12.46201183490381403, 1.005963782502433901, 0.000000000000000000 ) ) ;
#1031 = CARTESIAN_POINT ( 'NONE',  ( -8.402261921624686991, 1.009516960398546770, 1.028980316791536199E-15 ) ) ;
#1032 = CARTESIAN_POINT ( 'NONE',  ( -17.86400265465849913, 1.002591225870178571, 2.187709367098735172E-15 ) ) ;
#1033 = CARTESIAN_POINT ( 'NONE',  ( 8.766117336900109080, 1.000676780912959307, -2.147079507516967474E-15 ) ) ;
#1034 = CARTESIAN_POINT ( 'NONE',  ( 15.66146581134536575, 1.189955472956447657, -3.835952795163961418E-15 ) ) ;
#1035 = DIRECTION ( 'NONE',  ( 0.000000000000000000, 0.000000000000000000, -1.000000000000000000 ) ) ;
#1036 = EDGE_CURVE ( 'NONE', #345, #628, #672, .T. ) ;
#1037 = CARTESIAN_POINT ( 'NONE',  ( -18.08085793029657395, 1.377355921937331695, 2.214266479017573759E-15 ) ) ;
#1038 = CARTESIAN_POINT ( 'NONE',  ( 8.672586901175064256, 1.005529073370777571, -2.124171157770261133E-15 ) ) ;
#1039 = CARTESIAN_POINT ( 'NONE',  ( 15.56463948722712765, 1.197584174169176841, -31.12927897445426595 ) ) ;
#1040 = CARTESIAN_POINT ( 'NONE',  ( 0.000000000000000000, 1.000000000000000000, 0.000000000000000000 ) ) ;
#1041 = CARTESIAN_POINT ( 'NONE',  ( 19.25457521090228497, 1.151336402251854629, 0.000000000000000000 ) ) ;
#1042 = VECTOR ( 'NONE', #1009, 1000.000000000000000 ) ;
#1043 = CARTESIAN_POINT ( 'NONE',  ( -15.93593350460645652, 1.167955622209818856, 1.951588995784136032E-15 ) ) ;
#1044 = CARTESIAN_POINT ( 'NONE',  ( -9.093941084541349085, 1.097975370115353178, 1.113686584081817362E-15 ) ) ;
#1045 = CARTESIAN_POINT ( 'NONE',  ( 16.73497119741566053, 1.102109867813014787, -4.098885782147647586E-15 ) ) ;
#1046 = CARTESIAN_POINT ( 'NONE',  ( -10.90286046612375515, 1.052709710240094632, 1.335215317138867451E-15 ) ) ;
#1047 = APPLICATION_CONTEXT ( 'automotive_design' ) ;
#1048 = CARTESIAN_POINT ( 'NONE',  ( 9.093941084541349085, 1.097975370115353178, 18.18788216908269462 ) ) ;
#1049 = CARTESIAN_POINT ( 'NONE',  ( 8.040894951905229959, 1.015559237524544134, 16.08178990381045281 ) ) ;
#1050 = CARTESIAN_POINT ( 'NONE',  ( -15.54020354325602860, 1.199730396625413142, 31.08040708651205719 ) ) ;
#1051 = CARTESIAN_POINT ( 'NONE',  ( -8.844536125420207284, 1.011215805985844485, 1.083143285593898947E-15 ) ) ;
#1052 = VERTEX_POINT ( 'NONE', #71 ) ;
#1053 = CARTESIAN_POINT ( 'NONE',  ( -15.42265043922109946, 1.218544453536770433, 1.888729949476064062E-15 ) ) ;
#1054 = CARTESIAN_POINT ( 'NONE',  ( -8.766117336900109080, 1.000676780912959307, 1.073539753758483737E-15 ) ) ;
#1055 = APPLICATION_PROTOCOL_DEFINITION ( 'draft international standard', 'automotive_design', 1998, #432 ) ;
#1056 = CARTESIAN_POINT ( 'NONE',  ( -9.268644255858584202, 1.093874010886612735, 1.135081552037271561E-15 ) ) ;
#1057 = CARTESIAN_POINT ( 'NONE',  ( 5.481211967592263257, 1.052638997805674714, 10.96242393518452474 ) ) ;
#1058 = CARTESIAN_POINT ( 'NONE',  ( 15.43475225036211818, 1.002752097615531079, 30.86950450072422925 ) ) ;
#1059 = CARTESIAN_POINT ( 'NONE',  ( 0.000000000000000000, 1.081060399999999921, 0.000000000000000000 ) ) ;
#1060 = UNCERTAINTY_MEASURE_WITH_UNIT (LENGTH_MEASURE( 1.000000000000000082E-05 ), #376, 'distance_accuracy_value', 'NONE');
#1061 = CARTESIAN_POINT ( 'NONE',  ( -16.73497119741566053, 1.102109867813014787, 2.049442891073823793E-15 ) ) ;
#1062 = EDGE_CURVE ( 'NONE', #809, #1074, #287, .T. ) ;
#1063 = CARTESIAN_POINT ( 'NONE',  ( -12.46201183490381403, 1.005963782502433901, 1.526156290455139029E-15 ) ) ;
#1064 = CARTESIAN_POINT ( 'NONE',  ( 8.984824507239022040, 0.9623284186775089566, 0.000000000000000000 ) ) ;
#1065 = CARTESIAN_POINT ( 'NONE',  ( 17.93121302640953019, 1.405171977253203197, 0.000000000000000000 ) ) ;
#1066 = CARTESIAN_POINT ( 'NONE',  ( -15.61303572796694539, 1.193792404174607746, 1.912045422922798693E-15 ) ) ;
#1067 = AXIS2_PLACEMENT_3D ( 'NONE', #925, #234, #133 ) ;
#1068 = CARTESIAN_POINT ( 'NONE',  ( -5.481211967592263257, 1.052638997805674714, 6.712548691560030642E-16 ) ) ;
#1069 = CARTESIAN_POINT ( 'NONE',  ( -12.67900089615570280, 1.132799173539398518, 1.552729786386350395E-15 ) ) ;
#1070 = CARTESIAN_POINT ( 'NONE',  ( -18.36565414739913749, 1.323901513819561560, 2.249143956585966370E-15 ) ) ;
#1071 = CARTESIAN_POINT ( 'NONE',  ( 17.86400265465849913, 1.002591225870178571, 0.000000000000000000 ) ) ;
#1072 = CARTESIAN_POINT ( 'NONE',  ( 16.15387460245579732, 1.150183142308132567, 32.30774920491158042 ) ) ;
#1073 = CARTESIAN_POINT ( 'NONE',  ( 7.167613812420845498, 1.029629927195718331, -1.755559062581109145E-15 ) ) ;
#1074 = VERTEX_POINT ( 'NONE', #902 ) ;
#1075 = CARTESIAN_POINT ( 'NONE',  ( 13.09906517189213737, 1.115695284255741493, -26.19813034378428540 ) ) ;
#1076 = CARTESIAN_POINT ( 'NONE',  ( -19.47478600948447536, 1.107313003656597017, 2.384973435059482037E-15 ) ) ;
#1077 = CARTESIAN_POINT ( 'NONE',  ( 8.672586901175064256, 1.005529073370777571, 0.000000000000000000 ) ) ;
#1078 = CARTESIAN_POINT ( 'NONE',  ( 13.88404356241591486, 1.080227051790146442, 0.000000000000000000 ) ) ;
#1079 = CARTESIAN_POINT ( 'NONE',  ( 8.040894951905226407, 1.015559237524544134, -16.08178990381045992 ) ) ;
#1080 = CARTESIAN_POINT ( 'NONE',  ( 18.54356612587876185, 1.290031379586823457, 0.000000000000000000 ) ) ;
#1081 = CARTESIAN_POINT ( 'NONE',  ( 13.88404356241591486, 1.080227051790146442, -3.400609901587012886E-15 ) ) ;
#1082 = CARTESIAN_POINT ( 'NONE',  ( -19.97871819646893954, 1.004402396269819198, 2.446687329037266669E-15 ) ) ;
#1083 = CARTESIAN_POINT ( 'NONE',  ( 12.67900089615570280, 1.132799173539398518, 0.000000000000000000 ) ) ;
#1084 = CARTESIAN_POINT ( 'NONE',  ( 15.37711503279199654, 1.005976582099039174, 30.75423006558398242 ) ) ;
#1085 = CARTESIAN_POINT ( 'NONE',  ( -19.99999999999999645, 1.000000000000000000, 39.99999999999999289 ) ) ;
#1086 = CARTESIAN_POINT ( 'NONE',  ( -12.84057955052124811, 1.127003471505461096, 1.572517464574280587E-15 ) ) ;
#1087 = CARTESIAN_POINT ( 'NONE',  ( -18.78543048179367503, 1.243505718252097658, -37.57086096358733585 ) ) ;
#1088 = CARTESIAN_POINT ( 'NONE',  ( 8.191461923243132048, 1.013075913013881113, 0.000000000000000000 ) ) ;
#1089 = CARTESIAN_POINT ( 'NONE',  ( -15.40574378613102446, 1.004567374092396159, 1.886659481616958439E-15 ) ) ;
#1090 = CARTESIAN_POINT ( 'NONE',  ( 19.25457521090228497, 1.151336402251854629, 38.50915042180456282 ) ) ;
#1091 = CARTESIAN_POINT ( 'NONE',  ( -12.84057955052125344, 1.127003471505461096, -25.68115910104248911 ) ) ;
#1092 = CARTESIAN_POINT ( 'NONE',  ( 19.97871819646892888, 1.004402396269819198, -39.95743639293787908 ) ) ;
#1093 = CARTESIAN_POINT ( 'NONE',  ( 12.79272408643405967, 1.129062827064956975, 0.000000000000000000 ) ) ;
#1094 = CARTESIAN_POINT ( 'NONE',  ( -13.88404356241591486, 1.080227051790146442, 1.700304950793506443E-15 ) ) ;
#1095 = CARTESIAN_POINT ( 'NONE',  ( 0.000000000000000000, 0.000000000000000000, -20.00000000000000000 ) ) ;
#1096 = CARTESIAN_POINT ( 'NONE',  ( 9.268644255858577097, 1.093874010886612735, -18.53728851171716485 ) ) ;
#1097 = CARTESIAN_POINT ( 'NONE',  ( 17.70303805939488484, 1.016794765555397939, -35.40607611878977679 ) ) ;
#1098 = CARTESIAN_POINT ( 'NONE',  ( 15.56179393036464553, 0.9844886235954716236, 0.000000000000000000 ) ) ;
#1099 = CARTESIAN_POINT ( 'NONE',  ( -15.34838419384908725, 1.007490892425114470, 30.69676838769817806 ) ) ;
#1100 = CARTESIAN_POINT ( 'NONE',  ( 19.72327854532480274, 1.056950359024974029, 0.000000000000000000 ) ) ;
#1101 = CARTESIAN_POINT ( 'NONE',  ( 12.57478944286087241, 1.001859814752027455, -25.14957888572175548 ) ) ;
#1102 = CARTESIAN_POINT ( 'NONE',  ( -17.97402149014923367, 1.397186168250449168, -35.94804298029845313 ) ) ;
#1103 = CARTESIAN_POINT ( 'NONE',  ( -18.78543048179367148, 1.243505718252097880, 2.300551731013374628E-15 ) ) ;
#1104 = CARTESIAN_POINT ( 'NONE',  ( 10.90286046612375337, 1.052709710240094410, 21.80572093224750674 ) ) ;
#1105 = CARTESIAN_POINT ( 'NONE',  ( -8.191461923243132048, 1.013075913013881113, 1.003164762463712246E-15 ) ) ;
#1106 = CARTESIAN_POINT ( 'NONE',  ( -17.93121302640952308, 1.405171977253203197, 35.86242605281904616 ) ) ;
#1107 = CARTESIAN_POINT ( 'NONE',  ( 9.742703114324196889, 1.082494106911059406, -2.386274036800015008E-15 ) ) ;
#1108 = MANIFOLD_SOLID_BREP ( '\X2\65cb8f6c\X0\1', #47 ) ;
#1109 = CARTESIAN_POINT ( 'NONE',  ( -17.81593163392022205, 1.006620071174722186, -35.63186326784042990 ) ) ;
#1110 = CARTESIAN_POINT ( 'NONE',  ( -17.86400265465849913, 1.002591225870178571, 2.187709367098735172E-15 ) ) ;
#1111 = CARTESIAN_POINT ( 'NONE',  ( -12.49947696288097099, 1.004731724309497087, 24.99895392576194197 ) ) ;
#1112 = CARTESIAN_POINT ( 'NONE',  ( -8.492538392742968512, 1.008033228944637649, 16.98507678548593702 ) ) ;
#1113 = CARTESIAN_POINT ( 'NONE',  ( -17.81593163392021850, 1.006620071174722408, 2.181822364930847260E-15 ) ) ;
#1114 = CARTESIAN_POINT ( 'NONE',  ( -10.05457365010870596, 1.074677635997141945, -20.10914730021740837 ) ) ;
#1115 = CARTESIAN_POINT ( 'NONE',  ( -17.95267725149125582, 1.401111692410873077, 2.198568873216426862E-15 ) ) ;
#1116 = CARTESIAN_POINT ( 'NONE',  ( -18.19480281020579682, 1.356060482383286470, 2.228220702263579588E-15 ) ) ;
#1117 = CARTESIAN_POINT ( 'NONE',  ( 10.05457365010870596, 1.074677635997141945, 0.000000000000000000 ) ) ;
#1118 = CARTESIAN_POINT ( 'NONE',  ( 8.191461923243132048, 1.013075913013881113, 0.000000000000000000 ) ) ;
#1119 = CARTESIAN_POINT ( 'NONE',  ( 17.76756202427716502, 1.010973665007323330, 35.53512404855433005 ) ) ;
#1120 = CARTESIAN_POINT ( 'NONE',  ( 12.57478944286087774, 1.001859814752027678, -3.079935128230300407E-15 ) ) ;
#1121 = CARTESIAN_POINT ( 'NONE',  ( 17.76756202427715436, 1.010973665007323330, -35.53512404855433005 ) ) ;
#1122 = CIRCLE ( 'NONE', #792, 20.00000000000000000 ) ;
#1123 = DIRECTION ( 'NONE',  ( -0.000000000000000000, -1.000000000000000000, -0.000000000000000000 ) ) ;
#1124 = CARTESIAN_POINT ( 'NONE',  ( 12.60245624164091538, 1.148402596828822730, 0.000000000000000000 ) ) ;
#1125 = CARTESIAN_POINT ( 'NONE',  ( -8.492538392742968512, 1.008033228944637649, 1.040035995930868456E-15 ) ) ;
#1126 = CARTESIAN_POINT ( 'NONE',  ( -18.00964708191902020, 1.390572543742836009, 36.01929416383804039 ) ) ;
#1127 = CARTESIAN_POINT ( 'NONE',  ( -9.131416993120627268, 1.097061102479487849, -18.26283398624124743 ) ) ;
#1128 = CARTESIAN_POINT ( 'NONE',  ( 17.25135014776862974, 1.057415298232794232, -4.225362147887014076E-15 ) ) ;
#1129 = ADVANCED_FACE ( 'NONE', ( #985 ), #840, .T. ) ;
#1130 = CARTESIAN_POINT ( 'NONE',  ( -18.08085793029657395, 1.377355921937331695, 2.214266479017573759E-15 ) ) ;
#1131 = CARTESIAN_POINT ( 'NONE',  ( -8.910027125084699406, 1.115066788946184939, 17.82005425016939881 ) ) ;
#1132 = CARTESIAN_POINT ( 'NONE',  ( -17.74336761012248687, 1.013156328314543497, 2.172935834983132698E-15 ) ) ;
#1133 = CARTESIAN_POINT ( 'NONE',  ( 8.672586901175060703, 1.005529073370777571, -17.34517380235012851 ) ) ;
#1134 = CARTESIAN_POINT ( 'NONE',  ( 15.61303572796694539, 1.193792404174607746, -3.824090845845597387E-15 ) ) ;
#1135 = CARTESIAN_POINT ( 'NONE',  ( -8.040894951905229959, 1.015559237524544356, 9.847256265130850406E-16 ) ) ;
#1136 = CARTESIAN_POINT ( 'NONE',  ( 9.056697611951046056, 1.098648613910045757, 0.000000000000000000 ) ) ;
#1137 = CARTESIAN_POINT ( 'NONE',  ( -5.481211967592260592, 1.052638997805674714, 10.96242393518452474 ) ) ;
#1138 = CARTESIAN_POINT ( 'NONE',  ( -15.51679038290437340, 1.200775636556898007, 1.900258767546427287E-15 ) ) ;
#1139 = CARTESIAN_POINT ( 'NONE',  ( -9.018586246688190755, 1.100204980776276820, 1.104458277984103544E-15 ) ) ;
#1140 = ORIENTED_EDGE ( 'NONE', *, *, #1062, .F. ) ;
#1141 = CARTESIAN_POINT ( 'NONE',  ( 15.58880087277217008, 1.195729241318517211, -31.17760174554435082 ) ) ;
#1142 = CARTESIAN_POINT ( 'NONE',  ( -12.60245624164091538, 1.148402596828822730, 1.543355769772012956E-15 ) ) ;
#1143 = CARTESIAN_POINT ( 'NONE',  ( -8.983713542196655411, 1.098448264806356045, 17.96742708439331082 ) ) ;
#1144 = CARTESIAN_POINT ( 'NONE',  ( 19.99290606852853713, 1.001467464794642437, 0.000000000000000000 ) ) ;
#1145 = CARTESIAN_POINT ( 'NONE',  ( -15.56463948722712942, 1.197584174169176841, 31.12927897445426595 ) ) ;
#1146 = CARTESIAN_POINT ( 'NONE',  ( 8.910027125084695854, 1.115066788946184939, -17.82005425016940237 ) ) ;
#1147 = PRODUCT ( 'f_fesnel', 'f_fesnel', '', ( #704 ) ) ;
#1148 = CARTESIAN_POINT ( 'NONE',  ( -15.93593350460646185, 1.167955622209819078, -31.87186700921290594 ) ) ;
#1149 = CARTESIAN_POINT ( 'NONE',  ( -8.311907294756800013, 1.011063929886906632, 1.017915066333345011E-15 ) ) ;
#1150 = CARTESIAN_POINT ( 'NONE',  ( 17.79176678195252492, 1.008775748400054129, 0.000000000000000000 ) ) ;
#1151 = CARTESIAN_POINT ( 'NONE',  ( 15.93593350460645652, 1.167955622209818856, 0.000000000000000000 ) ) ;
#1152 = CARTESIAN_POINT ( 'NONE',  ( 8.844536125420203732, 1.011215805985844485, -17.68907225084041457 ) ) ;
#1153 = ORIENTED_EDGE ( 'NONE', *, *, #505, .F. ) ;
#1154 = CARTESIAN_POINT ( 'NONE',  ( -15.93593350460645652, 1.167955622209818856, 1.951588995784136032E-15 ) ) ;
#1155 = CARTESIAN_POINT ( 'NONE',  ( -12.38718434686138181, 1.008310547713949568, 1.516992566083199065E-15 ) ) ;
ENDSEC;
END-ISO-10303-21;
