ISO-10303-21;
HEADER;
FILE_DESCRIPTION (( 'STEP AP214' ),
    '1' );
FILE_NAME ('mht_fesnel.STEP',
    '2026-05-07T05:19:18',
    ( '' ),
    ( '' ),
    'SwSTEP 2.0',
    'SolidWorks 2025',
    '' );
FILE_SCHEMA (( 'AUTOMOTIVE_DESIGN' ));
ENDSEC;

DATA;
#1 = CARTESIAN_POINT ( 'NONE',  ( 9.942880280909633052E-16, 4.059488943192540944, 0.07234561000987674295 ) ) ;
#2 = CARTESIAN_POINT ( 'NONE',  ( -3.973263947743753758E-16, -3.244416227201258884, 0.09164201374723206228 ) ) ;
#3 = CARTESIAN_POINT ( 'NONE',  ( -9.295651108187525935, -4.647825554093762968, 0.06931896731708521442 ) ) ;
#4 = CARTESIAN_POINT ( 'NONE',  ( 4.120512853927957730E-17, 0.1682327041885390562, 0.1006466540957513534 ) ) ;
#5 = CARTESIAN_POINT ( 'NONE',  ( -3.815099303348207439E-16, -3.115264993959424356, 0.007239630775122429286 ) ) ;
#6 = CARTESIAN_POINT ( 'NONE',  ( 7.972869616854324271, 3.986434808427160803, 0.08422486236672270532 ) ) ;
#7 = PRODUCT_DEFINITION_FORMATION_WITH_SPECIFIED_SOURCE ( 'ไป', '', #649, .NOT_KNOWN. ) ;
#8 = CARTESIAN_POINT ( 'NONE',  ( -2.919683936834635098E-16, -2.384102860406309254, 0.08813417935434350592 ) ) ;
#9 = CARTESIAN_POINT ( 'NONE',  ( -2.357599422245235296E-16, -1.925126023182102575, 0.02680344751574884055 ) ) ;
#10 = CARTESIAN_POINT ( 'NONE',  ( -2.819220855204215212E-16, -2.302068528793009161, 0.09577996546851663684 ) ) ;
#11 = CARTESIAN_POINT ( 'NONE',  ( 7.675058627371292630, -3.837529313685648091, 0.006807558873837377469 ) ) ;
#12 = CARTESIAN_POINT ( 'NONE',  ( 0.000000000000000000, 4.302684828171891240, 0.03114379695245275692 ) ) ;
#13 = CARTESIAN_POINT ( 'NONE',  ( -4.215627452372793016, 2.107813726186396952, 0.01226331898407368587 ) ) ;
#14 = CARTESIAN_POINT ( 'NONE',  ( 7.875608422683943512E-16, 3.215461155072323329, 0.09538496883141341087 ) ) ;
#15 = CARTESIAN_POINT ( 'NONE',  ( -5.125388834786306119E-16, -4.185197591954514351, 0.05145733887409051355 ) ) ;
#16 = CARTESIAN_POINT ( 'NONE',  ( 0.000000000000000000, 4.647825554093763856, 0.06931896731708520054 ) ) ;
#17 = CARTESIAN_POINT ( 'NONE',  ( -4.641907274344879930, -2.320953637172439965, 0.09408649653758964504 ) ) ;
#18 = CARTESIAN_POINT ( 'NONE',  ( 6.275226155123069915, 3.137613077561533625, 0.1112267870344774562 ) ) ;
#19 = EDGE_CURVE ( 'NONE', #974, #617, #211, .T. ) ;
#20 = CARTESIAN_POINT ( 'NONE',  ( -4.971440140454816526E-16, -4.059488943192540944, 0.07234561000987674295 ) ) ;
#21 = CARTESIAN_POINT ( 'NONE',  ( 0.000000000000000000, 3.244416227201258884, 0.09164201374723206228 ) ) ;
#22 = CARTESIAN_POINT ( 'NONE',  ( -4.604137057586017434, -2.302068528793008717, 0.09577996546851663684 ) ) ;
#23 = CARTESIAN_POINT ( 'NONE',  ( 7.854278756216735834E-16, 3.206752657862327993, -0.01220534803653953483 ) ) ;
#24 = CARTESIAN_POINT ( 'NONE',  ( -7.834902083990236576, -3.917451041995118288, 0.09522341848737927994 ) ) ;
#25 = DIRECTION ( 'NONE',  ( 1.000000000000000000, 0.000000000000000000, 0.000000000000000000 ) ) ;
#26 = CARTESIAN_POINT ( 'NONE',  ( 0.000000000000000000, 4.508816034018398256, 0.09513493949308970965 ) ) ;
#27 = CARTESIAN_POINT ( 'NONE',  ( -3.850252046364204261, 1.925126023182102575, 0.02680344751574884402 ) ) ;
#28 = CARTESIAN_POINT ( 'NONE',  ( 7.068074264714847565, 3.534037132357422450, 0.05226532054284649398 ) ) ;
#29 = CARTESIAN_POINT ( 'NONE',  ( -8.605369656343780704, -4.302684828171890352, 0.03114379695245275692 ) ) ;
#30 = DIRECTION ( 'NONE',  ( 1.000000000000000000, 0.000000000000000000, 0.000000000000000000 ) ) ;
#31 = CARTESIAN_POINT ( 'NONE',  ( 0.000000000000000000, 3.823128275667132314, 0.008998580398404690261 ) ) ;
#32 = CARTESIAN_POINT ( 'NONE',  ( -5.618894718815461815E-18, -0.04588175727669035336, 0.1009962064202499649 ) ) ;
#33 = CARTESIAN_POINT ( 'NONE',  ( 9.399235981278534477E-16, 3.837529313685647203, 0.006807558873837378337 ) ) ;
#34 = CARTESIAN_POINT ( 'NONE',  ( 0.000000000000000000, 3.669010118037320911, 0.03250306562591821075 ) ) ;
#35 = CARTESIAN_POINT ( 'NONE',  ( -2.707696251281154271E-16, -2.211001778771118698, 0.1110916765039190041 ) ) ;
#36 = CARTESIAN_POINT ( 'NONE',  ( 0.000000000000000000, 2.302068528793009161, 0.09577996546851663684 ) ) ;
#37 = CARTESIAN_POINT ( 'NONE',  ( -2.773564407266304142E-16, -2.264787209828472481, 0.09858482314062037843 ) ) ;
#38 = CARTESIAN_POINT ( 'NONE',  ( -6.749617681656596702, 3.374808840828299683, 0.07432622610155818765 ) ) ;
#39 = CARTESIAN_POINT ( 'NONE',  ( -3.842467812398610367E-16, -3.137613077561535402, 0.1112267870344774423 ) ) ;
#40 = CARTESIAN_POINT ( 'NONE',  ( -3.027933856181560572E-16, -2.472495627547245611, 0.07957348632134403354 ) ) ;
#41 = CARTESIAN_POINT ( 'NONE',  ( -7.731980583718616629, 3.865990291859308758, 0.002794737540227753853 ) ) ;
#42 = CARTESIAN_POINT ( 'NONE',  ( 8.975313983931293649, 4.487656991965644160, 0.09876162142111127862 ) ) ;
#43 = SURFACE_STYLE_USAGE ( .BOTH. , #810 ) ;
#44 = CARTESIAN_POINT ( 'NONE',  ( 6.488558205592040894E-16, 2.649154927816586458, 0.06162188929228459844 ) ) ;
#45 = CARTESIAN_POINT ( 'NONE',  ( -7.068074264714845789, -3.534037132357422895, 0.05226532054284649398 ) ) ;
#46 = CARTESIAN_POINT ( 'NONE',  ( 9.074660420322436138, -4.537330210161219846, 0.08990540301094819553 ) ) ;
#47 = EDGE_CURVE ( 'NONE', #824, #611, #537, .T. ) ;
#48 = ORIENTED_EDGE ( 'NONE', *, *, #433, .T. ) ;
#49 = CARTESIAN_POINT ( 'NONE',  ( 0.000000000000000000, 0.000000000000000000, 0.1010205099999999939 ) ) ;
#50 = CARTESIAN_POINT ( 'NONE',  ( 4.604137057586017434, -2.302068528793010049, 0.09577996546851663684 ) ) ;
#51 = CARTESIAN_POINT ( 'NONE',  ( -3.973263947743753758E-16, -3.244416227201258884, 0.09164201374723206228 ) ) ;
#52 = CARTESIAN_POINT ( 'NONE',  ( 9.017632068036796511, 4.508816034018395591, 0.09513493949308972353 ) ) ;
#53 = FACE_OUTER_BOUND ( 'NONE', #600, .T. ) ;
#54 = CARTESIAN_POINT ( 'NONE',  ( -5.000000000000000000, 6.123233995736766282E-16, 0.2902647111377981148 ) ) ;
#55 = CARTESIAN_POINT ( 'NONE',  ( -5.000000000000000000, 6.123233995736766282E-16, 0.000000000000000000 ) ) ;
#56 = CARTESIAN_POINT ( 'NONE',  ( 4.565795022885559717, -2.282897511442780747, 0.09777010318612233686 ) ) ;
#57 = CARTESIAN_POINT ( 'NONE',  ( -6.155106440249458188, -3.077553220124729094, 0.01189745858105472655 ) ) ;
#58 = CARTESIAN_POINT ( 'NONE',  ( 8.856318485560764842, 4.428159242780379756, 0.008779540990224947786 ) ) ;
#59 = CARTESIAN_POINT ( 'NONE',  ( -0.3364654083770780568, -0.1682327041885390284, 0.1006466540957513395 ) ) ;
#60 = CARTESIAN_POINT ( 'NONE',  ( -4.812374417683939026E-16, -3.929601923619529202, 0.09332246461005266891 ) ) ;
#61 = CARTESIAN_POINT ( 'NONE',  ( -8.975313983931291872, 4.487656991965646824, 0.09876162142111127862 ) ) ;
#62 = CARTESIAN_POINT ( 'NONE',  ( 4.033175610330832939, -2.016587805165416913, 0.01958697261014466853 ) ) ;
#63 = CARTESIAN_POINT ( 'NONE',  ( 0.000000000000000000, 2.649154927816586458, 0.06162188929228459844 ) ) ;
#64 = CARTESIAN_POINT ( 'NONE',  ( -5.508496943909561151E-16, -4.498029103366612880, 0.09719948480443707517 ) ) ;
#65 = PRESENTATION_LAYER_ASSIGNMENT (  '', '', ( #496 ) ) ;
#66 = CARTESIAN_POINT ( 'NONE',  ( -1.804437740258490352, 0.9022188701292455093, 0.08695046198218976674 ) ) ;
#67 = DIRECTION ( 'NONE',  ( -0.000000000000000000, -0.000000000000000000, 1.000000000000000000 ) ) ;
#68 = CARTESIAN_POINT ( 'NONE',  ( -9.957368349378251438, -4.978684174689125719, 0.004344479036137670162 ) ) ;
#69 = CARTESIAN_POINT ( 'NONE',  ( 4.033175610330832939, 2.016587805165415581, 0.01958697261014466853 ) ) ;
#70 = CARTESIAN_POINT ( 'NONE',  ( 0.000000000000000000, 3.058675075285990363, 0.01422707711612561376 ) ) ;
#71 = CARTESIAN_POINT ( 'NONE',  ( 7.810317717502271329, 3.905158858751134332, 0.09728235977445628957 ) ) ;
#72 = CARTESIAN_POINT ( 'NONE',  ( -4.837250121676501238E-16, -3.949914477418618119, 0.09007095879854878917 ) ) ;
#73 = CARTESIAN_POINT ( 'NONE',  ( -9.021508592585664843, -4.510754296292832421, -0.01124719694625166654 ) ) ;
#74 = CARTESIAN_POINT ( 'NONE',  ( 5.590442911785662043E-16, 2.282471532068652387, -0.02241194437868447575 ) ) ;
#75 = CARTESIAN_POINT ( 'NONE',  ( -6.268781732302992182, 3.134390866151497423, 0.004579127471016449479 ) ) ;
#76 = CARTESIAN_POINT ( 'NONE',  ( 9.674500243353002475E-16, 3.949914477418618119, 0.09007095879854878917 ) ) ;
#77 = CARTESIAN_POINT ( 'NONE',  ( -5.269269202560586564E-16, -4.302684828171891240, 0.03114379695245275692 ) ) ;
#78 = CARTESIAN_POINT ( 'NONE',  ( 0.000000000000000000, 4.519490729680363472, 0.09319909925789365834 ) ) ;
#79 = CARTESIAN_POINT ( 'NONE',  ( 3.941748425555712032, -1.970874212777856904, 0.02322188037327758275 ) ) ;
#80 = CARTESIAN_POINT ( 'NONE',  ( 0.000000000000000000, 3.096452188429346553, 0.009527768037958661215 ) ) ;
#81 = CARTESIAN_POINT ( 'NONE',  ( 8.370395183909026926, -4.185197591954516128, 0.05145733887409050661 ) ) ;
#82 = CARTESIAN_POINT ( 'NONE',  ( -3.244279102796020447E-16, -2.649154927816586458, 0.06162188929228459844 ) ) ;
#83 = CARTESIAN_POINT ( 'NONE',  ( 5.277431065212166954E-16, 2.154674747399217605, 0.007097278362955606809 ) ) ;
#84 = CARTESIAN_POINT ( 'NONE',  ( 0.000000000000000000, 1.970874212777856682, 0.02322188037327758275 ) ) ;
#85 = CARTESIAN_POINT ( 'NONE',  ( 9.434981910231981293E-16, 3.852123696726672986, 0.004380266201186444955 ) ) ;
#86 = AXIS2_PLACEMENT_3D ( 'NONE', #902, #115, #524 ) ;
#87 = CARTESIAN_POINT ( 'NONE',  ( 0.000000000000000000, 4.510754296292833310, -0.01124719694625166654 ) ) ;
#88 = CARTESIAN_POINT ( 'NONE',  ( -4.564943064137304773, -2.282471532068652387, -0.02241194437868447575 ) ) ;
#89 = CARTESIAN_POINT ( 'NONE',  ( -5.269269202560586564E-16, -4.302684828171891240, 0.03114379695245275692 ) ) ;
#90 = CARTESIAN_POINT ( 'NONE',  ( -8.905031634194269685, 4.452515817097135731, 0.004300079555907431253 ) ) ;
#91 = EDGE_CURVE ( 'NONE', #414, #457, #641, .T. ) ;
#92 = CARTESIAN_POINT ( 'NONE',  ( 0.000000000000000000, 3.789418001806108993, 0.01420065336313323413 ) ) ;
#93 = CARTESIAN_POINT ( 'NONE',  ( -4.604137057586017434, 2.302068528793009161, 0.09577996546851663684 ) ) ;
#94 = CARTESIAN_POINT ( 'NONE',  ( -4.026490868443343260E-16, -3.287879306300186322, 0.08594913599241965629 ) ) ;
#95 = CARTESIAN_POINT ( 'NONE',  ( -8.832024595563289893, 4.416012297781645835, 0.01097075726556787263 ) ) ;
#96 = CARTESIAN_POINT ( 'NONE',  ( 0.000000000000000000, 0.000000000000000000, 0.1010205099999999939 ) ) ;
#97 = CARTESIAN_POINT ( 'NONE',  ( -4.215627452372793016, -2.107813726186396508, 0.01226331898407368587 ) ) ;
#98 = CARTESIAN_POINT ( 'NONE',  ( -4.327947262209409921E-16, -3.534037132357423783, 0.05226532054284649398 ) ) ;
#99 = CARTESIAN_POINT ( 'NONE',  ( -4.812374417683939026E-16, -3.929601923619529202, 0.09332246461005266891 ) ) ;
#100 = CARTESIAN_POINT ( 'NONE',  ( 0.000000000000000000, 0.000000000000000000, -0.7010154324123638592 ) ) ;
#101 = CARTESIAN_POINT ( 'NONE',  ( 0.000000000000000000, 3.229913770599500911, 0.09354663985385648639 ) ) ;
#102 = CARTESIAN_POINT ( 'NONE',  ( -2.413624796200461691E-16, -1.970874212777856682, 0.02322188037327758275 ) ) ;
#103 = CARTESIAN_POINT ( 'NONE',  ( 6.459827541198999157, -3.229913770599501799, 0.09354663985385650027 ) ) ;
#104 = CARTESIAN_POINT ( 'NONE',  ( -8.928466749836498906, -4.464233374918249453, 0.002602000496674225331 ) ) ;
#105 = CARTESIAN_POINT ( 'NONE',  ( -2.819220855204215212E-16, -2.302068528793009161, 0.09577996546851663684 ) ) ;
#106 = EDGE_CURVE ( 'NONE', #617, #740, #534, .T. ) ;
#107 = CARTESIAN_POINT ( 'NONE',  ( 0.09176351455338069285, 0.04588175727669033255, 0.1009962064202499649 ) ) ;
#108 = CARTESIAN_POINT ( 'NONE',  ( 0.000000000000000000, 0.9022188701292452873, 0.08695046198218976674 ) ) ;
#109 = CARTESIAN_POINT ( 'NONE',  ( 7.068074264714845789, -3.534037132357425115, 0.05226532054284649398 ) ) ;
#110 = CARTESIAN_POINT ( 'NONE',  ( -8.605369656343780704, 4.302684828171891240, 0.03114379695245275692 ) ) ;
#111 = CARTESIAN_POINT ( 'NONE',  ( -6.114532854608526455E-16, -4.992894979079439466, 0.001449381289560876382 ) ) ;
#112 = ORIENTED_EDGE ( 'NONE', *, *, #106, .T. ) ;
#113 = CARTESIAN_POINT ( 'NONE',  ( 0.000000000000000000, 1.375856153487199585, 0.06477845513881322348 ) ) ;
#114 = AXIS2_PLACEMENT_3D ( 'NONE', #716, #180, #25 ) ;
#115 = DIRECTION ( 'NONE',  ( -0.000000000000000000, -0.000000000000000000, 1.000000000000000000 ) ) ;
#116 = CARTESIAN_POINT ( 'NONE',  ( -2.842348442732636178E-16, -2.320953637172440409, 0.09408649653758964504 ) ) ;
#117 = CARTESIAN_POINT ( 'NONE',  ( -4.640698626543210037E-16, -3.789418001806108993, 0.01420065336313323413 ) ) ;
#118 = CARTESIAN_POINT ( 'NONE',  ( -1.872964844390896083E-18, -0.01529391858693402058, 0.1010124088070176451 ) ) ;
#119 =( LENGTH_UNIT ( ) NAMED_UNIT ( * ) SI_UNIT ( .MILLI., .METRE. ) );
#120 = CARTESIAN_POINT ( 'NONE',  ( 7.291136109765373928E-16, 2.976832224132601734, 0.02422010476773297366 ) ) ;
#121 = CARTESIAN_POINT ( 'NONE',  ( 0.000000000000000000, 3.229913770599500911, 0.09354663985385648639 ) ) ;
#122 = CARTESIAN_POINT ( 'NONE',  ( 9.957368349378254990, 4.978684174689124831, 0.004344479036137670162 ) ) ;
#123 = CARTESIAN_POINT ( 'NONE',  ( 0.000000000000000000, 2.211001778771118698, 0.1110916765039190041 ) ) ;
#124 = CARTESIAN_POINT ( 'NONE',  ( 4.768205720812618509, 2.384102860406307922, 0.08813417935434350592 ) ) ;
#125 = CARTESIAN_POINT ( 'NONE',  ( 0.000000000000000000, 3.837529313685647203, 0.006807558873837378337 ) ) ;
#126 = CARTESIAN_POINT ( 'NONE',  ( -5.556626918548524423E-16, -4.537330210161218957, 0.08990540301094819553 ) ) ;
#127 = CARTESIAN_POINT ( 'NONE',  ( 4.641907274344879930, -2.320953637172440853, 0.09408649653758964504 ) ) ;
#128 = CARTESIAN_POINT ( 'NONE',  ( -7.830469793282781588, 3.915234896641391238, -0.01136668939179557615 ) ) ;
#129 = CARTESIAN_POINT ( 'NONE',  ( 1.170659841149684704E-15, 4.779581516747292369, 0.04416363219273504448 ) ) ;
#130 = ORIENTED_EDGE ( 'NONE', *, *, #857, .T. ) ;
#131 = CARTESIAN_POINT ( 'NONE',  ( 0.000000000000000000, 0.000000000000000000, 0.2902647111377981148 ) ) ;
#132 = CARTESIAN_POINT ( 'NONE',  ( 5.638441710408430425E-16, 2.302068528793009161, 0.09577996546851663684 ) ) ;
#133 = CARTESIAN_POINT ( 'NONE',  ( -7.675058627371292630, 3.837529313685647647, 0.006807558873837377469 ) ) ;
#134 = CARTESIAN_POINT ( 'NONE',  ( 1.088170174082160197E-15, 4.442791892486007477, 0.1116112085468080745 ) ) ;
#135 = EDGE_CURVE ( 'NONE', #824, #974, #364, .T. ) ;
#136 = CARTESIAN_POINT ( 'NONE',  ( 0.000000000000000000, 0.000000000000000000, 0.1010205099999999939 ) ) ;
#137 = CARTESIAN_POINT ( 'NONE',  ( -5.393190779326812567E-16, -4.403874474731622080, 0.01314375199011946944 ) ) ;
#138 = CARTESIAN_POINT ( 'NONE',  ( -5.691944687816200790E-16, -4.647825554093763856, 0.06931896731708520054 ) ) ;
#139 = CARTESIAN_POINT ( 'NONE',  ( 3.728259562398501981, -1.864129781199252101, 0.03145600951202619927 ) ) ;
#140 = CARTESIAN_POINT ( 'NONE',  ( -3.902804798066696333E-16, -3.186881965301326947, 0.09866238057612856938 ) ) ;
#141 = CARTESIAN_POINT ( 'NONE',  ( 9.021508592585668396, 4.510754296292831533, -0.01124719694625166654 ) ) ;
#142 = CARTESIAN_POINT ( 'NONE',  ( -0.09176351455338069285, 0.04588175727669035336, 0.1009962064202499649 ) ) ;
#143 = CARTESIAN_POINT ( 'NONE',  ( -4.881974628149916548E-16, -3.986434808427162579, 0.08422486236672269144 ) ) ;
#144 = CARTESIAN_POINT ( 'NONE',  ( -9.985789958158877155, -4.992894979079438578, 0.001449381289560876598 ) ) ;
#145 = CARTESIAN_POINT ( 'NONE',  ( -2.413624796200461691E-16, -1.970874212777856682, 0.02322188037327758275 ) ) ;
#146 = CARTESIAN_POINT ( 'NONE',  ( -6.275226155123069915, -3.137613077561534958, 0.1112267870344774562 ) ) ;
#147 = CARTESIAN_POINT ( 'NONE',  ( 9.589559768163796880E-16, 3.915234896641391238, -0.01136668939179557615 ) ) ;
#148 =( GEOMETRIC_REPRESENTATION_CONTEXT ( 3 ) GLOBAL_UNCERTAINTY_ASSIGNED_CONTEXT ( ( #866 ) ) GLOBAL_UNIT_ASSIGNED_CONTEXT ( ( #119, #732, #197 ) ) REPRESENTATION_CONTEXT ( 'NONE', 'WORKASPACE' ) );
#149 = CARTESIAN_POINT ( 'NONE',  ( -4.699617990639267239E-16, -3.837529313685647203, 0.006807558873837378337 ) ) ;
#150 = CARTESIAN_POINT ( 'NONE',  ( -9.021508592585664843, 4.510754296292834198, -0.01124719694625166654 ) ) ;
#151 = CARTESIAN_POINT ( 'NONE',  ( 5.547128814532608284E-16, 2.264787209828472481, 0.09858482314062037843 ) ) ;
#152 = CARTESIAN_POINT ( 'NONE',  ( -6.066987551918415100, 3.033493775959207994, 0.01732325789474957120 ) ) ;
#153 = CARTESIAN_POINT ( 'NONE',  ( 7.859203847239059293, 3.929601923619528314, 0.09332246461005268279 ) ) ;
#154 = CARTESIAN_POINT ( 'NONE',  ( -4.971440140454816526E-16, -4.059488943192540944, 0.07234561000987674295 ) ) ;
#155 = CARTESIAN_POINT ( 'NONE',  ( 0.000000000000000000, 4.508816034018398256, 0.09513493949308970965 ) ) ;
#156 = CARTESIAN_POINT ( 'NONE',  ( 3.850252046364203817, -1.925126023182102797, 0.02680344751574884402 ) ) ;
#157 = CARTESIAN_POINT ( 'NONE',  ( 0.000000000000000000, 3.134390866151497423, 0.004579127471016449479 ) ) ;
#158 = CARTESIAN_POINT ( 'NONE',  ( 9.594987758791572131E-16, 3.917451041995118732, 0.09522341848737927994 ) ) ;
#159 = CARTESIAN_POINT ( 'NONE',  ( -2.795743130169858985E-16, -2.282897511442780303, 0.09777010318612233686 ) ) ;
#160 = CARTESIAN_POINT ( 'NONE',  ( 3.941748425555713364, 1.970874212777855572, 0.02322188037327758275 ) ) ;
#161 = CARTESIAN_POINT ( 'NONE',  ( -3.919870671124347287E-16, -3.200817308185114118, 0.09743066225127802737 ) ) ;
#162 = CARTESIAN_POINT ( 'NONE',  ( 7.704247393453344195, -3.852123696726674762, 0.004380266201186444087 ) ) ;
#163 = CARTESIAN_POINT ( 'NONE',  ( -3.815099303348207439E-16, -3.115264993959424356, 0.007239630775122429286 ) ) ;
#164 = CARTESIAN_POINT ( 'NONE',  ( -6.123233995736766282E-16, -5.000000000000000000, 0.000000000000000000 ) ) ;
#165 = CARTESIAN_POINT ( 'NONE',  ( -2.865567764700758777E-16, -2.339913652406456102, 0.09229524746166402338 ) ) ;
#166 = CARTESIAN_POINT ( 'NONE',  ( 9.624748835367878052E-16, 3.929601923619529202, 0.09332246461005266891 ) ) ;
#167 = APPLICATION_CONTEXT ( 'automotive_design' ) ;
#168 = CARTESIAN_POINT ( 'NONE',  ( 0.000000000000000000, 5.000000000000000000, 0.000000000000000000 ) ) ;
#169 = CARTESIAN_POINT ( 'NONE',  ( -2.469607800795414182E-16, -2.016587805165416913, 0.01958697261014466853 ) ) ;
#170 = CARTESIAN_POINT ( 'NONE',  ( 7.839741342248694574E-16, 3.200817308185114118, 0.09743066225127802737 ) ) ;
#171 = CARTESIAN_POINT ( 'NONE',  ( 0.000000000000000000, 4.452515817097135731, 0.004300079555907431253 ) ) ;
#172 = CARTESIAN_POINT ( 'NONE',  ( 1.123778943763092363E-17, 0.04588175727669035336, 0.1009962064202499649 ) ) ;
#173 = CARTESIAN_POINT ( 'NONE',  ( -4.309349494798434321, 2.154674747399217605, 0.007097278362955607676 ) ) ;
#174 = CARTESIAN_POINT ( 'NONE',  ( 7.617347543185982950, -3.808673771592993695, 0.01124221524332426857 ) ) ;
#175 = CARTESIAN_POINT ( 'NONE',  ( 0.000000000000000000, 4.185197591954514351, 0.05145733887409051355 ) ) ;
#176 = CARTESIAN_POINT ( 'NONE',  ( 0.000000000000000000, 3.137613077561535402, 0.1112267870344774423 ) ) ;
#177 = CARTESIAN_POINT ( 'NONE',  ( -3.941748425555712032, 1.970874212777856682, 0.02322188037327758275 ) ) ;
#178 = CARTESIAN_POINT ( 'NONE',  ( -4.681981805525493653E-16, -3.823128275667132314, 0.008998580398404690261 ) ) ;
#179 = CARTESIAN_POINT ( 'NONE',  ( -8.880534089597936998, -4.440267044798968499, 0.006627979903020082310 ) ) ;
#180 = DIRECTION ( 'NONE',  ( -0.000000000000000000, -0.000000000000000000, 1.000000000000000000 ) ) ;
#181 = AXIS2_PLACEMENT_3D ( 'NONE', #511, #575, #727 ) ;
#182 = CARTESIAN_POINT ( 'NONE',  ( 0.000000000000000000, 4.519490729680363472, 0.09319909925789365834 ) ) ;
#183 = CARTESIAN_POINT ( 'NONE',  ( 7.530677243620286454, 3.765338621810141895, 0.01788512916668621999 ) ) ;
#184 = CARTESIAN_POINT ( 'NONE',  ( -8.856318485560763065, 4.428159242780382421, 0.008779540990224947786 ) ) ;
#185 = CARTESIAN_POINT ( 'NONE',  ( 1.224646799147353256E-15, 5.000000000000000000, 0.000000000000000000 ) ) ;
#186 = ORIENTED_EDGE ( 'NONE', *, *, #256, .T. ) ;
#187 = CARTESIAN_POINT ( 'NONE',  ( 0.000000000000000000, 3.077553220124730426, 0.01189745858105472481 ) ) ;
#188 = CARTESIAN_POINT ( 'NONE',  ( 0.000000000000000000, 0.4282223350858178623, 0.09827991482845394033 ) ) ;
#189 = CARTESIAN_POINT ( 'NONE',  ( 7.675058627371293518, 3.837529313685645427, 0.006807558873837377469 ) ) ;
#190 = CARTESIAN_POINT ( 'NONE',  ( 0.000000000000000000, 3.915234896641391238, -0.01136668939179557615 ) ) ;
#191 = CARTESIAN_POINT ( 'NONE',  ( -3.645568054882686964E-16, -2.976832224132601734, 0.02422010476773297366 ) ) ;
#192 = FILL_AREA_STYLE ('',( #351 ) ) ;
#193 = MECHANICAL_DESIGN_GEOMETRIC_PRESENTATION_REPRESENTATION (  '', ( #496 ), #148 ) ;
#194 = CARTESIAN_POINT ( 'NONE',  ( 5.298309855633172027, -2.649154927816586902, 0.06162188929228459844 ) ) ;
#195 = CARTESIAN_POINT ( 'NONE',  ( -4.681981805525493653E-16, -3.823128275667132314, 0.008998580398404690261 ) ) ;
#196 = CARTESIAN_POINT ( 'NONE',  ( 1.099158954176393803E-15, 4.487656991965646824, 0.09876162142111127862 ) ) ;
#197 =( NAMED_UNIT ( * ) SI_UNIT ( $, .STERADIAN. ) SOLID_ANGLE_UNIT ( ) );
#198 = CARTESIAN_POINT ( 'NONE',  ( 6.155106440249459965, 3.077553220124729094, 0.01189745858105472655 ) ) ;
#199 = CARTESIAN_POINT ( 'NONE',  ( -4.327947262209409921E-16, -3.534037132357423783, 0.05226532054284649398 ) ) ;
#200 = CARTESIAN_POINT ( 'NONE',  ( -5.997042695196173169E-16, -4.896956983329028290, 0.02091569450388488377 ) ) ;
#201 = CARTESIAN_POINT ( 'NONE',  ( 0.000000000000000000, 1.925126023182102575, 0.02680344751574884055 ) ) ;
#202 = CARTESIAN_POINT ( 'NONE',  ( 6.230529987918846935, -3.115264993959425688, 0.007239630775122428419 ) ) ;
#203 = CARTESIAN_POINT ( 'NONE',  ( -6.488832454402515992, 3.244416227201258884, 0.09164201374723206228 ) ) ;
#204 = CARTESIAN_POINT ( 'NONE',  ( 8.880534089597940550, 4.440267044798967611, 0.006627979903020082310 ) ) ;
#205 = CARTESIAN_POINT ( 'NONE',  ( -2.282900569740919220E-16, -1.864129781199251434, 0.03145600951202619233 ) ) ;
#206 = CARTESIAN_POINT ( 'NONE',  ( 0.000000000000000000, 2.472495627547245611, 0.07957348632134403354 ) ) ;
#207 = CARTESIAN_POINT ( 'NONE',  ( -3.645568054882686964E-16, -2.976832224132601734, 0.02422010476773297366 ) ) ;
#208 = CARTESIAN_POINT ( 'NONE',  ( -7.675058627371293518, -3.837529313685646315, 0.006807558873837377469 ) ) ;
#209 = CARTESIAN_POINT ( 'NONE',  ( 9.145942497437387075, -4.572971248718695314, 0.08332544918273671053 ) ) ;
#210 = CARTESIAN_POINT ( 'NONE',  ( -0.03058783717386803422, 0.01529391858693402058, 0.1010124088070176313 ) ) ;
#211 = LINE ( 'NONE', #681, #274 ) ;
#212 = CARTESIAN_POINT ( 'NONE',  ( -5.534779855879192386E-16, -4.519490729680363472, 0.09319909925789365834 ) ) ;
#213 = CARTESIAN_POINT ( 'NONE',  ( 5.953664448265203468, 2.976832224132600402, 0.02422010476773297366 ) ) ;
#214 = CARTESIAN_POINT ( 'NONE',  ( 0.000000000000000000, 2.831977619356381926, 0.04140395501828528224 ) ) ;
#215 = CARTESIAN_POINT ( 'NONE',  ( 1.120054920467244709E-15, 4.572971248718694426, 0.08332544918273671053 ) ) ;
#216 = CARTESIAN_POINT ( 'NONE',  ( -2.060256426963978865E-17, -0.1682327041885390562, 0.1006466540957513534 ) ) ;
#217 = CARTESIAN_POINT ( 'NONE',  ( -5.691944687816200790E-16, -4.647825554093763856, 0.06931896731708520054 ) ) ;
#218 = CARTESIAN_POINT ( 'NONE',  ( -5.997042695196173169E-16, -4.896956983329028290, 0.02091569450388488377 ) ) ;
#219 = CARTESIAN_POINT ( 'NONE',  ( 3.453708728232119274, -1.726854364116060747, 0.04155221673525875958 ) ) ;
#220 = CARTESIAN_POINT ( 'NONE',  ( 0.000000000000000000, 3.115264993959424356, 0.007239630775122429286 ) ) ;
#221 = CARTESIAN_POINT ( 'NONE',  ( 8.767276861803546595, -4.383638430901774186, 0.01676088843109635809 ) ) ;
#222 = CARTESIAN_POINT ( 'NONE',  ( -4.768027019568327658E-16, -3.893389524953654757, 0.09872324209809396622 ) ) ;
#223 = CARTESIAN_POINT ( 'NONE',  ( -6.123233995736766282E-16, -5.000000000000000000, 0.000000000000000000 ) ) ;
#224 = CARTESIAN_POINT ( 'NONE',  ( -5.244211119862521505E-17, -0.4282223350858178623, 0.09827991482845394033 ) ) ;
#225 = CARTESIAN_POINT ( 'NONE',  ( -3.244279102796020447E-16, -2.649154927816586458, 0.06162188929228459844 ) ) ;
#226 = CARTESIAN_POINT ( 'NONE',  ( -5.368408773023183619E-16, -4.383638430901774186, 0.01676088843109635809 ) ) ;
#227 = CARTESIAN_POINT ( 'NONE',  ( -4.327947262209409921E-16, -3.534037132357423783, 0.05226532054284649398 ) ) ;
#228 = CARTESIAN_POINT ( 'NONE',  ( 0.000000000000000000, 4.896956983329028290, 0.02091569450388488377 ) ) ;
#229 = CARTESIAN_POINT ( 'NONE',  ( 0.8564446701716355026, 0.4282223350858175848, 0.09827991482845394033 ) ) ;
#230 = CARTESIAN_POINT ( 'NONE',  ( -6.413505315724655098, -3.206752657862327549, -0.01220534803653953657 ) ) ;
#231 = CARTESIAN_POINT ( 'NONE',  ( 7.899828954837236239, 3.949914477418616343, 0.09007095879854878917 ) ) ;
#232 = CARTESIAN_POINT ( 'NONE',  ( 0.000000000000000000, 0.000000000000000000, 0.000000000000000000 ) ) ;
#233 = CARTESIAN_POINT ( 'NONE',  ( 0.09176351455338069285, -0.04588175727669036724, 0.1009962064202499649 ) ) ;
#234 = CARTESIAN_POINT ( 'NONE',  ( 0.000000000000000000, 3.077553220124730426, 0.01189745858105472481 ) ) ;
#235 = CARTESIAN_POINT ( 'NONE',  ( 7.830469793282782476, 3.915234896641389906, -0.01136668939179557615 ) ) ;
#236 = CARTESIAN_POINT ( 'NONE',  ( -3.902804798066696333E-16, -3.186881965301326947, 0.09866238057612856938 ) ) ;
#237 = CARTESIAN_POINT ( 'NONE',  ( 4.565801139481838441E-16, 1.864129781199251434, 0.03145600951202619233 ) ) ;
#238 = CARTESIAN_POINT ( 'NONE',  ( -4.641907274344879930, 2.320953637172440409, 0.09408649653758964504 ) ) ;
#239 = CARTESIAN_POINT ( 'NONE',  ( 8.605369656343780704, -4.302684828171893017, 0.03114379695245275692 ) ) ;
#240 = CARTESIAN_POINT ( 'NONE',  ( -8.905031634194269685, -4.452515817097134843, 0.004300079555907431253 ) ) ;
#241 = AXIS2_PLACEMENT_3D ( 'NONE', #564, #951, #932 ) ;
#242 = CARTESIAN_POINT ( 'NONE',  ( 0.000000000000000000, 4.487656991965646824, 0.09876162142111127862 ) ) ;
#243 = CARTESIAN_POINT ( 'NONE',  ( -4.529574419656944073, 2.264787209828472481, 0.09858482314062039231 ) ) ;
#244 = CARTESIAN_POINT ( 'NONE',  ( 7.617347543185984726, 3.808673771592991031, 0.01124221524332426857 ) ) ;
#245 = CARTESIAN_POINT ( 'NONE',  ( -8.118977886385078335, -4.059488943192539168, 0.07234561000987674295 ) ) ;
#246 = UNCERTAINTY_MEASURE_WITH_UNIT (LENGTH_MEASURE( 1.000000000000000082E-05 ), #989, 'distance_accuracy_value', 'NONE');
#247 = CARTESIAN_POINT ( 'NONE',  ( 0.000000000000000000, 3.200817308185114118, 0.09743066225127802737 ) ) ;
#248 = CARTESIAN_POINT ( 'NONE',  ( -4.422003557542236507, -2.211001778771118254, 0.1110916765039190179 ) ) ;
#249 = CARTESIAN_POINT ( 'NONE',  ( 7.684935624797220734E-16, 3.137613077561535402, 0.1112267870344774423 ) ) ;
#250 = CARTESIAN_POINT ( 'NONE',  ( -4.837250121676501238E-16, -3.949914477418618119, 0.09007095879854878917 ) ) ;
#251 = CARTESIAN_POINT ( 'NONE',  ( 0.000000000000000000, 3.852123696726672986, 0.004380266201186444955 ) ) ;
#252 = CARTESIAN_POINT ( 'NONE',  ( -4.033175610330832939, -2.016587805165416469, 0.01958697261014466853 ) ) ;
#253 = CARTESIAN_POINT ( 'NONE',  ( -4.132948844654566731E-16, -3.374808840828299683, 0.07432622610155817378 ) ) ;
#254 = CARTESIAN_POINT ( 'NONE',  ( -7.810317717502271329, 3.905158858751136108, 0.09728235977445628957 ) ) ;
#255 = DIRECTION ( 'NONE',  ( -0.000000000000000000, -0.000000000000000000, 1.000000000000000000 ) ) ;
#256 = EDGE_CURVE ( 'NONE', #974, #824, #397, .T. ) ;
#257 = CARTESIAN_POINT ( 'NONE',  ( -1.872964844390896083E-18, -0.01529391858693402058, 0.1010124088070176451 ) ) ;
#258 = CARTESIAN_POINT ( 'NONE',  ( 0.000000000000000000, 2.211001778771118698, 0.1110916765039190041 ) ) ;
#259 = CARTESIAN_POINT ( 'NONE',  ( 8.655894524418819841E-16, 3.534037132357423783, 0.05226532054284649398 ) ) ;
#260 = CARTESIAN_POINT ( 'NONE',  ( -5.368408773023183619E-16, -4.383638430901774186, 0.01676088843109635809 ) ) ;
#261 = CARTESIAN_POINT ( 'NONE',  ( 10.00000000000000000, 4.999999999999997335, 0.000000000000000000 ) ) ;
#262 = ORIENTED_EDGE ( 'NONE', *, *, #256, .F. ) ;
#263 = CARTESIAN_POINT ( 'NONE',  ( 0.000000000000000000, 2.196104550959358193, 0.007787186143253687319 ) ) ;
#264 = CARTESIAN_POINT ( 'NONE',  ( -5.244211119862521505E-17, -0.4282223350858178623, 0.09827991482845394033 ) ) ;
#265 = CARTESIAN_POINT ( 'NONE',  ( 7.338020236074638269, -3.669010118037321355, 0.03250306562591821075 ) ) ;
#266 = CARTESIAN_POINT ( 'NONE',  ( -4.493241497093658089E-16, -3.669010118037320911, 0.03250306562591821075 ) ) ;
#267 = CARTESIAN_POINT ( 'NONE',  ( -6.097129638498622571E-16, -4.978684174689127495, 0.004344479036137670162 ) ) ;
#268 = CARTESIAN_POINT ( 'NONE',  ( 0.000000000000000000, 0.1682327041885390562, 0.1006466540957513534 ) ) ;
#269 = CARTESIAN_POINT ( 'NONE',  ( -0.03058783717386803422, -0.01529391858693401711, 0.1010124088070176313 ) ) ;
#270 = CARTESIAN_POINT ( 'NONE',  ( 6.055867712363121144E-16, 2.472495627547245611, 0.07957348632134403354 ) ) ;
#271 = CARTESIAN_POINT ( 'NONE',  ( -4.782440296531509955E-16, -3.905158858751136108, 0.09728235977445630345 ) ) ;
#272 = CARTESIAN_POINT ( 'NONE',  ( 8.885583784972013177, -4.442791892486009253, 0.1116112085468080745 ) ) ;
#273 = CARTESIAN_POINT ( 'NONE',  ( 0.000000000000000000, 2.282471532068652387, -0.02241194437868447575 ) ) ;
#274 = VECTOR ( 'NONE', #67, 1000.000000000000000 ) ;
#275 = CARTESIAN_POINT ( 'NONE',  ( 5.663955238712763851, 2.831977619356380593, 0.04140395501828528224 ) ) ;
#276 = CARTESIAN_POINT ( 'NONE',  ( 0.000000000000000000, 3.765338621810143227, 0.01788512916668621999 ) ) ;
#277 = CARTESIAN_POINT ( 'NONE',  ( 1.111325383709704885E-15, 4.537330210161218957, 0.08990540301094819553 ) ) ;
#278 = CARTESIAN_POINT ( 'NONE',  ( 0.000000000000000000, 2.154674747399217605, 0.007097278362955606809 ) ) ;
#279 = CARTESIAN_POINT ( 'NONE',  ( 6.230529987918848711, 3.115264993959423023, 0.007239630775122428419 ) ) ;
#280 = CARTESIAN_POINT ( 'NONE',  ( -4.734472636460244166E-16, -3.865990291859308758, 0.002794737540227753853 ) ) ;
#281 = CARTESIAN_POINT ( 'NONE',  ( 8.905031634194269685, -4.452515817097136619, 0.004300079555907431253 ) ) ;
#282 = CARTESIAN_POINT ( 'NONE',  ( -3.792060261272816209E-16, -3.096452188429346553, 0.009527768037958661215 ) ) ;
#283 = CARTESIAN_POINT ( 'NONE',  ( -7.693532132387804978, 3.846766066193903821, 0.1113567085884653168 ) ) ;
#284 = CARTESIAN_POINT ( 'NONE',  ( -5.691944687816200790E-16, -4.647825554093763856, 0.06931896731708520054 ) ) ;
#285 = CARTESIAN_POINT ( 'NONE',  ( 0.000000000000000000, 0.000000000000000000, 0.1010205099999999939 ) ) ;
#286 = CARTESIAN_POINT ( 'NONE',  ( -6.123233995736766282E-16, -5.000000000000000000, 0.000000000000000000 ) ) ;
#287 = CARTESIAN_POINT ( 'NONE',  ( -9.074660420322436138, -4.537330210161218069, 0.08990540301094819553 ) ) ;
#288 = CARTESIAN_POINT ( 'NONE',  ( 7.677043483018262651E-16, 3.134390866151497423, 0.004579127471016449479 ) ) ;
#289 = CARTESIAN_POINT ( 'NONE',  ( 0.000000000000000000, 2.976832224132601734, 0.02422010476773297366 ) ) ;
#290 = CARTESIAN_POINT ( 'NONE',  ( 8.880534089597936998, -4.440267044798970275, 0.006627979903020082310 ) ) ;
#291 = CARTESIAN_POINT ( 'NONE',  ( -4.794779884081898440E-16, -3.915234896641391238, -0.01136668939179557615 ) ) ;
#292 = CARTESIAN_POINT ( 'NONE',  ( -8.996058206733223983, -4.498029103366611992, 0.09719948480443707517 ) ) ;
#293 = CARTESIAN_POINT ( 'NONE',  ( -2.795221455892831021E-16, -2.282471532068652387, -0.02241194437868447575 ) ) ;
#294 = CARTESIAN_POINT ( 'NONE',  ( -3.838521741509131326E-16, -3.134390866151497423, 0.004579127471016449479 ) ) ;
#295 = CARTESIAN_POINT ( 'NONE',  ( -4.782440296531509955E-16, -3.905158858751136108, 0.09728235977445630345 ) ) ;
#296 = CYLINDRICAL_SURFACE ( 'NONE', #744, 5.000000000000000000 ) ;
#297 = CARTESIAN_POINT ( 'NONE',  ( -5.508496943909561151E-16, -4.498029103366612880, 0.09719948480443707517 ) ) ;
#298 = CARTESIAN_POINT ( 'NONE',  ( 0.000000000000000000, 4.537330210161218957, 0.08990540301094819553 ) ) ;
#299 = CARTESIAN_POINT ( 'NONE',  ( 2.209798902868243658E-16, 0.9022188701292452873, 0.08695046198218976674 ) ) ;
#300 = CARTESIAN_POINT ( 'NONE',  ( -5.953664448265201692, 2.976832224132601734, 0.02422010476773297366 ) ) ;
#301 = CARTESIAN_POINT ( 'NONE',  ( -5.393190779326812567E-16, -4.403874474731622080, 0.01314375199011946944 ) ) ;
#302 = CARTESIAN_POINT ( 'NONE',  ( 0.000000000000000000, 4.464233374918250341, 0.002602000496674224898 ) ) ;
#303 = CARTESIAN_POINT ( 'NONE',  ( 4.827249592400923381E-16, 1.970874212777856682, 0.02322188037327758275 ) ) ;
#304 = CARTESIAN_POINT ( 'NONE',  ( -3.927139378108367917E-16, -3.206752657862327993, -0.01220534803653953483 ) ) ;
#305 = CARTESIAN_POINT ( 'NONE',  ( 8.605369656343782481, 4.302684828171890352, 0.03114379695245275692 ) ) ;
#306 = CARTESIAN_POINT ( 'NONE',  ( -5.556626918548524423E-16, -4.537330210161218957, 0.08990540301094819553 ) ) ;
#307 = CARTESIAN_POINT ( 'NONE',  ( 0.000000000000000000, 4.572971248718694426, 0.08332544918273671053 ) ) ;
#308 = CARTESIAN_POINT ( 'NONE',  ( 3.369875668910576813E-16, 1.375856153487199585, 0.06477845513881322348 ) ) ;
#309 = CARTESIAN_POINT ( 'NONE',  ( -6.192904376858692217, 3.096452188429346553, 0.009527768037958661215 ) ) ;
#310 = CARTESIAN_POINT ( 'NONE',  ( 9.536054039136655317E-16, 3.893389524953654757, 0.09872324209809396622 ) ) ;
#311 = CARTESIAN_POINT ( 'NONE',  ( -2.689452408925313597E-16, -2.196104550959358193, 0.007787186143253687319 ) ) ;
#312 = CARTESIAN_POINT ( 'NONE',  ( 4.715198844490470592E-16, 1.925126023182102575, 0.02680344751574884055 ) ) ;
#313 = CARTESIAN_POINT ( 'NONE',  ( -3.728259562398502869, -1.864129781199250990, 0.03145600951202619927 ) ) ;
#314 = CARTESIAN_POINT ( 'NONE',  ( 1.081611065094728235E-15, 4.416012297781645835, 0.01097075726556787263 ) ) ;
#315 = CARTESIAN_POINT ( 'NONE',  ( -7.810317717502271329, -3.905158858751135664, 0.09728235977445628957 ) ) ;
#316 = CARTESIAN_POINT ( 'NONE',  ( 0.000000000000000000, 0.000000000000000000, 0.1010205099999999939 ) ) ;
#317 = CARTESIAN_POINT ( 'NONE',  ( -2.581327332973026702E-16, -2.107813726186396952, 0.01226331898407368587 ) ) ;
#318 = CARTESIAN_POINT ( 'NONE',  ( 6.488832454402517769, 3.244416227201257552, 0.09164201374723206228 ) ) ;
#319 = AXIS2_PLACEMENT_3D ( 'NONE', #100, #875, #802 ) ;
#320 = CARTESIAN_POINT ( 'NONE',  ( 0.000000000000000000, 4.537330210161218957, 0.08990540301094819553 ) ) ;
#321 = CARTESIAN_POINT ( 'NONE',  ( -4.565795022885559717, 2.282897511442780303, 0.09777010318612233686 ) ) ;
#322 = CARTESIAN_POINT ( 'NONE',  ( 6.575758612600372643, 3.287879306300184989, 0.08594913599241964242 ) ) ;
#323 = CARTESIAN_POINT ( 'NONE',  ( -7.972869616854323382, 3.986434808427162135, 0.08422486236672270532 ) ) ;
#324 = PRODUCT_DEFINITION_CONTEXT ( 'detailed design', #613, 'design' ) ;
#325 = CARTESIAN_POINT ( 'NONE',  ( 0.000000000000000000, 3.186881965301326947, 0.09866238057612856938 ) ) ;
#326 = CARTESIAN_POINT ( 'NONE',  ( 0.000000000000000000, 2.016587805165416913, 0.01958697261014466853 ) ) ;
#327 = CARTESIAN_POINT ( 'NONE',  ( 6.575758612600370867, -3.287879306300186766, 0.08594913599241964242 ) ) ;
#328 = CARTESIAN_POINT ( 'NONE',  ( -4.797493879395786065E-16, -3.917451041995118732, 0.09522341848737927994 ) ) ;
#329 = CARTESIAN_POINT ( 'NONE',  ( -3.838521741509131326E-16, -3.134390866151497423, 0.004579127471016449479 ) ) ;
#330 = CARTESIAN_POINT ( 'NONE',  ( 0.000000000000000000, 4.498029103366612880, 0.09719948480443707517 ) ) ;
#331 = CARTESIAN_POINT ( 'NONE',  ( -4.768205720812616732, -2.384102860406308366, 0.08813417935434350592 ) ) ;
#332 = CARTESIAN_POINT ( 'NONE',  ( 6.749617681656598478, 3.374808840828297907, 0.07432622610155818765 ) ) ;
#333 = CARTESIAN_POINT ( 'NONE',  ( 0.000000000000000000, 4.428159242780382421, 0.008779540990224947786 ) ) ;
#334 = CARTESIAN_POINT ( 'NONE',  ( 0.000000000000000000, 4.978684174689127495, 0.004344479036137670162 ) ) ;
#335 =( NAMED_UNIT ( * ) SI_UNIT ( $, .STERADIAN. ) SOLID_ANGLE_UNIT ( ) );
#336 = CARTESIAN_POINT ( 'NONE',  ( -4.664280143377836436E-16, -3.808673771592992807, 0.01124221524332426857 ) ) ;
#337 = CARTESIAN_POINT ( 'NONE',  ( -7.338020236074640046, -3.669010118037320023, 0.03250306562591821075 ) ) ;
#338 = CARTESIAN_POINT ( 'NONE',  ( 1.222906570921705291E-15, 4.992894979079439466, 0.001449381289560876382 ) ) ;
#339 = CARTESIAN_POINT ( 'NONE',  ( 0.000000000000000000, 2.062398949927149783, 0.01575386727481034241 ) ) ;
#340 = CARTESIAN_POINT ( 'NONE',  ( 0.000000000000000000, 0.01529391858693402058, 0.1010124088070176451 ) ) ;
#341 = CARTESIAN_POINT ( 'NONE',  ( 4.529574419656944073, -2.264787209828472925, 0.09858482314062039231 ) ) ;
#342 = CARTESIAN_POINT ( 'NONE',  ( -6.575758612600370867, 3.287879306300186322, 0.08594913599241964242 ) ) ;
#343 = CARTESIAN_POINT ( 'NONE',  ( -3.745796640580777700E-16, -3.058675075285990363, 0.01422707711612561376 ) ) ;
#344 = CARTESIAN_POINT ( 'NONE',  ( 5.839367873669270196E-16, 2.384102860406309254, 0.08813417935434350592 ) ) ;
#345 = CARTESIAN_POINT ( 'NONE',  ( -7.646256551334263740, -3.823128275667131426, 0.008998580398404690261 ) ) ;
#346 = CARTESIAN_POINT ( 'NONE',  ( 1.219425927699724514E-15, 4.978684174689127495, 0.004344479036137670162 ) ) ;
#347 = ORIENTED_EDGE ( 'NONE', *, *, #371, .T. ) ;
#348 = CARTESIAN_POINT ( 'NONE',  ( -2.865567764700758777E-16, -2.339913652406456102, 0.09229524746166402338 ) ) ;
#349 = CARTESIAN_POINT ( 'NONE',  ( -7.617347543185984726, 3.808673771592992807, 0.01124221524332426857 ) ) ;
#350 = CARTESIAN_POINT ( 'NONE',  ( 9.793913966658054804, -4.896956983329029178, 0.02091569450388488724 ) ) ;
#351 = FILL_AREA_STYLE_COLOUR ( '', #550 ) ;
#352 = CARTESIAN_POINT ( 'NONE',  ( 5.731135529401517554E-16, 2.339913652406456102, 0.09229524746166402338 ) ) ;
#353 = CARTESIAN_POINT ( 'NONE',  ( -6.459827541198999157, 3.229913770599500911, 0.09354663985385650027 ) ) ;
#354 = CARTESIAN_POINT ( 'NONE',  ( -5.422931042785763635E-16, -4.428159242780382421, 0.008779540990224947786 ) ) ;
#355 = CARTESIAN_POINT ( 'NONE',  ( -4.026490868443343260E-16, -3.287879306300186322, 0.08594913599241965629 ) ) ;
#356 = CARTESIAN_POINT ( 'NONE',  ( 0.000000000000000000, 2.831977619356381926, 0.04140395501828528224 ) ) ;
#357 = CARTESIAN_POINT ( 'NONE',  ( 4.565795022885560606, 2.282897511442778971, 0.09777010318612233686 ) ) ;
#358 = CARTESIAN_POINT ( 'NONE',  ( -3.745796640580777700E-16, -3.058675075285990363, 0.01422707711612561376 ) ) ;
#359 = CARTESIAN_POINT ( 'NONE',  ( 1.084586208557152727E-15, 4.428159242780382421, 0.008779540990224947786 ) ) ;
#360 = CARTESIAN_POINT ( 'NONE',  ( -5.000000000000000000, 6.123233995736766282E-16, -0.7010154324123638592 ) ) ;
#361 = CARTESIAN_POINT ( 'NONE',  ( -4.782440296531509955E-16, -3.905158858751136108, 0.09728235977445630345 ) ) ;
#362 = CARTESIAN_POINT ( 'NONE',  ( -8.975313983931291872, -4.487656991965645936, 0.09876162142111127862 ) ) ;
#363 = CARTESIAN_POINT ( 'NONE',  ( 3.850252046364204261, 1.925126023182101465, 0.02680344751574884402 ) ) ;
#364 = CIRCLE ( 'NONE', #319, 5.000000000000000000 ) ;
#365 = CARTESIAN_POINT ( 'NONE',  ( -5.953664448265201692, -2.976832224132600846, 0.02422010476773297366 ) ) ;
#366 = CARTESIAN_POINT ( 'NONE',  ( 9.017632068036794735, -4.508816034018399144, 0.09513493949308972353 ) ) ;
#367 = CARTESIAN_POINT ( 'NONE',  ( -1.872964844390896083E-18, -0.01529391858693402058, 0.1010124088070176451 ) ) ;
#368 = ORIENTED_EDGE ( 'NONE', *, *, #371, .F. ) ;
#369 = CARTESIAN_POINT ( 'NONE',  ( -9.038981459360725168, -4.519490729680362584, 0.09319909925789365834 ) ) ;
#370 = CARTESIAN_POINT ( 'NONE',  ( -1.684937834455288406E-16, -1.375856153487199585, 0.06477845513881322348 ) ) ;
#371 = EDGE_CURVE ( 'NONE', #740, #611, #973, .T. ) ;
#372 = CARTESIAN_POINT ( 'NONE',  ( -6.117350150571979839, 3.058675075285990808, 0.01422707711612561203 ) ) ;
#373 = CARTESIAN_POINT ( 'NONE',  ( 9.564880593063019910E-16, 3.905158858751136108, 0.09728235977445630345 ) ) ;
#374 = CARTESIAN_POINT ( 'NONE',  ( -4.640698626543210037E-16, -3.789418001806108993, 0.01420065336313323413 ) ) ;
#375 = CARTESIAN_POINT ( 'NONE',  ( 0.000000000000000000, 4.978684174689127495, 0.004344479036137670162 ) ) ;
#376 = CARTESIAN_POINT ( 'NONE',  ( 4.229573339216741887E-16, 1.726854364116060081, 0.04155221673525875958 ) ) ;
#377 = CARTESIAN_POINT ( 'NONE',  ( -6.430922310144643994, -3.215461155072321997, 0.09538496883141342475 ) ) ;
#378 = CARTESIAN_POINT ( 'NONE',  ( 1.073681754604636724E-15, 4.383638430901774186, 0.01676088843109635809 ) ) ;
#379 = CARTESIAN_POINT ( 'NONE',  ( -5.600274602336223546E-16, -4.572971248718694426, 0.08332544918273671053 ) ) ;
#380 = CARTESIAN_POINT ( 'NONE',  ( -9.074660420322436138, 4.537330210161218957, 0.08990540301094819553 ) ) ;
#381 = CARTESIAN_POINT ( 'NONE',  ( 4.392209101918716385, -2.196104550959358637, 0.007787186143253688186 ) ) ;
#382 = CARTESIAN_POINT ( 'NONE',  ( -6.401634616370226460, -3.200817308185113230, 0.09743066225127804125 ) ) ;
#383 = CARTESIAN_POINT ( 'NONE',  ( 8.118977886385078335, -4.059488943192540944, 0.07234561000987674295 ) ) ;
#384 = ADVANCED_FACE ( 'NONE', ( #963 ), #814, .F. ) ;
#385 = CARTESIAN_POINT ( 'NONE',  ( -2.357599422245235296E-16, -1.925126023182102575, 0.02680344751574884055 ) ) ;
#386 = CARTESIAN_POINT ( 'NONE',  ( -2.638715532606083477E-16, -2.154674747399217605, 0.007097278362955606809 ) ) ;
#387 = CARTESIAN_POINT ( 'NONE',  ( -2.525710272593146354E-16, -2.062398949927149783, 0.01575386727481034241 ) ) ;
#388 = CARTESIAN_POINT ( 'NONE',  ( -4.699617990639267239E-16, -3.837529313685647203, 0.006807558873837378337 ) ) ;
#389 = CARTESIAN_POINT ( 'NONE',  ( 0.000000000000000000, 4.440267044798969387, 0.006627979903020083177 ) ) ;
#390 = CARTESIAN_POINT ( 'NONE',  ( 0.000000000000000000, 2.302068528793009161, 0.09577996546851663684 ) ) ;
#391 = CARTESIAN_POINT ( 'NONE',  ( 6.430922310144643994, -3.215461155072324217, 0.09538496883141342475 ) ) ;
#392 = CARTESIAN_POINT ( 'NONE',  ( -8.370395183909026926, -4.185197591954513463, 0.05145733887409050661 ) ) ;
#393 = CARTESIAN_POINT ( 'NONE',  ( 0.000000000000000000, 3.374808840828299683, 0.07432622610155817378 ) ) ;
#394 = CARTESIAN_POINT ( 'NONE',  ( -3.027933856181560572E-16, -2.472495627547245611, 0.07957348632134403354 ) ) ;
#395 = CARTESIAN_POINT ( 'NONE',  ( 6.459827541199000933, 3.229913770599499134, 0.09354663985385650027 ) ) ;
#396 = CARTESIAN_POINT ( 'NONE',  ( -8.807748949463244159, 4.403874474731622080, 0.01314375199011946771 ) ) ;
#397 = CIRCLE ( 'NONE', #114, 5.000000000000000000 ) ;
#398 = CARTESIAN_POINT ( 'NONE',  ( 0.000000000000000000, 4.572971248718694426, 0.08332544918273671053 ) ) ;
#399 = CARTESIAN_POINT ( 'NONE',  ( -4.124797899854299565, -2.062398949927149783, 0.01575386727481034241 ) ) ;
#400 = CARTESIAN_POINT ( 'NONE',  ( -3.919870671124347287E-16, -3.200817308185114118, 0.09743066225127802737 ) ) ;
#401 = CARTESIAN_POINT ( 'NONE',  ( 0.000000000000000000, 3.917451041995118732, 0.09522341848737927994 ) ) ;
#402 = CARTESIAN_POINT ( 'NONE',  ( -3.919870671124347287E-16, -3.200817308185114118, 0.09743066225127802737 ) ) ;
#403 = CARTESIAN_POINT ( 'NONE',  ( 0.000000000000000000, 3.152339812437734423, 0.003240318073102903349 ) ) ;
#404 = CARTESIAN_POINT ( 'NONE',  ( -4.124797899854299565, 2.062398949927150227, 0.01575386727481034241 ) ) ;
#405 = CARTESIAN_POINT ( 'NONE',  ( -4.640698626543210037E-16, -3.789418001806108993, 0.01420065336313323413 ) ) ;
#406 = CARTESIAN_POINT ( 'NONE',  ( -7.972869616854323382, -3.986434808427161691, 0.08422486236672270532 ) ) ;
#407 = PRODUCT_RELATED_PRODUCT_CATEGORY ( 'part', '', ( #649 ) ) ;
#408 = CARTESIAN_POINT ( 'NONE',  ( -2.638715532606083477E-16, -2.154674747399217605, 0.007097278362955606809 ) ) ;
#409 = CARTESIAN_POINT ( 'NONE',  ( 0.000000000000000000, 3.905158858751136108, 0.09728235977445630345 ) ) ;
#410 = CARTESIAN_POINT ( 'NONE',  ( -0.8564446701716353916, -0.4282223350858176958, 0.09827991482845394033 ) ) ;
#411 = CARTESIAN_POINT ( 'NONE',  ( 7.646256551334263740, 3.823128275667130538, 0.008998580398404690261 ) ) ;
#412 = CARTESIAN_POINT ( 'NONE',  ( -5.269269202560586564E-16, -4.302684828171891240, 0.03114379695245275692 ) ) ;
#413 = CARTESIAN_POINT ( 'NONE',  ( 9.985789958158877155, -4.992894979079439466, 0.001449381289560876598 ) ) ;
#414 = VERTEX_POINT ( 'NONE', #164 ) ;
#415 = CARTESIAN_POINT ( 'NONE',  ( 0.000000000000000000, 2.339913652406456102, 0.09229524746166402338 ) ) ;
#416 = CARTESIAN_POINT ( 'NONE',  ( -3.453708728232119274, -1.726854364116059637, 0.04155221673525875958 ) ) ;
#417 = CARTESIAN_POINT ( 'NONE',  ( -3.745796640580777700E-16, -3.058675075285990363, 0.01422707711612561376 ) ) ;
#418 = CARTESIAN_POINT ( 'NONE',  ( -7.338020236074640046, 3.669010118037320467, 0.03250306562591821075 ) ) ;
#419 = CARTESIAN_POINT ( 'NONE',  ( -2.581327332973026702E-16, -2.107813726186396952, 0.01226331898407368587 ) ) ;
#420 = ORIENTED_EDGE ( 'NONE', *, *, #47, .T. ) ;
#421 = DIRECTION ( 'NONE',  ( 1.000000000000000000, 0.000000000000000000, 0.000000000000000000 ) ) ;
#422 = CARTESIAN_POINT ( 'NONE',  ( 6.066987551918415100, -3.033493775959209326, 0.01732325789474957120 ) ) ;
#423 = CARTESIAN_POINT ( 'NONE',  ( -7.578836003612217098, -3.789418001806108549, 0.01420065336313323240 ) ) ;
#424 = CARTESIAN_POINT ( 'NONE',  ( 9.559163033494584738, 4.779581516747289704, 0.04416363219273503754 ) ) ;
#425 = EDGE_LOOP ( 'NONE', ( #675, #497, #112, #48 ) ) ;
#426 = CARTESIAN_POINT ( 'NONE',  ( 0.000000000000000000, 2.016587805165416913, 0.01958697261014466853 ) ) ;
#427 = CARTESIAN_POINT ( 'NONE',  ( -3.244279102796020447E-16, -2.649154927816586458, 0.06162188929228459844 ) ) ;
#428 = CARTESIAN_POINT ( 'NONE',  ( 0.000000000000000000, 3.823128275667132314, 0.008998580398404690261 ) ) ;
#429 = CARTESIAN_POINT ( 'NONE',  ( -5.452759243560968236E-16, -4.452515817097135731, 0.004300079555907431253 ) ) ;
#430 = CARTESIAN_POINT ( 'NONE',  ( 4.641907274344880818, 2.320953637172439077, 0.09408649653758964504 ) ) ;
#431 = CARTESIAN_POINT ( 'NONE',  ( 0.000000000000000000, 3.534037132357423783, 0.05226532054284649398 ) ) ;
#432 = CARTESIAN_POINT ( 'NONE',  ( -5.524080810695190649E-16, -4.510754296292833310, -0.01124719694625166654 ) ) ;
#433 = EDGE_CURVE ( 'NONE', #740, #457, #913, .T. ) ;
#434 = DIRECTION ( 'NONE',  ( 1.000000000000000000, 0.000000000000000000, 0.000000000000000000 ) ) ;
#435 = CARTESIAN_POINT ( 'NONE',  ( -5.408055325473641175E-16, -4.416012297781645835, 0.01097075726556787263 ) ) ;
#436 = CARTESIAN_POINT ( 'NONE',  ( 0.000000000000000000, 1.970874212777856682, 0.02322188037327758275 ) ) ;
#437 = CARTESIAN_POINT ( 'NONE',  ( 7.584120522545632418E-16, 3.096452188429346553, 0.009527768037958661215 ) ) ;
#438 = CARTESIAN_POINT ( 'NONE',  ( -4.699617990639267239E-16, -3.837529313685647203, 0.006807558873837378337 ) ) ;
#439 = CARTESIAN_POINT ( 'NONE',  ( 1.087551764754507048E-15, 4.440267044798969387, 0.006627979903020083177 ) ) ;
#440 = CARTESIAN_POINT ( 'NONE',  ( -2.751712306974399169, 1.375856153487199807, 0.06477845513881323736 ) ) ;
#441 = CARTESIAN_POINT ( 'NONE',  ( -6.114532854608526455E-16, -4.992894979079439466, 0.001449381289560876382 ) ) ;
#442 = CARTESIAN_POINT ( 'NONE',  ( -5.508496943909561151E-16, -4.498029103366612880, 0.09719948480443707517 ) ) ;
#443 = CARTESIAN_POINT ( 'NONE',  ( -2.525710272593146354E-16, -2.062398949927149783, 0.01575386727481034241 ) ) ;
#444 = CARTESIAN_POINT ( 'NONE',  ( -5.663955238712762963, 2.831977619356381926, 0.04140395501828528224 ) ) ;
#445 = CARTESIAN_POINT ( 'NONE',  ( -5.467109113240421855E-16, -4.464233374918250341, 0.002602000496674224898 ) ) ;
#446 = CARTESIAN_POINT ( 'NONE',  ( -1.684937834455288406E-16, -1.375856153487199585, 0.06477845513881322348 ) ) ;
#447 = DIRECTION ( 'NONE',  ( -0.000000000000000000, -0.000000000000000000, 1.000000000000000000 ) ) ;
#448 = CARTESIAN_POINT ( 'NONE',  ( 0.000000000000000000, 4.498029103366612880, 0.09719948480443707517 ) ) ;
#449 = CARTESIAN_POINT ( 'NONE',  ( -2.707696251281154271E-16, -2.211001778771118698, 0.1110916765039190041 ) ) ;
#450 = CARTESIAN_POINT ( 'NONE',  ( 0.000000000000000000, 3.206752657862327993, -0.01220534803653953483 ) ) ;
#451 = CARTESIAN_POINT ( 'NONE',  ( 1.078638155865362513E-15, 4.403874474731622080, 0.01314375199011946944 ) ) ;
#452 = CARTESIAN_POINT ( 'NONE',  ( -4.681981805525493653E-16, -3.823128275667132314, 0.008998580398404690261 ) ) ;
#453 = CARTESIAN_POINT ( 'NONE',  ( -9.295651108187525935, 4.647825554093763856, 0.06931896731708521442 ) ) ;
#454 = CARTESIAN_POINT ( 'NONE',  ( 5.051420545186292707E-16, 2.062398949927149783, 0.01575386727481034241 ) ) ;
#455 = CARTESIAN_POINT ( 'NONE',  ( -4.944991255094489446, 2.472495627547245611, 0.07957348632134403354 ) ) ;
#456 = CARTESIAN_POINT ( 'NONE',  ( 7.731980583718614852, -3.865990291859309647, 0.002794737540227753853 ) ) ;
#457 = VERTEX_POINT ( 'NONE', #49 ) ;
#458 = CARTESIAN_POINT ( 'NONE',  ( 0.000000000000000000, 4.992894979079439466, 0.001449381289560876382 ) ) ;
#459 = CARTESIAN_POINT ( 'NONE',  ( 4.392209101918716385, 2.196104550959357748, 0.007787186143253688186 ) ) ;
#460 = CARTESIAN_POINT ( 'NONE',  ( -6.268781732302992182, -3.134390866151496091, 0.004579127471016449479 ) ) ;
#461 = CARTESIAN_POINT ( 'NONE',  ( 9.763949256299833097E-16, 3.986434808427162579, 0.08422486236672269144 ) ) ;
#462 = SHAPE_DEFINITION_REPRESENTATION ( #583, #499 ) ;
#463 = CARTESIAN_POINT ( 'NONE',  ( -5.618894718815461815E-18, -0.04588175727669035336, 0.1009962064202499649 ) ) ;
#464 = CARTESIAN_POINT ( 'NONE',  ( 4.529574419656944961, 2.264787209828471148, 0.09858482314062039231 ) ) ;
#465 = CARTESIAN_POINT ( 'NONE',  ( -2.357599422245235296E-16, -1.925126023182102575, 0.02680344751574884055 ) ) ;
#466 = CARTESIAN_POINT ( 'NONE',  ( 7.786779049907308625, 3.893389524953652980, 0.09872324209809396622 ) ) ;
#467 = CARTESIAN_POINT ( 'NONE',  ( 0.000000000000000000, 3.808673771592992807, 0.01124221524332426857 ) ) ;
#468 = CARTESIAN_POINT ( 'NONE',  ( -2.919683936834635098E-16, -2.384102860406309254, 0.08813417935434350592 ) ) ;
#469 = CARTESIAN_POINT ( 'NONE',  ( 1.053853840512117313E-15, 4.302684828171891240, 0.03114379695245275692 ) ) ;
#470 = CIRCLE ( 'NONE', #181, 5.000000000000000000 ) ;
#471 = CARTESIAN_POINT ( 'NONE',  ( -5.408055325473641175E-16, -4.416012297781645835, 0.01097075726556787263 ) ) ;
#472 = CARTESIAN_POINT ( 'NONE',  ( 0.000000000000000000, 4.428159242780382421, 0.008779540990224947786 ) ) ;
#473 = CARTESIAN_POINT ( 'NONE',  ( -4.392209101918716385, 2.196104550959358193, 0.007787186143253688186 ) ) ;
#474 = CARTESIAN_POINT ( 'NONE',  ( -3.937804211341971756E-16, -3.215461155072323329, 0.09538496883141341087 ) ) ;
#475 = CARTESIAN_POINT ( 'NONE',  ( -8.767276861803546595, 4.383638430901774186, 0.01676088843109635809 ) ) ;
#476 = CARTESIAN_POINT ( 'NONE',  ( 0.000000000000000000, 3.949914477418618119, 0.09007095879854878917 ) ) ;
#477 = CARTESIAN_POINT ( 'NONE',  ( -2.689452408925313597E-16, -2.196104550959358193, 0.007787186143253687319 ) ) ;
#478 = CARTESIAN_POINT ( 'NONE',  ( 9.328560286755672871E-16, 3.808673771592992807, 0.01124221524332426857 ) ) ;
#479 = CARTESIAN_POINT ( 'NONE',  ( 0.000000000000000000, 3.986434808427162579, 0.08422486236672269144 ) ) ;
#480 = CARTESIAN_POINT ( 'NONE',  ( -2.865567764700758777E-16, -2.339913652406456102, 0.09229524746166402338 ) ) ;
#481 = CARTESIAN_POINT ( 'NONE',  ( 0.000000000000000000, 3.206752657862327993, -0.01220534803653953483 ) ) ;
#482 = CARTESIAN_POINT ( 'NONE',  ( 0.000000000000000000, 2.107813726186396952, 0.01226331898407368587 ) ) ;
#483 = CARTESIAN_POINT ( 'NONE',  ( 7.530677243620283789, -3.765338621810144559, 0.01788512916668621999 ) ) ;
#484 = CARTESIAN_POINT ( 'NONE',  ( 0.000000000000000000, 4.383638430901774186, 0.01676088843109635809 ) ) ;
#485 = CARTESIAN_POINT ( 'NONE',  ( -2.060256426963978865E-17, -0.1682327041885390562, 0.1006466540957513534 ) ) ;
#486 = CARTESIAN_POINT ( 'NONE',  ( 0.000000000000000000, 4.452515817097135731, 0.004300079555907431253 ) ) ;
#487 = CARTESIAN_POINT ( 'NONE',  ( -4.493241497093658089E-16, -3.669010118037320911, 0.03250306562591821075 ) ) ;
#488 = CARTESIAN_POINT ( 'NONE',  ( -7.899828954837233574, 3.949914477418618119, 0.09007095879854878917 ) ) ;
#489 = CARTESIAN_POINT ( 'NONE',  ( -1.684937834455288406E-16, -1.375856153487199585, 0.06477845513881322348 ) ) ;
#490 = EDGE_LOOP ( 'NONE', ( #186, #420, #368, #731, #646 ) ) ;
#491 = CARTESIAN_POINT ( 'NONE',  ( 0.000000000000000000, 5.000000000000000000, 0.000000000000000000 ) ) ;
#492 = FACE_OUTER_BOUND ( 'NONE', #797, .T. ) ;
#493 = CARTESIAN_POINT ( 'NONE',  ( 9.363963611050987306E-16, 3.823128275667132314, 0.008998580398404690261 ) ) ;
#494 = CARTESIAN_POINT ( 'NONE',  ( -4.794779884081898440E-16, -3.915234896641391238, -0.01136668939179557615 ) ) ;
#495 = CARTESIAN_POINT ( 'NONE',  ( -5.244211119862521505E-17, -0.4282223350858178623, 0.09827991482845394033 ) ) ;
#496 = STYLED_ITEM ( 'NONE', ( #969 ), #683 ) ;
#497 = ORIENTED_EDGE ( 'NONE', *, *, #946, .T. ) ;
#498 = CARTESIAN_POINT ( 'NONE',  ( 0.000000000000000000, 2.282897511442780303, 0.09777010318612233686 ) ) ;
#499 = ADVANCED_BREP_SHAPE_REPRESENTATION ( 'mht_fesnel', ( #683, #927 ), #908 ) ;
#500 = CARTESIAN_POINT ( 'NONE',  ( 5.663955238712762963, -2.831977619356382814, 0.04140395501828528224 ) ) ;
#501 = CARTESIAN_POINT ( 'NONE',  ( 0.000000000000000000, 3.789418001806108993, 0.01420065336313323413 ) ) ;
#502 = CARTESIAN_POINT ( 'NONE',  ( 9.295651108187525935, -4.647825554093763856, 0.06931896731708521442 ) ) ;
#503 = CARTESIAN_POINT ( 'NONE',  ( 0.000000000000000000, 3.096452188429346553, 0.009527768037958661215 ) ) ;
#504 = CARTESIAN_POINT ( 'NONE',  ( -2.919683936834635098E-16, -2.384102860406309254, 0.08813417935434350592 ) ) ;
#505 = CARTESIAN_POINT ( 'NONE',  ( 0.000000000000000000, 3.374808840828299683, 0.07432622610155817378 ) ) ;
#506 = CARTESIAN_POINT ( 'NONE',  ( 8.975313983931291872, -4.487656991965648601, 0.09876162142111127862 ) ) ;
#507 = FACE_OUTER_BOUND ( 'NONE', #490, .T. ) ;
#508 = CARTESIAN_POINT ( 'NONE',  ( 4.768205720812616732, -2.384102860406309254, 0.08813417935434350592 ) ) ;
#509 = CARTESIAN_POINT ( 'NONE',  ( -7.786779049907308625, 3.893389524953654757, 0.09872324209809396622 ) ) ;
#510 = CARTESIAN_POINT ( 'NONE',  ( 9.145942497437388852, 4.572971248718691761, 0.08332544918273671053 ) ) ;
#511 = CARTESIAN_POINT ( 'NONE',  ( 0.000000000000000000, 0.000000000000000000, 0.000000000000000000 ) ) ;
#512 = CARTESIAN_POINT ( 'NONE',  ( -6.097129638498622571E-16, -4.978684174689127495, 0.004344479036137670162 ) ) ;
#513 = CARTESIAN_POINT ( 'NONE',  ( 0.000000000000000000, 0.01529391858693402058, 0.1010124088070176451 ) ) ;
#514 = CARTESIAN_POINT ( 'NONE',  ( -3.468172326801734528E-16, -2.831977619356381926, 0.04140395501828528224 ) ) ;
#515 = CARTESIAN_POINT ( 'NONE',  ( -7.646256551334262852, 3.823128275667131870, 0.008998580398404690261 ) ) ;
#516 = CARTESIAN_POINT ( 'NONE',  ( 1.104341424800979124E-15, 4.508816034018398256, 0.09513493949308970965 ) ) ;
#517 = DIRECTION ( 'NONE',  ( 0.000000000000000000, -0.000000000000000000, 1.000000000000000000 ) ) ;
#518 = CIRCLE ( 'NONE', #86, 5.000000000000000000 ) ;
#519 = ORIENTED_EDGE ( 'NONE', *, *, #946, .F. ) ;
#520 = CARTESIAN_POINT ( 'NONE',  ( -9.145942497437387075, 4.572971248718694426, 0.08332544918273671053 ) ) ;
#521 = CARTESIAN_POINT ( 'NONE',  ( 4.679827304812911315, 2.339913652406454325, 0.09229524746166400950 ) ) ;
#522 = CARTESIAN_POINT ( 'NONE',  ( -6.230529987918846935, -3.115264993959423467, 0.007239630775122428419 ) ) ;
#523 = CARTESIAN_POINT ( 'NONE',  ( -5.600274602336223546E-16, -4.572971248718694426, 0.08332544918273671053 ) ) ;
#524 = DIRECTION ( 'NONE',  ( 1.000000000000000000, 0.000000000000000000, 0.000000000000000000 ) ) ;
#525 = CARTESIAN_POINT ( 'NONE',  ( -5.125388834786306119E-16, -4.185197591954514351, 0.05145733887409051355 ) ) ;
#526 = CARTESIAN_POINT ( 'NONE',  ( -5.521707124004895622E-16, -4.508816034018398256, 0.09513493949308970965 ) ) ;
#527 = CARTESIAN_POINT ( 'NONE',  ( 4.422003557542236507, 2.211001778771117809, 0.1110916765039190179 ) ) ;
#528 = CARTESIAN_POINT ( 'NONE',  ( 0.000000000000000000, 3.137613077561535402, 0.1112267870344774423 ) ) ;
#529 = CARTESIAN_POINT ( 'NONE',  ( 7.830469793282781588, -3.915234896641392570, -0.01136668939179557615 ) ) ;
#530 = PRODUCT_DEFINITION ( 'ๆ', '', #7, #324 ) ;
#531 = CARTESIAN_POINT ( 'NONE',  ( -4.734472636460244166E-16, -3.865990291859308758, 0.002794737540227753853 ) ) ;
#532 = CARTESIAN_POINT ( 'NONE',  ( -5.556626918548524423E-16, -4.537330210161218957, 0.08990540301094819553 ) ) ;
#533 = CARTESIAN_POINT ( 'NONE',  ( 0.8564446701716353916, -0.4282223350858179178, 0.09827991482845394033 ) ) ;
#534 = CIRCLE ( 'NONE', #241, 5.000000000000000000 ) ;
#535 = CARTESIAN_POINT ( 'NONE',  ( 0.000000000000000000, 2.472495627547245611, 0.07957348632134403354 ) ) ;
#536 = CARTESIAN_POINT ( 'NONE',  ( 7.972869616854323382, -3.986434808427163468, 0.08422486236672270532 ) ) ;
#537 = LINE ( 'NONE', #54, #760 ) ;
#538 = CARTESIAN_POINT ( 'NONE',  ( -9.793913966658054804, -4.896956983329027402, 0.02091569450388488724 ) ) ;
#539 = CARTESIAN_POINT ( 'NONE',  ( 5.378904817850627194E-16, 2.196104550959358193, 0.007787186143253687319 ) ) ;
#540 = CARTESIAN_POINT ( 'NONE',  ( -6.304679624875467070, 3.152339812437734423, 0.003240318073102903349 ) ) ;
#541 = CARTESIAN_POINT ( 'NONE',  ( -4.881974628149916548E-16, -3.986434808427162579, 0.08422486236672269144 ) ) ;
#542 = CARTESIAN_POINT ( 'NONE',  ( -3.927139378108367917E-16, -3.206752657862327993, -0.01220534803653953483 ) ) ;
#543 = CARTESIAN_POINT ( 'NONE',  ( -2.581327332973026702E-16, -2.107813726186396952, 0.01226331898407368587 ) ) ;
#544 = CARTESIAN_POINT ( 'NONE',  ( -6.401634616370226460, 3.200817308185114118, 0.09743066225127804125 ) ) ;
#545 = CARTESIAN_POINT ( 'NONE',  ( -4.734472636460244166E-16, -3.865990291859308758, 0.002794737540227753853 ) ) ;
#546 = CARTESIAN_POINT ( 'NONE',  ( -3.860502861126639306E-16, -3.152339812437734423, 0.003240318073102903349 ) ) ;
#547 = CARTESIAN_POINT ( 'NONE',  ( 0.000000000000000000, 3.846766066193903821, 0.1113567085884653168 ) ) ;
#548 = CARTESIAN_POINT ( 'NONE',  ( -2.795743130169858985E-16, -2.282897511442780303, 0.09777010318612233686 ) ) ;
#549 = CARTESIAN_POINT ( 'NONE',  ( 1.025077766957261224E-15, 4.185197591954514351, 0.05145733887409051355 ) ) ;
#550 = COLOUR_RGB ( '',0.7921568627450980005, 0.8196078431372548767, 0.9333333333333333481 ) ;
#551 = CARTESIAN_POINT ( 'NONE',  ( -5.422931042785763635E-16, -4.428159242780382421, 0.008779540990224947786 ) ) ;
#552 = DIRECTION ( 'NONE',  ( 1.000000000000000000, 0.000000000000000000, 0.000000000000000000 ) ) ;
#553 = CARTESIAN_POINT ( 'NONE',  ( 0.000000000000000000, 4.383638430901774186, 0.01676088843109635809 ) ) ;
#554 = CARTESIAN_POINT ( 'NONE',  ( 0.000000000000000000, 2.062398949927149783, 0.01575386727481034241 ) ) ;
#555 = CARTESIAN_POINT ( 'NONE',  ( -3.902804798066696333E-16, -3.186881965301326947, 0.09866238057612856938 ) ) ;
#556 = CARTESIAN_POINT ( 'NONE',  ( -5.452759243560968236E-16, -4.452515817097135731, 0.004300079555907431253 ) ) ;
#557 = CARTESIAN_POINT ( 'NONE',  ( 0.000000000000000000, 3.986434808427162579, 0.08422486236672269144 ) ) ;
#558 = CARTESIAN_POINT ( 'NONE',  ( -2.707696251281154271E-16, -2.211001778771118698, 0.1110916765039190041 ) ) ;
#559 = CARTESIAN_POINT ( 'NONE',  ( -3.927139378108367917E-16, -3.206752657862327993, -0.01220534803653953483 ) ) ;
#560 = CARTESIAN_POINT ( 'NONE',  ( 0.000000000000000000, 3.929601923619529202, 0.09332246461005266891 ) ) ;
#561 = CARTESIAN_POINT ( 'NONE',  ( 0.000000000000000000, 3.865990291859308758, 0.002794737540227753853 ) ) ;
#562 = CARTESIAN_POINT ( 'NONE',  ( 0.000000000000000000, 2.384102860406309254, 0.08813417935434350592 ) ) ;
#563 = CARTESIAN_POINT ( 'NONE',  ( 6.401634616370226460, 3.200817308185111898, 0.09743066225127804125 ) ) ;
#564 = CARTESIAN_POINT ( 'NONE',  ( 0.000000000000000000, 0.000000000000000000, 0.000000000000000000 ) ) ;
#565 = CARTESIAN_POINT ( 'NONE',  ( 0.000000000000000000, 4.896956983329028290, 0.02091569450388488377 ) ) ;
#566 = CARTESIAN_POINT ( 'NONE',  ( -3.850252046364204261, -1.925126023182102131, 0.02680344751574884402 ) ) ;
#567 = CARTESIAN_POINT ( 'NONE',  ( -3.955503560686637284E-16, -3.229913770599500911, 0.09354663985385648639 ) ) ;
#568 = CARTESIAN_POINT ( 'NONE',  ( 0.000000000000000000, 4.302684828171891240, 0.03114379695245275692 ) ) ;
#569 = CARTESIAN_POINT ( 'NONE',  ( -3.768915700231380398E-16, -3.077553220124730426, 0.01189745858105472481 ) ) ;
#570 = CARTESIAN_POINT ( 'NONE',  ( 0.000000000000000000, 0.04588175727669035336, 0.1009962064202499649 ) ) ;
#571 = CARTESIAN_POINT ( 'NONE',  ( 6.749617681656596702, -3.374808840828300571, 0.07432622610155818765 ) ) ;
#572 = CARTESIAN_POINT ( 'NONE',  ( 0.000000000000000000, 3.846766066193903821, 0.1113567085884653168 ) ) ;
#573 = CARTESIAN_POINT ( 'NONE',  ( -3.937804211341971756E-16, -3.215461155072323329, 0.09538496883141341087 ) ) ;
#574 = CARTESIAN_POINT ( 'NONE',  ( 0.000000000000000000, 0.04588175727669035336, 0.1009962064202499649 ) ) ;
#575 = DIRECTION ( 'NONE',  ( -0.000000000000000000, -0.000000000000000000, 1.000000000000000000 ) ) ;
#576 = CARTESIAN_POINT ( 'NONE',  ( -2.819220855204215212E-16, -2.302068528793009161, 0.09577996546851663684 ) ) ;
#577 = CARTESIAN_POINT ( 'NONE',  ( -7.830469793282781588, -3.915234896641390794, -0.01136668939179557615 ) ) ;
#578 = CARTESIAN_POINT ( 'NONE',  ( 1.199408539039234634E-15, 4.896956983329028290, 0.02091569450388488377 ) ) ;
#579 = DIRECTION ( 'NONE',  ( -0.000000000000000000, -0.000000000000000000, 1.000000000000000000 ) ) ;
#580 = CARTESIAN_POINT ( 'NONE',  ( -3.838521741509131326E-16, -3.134390866151497423, 0.004579127471016449479 ) ) ;
#581 = CARTESIAN_POINT ( 'NONE',  ( -7.578836003612217098, 3.789418001806108993, 0.01420065336313323240 ) ) ;
#582 = CARTESIAN_POINT ( 'NONE',  ( -5.440850870410800983E-16, -4.442791892486007477, 0.1116112085468080745 ) ) ;
#583 = PRODUCT_DEFINITION_SHAPE ( 'NONE', 'NONE',  #530 ) ;
#584 = CARTESIAN_POINT ( 'NONE',  ( 0.000000000000000000, 2.976832224132601734, 0.02422010476773297366 ) ) ;
#585 = CARTESIAN_POINT ( 'NONE',  ( 7.429916885923725367E-16, 3.033493775959208438, 0.01732325789474956773 ) ) ;
#586 = CARTESIAN_POINT ( 'NONE',  ( 0.000000000000000000, 3.287879306300186322, 0.08594913599241965629 ) ) ;
#587 = CARTESIAN_POINT ( 'NONE',  ( 1.090551848712193647E-15, 4.452515817097135731, 0.004300079555907431253 ) ) ;
#588 = ORIENTED_EDGE ( 'NONE', *, *, #19, .T. ) ;
#589 = FACE_OUTER_BOUND ( 'NONE', #661, .T. ) ;
#590 = CARTESIAN_POINT ( 'NONE',  ( 5.953664448265201692, -2.976832224132603066, 0.02422010476773297366 ) ) ;
#591 = CARTESIAN_POINT ( 'NONE',  ( 0.000000000000000000, 3.852123696726672986, 0.004380266201186444955 ) ) ;
#592 = CARTESIAN_POINT ( 'NONE',  ( -5.534779855879192386E-16, -4.519490729680363472, 0.09319909925789365834 ) ) ;
#593 = CARTESIAN_POINT ( 'NONE',  ( -5.467109113240421855E-16, -4.464233374918250341, 0.002602000496674224898 ) ) ;
#594 = CARTESIAN_POINT ( 'NONE',  ( -5.853299205748423521E-16, -4.779581516747292369, 0.04416363219273504448 ) ) ;
#595 = CARTESIAN_POINT ( 'NONE',  ( 7.630198606696414879E-16, 3.115264993959424356, 0.007239630775122429286 ) ) ;
#596 = ADVANCED_FACE ( 'NONE', ( #507 ), #975, .T. ) ;
#597 = CARTESIAN_POINT ( 'NONE',  ( -6.275226155123069915, 3.137613077561535846, 0.1112267870344774562 ) ) ;
#598 = CARTESIAN_POINT ( 'NONE',  ( -5.521707124004895622E-16, -4.508816034018398256, 0.09513493949308970965 ) ) ;
#599 =( NAMED_UNIT ( * ) PLANE_ANGLE_UNIT ( ) SI_UNIT ( $, .RADIAN. ) );
#600 = EDGE_LOOP ( 'NONE', ( #984, #803, #588, #519, #809 ) ) ;
#601 = CARTESIAN_POINT ( 'NONE',  ( -8.996058206733223983, 4.498029103366612880, 0.09719948480443707517 ) ) ;
#602 = CARTESIAN_POINT ( 'NONE',  ( -2.469607800795414182E-16, -2.016587805165416913, 0.01958697261014466853 ) ) ;
#603 = CARTESIAN_POINT ( 'NONE',  ( -3.768915700231380398E-16, -3.077553220124730426, 0.01189745858105472481 ) ) ;
#604 = CARTESIAN_POINT ( 'NONE',  ( -4.768027019568327658E-16, -3.893389524953654757, 0.09872324209809396622 ) ) ;
#605 = CARTESIAN_POINT ( 'NONE',  ( 0.000000000000000000, 0.1682327041885390562, 0.1006466540957513534 ) ) ;
#606 = CARTESIAN_POINT ( 'NONE',  ( -5.422931042785763635E-16, -4.428159242780382421, 0.008779540990224947786 ) ) ;
#607 = CARTESIAN_POINT ( 'NONE',  ( -8.885583784972013177, 4.442791892486007477, 0.1116112085468080745 ) ) ;
#608 = CARTESIAN_POINT ( 'NONE',  ( -2.282900569740919220E-16, -1.864129781199251434, 0.03145600951202619233 ) ) ;
#609 = CARTESIAN_POINT ( 'NONE',  ( -3.468172326801734528E-16, -2.831977619356381926, 0.04140395501828528224 ) ) ;
#610 = CARTESIAN_POINT ( 'NONE',  ( -4.812374417683939026E-16, -3.929601923619529202, 0.09332246461005266891 ) ) ;
#611 = VERTEX_POINT ( 'NONE', #55 ) ;
#612 = CARTESIAN_POINT ( 'NONE',  ( -5.600274602336223546E-16, -4.572971248718694426, 0.08332544918273671053 ) ) ;
#613 = APPLICATION_CONTEXT ( 'automotive_design' ) ;
#614 = CARTESIAN_POINT ( 'NONE',  ( -2.060256426963978865E-17, -0.1682327041885390562, 0.1006466540957513534 ) ) ;
#615 = CARTESIAN_POINT ( 'NONE',  ( -3.937804211341971756E-16, -3.215461155072323329, 0.09538496883141341087 ) ) ;
#616 = CARTESIAN_POINT ( 'NONE',  ( -4.837250121676501238E-16, -3.949914477418618119, 0.09007095879854878917 ) ) ;
#617 = VERTEX_POINT ( 'NONE', #747 ) ;
#618 = AXIS2_PLACEMENT_3D ( 'NONE', #995, #517, #434 ) ;
#619 = CARTESIAN_POINT ( 'NONE',  ( 4.124797899854299565, -2.062398949927150227, 0.01575386727481034241 ) ) ;
#620 = CARTESIAN_POINT ( 'NONE',  ( -6.192904376858692217, -3.096452188429346108, 0.009527768037958661215 ) ) ;
#621 = CARTESIAN_POINT ( 'NONE',  ( 7.693532132387804978, -3.846766066193904710, 0.1113567085884653168 ) ) ;
#622 = CARTESIAN_POINT ( 'NONE',  ( -2.413624796200461691E-16, -1.970874212777856682, 0.02322188037327758275 ) ) ;
#623 = CARTESIAN_POINT ( 'NONE',  ( 4.309349494798435209, 2.154674747399216717, 0.007097278362955607676 ) ) ;
#624 = CARTESIAN_POINT ( 'NONE',  ( 0.000000000000000000, 2.282471532068652387, -0.02241194437868447575 ) ) ;
#625 = CARTESIAN_POINT ( 'NONE',  ( 7.693532132387806755, 3.846766066193902045, 0.1113567085884653168 ) ) ;
#626 = CARTESIAN_POINT ( 'NONE',  ( 0.000000000000000000, 4.440267044798969387, 0.006627979903020083177 ) ) ;
#627 = CARTESIAN_POINT ( 'NONE',  ( 0.000000000000000000, 0.000000000000000000, 0.1010205099999999939 ) ) ;
#628 = CARTESIAN_POINT ( 'NONE',  ( -4.679827304812911315, -2.339913652406455657, 0.09229524746166400950 ) ) ;
#629 = CARTESIAN_POINT ( 'NONE',  ( 6.401634616370226460, -3.200817308185114562, 0.09743066225127804125 ) ) ;
#630 = CLOSED_SHELL ( 'NONE', ( #767, #596, #384, #779, #960 ) ) ;
#631 = CARTESIAN_POINT ( 'NONE',  ( -8.880534089597936998, 4.440267044798970275, 0.006627979903020082310 ) ) ;
#632 = CARTESIAN_POINT ( 'NONE',  ( 0.000000000000000000, 3.287879306300186322, 0.08594913599241965629 ) ) ;
#633 = CARTESIAN_POINT ( 'NONE',  ( 0.000000000000000000, 2.264787209828472481, 0.09858482314062037843 ) ) ;
#634 = CARTESIAN_POINT ( 'NONE',  ( 6.275226155123069915, -3.137613077561536290, 0.1112267870344774562 ) ) ;
#635 = CARTESIAN_POINT ( 'NONE',  ( 0.000000000000000000, 4.403874474731622080, 0.01314375199011946944 ) ) ;
#636 = CARTESIAN_POINT ( 'NONE',  ( 0.000000000000000000, 4.442791892486007477, 0.1116112085468080745 ) ) ;
#637 = CARTESIAN_POINT ( 'NONE',  ( -4.768205720812616732, 2.384102860406309254, 0.08813417935434350592 ) ) ;
#638 = CARTESIAN_POINT ( 'NONE',  ( 6.488832454402515992, -3.244416227201260217, 0.09164201374723206228 ) ) ;
#639 = CARTESIAN_POINT ( 'NONE',  ( -2.842348442732636178E-16, -2.320953637172440409, 0.09408649653758964504 ) ) ;
#640 = CARTESIAN_POINT ( 'NONE',  ( 0.000000000000000000, 3.115264993959424356, 0.007239630775122429286 ) ) ;
#641 = B_SPLINE_CURVE_WITH_KNOTS ( 'NONE', 3,
 ( #286, #441, #512, #903, #758, #217, #379, #306, #996, #836, #297, #928, #669, #830, #593, #752, #910, #606, #435, #137, #922, #77, #525, #154, #143, #72, #60, #848, #361, #222, #990, #291, #531, #770, #149, #452, #764, #374, #688, #1002, #227, #693, #355, #2, #746, #573, #402, #236, #39, #542, #546, #329, #163, #853, #569, #343, #698, #191, #656, #82, #651, #8, #480, #639, #105, #159, #858, #35, #791, #311, #408, #419, #880, #775, #622, #385, #721, #808, #489, #796, #495, #485, #463, #118, #730 ),
 .UNSPECIFIED., .F., .F.,
 ( 4, 1, 1, 1, 1, 1, 1, 1, 1, 1, 1, 1, 1, 1, 1, 1, 1, 1, 1, 1, 1, 1, 1, 1, 1, 1, 1, 1, 1, 1, 1, 1, 1, 1, 1, 1, 1, 1, 1, 1, 1, 1, 1, 1, 1, 1, 1, 1, 1, 1, 1, 1, 1, 1, 1, 1, 1, 1, 1, 1, 1, 1, 1, 1, 1, 1, 1, 1, 1, 1, 1, 1, 1, 1, 1, 1, 1, 1, 1, 1, 1, 1, 4 ),
 ( 0.000000000000000000, 0.004000353223831631944, 0.008000708671463629962, 0.04600407356793845270, 0.07000619984540024099, 0.08200726192577367790, 0.08800779396836955204, 0.09000797092098333785, 0.09200814702202697593, 0.09400832412683490791, 0.09600850113654468831, 0.09800867809924562746, 0.1165853530341134370, 0.1188533387592498602, 0.1211213249935706449, 0.1233893104801766505, 0.1256572960975937958, 0.1279252820711271887, 0.1301932689531384302, 0.1324612554857633739, 0.1392652130760986262, 0.1755529866824876439, 0.1982328456895861013, 0.2095727752493005136, 0.2163767325002100561, 0.2186447196659255798, 0.2209127056386300803, 0.2231806909703284436, 0.2254486762130261113, 0.2277166616328192283, 0.2462933365676870379, 0.2489808419086009250, 0.2516683452133625654, 0.2543558492168871421, 0.2570433545556517485, 0.2597308569786210830, 0.2624183628555832870, 0.2677933701890666818, 0.2731683794351401628, 0.3161684452263230360, 0.3430434869359357819, 0.3618560167164173169, 0.3645435192635964050, 0.3672310236537831285, 0.3699185292210607212, 0.3726060332362178817, 0.3752935363819698278, 0.3779810398119282100, 0.3965577147467961305, 0.4000565463436296376, 0.4035553784928135324, 0.4070542098033514966, 0.4105530402467735263, 0.4140518718501496886, 0.4175507029905467515, 0.4210495338691699896, 0.4280471972471856512, 0.4490401847906518862, 0.5015226545175446304, 0.5295133035366870189, 0.5470074605686159330, 0.5505062924885540943, 0.5540051235533625107, 0.5575039537864876493, 0.5610027852149523930, 0.5645016180344963885, 0.5680004486118148677, 0.5865771235466826772, 0.5950143242255732101, 0.6034515271880405152, 0.6118887273970748941, 0.6203259292994802721, 0.6287631319927329265, 0.6372003324345903996, 0.6456375349223739679, 0.6540747367087575981, 0.6709491390213125905, 0.7215723474727611109, 0.8481303717716843771, 0.9325023867060845406, 0.9831255972731128834, 0.9915627990546916903, 1.000000000000000000 ),
 .UNSPECIFIED. ) ;
#642 = CARTESIAN_POINT ( 'NONE',  ( -4.529574419656944073, -2.264787209828472037, 0.09858482314062039231 ) ) ;
#643 = CARTESIAN_POINT ( 'NONE',  ( 7.646256551334261076, -3.823128275667133202, 0.008998580398404690261 ) ) ;
#644 = CARTESIAN_POINT ( 'NONE',  ( -5.437758823772535238E-16, -4.440267044798969387, 0.006627979903020083177 ) ) ;
#645 = CARTESIAN_POINT ( 'NONE',  ( -6.123233995736766282E-16, -5.000000000000000000, 0.000000000000000000 ) ) ;
#646 = ORIENTED_EDGE ( 'NONE', *, *, #19, .F. ) ;
#647 = CARTESIAN_POINT ( 'NONE',  ( 0.000000000000000000, 4.779581516747292369, 0.04416363219273504448 ) ) ;
#648 = CARTESIAN_POINT ( 'NONE',  ( 7.578836003612217098, 3.789418001806107217, 0.01420065336313323240 ) ) ;
#649 = PRODUCT ( 'mht_fesnel', 'mht_fesnel', '', ( #1001 ) ) ;
#650 = CARTESIAN_POINT ( 'NONE',  ( -4.611209890905698957E-16, -3.765338621810143227, 0.01788512916668621999 ) ) ;
#651 = CARTESIAN_POINT ( 'NONE',  ( -3.027933856181560572E-16, -2.472495627547245611, 0.07957348632134403354 ) ) ;
#652 = CARTESIAN_POINT ( 'NONE',  ( 0.000000000000000000, 2.320953637172440409, 0.09408649653758964504 ) ) ;
#653 = CARTESIAN_POINT ( 'NONE',  ( 5.000000000000000000, 0.000000000000000000, -0.7010154324123638592 ) ) ;
#654 = CARTESIAN_POINT ( 'NONE',  ( -3.714958442961862684E-16, -3.033493775959208438, 0.01732325789474956773 ) ) ;
#655 = CARTESIAN_POINT ( 'NONE',  ( -4.026490868443343260E-16, -3.287879306300186322, 0.08594913599241965629 ) ) ;
#656 = CARTESIAN_POINT ( 'NONE',  ( -3.468172326801734528E-16, -2.831977619356381926, 0.04140395501828528224 ) ) ;
#657 = CARTESIAN_POINT ( 'NONE',  ( 0.000000000000000000, 2.264787209828472481, 0.09858482314062037843 ) ) ;
#658 = CARTESIAN_POINT ( 'NONE',  ( -3.815099303348207439E-16, -3.115264993959424356, 0.007239630775122429286 ) ) ;
#659 = CARTESIAN_POINT ( 'NONE',  ( -7.704247393453345083, 3.852123696726673430, 0.004380266201186444087 ) ) ;
#660 = CARTESIAN_POINT ( 'NONE',  ( 8.996058206733223983, -4.498029103366613768, 0.09719948480443707517 ) ) ;
#661 = EDGE_LOOP ( 'NONE', ( #130, #842, #916, #347 ) ) ;
#662 = CARTESIAN_POINT ( 'NONE',  ( 0.000000000000000000, 3.058675075285990363, 0.01422707711612561376 ) ) ;
#663 = CARTESIAN_POINT ( 'NONE',  ( 6.192904376858692217, -3.096452188429347441, 0.009527768037958661215 ) ) ;
#664 = CARTESIAN_POINT ( 'NONE',  ( -6.749617681656596702, -3.374808840828298351, 0.07432622610155818765 ) ) ;
#665 = CARTESIAN_POINT ( 'NONE',  ( 8.928466749836502458, 4.464233374918248565, 0.002602000496674225331 ) ) ;
#666 = CARTESIAN_POINT ( 'NONE',  ( 4.944991255094491223, 2.472495627547244279, 0.07957348632134403354 ) ) ;
#667 = CARTESIAN_POINT ( 'NONE',  ( 0.000000000000000000, 3.893389524953654757, 0.09872324209809396622 ) ) ;
#668 = CARTESIAN_POINT ( 'NONE',  ( 8.856318485560763065, -4.428159242780383309, 0.008779540990224947786 ) ) ;
#669 = CARTESIAN_POINT ( 'NONE',  ( -5.440850870410800983E-16, -4.442791892486007477, 0.1116112085468080745 ) ) ;
#670 = CARTESIAN_POINT ( 'NONE',  ( 0.000000000000000000, 2.384102860406309254, 0.08813417935434350592 ) ) ;
#671 = CARTESIAN_POINT ( 'NONE',  ( 6.304679624875468846, 3.152339812437733091, 0.003240318073102903349 ) ) ;
#672 = CARTESIAN_POINT ( 'NONE',  ( 0.000000000000000000, 3.200817308185114118, 0.09743066225127802737 ) ) ;
#673 = CARTESIAN_POINT ( 'NONE',  ( 8.832024595563289893, -4.416012297781646723, 0.01097075726556787263 ) ) ;
#674 = CARTESIAN_POINT ( 'NONE',  ( 0.000000000000000000, 0.000000000000000000, 0.1010205099999999939 ) ) ;
#675 = ORIENTED_EDGE ( 'NONE', *, *, #91, .F. ) ;
#676 = CARTESIAN_POINT ( 'NONE',  ( -5.495794770881969013E-16, -4.487656991965646824, 0.09876162142111127862 ) ) ;
#677 = CARTESIAN_POINT ( 'NONE',  ( 3.728259562398502869, 1.864129781199250768, 0.03145600951202619927 ) ) ;
#678 = CARTESIAN_POINT ( 'NONE',  ( -5.298309855633172027, 2.649154927816586458, 0.06162188929228459844 ) ) ;
#679 = CARTESIAN_POINT ( 'NONE',  ( -4.797493879395786065E-16, -3.917451041995118732, 0.09522341848737927994 ) ) ;
#680 = CARTESIAN_POINT ( 'NONE',  ( 0.000000000000000000, 0.000000000000000000, 0.1010205099999999939 ) ) ;
#681 = CARTESIAN_POINT ( 'NONE',  ( 5.000000000000000000, 0.000000000000000000, 0.2902647111377981148 ) ) ;
#682 = CARTESIAN_POINT ( 'NONE',  ( -9.559163033494582962, -4.779581516747291481, 0.04416363219273503754 ) ) ;
#683 = MANIFOLD_SOLID_BREP ( '\X2\65cb8f6c\X0\1', #630 ) ;
#684 = CARTESIAN_POINT ( 'NONE',  ( 1.804437740258490575, 0.9022188701292449542, 0.08695046198218976674 ) ) ;
#685 = CARTESIAN_POINT ( 'NONE',  ( 0.000000000000000000, 3.033493775959208438, 0.01732325789474956773 ) ) ;
#686 = CARTESIAN_POINT ( 'NONE',  ( -4.794779884081898440E-16, -3.915234896641391238, -0.01136668939179557615 ) ) ;
#687 = APPLICATION_PROTOCOL_DEFINITION ( 'draft international standard', 'automotive_design', 1998, #167 ) ;
#688 = CARTESIAN_POINT ( 'NONE',  ( -4.611209890905698957E-16, -3.765338621810143227, 0.01788512916668621999 ) ) ;
#689 = CARTESIAN_POINT ( 'NONE',  ( -6.097129638498622571E-16, -4.978684174689127495, 0.004344479036137670162 ) ) ;
#690 = CARTESIAN_POINT ( 'NONE',  ( 5.162654665946053404E-16, 2.107813726186396952, 0.01226331898407368587 ) ) ;
#691 = CARTESIAN_POINT ( 'NONE',  ( -6.430922310144643994, 3.215461155072323329, 0.09538496883141342475 ) ) ;
#692 = CARTESIAN_POINT ( 'NONE',  ( 7.786779049907306849, -3.893389524953655645, 0.09872324209809396622 ) ) ;
#693 = CARTESIAN_POINT ( 'NONE',  ( -4.132948844654566731E-16, -3.374808840828299683, 0.07432622610155817378 ) ) ;
#694 = CARTESIAN_POINT ( 'NONE',  ( 0.000000000000000000, 4.779581516747292369, 0.04416363219273504448 ) ) ;
#695 = CARTESIAN_POINT ( 'NONE',  ( 4.124797899854300454, 2.062398949927148895, 0.01575386727481034241 ) ) ;
#696 = CARTESIAN_POINT ( 'NONE',  ( -6.413505315724655098, 3.206752657862327993, -0.01220534803653953657 ) ) ;
#697 = CARTESIAN_POINT ( 'NONE',  ( -5.125388834786306119E-16, -4.185197591954514351, 0.05145733887409051355 ) ) ;
#698 = CARTESIAN_POINT ( 'NONE',  ( -3.714958442961862684E-16, -3.033493775959208438, 0.01732325789474956773 ) ) ;
#699 = CARTESIAN_POINT ( 'NONE',  ( -2.689452408925313597E-16, -2.196104550959358193, 0.007787186143253687319 ) ) ;
#700 = CARTESIAN_POINT ( 'NONE',  ( 0.000000000000000000, 1.864129781199251434, 0.03145600951202619233 ) ) ;
#701 = CARTESIAN_POINT ( 'NONE',  ( 7.731980583718616629, 3.865990291859306982, 0.002794737540227753853 ) ) ;
#702 = CARTESIAN_POINT ( 'NONE',  ( 0.000000000000000000, 4.059488943192540944, 0.07234561000987674295 ) ) ;
#703 = CARTESIAN_POINT ( 'NONE',  ( -2.795221455892831021E-16, -2.282471532068652387, -0.02241194437868447575 ) ) ;
#704 = CARTESIAN_POINT ( 'NONE',  ( 6.430922310144645770, 3.215461155072321553, 0.09538496883141342475 ) ) ;
#705 = CARTESIAN_POINT ( 'NONE',  ( -8.807748949463244159, -4.403874474731622080, 0.01314375199011946771 ) ) ;
#706 = DIRECTION ( 'NONE',  ( 0.000000000000000000, 0.000000000000000000, 1.000000000000000000 ) ) ;
#707 = CARTESIAN_POINT ( 'NONE',  ( 3.745929688781792165E-18, 0.01529391858693402058, 0.1010124088070176451 ) ) ;
#708 = CARTESIAN_POINT ( 'NONE',  ( -2.842348442732636178E-16, -2.320953637172440409, 0.09408649653758964504 ) ) ;
#709 = CARTESIAN_POINT ( 'NONE',  ( -3.842467812398610367E-16, -3.137613077561535402, 0.1112267870344774423 ) ) ;
#710 = AXIS2_PLACEMENT_3D ( 'NONE', #232, #255, #30 ) ;
#711 = CARTESIAN_POINT ( 'NONE',  ( 0.000000000000000000, 4.059488943192540944, 0.07234561000987674295 ) ) ;
#712 = CARTESIAN_POINT ( 'NONE',  ( 0.000000000000000000, 3.534037132357423783, 0.05226532054284649398 ) ) ;
#713 = CARTESIAN_POINT ( 'NONE',  ( -2.773564407266304142E-16, -2.264787209828472481, 0.09858482314062037843 ) ) ;
#714 = CARTESIAN_POINT ( 'NONE',  ( 6.373763930602653893, 3.186881965301325614, 0.09866238057612855550 ) ) ;
#715 = CARTESIAN_POINT ( 'NONE',  ( -7.834902083990236576, 3.917451041995119176, 0.09522341848737927994 ) ) ;
#716 = CARTESIAN_POINT ( 'NONE',  ( 0.000000000000000000, 0.000000000000000000, -0.7010154324123638592 ) ) ;
#717 = CARTESIAN_POINT ( 'NONE',  ( 0.000000000000000000, 3.134390866151497423, 0.004579127471016449479 ) ) ;
#718 = CARTESIAN_POINT ( 'NONE',  ( 0.000000000000000000, 1.925126023182102575, 0.02680344751574884055 ) ) ;
#719 = CARTESIAN_POINT ( 'NONE',  ( 8.986482994187316177E-16, 3.669010118037320911, 0.03250306562591821075 ) ) ;
#720 = CARTESIAN_POINT ( 'NONE',  ( -4.881974628149916548E-16, -3.986434808427162579, 0.08422486236672269144 ) ) ;
#721 = CARTESIAN_POINT ( 'NONE',  ( -2.282900569740919220E-16, -1.864129781199251434, 0.03145600951202619233 ) ) ;
#722 = CARTESIAN_POINT ( 'NONE',  ( 0.000000000000000000, 3.915234896641391238, -0.01136668939179557615 ) ) ;
#723 = CARTESIAN_POINT ( 'NONE',  ( 7.911007121373274567E-16, 3.229913770599500911, 0.09354663985385648639 ) ) ;
#724 = CARTESIAN_POINT ( 'NONE',  ( 0.000000000000000000, 3.905158858751136108, 0.09728235977445630345 ) ) ;
#725 = CARTESIAN_POINT ( 'NONE',  ( 9.985789958158877155, 4.992894979079436801, 0.001449381289560876598 ) ) ;
#726 = CARTESIAN_POINT ( 'NONE',  ( 0.000000000000000000, 2.649154927816586458, 0.06162188929228459844 ) ) ;
#727 = DIRECTION ( 'NONE',  ( 1.000000000000000000, 0.000000000000000000, 0.000000000000000000 ) ) ;
#728 = CARTESIAN_POINT ( 'NONE',  ( 5.591486260339717969E-16, 2.282897511442780303, 0.09777010318612233686 ) ) ;
#729 = CARTESIAN_POINT ( 'NONE',  ( -4.768027019568327658E-16, -3.893389524953654757, 0.09872324209809396622 ) ) ;
#730 = CARTESIAN_POINT ( 'NONE',  ( 0.000000000000000000, 0.000000000000000000, 0.1010205099999999939 ) ) ;
#731 = ORIENTED_EDGE ( 'NONE', *, *, #106, .F. ) ;
#732 =( NAMED_UNIT ( * ) PLANE_ANGLE_UNIT ( ) SI_UNIT ( $, .RADIAN. ) );
#733 = CARTESIAN_POINT ( 'NONE',  ( 6.192904376858692217, 3.096452188429345220, 0.009527768037958661215 ) ) ;
#734 = CARTESIAN_POINT ( 'NONE',  ( -6.459827541198999157, -3.229913770599499578, 0.09354663985385650027 ) ) ;
#735 = CARTESIAN_POINT ( 'NONE',  ( 9.295651108187527711, 4.647825554093761191, 0.06931896731708521442 ) ) ;
#736 = CARTESIAN_POINT ( 'NONE',  ( 0.000000000000000000, 0.9022188701292452873, 0.08695046198218976674 ) ) ;
#737 = CARTESIAN_POINT ( 'NONE',  ( 4.944991255094489446, -2.472495627547246055, 0.07957348632134403354 ) ) ;
#738 = CARTESIAN_POINT ( 'NONE',  ( -7.530677243620286454, -3.765338621810142783, 0.01788512916668621999 ) ) ;
#739 = CARTESIAN_POINT ( 'NONE',  ( 1.101699388781912230E-15, 4.498029103366612880, 0.09719948480443707517 ) ) ;
#740 = VERTEX_POINT ( 'NONE', #979 ) ;
#741 = CARTESIAN_POINT ( 'NONE',  ( 5.684696885465272357E-16, 2.320953637172440409, 0.09408649653758964504 ) ) ;
#742 = CARTESIAN_POINT ( 'NONE',  ( -7.068074264714845789, 3.534037132357424227, 0.05226532054284649398 ) ) ;
#743 = CARTESIAN_POINT ( 'NONE',  ( 9.074660420322437915, 4.537330210161216293, 0.08990540301094819553 ) ) ;
#744 = AXIS2_PLACEMENT_3D ( 'NONE', #887, #835, #823 ) ;
#745 = CARTESIAN_POINT ( 'NONE',  ( -2.751712306974399169, -1.375856153487199363, 0.06477845513881323736 ) ) ;
#746 = CARTESIAN_POINT ( 'NONE',  ( -3.955503560686637284E-16, -3.229913770599500911, 0.09354663985385648639 ) ) ;
#747 = CARTESIAN_POINT ( 'NONE',  ( 5.000000000000000000, 0.000000000000000000, 0.000000000000000000 ) ) ;
#748 = CARTESIAN_POINT ( 'NONE',  ( -2.795743130169858985E-16, -2.282897511442780303, 0.09777010318612233686 ) ) ;
#749 = CARTESIAN_POINT ( 'NONE',  ( -6.155106440249458188, 3.077553220124730426, 0.01189745858105472655 ) ) ;
#750 = CARTESIAN_POINT ( 'NONE',  ( -5.853299205748423521E-16, -4.779581516747292369, 0.04416363219273504448 ) ) ;
#751 = CARTESIAN_POINT ( 'NONE',  ( -1.804437740258490575, -0.9022188701292451762, 0.08695046198218976674 ) ) ;
#752 = CARTESIAN_POINT ( 'NONE',  ( -5.452759243560968236E-16, -4.452515817097135731, 0.004300079555907431253 ) ) ;
#753 = CARTESIAN_POINT ( 'NONE',  ( 0.000000000000000000, 4.487656991965646824, 0.09876162142111127862 ) ) ;
#754 = CARTESIAN_POINT ( 'NONE',  ( 4.309349494798434321, -2.154674747399218049, 0.007097278362955607676 ) ) ;
#755 = CARTESIAN_POINT ( 'NONE',  ( 0.000000000000000000, 3.215461155072323329, 0.09538496883141341087 ) ) ;
#756 = CARTESIAN_POINT ( 'NONE',  ( 8.928466749836498906, -4.464233374918252117, 0.002602000496674225331 ) ) ;
#757 = CARTESIAN_POINT ( 'NONE',  ( 0.000000000000000000, 1.375856153487199585, 0.06477845513881322348 ) ) ;
#758 = CARTESIAN_POINT ( 'NONE',  ( -5.853299205748423521E-16, -4.779581516747292369, 0.04416363219273504448 ) ) ;
#759 = CARTESIAN_POINT ( 'NONE',  ( -9.793913966658054804, 4.896956983329028290, 0.02091569450388488724 ) ) ;
#760 = VECTOR ( 'NONE', #447, 1000.000000000000000 ) ;
#761 = CARTESIAN_POINT ( 'NONE',  ( -1.104899451434121829E-16, -0.9022188701292452873, 0.08695046198218976674 ) ) ;
#762 = CARTESIAN_POINT ( 'NONE',  ( -6.230529987918846935, 3.115264993959424356, 0.007239630775122428419 ) ) ;
#763 = CARTESIAN_POINT ( 'NONE',  ( -4.971440140454816526E-16, -4.059488943192540944, 0.07234561000987674295 ) ) ;
#764 = CARTESIAN_POINT ( 'NONE',  ( -4.664280143377836436E-16, -3.808673771592992807, 0.01124221524332426857 ) ) ;
#765 = CARTESIAN_POINT ( 'NONE',  ( -8.885583784972013177, -4.442791892486006589, 0.1116112085468080745 ) ) ;
#766 = CARTESIAN_POINT ( 'NONE',  ( 5.415392502562308542E-16, 2.211001778771118698, 0.1110916765039190041 ) ) ;
#767 = ADVANCED_FACE ( 'NONE', ( #589 ), #918, .F. ) ;
#768 = CARTESIAN_POINT ( 'NONE',  ( -4.944991255094489446, -2.472495627547244723, 0.07957348632134403354 ) ) ;
#769 = CARTESIAN_POINT ( 'NONE',  ( 9.468945272920488333E-16, 3.865990291859308758, 0.002794737540227753853 ) ) ;
#770 = CARTESIAN_POINT ( 'NONE',  ( -4.717490955115990647E-16, -3.852123696726672986, 0.004380266201186444955 ) ) ;
#771 = CARTESIAN_POINT ( 'NONE',  ( -9.985789958158877155, 4.992894979079438578, 0.001449381289560876598 ) ) ;
#772 = CARTESIAN_POINT ( 'NONE',  ( 0.3364654083770781123, 0.1682327041885389729, 0.1006466540957513395 ) ) ;
#773 = CARTESIAN_POINT ( 'NONE',  ( -6.373763930602653893, 3.186881965301326947, 0.09866238057612855550 ) ) ;
#774 = CARTESIAN_POINT ( 'NONE',  ( 8.807748949463244159, -4.403874474731623856, 0.01314375199011946771 ) ) ;
#775 = CARTESIAN_POINT ( 'NONE',  ( -2.469607800795414182E-16, -2.016587805165416913, 0.01958697261014466853 ) ) ;
#776 = CARTESIAN_POINT ( 'NONE',  ( 4.564943064137304773, 2.282471532068651054, -0.02241194437868447575 ) ) ;
#777 = CARTESIAN_POINT ( 'NONE',  ( -3.728259562398501981, 1.864129781199251656, 0.03145600951202619927 ) ) ;
#778 = CARTESIAN_POINT ( 'NONE',  ( 7.704247393453346859, 3.852123696726672097, 0.004380266201186444087 ) ) ;
#779 = ADVANCED_FACE ( 'NONE', ( #492 ), #805, .F. ) ;
#780 = CARTESIAN_POINT ( 'NONE',  ( 0.000000000000000000, 3.669010118037320911, 0.03250306562591821075 ) ) ;
#781 = CARTESIAN_POINT ( 'NONE',  ( -4.564943064137304773, 2.282471532068652387, -0.02241194437868447575 ) ) ;
#782 = CARTESIAN_POINT ( 'NONE',  ( 8.370395183909028702, 4.185197591954513463, 0.05145733887409050661 ) ) ;
#783 = CARTESIAN_POINT ( 'NONE',  ( 0.000000000000000000, 4.403874474731622080, 0.01314375199011946944 ) ) ;
#784 = CARTESIAN_POINT ( 'NONE',  ( 0.000000000000000000, 2.320953637172440409, 0.09408649653758964504 ) ) ;
#785 = CARTESIAN_POINT ( 'NONE',  ( 6.373763930602653893, -3.186881965301327391, 0.09866238057612855550 ) ) ;
#786 = CARTESIAN_POINT ( 'NONE',  ( -8.767276861803546595, -4.383638430901773297, 0.01676088843109635809 ) ) ;
#787 = CARTESIAN_POINT ( 'NONE',  ( 0.000000000000000000, 3.893389524953654757, 0.09872324209809396622 ) ) ;
#788 = CARTESIAN_POINT ( 'NONE',  ( -2.638715532606083477E-16, -2.154674747399217605, 0.007097278362955606809 ) ) ;
#789 = CARTESIAN_POINT ( 'NONE',  ( 7.578836003612215322, -3.789418001806109881, 0.01420065336313323240 ) ) ;
#790 = CARTESIAN_POINT ( 'NONE',  ( -7.859203847239057517, -3.929601923619528758, 0.09332246461005268279 ) ) ;
#791 = CARTESIAN_POINT ( 'NONE',  ( -2.795221455892831021E-16, -2.282471532068652387, -0.02241194437868447575 ) ) ;
#792 = CARTESIAN_POINT ( 'NONE',  ( 0.000000000000000000, 3.929601923619529202, 0.09332246461005266891 ) ) ;
#793 = CARTESIAN_POINT ( 'NONE',  ( -3.941748425555712032, -1.970874212777856016, 0.02322188037327758275 ) ) ;
#794 = CARTESIAN_POINT ( 'NONE',  ( 6.304679624875467070, -3.152339812437735755, 0.003240318073102903349 ) ) ;
#795 = CARTESIAN_POINT ( 'NONE',  ( -8.370395183909026926, 4.185197591954514351, 0.05145733887409050661 ) ) ;
#796 = CARTESIAN_POINT ( 'NONE',  ( -1.104899451434121829E-16, -0.9022188701292452873, 0.08695046198218976674 ) ) ;
#797 = EDGE_LOOP ( 'NONE', ( #262, #957 ) ) ;
#798 = CARTESIAN_POINT ( 'NONE',  ( 0.000000000000000000, 4.464233374918250341, 0.002602000496674224898 ) ) ;
#799 = CARTESIAN_POINT ( 'NONE',  ( -3.453708728232119274, 1.726854364116060081, 0.04155221673525875958 ) ) ;
#800 = CARTESIAN_POINT ( 'NONE',  ( 7.338020236074640046, 3.669010118037318691, 0.03250306562591821075 ) ) ;
#801 = CARTESIAN_POINT ( 'NONE',  ( -7.899828954837233574, -3.949914477418616787, 0.09007095879854878917 ) ) ;
#802 = DIRECTION ( 'NONE',  ( 1.000000000000000000, 0.000000000000000000, 0.000000000000000000 ) ) ;
#803 = ORIENTED_EDGE ( 'NONE', *, *, #135, .T. ) ;
#804 = CARTESIAN_POINT ( 'NONE',  ( 0.000000000000000000, 1.864129781199251434, 0.03145600951202619233 ) ) ;
#805 = PLANE ( 'NONE',  #618 ) ;
#806 = CARTESIAN_POINT ( 'NONE',  ( 7.946527895487507515E-16, 3.244416227201258884, 0.09164201374723206228 ) ) ;
#807 = CARTESIAN_POINT ( 'NONE',  ( 0.000000000000000000, 3.865990291859308758, 0.002794737540227753853 ) ) ;
#808 = CARTESIAN_POINT ( 'NONE',  ( -2.114786669608370944E-16, -1.726854364116060081, 0.04155221673525875958 ) ) ;
#809 = ORIENTED_EDGE ( 'NONE', *, *, #857, .F. ) ;
#810 = SURFACE_SIDE_STYLE ('',( #819 ) ) ;
#811 = CARTESIAN_POINT ( 'NONE',  ( 6.936344653603469056E-16, 2.831977619356381926, 0.04140395501828528224 ) ) ;
#812 = CARTESIAN_POINT ( 'NONE',  ( -6.488832454402515992, -3.244416227201257996, 0.09164201374723206228 ) ) ;
#813 = CARTESIAN_POINT ( 'NONE',  ( 1.138388937563240158E-15, 4.647825554093763856, 0.06931896731708520054 ) ) ;
#814 =( BOUNDED_SURFACE ( )  B_SPLINE_SURFACE ( 3, 3, ( 
 ( #645, #956, #261, #185 ),
 ( #111, #413, #725, #338 ),
 ( #267, #885, #122, #346 ),
 ( #200, #350, #822, #578 ),
 ( #750, #972, #424, #129 ),
 ( #284, #502, #735, #813 ),
 ( #523, #209, #510, #215 ),
 ( #126, #46, #743, #277 ),
 ( #592, #828, #834, #890 ),
 ( #598, #366, #52, #516 ),
 ( #64, #660, #907, #739 ),
 ( #978, #506, #42, #196 ),
 ( #582, #272, #894, #134 ),
 ( #432, #988, #141, #901 ),
 ( #445, #756, #665, #818 ),
 ( #429, #281, #968, #587 ),
 ( #898, #290, #204, #439 ),
 ( #354, #668, #58, #359 ),
 ( #982, #673, #935, #314 ),
 ( #301, #774, #921, #451 ),
 ( #226, #221, #1000, #378 ),
 ( #89, #239, #305, #469 ),
 ( #697, #81, #782, #549 ),
 ( #763, #383, #861, #1 ),
 ( #541, #536, #6, #461 ),
 ( #616, #846, #231, #76 ),
 ( #610, #926, #153, #166 ),
 ( #679, #994, #852, #158 ),
 ( #295, #840, #71, #373 ),
 ( #604, #692, #466, #310 ),
 ( #915, #621, #625, #931 ),
 ( #686, #529, #235, #147 ),
 ( #545, #456, #701, #769 ),
 ( #856, #162, #778, #85 ),
 ( #388, #11, #189, #33 ),
 ( #178, #643, #411, #493 ),
 ( #336, #174, #244, #478 ),
 ( #405, #789, #648, #878 ),
 ( #961, #483, #183, #954 ),
 ( #487, #265, #800, #719 ),
 ( #98, #109, #28, #259 ),
 ( #253, #571, #332, #940 ),
 ( #94, #327, #322, #865 ),
 ( #883, #638, #318, #806 ),
 ( #567, #103, #395, #723 ),
 ( #474, #391, #704, #14 ),
 ( #400, #629, #563, #170 ),
 ( #555, #785, #714, #944 ),
 ( #709, #634, #18, #249 ),
 ( #559, #869, #873, #23 ),
 ( #949, #794, #671, #986 ),
 ( #580, #892, #888, #288 ),
 ( #658, #202, #279, #595 ),
 ( #282, #663, #733, #437 ),
 ( #826, #905, #198, #976 ),
 ( #417, #966, #899, #970 ),
 ( #654, #422, #816, #585 ),
 ( #207, #590, #213, #120 ),
 ( #514, #500, #275, #811 ),
 ( #427, #194, #896, #44 ),
 ( #40, #737, #666, #270 ),
 ( #504, #508, #124, #344 ),
 ( #348, #820, #521, #352 ),
 ( #116, #127, #430, #741 ),
 ( #576, #50, #980, #132 ),
 ( #748, #56, #357, #728 ),
 ( #37, #341, #464, #151 ),
 ( #449, #854, #527, #766 ),
 ( #293, #992, #776, #74 ),
 ( #699, #381, #459, #539 ),
 ( #386, #754, #623, #83 ),
 ( #543, #844, #933, #690 ),
 ( #443, #619, #695, #454 ),
 ( #602, #62, #69, #838 ),
 ( #145, #79, #160, #303 ),
 ( #9, #156, #363, #312 ),
 ( #608, #139, #677, #237 ),
 ( #919, #219, #832, #376 ),
 ( #370, #998, #912, #308 ),
 ( #761, #924, #684, #299 ),
 ( #224, #533, #229, #1004 ),
 ( #614, #850, #772, #4 ),
 ( #929, #233, #107, #172 ),
 ( #257, #952, #938, #707 ),
 ( #316, #867, #627, #96 ) ),
 .UNSPECIFIED., .F., .F., .F. ) 
 B_SPLINE_SURFACE_WITH_KNOTS ( ( 4, 1, 1, 1, 1, 1, 1, 1, 1, 1, 1, 1, 1, 1, 1, 1, 1, 1, 1, 1, 1, 1, 1, 1, 1, 1, 1, 1, 1, 1, 1, 1, 1, 1, 1, 1, 1, 1, 1, 1, 1, 1, 1, 1, 1, 1, 1, 1, 1, 1, 1, 1, 1, 1, 1, 1, 1, 1, 1, 1, 1, 1, 1, 1, 1, 1, 1, 1, 1, 1, 1, 1, 1, 1, 1, 1, 1, 1, 1, 1, 1, 1, 4 ),
 ( 4, 4 ),
 ( 0.000000000000000000, 0.004000353223831631944, 0.008000708671463629962, 0.04600407356793845270, 0.07000619984540024099, 0.08200726192577367790, 0.08800779396836955204, 0.09000797092098333785, 0.09200814702202697593, 0.09400832412683490791, 0.09600850113654468831, 0.09800867809924562746, 0.1165853530341134370, 0.1188533387592498602, 0.1211213249935706449, 0.1233893104801766505, 0.1256572960975937958, 0.1279252820711271887, 0.1301932689531384302, 0.1324612554857633739, 0.1392652130760986262, 0.1755529866824876439, 0.1982328456895861013, 0.2095727752493005136, 0.2163767325002100561, 0.2186447196659255798, 0.2209127056386300803, 0.2231806909703284436, 0.2254486762130261113, 0.2277166616328192283, 0.2462933365676870379, 0.2489808419086009250, 0.2516683452133625654, 0.2543558492168871421, 0.2570433545556517485, 0.2597308569786210830, 0.2624183628555832870, 0.2677933701890666818, 0.2731683794351401628, 0.3161684452263230360, 0.3430434869359357819, 0.3618560167164173169, 0.3645435192635964050, 0.3672310236537831285, 0.3699185292210607212, 0.3726060332362178817, 0.3752935363819698278, 0.3779810398119282100, 0.3965577147467961305, 0.4000565463436296376, 0.4035553784928135324, 0.4070542098033514966, 0.4105530402467735263, 0.4140518718501496886, 0.4175507029905467515, 0.4210495338691699896, 0.4280471972471856512, 0.4490401847906518862, 0.5015226545175446304, 0.5295133035366870189, 0.5470074605686159330, 0.5505062924885540943, 0.5540051235533625107, 0.5575039537864876493, 0.5610027852149523930, 0.5645016180344963885, 0.5680004486118148677, 0.5865771235466826772, 0.5950143242255732101, 0.6034515271880405152, 0.6118887273970748941, 0.6203259292994802721, 0.6287631319927329265, 0.6372003324345903996, 0.6456375349223739679, 0.6540747367087575981, 0.6709491390213125905, 0.7215723474727611109, 0.8481303717716843771, 0.9325023867060845406, 0.9831255972731128834, 0.9915627990546916903, 1.000000000000000000 ),
 ( 0.000000000000000000, 1.000000000000000000 ),
 .UNSPECIFIED. ) 
 GEOMETRIC_REPRESENTATION_ITEM ( )  RATIONAL_B_SPLINE_SURFACE ( (
 ( 1.000000000000000000, 0.3333333333333334259, 0.3333333333333334259, 1.000000000000000000),
 ( 1.000000000000000000, 0.3333333333333334259, 0.3333333333333334259, 1.000000000000000000),
 ( 1.000000000000000000, 0.3333333333333334259, 0.3333333333333334259, 1.000000000000000000),
 ( 1.000000000000000000, 0.3333333333333334259, 0.3333333333333334259, 1.000000000000000000),
 ( 1.000000000000000000, 0.3333333333333334259, 0.3333333333333334259, 1.000000000000000000),
 ( 1.000000000000000000, 0.3333333333333334259, 0.3333333333333334259, 1.000000000000000000),
 ( 1.000000000000000000, 0.3333333333333334259, 0.3333333333333334259, 1.000000000000000000),
 ( 1.000000000000000000, 0.3333333333333334259, 0.3333333333333334259, 1.000000000000000000),
 ( 1.000000000000000000, 0.3333333333333334259, 0.3333333333333334259, 1.000000000000000000),
 ( 1.000000000000000000, 0.3333333333333334259, 0.3333333333333334259, 1.000000000000000000),
 ( 1.000000000000000000, 0.3333333333333334259, 0.3333333333333334259, 1.000000000000000000),
 ( 1.000000000000000000, 0.3333333333333334259, 0.3333333333333334259, 1.000000000000000000),
 ( 1.000000000000000000, 0.3333333333333334259, 0.3333333333333334259, 1.000000000000000000),
 ( 1.000000000000000000, 0.3333333333333334259, 0.3333333333333334259, 1.000000000000000000),
 ( 1.000000000000000000, 0.3333333333333334259, 0.3333333333333334259, 1.000000000000000000),
 ( 1.000000000000000000, 0.3333333333333334259, 0.3333333333333334259, 1.000000000000000000),
 ( 1.000000000000000000, 0.3333333333333334259, 0.3333333333333334259, 1.000000000000000000),
 ( 1.000000000000000000, 0.3333333333333334259, 0.3333333333333334259, 1.000000000000000000),
 ( 1.000000000000000000, 0.3333333333333334259, 0.3333333333333334259, 1.000000000000000000),
 ( 1.000000000000000000, 0.3333333333333334259, 0.3333333333333334259, 1.000000000000000000),
 ( 1.000000000000000000, 0.3333333333333334259, 0.3333333333333334259, 1.000000000000000000),
 ( 1.000000000000000000, 0.3333333333333334259, 0.3333333333333334259, 1.000000000000000000),
 ( 1.000000000000000000, 0.3333333333333334259, 0.3333333333333334259, 1.000000000000000000),
 ( 1.000000000000000000, 0.3333333333333334259, 0.3333333333333334259, 1.000000000000000000),
 ( 1.000000000000000000, 0.3333333333333334259, 0.3333333333333334259, 1.000000000000000000),
 ( 1.000000000000000000, 0.3333333333333334259, 0.3333333333333334259, 1.000000000000000000),
 ( 1.000000000000000000, 0.3333333333333334259, 0.3333333333333334259, 1.000000000000000000),
 ( 1.000000000000000000, 0.3333333333333334259, 0.3333333333333334259, 1.000000000000000000),
 ( 1.000000000000000000, 0.3333333333333334259, 0.3333333333333334259, 1.000000000000000000),
 ( 1.000000000000000000, 0.3333333333333334259, 0.3333333333333334259, 1.000000000000000000),
 ( 1.000000000000000000, 0.3333333333333334259, 0.3333333333333334259, 1.000000000000000000),
 ( 1.000000000000000000, 0.3333333333333334259, 0.3333333333333334259, 1.000000000000000000),
 ( 1.000000000000000000, 0.3333333333333334259, 0.3333333333333334259, 1.000000000000000000),
 ( 1.000000000000000000, 0.3333333333333334259, 0.3333333333333334259, 1.000000000000000000),
 ( 1.000000000000000000, 0.3333333333333334259, 0.3333333333333334259, 1.000000000000000000),
 ( 1.000000000000000000, 0.3333333333333334259, 0.3333333333333334259, 1.000000000000000000),
 ( 1.000000000000000000, 0.3333333333333334259, 0.3333333333333334259, 1.000000000000000000),
 ( 1.000000000000000000, 0.3333333333333334259, 0.3333333333333334259, 1.000000000000000000),
 ( 1.000000000000000000, 0.3333333333333334259, 0.3333333333333334259, 1.000000000000000000),
 ( 1.000000000000000000, 0.3333333333333334259, 0.3333333333333334259, 1.000000000000000000),
 ( 1.000000000000000000, 0.3333333333333334259, 0.3333333333333334259, 1.000000000000000000),
 ( 1.000000000000000000, 0.3333333333333334259, 0.3333333333333334259, 1.000000000000000000),
 ( 1.000000000000000000, 0.3333333333333334259, 0.3333333333333334259, 1.000000000000000000),
 ( 1.000000000000000000, 0.3333333333333334259, 0.3333333333333334259, 1.000000000000000000),
 ( 1.000000000000000000, 0.3333333333333334259, 0.3333333333333334259, 1.000000000000000000),
 ( 1.000000000000000000, 0.3333333333333334259, 0.3333333333333334259, 1.000000000000000000),
 ( 1.000000000000000000, 0.3333333333333334259, 0.3333333333333334259, 1.000000000000000000),
 ( 1.000000000000000000, 0.3333333333333334259, 0.3333333333333334259, 1.000000000000000000),
 ( 1.000000000000000000, 0.3333333333333334259, 0.3333333333333334259, 1.000000000000000000),
 ( 1.000000000000000000, 0.3333333333333334259, 0.3333333333333334259, 1.000000000000000000),
 ( 1.000000000000000000, 0.3333333333333334259, 0.3333333333333334259, 1.000000000000000000),
 ( 1.000000000000000000, 0.3333333333333334259, 0.3333333333333334259, 1.000000000000000000),
 ( 1.000000000000000000, 0.3333333333333334259, 0.3333333333333334259, 1.000000000000000000),
 ( 1.000000000000000000, 0.3333333333333334259, 0.3333333333333334259, 1.000000000000000000),
 ( 1.000000000000000000, 0.3333333333333334259, 0.3333333333333334259, 1.000000000000000000),
 ( 1.000000000000000000, 0.3333333333333334259, 0.3333333333333334259, 1.000000000000000000),
 ( 1.000000000000000000, 0.3333333333333334259, 0.3333333333333334259, 1.000000000000000000),
 ( 1.000000000000000000, 0.3333333333333334259, 0.3333333333333334259, 1.000000000000000000),
 ( 1.000000000000000000, 0.3333333333333334259, 0.3333333333333334259, 1.000000000000000000),
 ( 1.000000000000000000, 0.3333333333333334259, 0.3333333333333334259, 1.000000000000000000),
 ( 1.000000000000000000, 0.3333333333333334259, 0.3333333333333334259, 1.000000000000000000),
 ( 1.000000000000000000, 0.3333333333333334259, 0.3333333333333334259, 1.000000000000000000),
 ( 1.000000000000000000, 0.3333333333333334259, 0.3333333333333334259, 1.000000000000000000),
 ( 1.000000000000000000, 0.3333333333333334259, 0.3333333333333334259, 1.000000000000000000),
 ( 1.000000000000000000, 0.3333333333333334259, 0.3333333333333334259, 1.000000000000000000),
 ( 1.000000000000000000, 0.3333333333333334259, 0.3333333333333334259, 1.000000000000000000),
 ( 1.000000000000000000, 0.3333333333333334259, 0.3333333333333334259, 1.000000000000000000),
 ( 1.000000000000000000, 0.3333333333333334259, 0.3333333333333334259, 1.000000000000000000),
 ( 1.000000000000000000, 0.3333333333333334259, 0.3333333333333334259, 1.000000000000000000),
 ( 1.000000000000000000, 0.3333333333333334259, 0.3333333333333334259, 1.000000000000000000),
 ( 1.000000000000000000, 0.3333333333333334259, 0.3333333333333334259, 1.000000000000000000),
 ( 1.000000000000000000, 0.3333333333333334259, 0.3333333333333334259, 1.000000000000000000),
 ( 1.000000000000000000, 0.3333333333333334259, 0.3333333333333334259, 1.000000000000000000),
 ( 1.000000000000000000, 0.3333333333333334259, 0.3333333333333334259, 1.000000000000000000),
 ( 1.000000000000000000, 0.3333333333333334259, 0.3333333333333334259, 1.000000000000000000),
 ( 1.000000000000000000, 0.3333333333333334259, 0.3333333333333334259, 1.000000000000000000),
 ( 1.000000000000000000, 0.3333333333333334259, 0.3333333333333334259, 1.000000000000000000),
 ( 1.000000000000000000, 0.3333333333333334259, 0.3333333333333334259, 1.000000000000000000),
 ( 1.000000000000000000, 0.3333333333333334259, 0.3333333333333334259, 1.000000000000000000),
 ( 1.000000000000000000, 0.3333333333333334259, 0.3333333333333334259, 1.000000000000000000),
 ( 1.000000000000000000, 0.3333333333333334259, 0.3333333333333334259, 1.000000000000000000),
 ( 1.000000000000000000, 0.3333333333333334259, 0.3333333333333334259, 1.000000000000000000),
 ( 1.000000000000000000, 0.3333333333333334259, 0.3333333333333334259, 1.000000000000000000),
 ( 1.000000000000000000, 0.3333333333333334259, 0.3333333333333334259, 1.000000000000000000),
 ( 1.000000000000000000, 0.3333333333333334259, 0.3333333333333334259, 1.000000000000000000) ) ) 
 REPRESENTATION_ITEM ( '' )  SURFACE ( )  );
#815 = CARTESIAN_POINT ( 'NONE',  ( 0.000000000000000000, 0.000000000000000000, 0.1010205099999999939 ) ) ;
#816 = CARTESIAN_POINT ( 'NONE',  ( 6.066987551918415988, 3.033493775959206662, 0.01732325789474957120 ) ) ;
#817 = CARTESIAN_POINT ( 'NONE',  ( -7.617347543185984726, -3.808673771592992363, 0.01124221524332426857 ) ) ;
#818 = CARTESIAN_POINT ( 'NONE',  ( 1.093421822648084371E-15, 4.464233374918250341, 0.002602000496674224898 ) ) ;
#819 = SURFACE_STYLE_FILL_AREA ( #192 ) ;
#820 = CARTESIAN_POINT ( 'NONE',  ( 4.679827304812911315, -2.339913652406456546, 0.09229524746166400950 ) ) ;
#821 = CARTESIAN_POINT ( 'NONE',  ( -7.786779049907308625, -3.893389524953654313, 0.09872324209809396622 ) ) ;
#822 = CARTESIAN_POINT ( 'NONE',  ( 9.793913966658056580, 4.896956983329025626, 0.02091569450388488724 ) ) ;
#823 = DIRECTION ( 'NONE',  ( 1.000000000000000000, 0.000000000000000000, 0.000000000000000000 ) ) ;
#824 = VERTEX_POINT ( 'NONE', #360 ) ;
#825 = CARTESIAN_POINT ( 'NONE',  ( 0.000000000000000000, 0.4282223350858178623, 0.09827991482845394033 ) ) ;
#826 = CARTESIAN_POINT ( 'NONE',  ( -3.768915700231380398E-16, -3.077553220124730426, 0.01189745858105472481 ) ) ;
#827 = CARTESIAN_POINT ( 'NONE',  ( -7.704247393453346859, -3.852123696726672542, 0.004380266201186444087 ) ) ;
#828 = CARTESIAN_POINT ( 'NONE',  ( 9.038981459360725168, -4.519490729680364360, 0.09319909925789365834 ) ) ;
#829 = CARTESIAN_POINT ( 'NONE',  ( -1.104899451434121829E-16, -0.9022188701292452873, 0.08695046198218976674 ) ) ;
#830 = CARTESIAN_POINT ( 'NONE',  ( -5.524080810695190649E-16, -4.510754296292833310, -0.01124719694625166654 ) ) ;
#831 = CARTESIAN_POINT ( 'NONE',  ( -9.017632068036794735, -4.508816034018397367, 0.09513493949308972353 ) ) ;
#832 = CARTESIAN_POINT ( 'NONE',  ( 3.453708728232120162, 1.726854364116059415, 0.04155221673525875958 ) ) ;
#833 = CARTESIAN_POINT ( 'NONE',  ( -6.117350150571979839, -3.058675075285989919, 0.01422707711612561203 ) ) ;
#834 = CARTESIAN_POINT ( 'NONE',  ( 9.038981459360726944, 4.519490729680360808, 0.09319909925789365834 ) ) ;
#835 = DIRECTION ( 'NONE',  ( -0.000000000000000000, -0.000000000000000000, 1.000000000000000000 ) ) ;
#836 = CARTESIAN_POINT ( 'NONE',  ( -5.521707124004895622E-16, -4.508816034018398256, 0.09513493949308970965 ) ) ;
#837 = CARTESIAN_POINT ( 'NONE',  ( -9.017632068036794735, 4.508816034018398256, 0.09513493949308972353 ) ) ;
#838 = CARTESIAN_POINT ( 'NONE',  ( 4.939215601590828363E-16, 2.016587805165416913, 0.01958697261014466853 ) ) ;
#839 = CARTESIAN_POINT ( 'NONE',  ( -3.955503560686637284E-16, -3.229913770599500911, 0.09354663985385648639 ) ) ;
#840 = CARTESIAN_POINT ( 'NONE',  ( 7.810317717502269552, -3.905158858751136997, 0.09728235977445628957 ) ) ;
#841 = CARTESIAN_POINT ( 'NONE',  ( 0.000000000000000000, 0.000000000000000000, 0.000000000000000000 ) ) ;
#842 = ORIENTED_EDGE ( 'NONE', *, *, #91, .T. ) ;
#843 = CARTESIAN_POINT ( 'NONE',  ( -9.559163033494582962, 4.779581516747292369, 0.04416363219273503754 ) ) ;
#844 = CARTESIAN_POINT ( 'NONE',  ( 4.215627452372793016, -2.107813726186397396, 0.01226331898407368587 ) ) ;
#845 = CARTESIAN_POINT ( 'NONE',  ( 0.000000000000000000, 3.152339812437734423, 0.003240318073102903349 ) ) ;
#846 = CARTESIAN_POINT ( 'NONE',  ( 7.899828954837233574, -3.949914477418619008, 0.09007095879854878917 ) ) ;
#847 = APPLICATION_PROTOCOL_DEFINITION ( 'draft international standard', 'automotive_design', 1998, #613 ) ;
#848 = CARTESIAN_POINT ( 'NONE',  ( -4.797493879395786065E-16, -3.917451041995118732, 0.09522341848737927994 ) ) ;
#849 = CARTESIAN_POINT ( 'NONE',  ( -6.114532854608526455E-16, -4.992894979079439466, 0.001449381289560876382 ) ) ;
#850 = CARTESIAN_POINT ( 'NONE',  ( 0.3364654083770780568, -0.1682327041885391117, 0.1006466540957513395 ) ) ;
#851 = CARTESIAN_POINT ( 'NONE',  ( -3.860502861126639306E-16, -3.152339812437734423, 0.003240318073102903349 ) ) ;
#852 = CARTESIAN_POINT ( 'NONE',  ( 7.834902083990238353, 3.917451041995116956, 0.09522341848737927994 ) ) ;
#853 = CARTESIAN_POINT ( 'NONE',  ( -3.792060261272816209E-16, -3.096452188429346553, 0.009527768037958661215 ) ) ;
#854 = CARTESIAN_POINT ( 'NONE',  ( 4.422003557542236507, -2.211001778771119142, 0.1110916765039190179 ) ) ;
#855 = CARTESIAN_POINT ( 'NONE',  ( -6.373763930602653893, -3.186881965301326947, 0.09866238057612855550 ) ) ;
#856 = CARTESIAN_POINT ( 'NONE',  ( -4.717490955115990647E-16, -3.852123696726672986, 0.004380266201186444955 ) ) ;
#857 = EDGE_CURVE ( 'NONE', #611, #414, #518, .T. ) ;
#858 = CARTESIAN_POINT ( 'NONE',  ( -2.773564407266304142E-16, -2.264787209828472481, 0.09858482314062037843 ) ) ;
#859 = CARTESIAN_POINT ( 'NONE',  ( 0.000000000000000000, 3.837529313685647203, 0.006807558873837378337 ) ) ;
#860 = CARTESIAN_POINT ( 'NONE',  ( -4.679827304812911315, 2.339913652406455657, 0.09229524746166400950 ) ) ;
#861 = CARTESIAN_POINT ( 'NONE',  ( 8.118977886385080112, 4.059488943192538279, 0.07234561000987674295 ) ) ;
#862 = CARTESIAN_POINT ( 'NONE',  ( -8.832024595563289893, -4.416012297781644946, 0.01097075726556787263 ) ) ;
#863 = CARTESIAN_POINT ( 'NONE',  ( 0.000000000000000000, 4.185197591954514351, 0.05145733887409051355 ) ) ;
#864 = CARTESIAN_POINT ( 'NONE',  ( -4.565795022885559717, -2.282897511442779859, 0.09777010318612233686 ) ) ;
#865 = CARTESIAN_POINT ( 'NONE',  ( 8.052981736886686519E-16, 3.287879306300186322, 0.08594913599241965629 ) ) ;
#866 = UNCERTAINTY_MEASURE_WITH_UNIT (LENGTH_MEASURE( 1.000000000000000082E-05 ), #119, 'distance_accuracy_value', 'NONE');
#867 = CARTESIAN_POINT ( 'NONE',  ( 0.000000000000000000, 0.000000000000000000, 0.1010205099999999939 ) ) ;
#868 = CARTESIAN_POINT ( 'NONE',  ( 0.000000000000000000, 2.196104550959358193, 0.007787186143253687319 ) ) ;
#869 = CARTESIAN_POINT ( 'NONE',  ( 6.413505315724655098, -3.206752657862328881, -0.01220534803653953657 ) ) ;
#870 = CARTESIAN_POINT ( 'NONE',  ( -7.859203847239057517, 3.929601923619529646, 0.09332246461005268279 ) ) ;
#871 = CARTESIAN_POINT ( 'NONE',  ( 0.000000000000000000, 3.765338621810143227, 0.01788512916668621999 ) ) ;
#872 = CARTESIAN_POINT ( 'NONE',  ( 0.000000000000000000, 2.339913652406456102, 0.09229524746166402338 ) ) ;
#873 = CARTESIAN_POINT ( 'NONE',  ( 6.413505315724655098, 3.206752657862326217, -0.01220534803653953657 ) ) ;
#874 = CARTESIAN_POINT ( 'NONE',  ( -5.467109113240421855E-16, -4.464233374918250341, 0.002602000496674224898 ) ) ;
#875 = DIRECTION ( 'NONE',  ( -0.000000000000000000, -0.000000000000000000, 1.000000000000000000 ) ) ;
#876 = CARTESIAN_POINT ( 'NONE',  ( 0.000000000000000000, 4.992894979079439466, 0.001449381289560876382 ) ) ;
#877 = CARTESIAN_POINT ( 'NONE',  ( -4.392209101918716385, -2.196104550959358193, 0.007787186143253688186 ) ) ;
#878 = CARTESIAN_POINT ( 'NONE',  ( 9.281397253086420075E-16, 3.789418001806108993, 0.01420065336313323413 ) ) ;
#879 = CARTESIAN_POINT ( 'NONE',  ( 0.000000000000000000, 4.416012297781645835, 0.01097075726556787263 ) ) ;
#880 = CARTESIAN_POINT ( 'NONE',  ( -2.525710272593146354E-16, -2.062398949927149783, 0.01575386727481034241 ) ) ;
#881 = CARTESIAN_POINT ( 'NONE',  ( 0.000000000000000000, 3.033493775959208438, 0.01732325789474956773 ) ) ;
#882 = CARTESIAN_POINT ( 'NONE',  ( -2.114786669608370944E-16, -1.726854364116060081, 0.04155221673525875958 ) ) ;
#883 = CARTESIAN_POINT ( 'NONE',  ( -3.973263947743753758E-16, -3.244416227201258884, 0.09164201374723206228 ) ) ;
#884 = CARTESIAN_POINT ( 'NONE',  ( -4.710929750033019605E-16, -3.846766066193903821, 0.1113567085884653168 ) ) ;
#885 = CARTESIAN_POINT ( 'NONE',  ( 9.957368349378251438, -4.978684174689128383, 0.004344479036137670162 ) ) ;
#886 = CARTESIAN_POINT ( 'NONE',  ( -9.999999999999998224, 5.000000000000000000, 0.000000000000000000 ) ) ;
#887 = CARTESIAN_POINT ( 'NONE',  ( 0.000000000000000000, 0.000000000000000000, 0.2902647111377981148 ) ) ;
#888 = CARTESIAN_POINT ( 'NONE',  ( 6.268781732302993959, 3.134390866151495647, 0.004579127471016449479 ) ) ;
#889 = CARTESIAN_POINT ( 'NONE',  ( 0.000000000000000000, 3.808673771592992807, 0.01124221524332426857 ) ) ;
#890 = CARTESIAN_POINT ( 'NONE',  ( 1.106955971175838477E-15, 4.519490729680363472, 0.09319909925789365834 ) ) ;
#891 = CARTESIAN_POINT ( 'NONE',  ( -9.999999999999998224, -4.999999999999999112, 0.000000000000000000 ) ) ;
#892 = CARTESIAN_POINT ( 'NONE',  ( 6.268781732302992182, -3.134390866151498312, 0.004579127471016449479 ) ) ;
#893 = CARTESIAN_POINT ( 'NONE',  ( -4.664280143377836436E-16, -3.808673771592992807, 0.01124221524332426857 ) ) ;
#894 = CARTESIAN_POINT ( 'NONE',  ( 8.885583784972014953, 4.442791892486004812, 0.1116112085468080745 ) ) ;
#895 = CARTESIAN_POINT ( 'NONE',  ( 0.000000000000000000, 2.107813726186396952, 0.01226331898407368587 ) ) ;
#896 = CARTESIAN_POINT ( 'NONE',  ( 5.298309855633172916, 2.649154927816585126, 0.06162188929228459844 ) ) ;
#897 = CARTESIAN_POINT ( 'NONE',  ( -6.575758612600370867, -3.287879306300185434, 0.08594913599241964242 ) ) ;
#898 = CARTESIAN_POINT ( 'NONE',  ( -5.437758823772535238E-16, -4.440267044798969387, 0.006627979903020083177 ) ) ;
#899 = CARTESIAN_POINT ( 'NONE',  ( 6.117350150571979839, 3.058675075285989475, 0.01422707711612561203 ) ) ;
#900 = CARTESIAN_POINT ( 'NONE',  ( -4.717490955115990647E-16, -3.852123696726672986, 0.004380266201186444955 ) ) ;
#901 = CARTESIAN_POINT ( 'NONE',  ( 1.104816162139038130E-15, 4.510754296292833310, -0.01124719694625166654 ) ) ;
#902 = CARTESIAN_POINT ( 'NONE',  ( 0.000000000000000000, 0.000000000000000000, 0.000000000000000000 ) ) ;
#903 = CARTESIAN_POINT ( 'NONE',  ( -5.997042695196173169E-16, -4.896956983329028290, 0.02091569450388488377 ) ) ;
#904 = CARTESIAN_POINT ( 'NONE',  ( 0.000000000000000000, 4.647825554093763856, 0.06931896731708520054 ) ) ;
#905 = CARTESIAN_POINT ( 'NONE',  ( 6.155106440249458188, -3.077553220124731315, 0.01189745858105472655 ) ) ;
#906 = CARTESIAN_POINT ( 'NONE',  ( -3.645568054882686964E-16, -2.976832224132601734, 0.02422010476773297366 ) ) ;
#907 = CARTESIAN_POINT ( 'NONE',  ( 8.996058206733225759, 4.498029103366610215, 0.09719948480443707517 ) ) ;
#908 =( GEOMETRIC_REPRESENTATION_CONTEXT ( 3 ) GLOBAL_UNCERTAINTY_ASSIGNED_CONTEXT ( ( #246 ) ) GLOBAL_UNIT_ASSIGNED_CONTEXT ( ( #989, #599, #335 ) ) REPRESENTATION_CONTEXT ( 'NONE', 'WORKASPACE' ) );
#909 = CARTESIAN_POINT ( 'NONE',  ( -0.8564446701716353916, 0.4282223350858177513, 0.09827991482845394033 ) ) ;
#910 = CARTESIAN_POINT ( 'NONE',  ( -5.437758823772535238E-16, -4.440267044798969387, 0.006627979903020083177 ) ) ;
#911 = CARTESIAN_POINT ( 'NONE',  ( 0.000000000000000000, 4.442791892486007477, 0.1116112085468080745 ) ) ;
#912 = CARTESIAN_POINT ( 'NONE',  ( 2.751712306974399613, 1.375856153487199141, 0.06477845513881323736 ) ) ;
#913 = B_SPLINE_CURVE_WITH_KNOTS ( 'NONE', 3,
 ( #168, #876, #334, #565, #647, #16, #398, #320, #182, #26, #330, #242, #636, #87, #798, #486, #389, #472, #947, #783, #553, #12, #863, #702, #557, #476, #792, #958, #409, #787, #547, #722, #561, #251, #859, #31, #467, #92, #871, #780, #712, #393, #632, #21, #101, #942, #247, #325, #176, #481, #403, #717, #640, #503, #187, #662, #881, #584, #356, #726, #206, #670, #415, #652, #36, #498, #657, #123, #273, #263, #278, #895, #339, #426, #436, #201, #804, #964, #113, #736, #825, #268, #574, #513, #815 ),
 .UNSPECIFIED., .F., .F.,
 ( 4, 1, 1, 1, 1, 1, 1, 1, 1, 1, 1, 1, 1, 1, 1, 1, 1, 1, 1, 1, 1, 1, 1, 1, 1, 1, 1, 1, 1, 1, 1, 1, 1, 1, 1, 1, 1, 1, 1, 1, 1, 1, 1, 1, 1, 1, 1, 1, 1, 1, 1, 1, 1, 1, 1, 1, 1, 1, 1, 1, 1, 1, 1, 1, 1, 1, 1, 1, 1, 1, 1, 1, 1, 1, 1, 1, 1, 1, 1, 1, 1, 1, 4 ),
 ( 0.000000000000000000, 0.004000353223831631944, 0.008000708671463629962, 0.04600407356793845270, 0.07000619984540024099, 0.08200726192577367790, 0.08800779396836955204, 0.09000797092098333785, 0.09200814702202697593, 0.09400832412683490791, 0.09600850113654468831, 0.09800867809924562746, 0.1165853530341134370, 0.1188533387592498602, 0.1211213249935706449, 0.1233893104801766505, 0.1256572960975937958, 0.1279252820711271887, 0.1301932689531384302, 0.1324612554857633739, 0.1392652130760986262, 0.1755529866824876439, 0.1982328456895861013, 0.2095727752493005136, 0.2163767325002100561, 0.2186447196659255798, 0.2209127056386300803, 0.2231806909703284436, 0.2254486762130261113, 0.2277166616328192283, 0.2462933365676870379, 0.2489808419086009250, 0.2516683452133625654, 0.2543558492168871421, 0.2570433545556517485, 0.2597308569786210830, 0.2624183628555832870, 0.2677933701890666818, 0.2731683794351401628, 0.3161684452263230360, 0.3430434869359357819, 0.3618560167164173169, 0.3645435192635964050, 0.3672310236537831285, 0.3699185292210607212, 0.3726060332362178817, 0.3752935363819698278, 0.3779810398119282100, 0.3965577147467961305, 0.4000565463436296376, 0.4035553784928135324, 0.4070542098033514966, 0.4105530402467735263, 0.4140518718501496886, 0.4175507029905467515, 0.4210495338691699896, 0.4280471972471856512, 0.4490401847906518862, 0.5015226545175446304, 0.5295133035366870189, 0.5470074605686159330, 0.5505062924885540943, 0.5540051235533625107, 0.5575039537864876493, 0.5610027852149523930, 0.5645016180344963885, 0.5680004486118148677, 0.5865771235466826772, 0.5950143242255732101, 0.6034515271880405152, 0.6118887273970748941, 0.6203259292994802721, 0.6287631319927329265, 0.6372003324345903996, 0.6456375349223739679, 0.6540747367087575981, 0.6709491390213125905, 0.7215723474727611109, 0.8481303717716843771, 0.9325023867060845406, 0.9831255972731128834, 0.9915627990546916903, 1.000000000000000000 ),
 .UNSPECIFIED. ) ;
#914 = CARTESIAN_POINT ( 'NONE',  ( -3.842467812398610367E-16, -3.137613077561535402, 0.1112267870344774423 ) ) ;
#915 = CARTESIAN_POINT ( 'NONE',  ( -4.710929750033019605E-16, -3.846766066193903821, 0.1113567085884653168 ) ) ;
#916 = ORIENTED_EDGE ( 'NONE', *, *, #433, .F. ) ;
#917 = CARTESIAN_POINT ( 'NONE',  ( 0.000000000000000000, 4.510754296292833310, -0.01124719694625166654 ) ) ;
#918 =( BOUNDED_SURFACE ( )  B_SPLINE_SURFACE ( 3, 3, ( 
 ( #491, #886, #891, #223 ),
 ( #458, #771, #144, #849 ),
 ( #375, #991, #68, #689 ),
 ( #228, #759, #538, #218 ),
 ( #694, #843, #682, #594 ),
 ( #904, #453, #3, #138 ),
 ( #307, #520, #923, #612 ),
 ( #298, #380, #287, #532 ),
 ( #78, #985, #369, #212 ),
 ( #155, #837, #831, #526 ),
 ( #448, #601, #292, #442 ),
 ( #753, #61, #362, #676 ),
 ( #911, #607, #765, #997 ),
 ( #917, #150, #73, #1003 ),
 ( #302, #936, #104, #874 ),
 ( #171, #90, #240, #556 ),
 ( #626, #631, #179, #644 ),
 ( #333, #184, #950, #551 ),
 ( #879, #95, #862, #471 ),
 ( #635, #396, #705, #955 ),
 ( #484, #475, #786, #260 ),
 ( #568, #110, #29, #412 ),
 ( #175, #795, #392, #15 ),
 ( #711, #941, #245, #20 ),
 ( #479, #323, #406, #720 ),
 ( #945, #488, #801, #250 ),
 ( #560, #870, #790, #99 ),
 ( #401, #715, #24, #328 ),
 ( #724, #254, #315, #271 ),
 ( #667, #509, #821, #729 ),
 ( #572, #283, #981, #884 ),
 ( #190, #128, #577, #494 ),
 ( #807, #41, #971, #280 ),
 ( #591, #659, #827, #900 ),
 ( #125, #133, #208, #438 ),
 ( #428, #515, #345, #195 ),
 ( #889, #349, #817, #893 ),
 ( #501, #581, #423, #117 ),
 ( #276, #962, #738, #650 ),
 ( #34, #418, #337, #266 ),
 ( #431, #742, #45, #199 ),
 ( #505, #38, #664, #977 ),
 ( #586, #342, #897, #655 ),
 ( #967, #203, #812, #51 ),
 ( #121, #353, #734, #839 ),
 ( #755, #691, #377, #615 ),
 ( #672, #544, #382, #161 ),
 ( #1005, #773, #855, #140 ),
 ( #528, #597, #146, #914 ),
 ( #450, #696, #230, #304 ),
 ( #845, #540, #925, #851 ),
 ( #157, #75, #460, #294 ),
 ( #220, #762, #522, #5 ),
 ( #80, #309, #620, #930 ),
 ( #234, #749, #57, #603 ),
 ( #70, #372, #833, #358 ),
 ( #685, #152, #920, #987 ),
 ( #289, #300, #365, #906 ),
 ( #214, #444, #999, #609 ),
 ( #63, #678, #993, #225 ),
 ( #535, #455, #768, #394 ),
 ( #562, #637, #331, #468 ),
 ( #872, #860, #628, #165 ),
 ( #784, #238, #17, #708 ),
 ( #390, #93, #22, #10 ),
 ( #939, #321, #864, #548 ),
 ( #633, #243, #642, #713 ),
 ( #258, #943, #248, #558 ),
 ( #624, #781, #88, #703 ),
 ( #868, #473, #877, #477 ),
 ( #934, #173, #953, #788 ),
 ( #482, #13, #97, #317 ),
 ( #554, #404, #399, #387 ),
 ( #326, #948, #252, #169 ),
 ( #84, #177, #793, #102 ),
 ( #718, #27, #566, #465 ),
 ( #700, #777, #313, #205 ),
 ( #959, #799, #416, #882 ),
 ( #757, #440, #745, #446 ),
 ( #108, #66, #751, #829 ),
 ( #188, #909, #410, #264 ),
 ( #605, #983, #59, #216 ),
 ( #570, #142, #965, #32 ),
 ( #340, #210, #269, #367 ),
 ( #136, #680, #285, #674 ) ),
 .UNSPECIFIED., .F., .F., .F. ) 
 B_SPLINE_SURFACE_WITH_KNOTS ( ( 4, 1, 1, 1, 1, 1, 1, 1, 1, 1, 1, 1, 1, 1, 1, 1, 1, 1, 1, 1, 1, 1, 1, 1, 1, 1, 1, 1, 1, 1, 1, 1, 1, 1, 1, 1, 1, 1, 1, 1, 1, 1, 1, 1, 1, 1, 1, 1, 1, 1, 1, 1, 1, 1, 1, 1, 1, 1, 1, 1, 1, 1, 1, 1, 1, 1, 1, 1, 1, 1, 1, 1, 1, 1, 1, 1, 1, 1, 1, 1, 1, 1, 4 ),
 ( 4, 4 ),
 ( 0.000000000000000000, 0.004000353223831631944, 0.008000708671463629962, 0.04600407356793845270, 0.07000619984540024099, 0.08200726192577367790, 0.08800779396836955204, 0.09000797092098333785, 0.09200814702202697593, 0.09400832412683490791, 0.09600850113654468831, 0.09800867809924562746, 0.1165853530341134370, 0.1188533387592498602, 0.1211213249935706449, 0.1233893104801766505, 0.1256572960975937958, 0.1279252820711271887, 0.1301932689531384302, 0.1324612554857633739, 0.1392652130760986262, 0.1755529866824876439, 0.1982328456895861013, 0.2095727752493005136, 0.2163767325002100561, 0.2186447196659255798, 0.2209127056386300803, 0.2231806909703284436, 0.2254486762130261113, 0.2277166616328192283, 0.2462933365676870379, 0.2489808419086009250, 0.2516683452133625654, 0.2543558492168871421, 0.2570433545556517485, 0.2597308569786210830, 0.2624183628555832870, 0.2677933701890666818, 0.2731683794351401628, 0.3161684452263230360, 0.3430434869359357819, 0.3618560167164173169, 0.3645435192635964050, 0.3672310236537831285, 0.3699185292210607212, 0.3726060332362178817, 0.3752935363819698278, 0.3779810398119282100, 0.3965577147467961305, 0.4000565463436296376, 0.4035553784928135324, 0.4070542098033514966, 0.4105530402467735263, 0.4140518718501496886, 0.4175507029905467515, 0.4210495338691699896, 0.4280471972471856512, 0.4490401847906518862, 0.5015226545175446304, 0.5295133035366870189, 0.5470074605686159330, 0.5505062924885540943, 0.5540051235533625107, 0.5575039537864876493, 0.5610027852149523930, 0.5645016180344963885, 0.5680004486118148677, 0.5865771235466826772, 0.5950143242255732101, 0.6034515271880405152, 0.6118887273970748941, 0.6203259292994802721, 0.6287631319927329265, 0.6372003324345903996, 0.6456375349223739679, 0.6540747367087575981, 0.6709491390213125905, 0.7215723474727611109, 0.8481303717716843771, 0.9325023867060845406, 0.9831255972731128834, 0.9915627990546916903, 1.000000000000000000 ),
 ( 0.000000000000000000, 1.000000000000000000 ),
 .UNSPECIFIED. ) 
 GEOMETRIC_REPRESENTATION_ITEM ( )  RATIONAL_B_SPLINE_SURFACE ( (
 ( 1.000000000000000000, 0.3333333333333334259, 0.3333333333333334259, 1.000000000000000000),
 ( 1.000000000000000000, 0.3333333333333334259, 0.3333333333333334259, 1.000000000000000000),
 ( 1.000000000000000000, 0.3333333333333334259, 0.3333333333333334259, 1.000000000000000000),
 ( 1.000000000000000000, 0.3333333333333334259, 0.3333333333333334259, 1.000000000000000000),
 ( 1.000000000000000000, 0.3333333333333334259, 0.3333333333333334259, 1.000000000000000000),
 ( 1.000000000000000000, 0.3333333333333334259, 0.3333333333333334259, 1.000000000000000000),
 ( 1.000000000000000000, 0.3333333333333334259, 0.3333333333333334259, 1.000000000000000000),
 ( 1.000000000000000000, 0.3333333333333334259, 0.3333333333333334259, 1.000000000000000000),
 ( 1.000000000000000000, 0.3333333333333334259, 0.3333333333333334259, 1.000000000000000000),
 ( 1.000000000000000000, 0.3333333333333334259, 0.3333333333333334259, 1.000000000000000000),
 ( 1.000000000000000000, 0.3333333333333334259, 0.3333333333333334259, 1.000000000000000000),
 ( 1.000000000000000000, 0.3333333333333334259, 0.3333333333333334259, 1.000000000000000000),
 ( 1.000000000000000000, 0.3333333333333334259, 0.3333333333333334259, 1.000000000000000000),
 ( 1.000000000000000000, 0.3333333333333334259, 0.3333333333333334259, 1.000000000000000000),
 ( 1.000000000000000000, 0.3333333333333334259, 0.3333333333333334259, 1.000000000000000000),
 ( 1.000000000000000000, 0.3333333333333334259, 0.3333333333333334259, 1.000000000000000000),
 ( 1.000000000000000000, 0.3333333333333334259, 0.3333333333333334259, 1.000000000000000000),
 ( 1.000000000000000000, 0.3333333333333334259, 0.3333333333333334259, 1.000000000000000000),
 ( 1.000000000000000000, 0.3333333333333334259, 0.3333333333333334259, 1.000000000000000000),
 ( 1.000000000000000000, 0.3333333333333334259, 0.3333333333333334259, 1.000000000000000000),
 ( 1.000000000000000000, 0.3333333333333334259, 0.3333333333333334259, 1.000000000000000000),
 ( 1.000000000000000000, 0.3333333333333334259, 0.3333333333333334259, 1.000000000000000000),
 ( 1.000000000000000000, 0.3333333333333334259, 0.3333333333333334259, 1.000000000000000000),
 ( 1.000000000000000000, 0.3333333333333334259, 0.3333333333333334259, 1.000000000000000000),
 ( 1.000000000000000000, 0.3333333333333334259, 0.3333333333333334259, 1.000000000000000000),
 ( 1.000000000000000000, 0.3333333333333334259, 0.3333333333333334259, 1.000000000000000000),
 ( 1.000000000000000000, 0.3333333333333334259, 0.3333333333333334259, 1.000000000000000000),
 ( 1.000000000000000000, 0.3333333333333334259, 0.3333333333333334259, 1.000000000000000000),
 ( 1.000000000000000000, 0.3333333333333334259, 0.3333333333333334259, 1.000000000000000000),
 ( 1.000000000000000000, 0.3333333333333334259, 0.3333333333333334259, 1.000000000000000000),
 ( 1.000000000000000000, 0.3333333333333334259, 0.3333333333333334259, 1.000000000000000000),
 ( 1.000000000000000000, 0.3333333333333334259, 0.3333333333333334259, 1.000000000000000000),
 ( 1.000000000000000000, 0.3333333333333334259, 0.3333333333333334259, 1.000000000000000000),
 ( 1.000000000000000000, 0.3333333333333334259, 0.3333333333333334259, 1.000000000000000000),
 ( 1.000000000000000000, 0.3333333333333334259, 0.3333333333333334259, 1.000000000000000000),
 ( 1.000000000000000000, 0.3333333333333334259, 0.3333333333333334259, 1.000000000000000000),
 ( 1.000000000000000000, 0.3333333333333334259, 0.3333333333333334259, 1.000000000000000000),
 ( 1.000000000000000000, 0.3333333333333334259, 0.3333333333333334259, 1.000000000000000000),
 ( 1.000000000000000000, 0.3333333333333334259, 0.3333333333333334259, 1.000000000000000000),
 ( 1.000000000000000000, 0.3333333333333334259, 0.3333333333333334259, 1.000000000000000000),
 ( 1.000000000000000000, 0.3333333333333334259, 0.3333333333333334259, 1.000000000000000000),
 ( 1.000000000000000000, 0.3333333333333334259, 0.3333333333333334259, 1.000000000000000000),
 ( 1.000000000000000000, 0.3333333333333334259, 0.3333333333333334259, 1.000000000000000000),
 ( 1.000000000000000000, 0.3333333333333334259, 0.3333333333333334259, 1.000000000000000000),
 ( 1.000000000000000000, 0.3333333333333334259, 0.3333333333333334259, 1.000000000000000000),
 ( 1.000000000000000000, 0.3333333333333334259, 0.3333333333333334259, 1.000000000000000000),
 ( 1.000000000000000000, 0.3333333333333334259, 0.3333333333333334259, 1.000000000000000000),
 ( 1.000000000000000000, 0.3333333333333334259, 0.3333333333333334259, 1.000000000000000000),
 ( 1.000000000000000000, 0.3333333333333334259, 0.3333333333333334259, 1.000000000000000000),
 ( 1.000000000000000000, 0.3333333333333334259, 0.3333333333333334259, 1.000000000000000000),
 ( 1.000000000000000000, 0.3333333333333334259, 0.3333333333333334259, 1.000000000000000000),
 ( 1.000000000000000000, 0.3333333333333334259, 0.3333333333333334259, 1.000000000000000000),
 ( 1.000000000000000000, 0.3333333333333334259, 0.3333333333333334259, 1.000000000000000000),
 ( 1.000000000000000000, 0.3333333333333334259, 0.3333333333333334259, 1.000000000000000000),
 ( 1.000000000000000000, 0.3333333333333334259, 0.3333333333333334259, 1.000000000000000000),
 ( 1.000000000000000000, 0.3333333333333334259, 0.3333333333333334259, 1.000000000000000000),
 ( 1.000000000000000000, 0.3333333333333334259, 0.3333333333333334259, 1.000000000000000000),
 ( 1.000000000000000000, 0.3333333333333334259, 0.3333333333333334259, 1.000000000000000000),
 ( 1.000000000000000000, 0.3333333333333334259, 0.3333333333333334259, 1.000000000000000000),
 ( 1.000000000000000000, 0.3333333333333334259, 0.3333333333333334259, 1.000000000000000000),
 ( 1.000000000000000000, 0.3333333333333334259, 0.3333333333333334259, 1.000000000000000000),
 ( 1.000000000000000000, 0.3333333333333334259, 0.3333333333333334259, 1.000000000000000000),
 ( 1.000000000000000000, 0.3333333333333334259, 0.3333333333333334259, 1.000000000000000000),
 ( 1.000000000000000000, 0.3333333333333334259, 0.3333333333333334259, 1.000000000000000000),
 ( 1.000000000000000000, 0.3333333333333334259, 0.3333333333333334259, 1.000000000000000000),
 ( 1.000000000000000000, 0.3333333333333334259, 0.3333333333333334259, 1.000000000000000000),
 ( 1.000000000000000000, 0.3333333333333334259, 0.3333333333333334259, 1.000000000000000000),
 ( 1.000000000000000000, 0.3333333333333334259, 0.3333333333333334259, 1.000000000000000000),
 ( 1.000000000000000000, 0.3333333333333334259, 0.3333333333333334259, 1.000000000000000000),
 ( 1.000000000000000000, 0.3333333333333334259, 0.3333333333333334259, 1.000000000000000000),
 ( 1.000000000000000000, 0.3333333333333334259, 0.3333333333333334259, 1.000000000000000000),
 ( 1.000000000000000000, 0.3333333333333334259, 0.3333333333333334259, 1.000000000000000000),
 ( 1.000000000000000000, 0.3333333333333334259, 0.3333333333333334259, 1.000000000000000000),
 ( 1.000000000000000000, 0.3333333333333334259, 0.3333333333333334259, 1.000000000000000000),
 ( 1.000000000000000000, 0.3333333333333334259, 0.3333333333333334259, 1.000000000000000000),
 ( 1.000000000000000000, 0.3333333333333334259, 0.3333333333333334259, 1.000000000000000000),
 ( 1.000000000000000000, 0.3333333333333334259, 0.3333333333333334259, 1.000000000000000000),
 ( 1.000000000000000000, 0.3333333333333334259, 0.3333333333333334259, 1.000000000000000000),
 ( 1.000000000000000000, 0.3333333333333334259, 0.3333333333333334259, 1.000000000000000000),
 ( 1.000000000000000000, 0.3333333333333334259, 0.3333333333333334259, 1.000000000000000000),
 ( 1.000000000000000000, 0.3333333333333334259, 0.3333333333333334259, 1.000000000000000000),
 ( 1.000000000000000000, 0.3333333333333334259, 0.3333333333333334259, 1.000000000000000000),
 ( 1.000000000000000000, 0.3333333333333334259, 0.3333333333333334259, 1.000000000000000000),
 ( 1.000000000000000000, 0.3333333333333334259, 0.3333333333333334259, 1.000000000000000000),
 ( 1.000000000000000000, 0.3333333333333334259, 0.3333333333333334259, 1.000000000000000000) ) ) 
 REPRESENTATION_ITEM ( '' )  SURFACE ( )  );
#919 = CARTESIAN_POINT ( 'NONE',  ( -2.114786669608370944E-16, -1.726854364116060081, 0.04155221673525875958 ) ) ;
#920 = CARTESIAN_POINT ( 'NONE',  ( -6.066987551918415100, -3.033493775959207550, 0.01732325789474957120 ) ) ;
#921 = CARTESIAN_POINT ( 'NONE',  ( 8.807748949463244159, 4.403874474731621191, 0.01314375199011946771 ) ) ;
#922 = CARTESIAN_POINT ( 'NONE',  ( -5.368408773023183619E-16, -4.383638430901774186, 0.01676088843109635809 ) ) ;
#923 = CARTESIAN_POINT ( 'NONE',  ( -9.145942497437387075, -4.572971248718693538, 0.08332544918273671053 ) ) ;
#924 = CARTESIAN_POINT ( 'NONE',  ( 1.804437740258490352, -0.9022188701292456203, 0.08695046198218976674 ) ) ;
#925 = CARTESIAN_POINT ( 'NONE',  ( -6.304679624875467070, -3.152339812437733535, 0.003240318073102903349 ) ) ;
#926 = CARTESIAN_POINT ( 'NONE',  ( 7.859203847239057517, -3.929601923619530979, 0.09332246461005268279 ) ) ;
#927 = AXIS2_PLACEMENT_3D ( 'NONE', #841, #706, #552 ) ;
#928 = CARTESIAN_POINT ( 'NONE',  ( -5.495794770881969013E-16, -4.487656991965646824, 0.09876162142111127862 ) ) ;
#929 = CARTESIAN_POINT ( 'NONE',  ( -5.618894718815461815E-18, -0.04588175727669035336, 0.1009962064202499649 ) ) ;
#930 = CARTESIAN_POINT ( 'NONE',  ( -3.792060261272816209E-16, -3.096452188429346553, 0.009527768037958661215 ) ) ;
#931 = CARTESIAN_POINT ( 'NONE',  ( 9.421859500066039211E-16, 3.846766066193903821, 0.1113567085884653168 ) ) ;
#932 = DIRECTION ( 'NONE',  ( 1.000000000000000000, 0.000000000000000000, 0.000000000000000000 ) ) ;
#933 = CARTESIAN_POINT ( 'NONE',  ( 4.215627452372793904, 2.107813726186396064, 0.01226331898407368587 ) ) ;
#934 = CARTESIAN_POINT ( 'NONE',  ( 0.000000000000000000, 2.154674747399217605, 0.007097278362955606809 ) ) ;
#935 = CARTESIAN_POINT ( 'NONE',  ( 8.832024595563291669, 4.416012297781644058, 0.01097075726556787263 ) ) ;
#936 = CARTESIAN_POINT ( 'NONE',  ( -8.928466749836498906, 4.464233374918251229, 0.002602000496674225331 ) ) ;
#937 = AXIS2_PLACEMENT_3D ( 'NONE', #131, #579, #421 ) ;
#938 = CARTESIAN_POINT ( 'NONE',  ( 0.03058783717386804116, 0.01529391858693401191, 0.1010124088070176313 ) ) ;
#939 = CARTESIAN_POINT ( 'NONE',  ( 0.000000000000000000, 2.282897511442780303, 0.09777010318612233686 ) ) ;
#940 = CARTESIAN_POINT ( 'NONE',  ( 8.265897689309133461E-16, 3.374808840828299683, 0.07432622610155817378 ) ) ;
#941 = CARTESIAN_POINT ( 'NONE',  ( -8.118977886385078335, 4.059488943192540056, 0.07234561000987674295 ) ) ;
#942 = CARTESIAN_POINT ( 'NONE',  ( 0.000000000000000000, 3.215461155072323329, 0.09538496883141341087 ) ) ;
#943 = CARTESIAN_POINT ( 'NONE',  ( -4.422003557542236507, 2.211001778771118254, 0.1110916765039190179 ) ) ;
#944 = CARTESIAN_POINT ( 'NONE',  ( 7.805609596133392666E-16, 3.186881965301326947, 0.09866238057612856938 ) ) ;
#945 = CARTESIAN_POINT ( 'NONE',  ( 0.000000000000000000, 3.949914477418618119, 0.09007095879854878917 ) ) ;
#946 = EDGE_CURVE ( 'NONE', #414, #617, #470, .T. ) ;
#947 = CARTESIAN_POINT ( 'NONE',  ( 0.000000000000000000, 4.416012297781645835, 0.01097075726556787263 ) ) ;
#948 = CARTESIAN_POINT ( 'NONE',  ( -4.033175610330832939, 2.016587805165416469, 0.01958697261014466853 ) ) ;
#949 = CARTESIAN_POINT ( 'NONE',  ( -3.860502861126639306E-16, -3.152339812437734423, 0.003240318073102903349 ) ) ;
#950 = CARTESIAN_POINT ( 'NONE',  ( -8.856318485560763065, -4.428159242780381533, 0.008779540990224947786 ) ) ;
#951 = DIRECTION ( 'NONE',  ( -0.000000000000000000, -0.000000000000000000, 1.000000000000000000 ) ) ;
#952 = CARTESIAN_POINT ( 'NONE',  ( 0.03058783717386803422, -0.01529391858693402231, 0.1010124088070176313 ) ) ;
#953 = CARTESIAN_POINT ( 'NONE',  ( -4.309349494798434321, -2.154674747399217161, 0.007097278362955607676 ) ) ;
#954 = CARTESIAN_POINT ( 'NONE',  ( 9.222419781811397914E-16, 3.765338621810143227, 0.01788512916668621999 ) ) ;
#955 = CARTESIAN_POINT ( 'NONE',  ( -5.393190779326812567E-16, -4.403874474731622080, 0.01314375199011946944 ) ) ;
#956 = CARTESIAN_POINT ( 'NONE',  ( 9.999999999999998224, -5.000000000000000888, 0.000000000000000000 ) ) ;
#957 = ORIENTED_EDGE ( 'NONE', *, *, #135, .F. ) ;
#958 = CARTESIAN_POINT ( 'NONE',  ( 0.000000000000000000, 3.917451041995118732, 0.09522341848737927994 ) ) ;
#959 = CARTESIAN_POINT ( 'NONE',  ( 0.000000000000000000, 1.726854364116060081, 0.04155221673525875958 ) ) ;
#960 = ADVANCED_FACE ( 'NONE', ( #53 ), #296, .T. ) ;
#961 = CARTESIAN_POINT ( 'NONE',  ( -4.611209890905698957E-16, -3.765338621810143227, 0.01788512916668621999 ) ) ;
#962 = CARTESIAN_POINT ( 'NONE',  ( -7.530677243620285566, 3.765338621810143227, 0.01788512916668621999 ) ) ;
#963 = FACE_OUTER_BOUND ( 'NONE', #425, .T. ) ;
#964 = CARTESIAN_POINT ( 'NONE',  ( 0.000000000000000000, 1.726854364116060081, 0.04155221673525875958 ) ) ;
#965 = CARTESIAN_POINT ( 'NONE',  ( -0.09176351455338069285, -0.04588175727669034643, 0.1009962064202499649 ) ) ;
#966 = CARTESIAN_POINT ( 'NONE',  ( 6.117350150571979839, -3.058675075285991252, 0.01422707711612561203 ) ) ;
#967 = CARTESIAN_POINT ( 'NONE',  ( 0.000000000000000000, 3.244416227201258884, 0.09164201374723206228 ) ) ;
#968 = CARTESIAN_POINT ( 'NONE',  ( 8.905031634194271462, 4.452515817097133066, 0.004300079555907431253 ) ) ;
#969 = PRESENTATION_STYLE_ASSIGNMENT (( #43 ) ) ;
#970 = CARTESIAN_POINT ( 'NONE',  ( 7.491593281161555400E-16, 3.058675075285990363, 0.01422707711612561376 ) ) ;
#971 = CARTESIAN_POINT ( 'NONE',  ( -7.731980583718616629, -3.865990291859308314, 0.002794737540227753853 ) ) ;
#972 = CARTESIAN_POINT ( 'NONE',  ( 9.559163033494582962, -4.779581516747293257, 0.04416363219273503754 ) ) ;
#973 = CIRCLE ( 'NONE', #710, 5.000000000000000000 ) ;
#974 = VERTEX_POINT ( 'NONE', #653 ) ;
#975 = CYLINDRICAL_SURFACE ( 'NONE', #937, 5.000000000000000000 ) ;
#976 = CARTESIAN_POINT ( 'NONE',  ( 7.537831400462760796E-16, 3.077553220124730426, 0.01189745858105472481 ) ) ;
#977 = CARTESIAN_POINT ( 'NONE',  ( -4.132948844654566731E-16, -3.374808840828299683, 0.07432622610155817378 ) ) ;
#978 = CARTESIAN_POINT ( 'NONE',  ( -5.495794770881969013E-16, -4.487656991965646824, 0.09876162142111127862 ) ) ;
#979 = CARTESIAN_POINT ( 'NONE',  ( 0.000000000000000000, 5.000000000000000000, 0.000000000000000000 ) ) ;
#980 = CARTESIAN_POINT ( 'NONE',  ( 4.604137057586018322, 2.302068528793007829, 0.09577996546851663684 ) ) ;
#981 = CARTESIAN_POINT ( 'NONE',  ( -7.693532132387806755, -3.846766066193902489, 0.1113567085884653168 ) ) ;
#982 = CARTESIAN_POINT ( 'NONE',  ( -5.408055325473641175E-16, -4.416012297781645835, 0.01097075726556787263 ) ) ;
#983 = CARTESIAN_POINT ( 'NONE',  ( -0.3364654083770780568, 0.1682327041885390562, 0.1006466540957513395 ) ) ;
#984 = ORIENTED_EDGE ( 'NONE', *, *, #47, .F. ) ;
#985 = CARTESIAN_POINT ( 'NONE',  ( -9.038981459360725168, 4.519490729680363472, 0.09319909925789365834 ) ) ;
#986 = CARTESIAN_POINT ( 'NONE',  ( 7.721005722253278612E-16, 3.152339812437734423, 0.003240318073102903349 ) ) ;
#987 = CARTESIAN_POINT ( 'NONE',  ( -3.714958442961862684E-16, -3.033493775959208438, 0.01732325789474956773 ) ) ;
#988 = CARTESIAN_POINT ( 'NONE',  ( 9.021508592585664843, -4.510754296292835086, -0.01124719694625166654 ) ) ;
#989 =( LENGTH_UNIT ( ) NAMED_UNIT ( * ) SI_UNIT ( .MILLI., .METRE. ) );
#990 = CARTESIAN_POINT ( 'NONE',  ( -4.710929750033019605E-16, -3.846766066193903821, 0.1113567085884653168 ) ) ;
#991 = CARTESIAN_POINT ( 'NONE',  ( -9.957368349378251438, 4.978684174689127495, 0.004344479036137670162 ) ) ;
#992 = CARTESIAN_POINT ( 'NONE',  ( 4.564943064137304773, -2.282471532068653275, -0.02241194437868447575 ) ) ;
#993 = CARTESIAN_POINT ( 'NONE',  ( -5.298309855633172027, -2.649154927816586014, 0.06162188929228459844 ) ) ;
#994 = CARTESIAN_POINT ( 'NONE',  ( 7.834902083990236576, -3.917451041995119621, 0.09522341848737927994 ) ) ;
#995 = CARTESIAN_POINT ( 'NONE',  ( 0.000000000000000000, 5.000000000000000000, -0.7010154324123638592 ) ) ;
#996 = CARTESIAN_POINT ( 'NONE',  ( -5.534779855879192386E-16, -4.519490729680363472, 0.09319909925789365834 ) ) ;
#997 = CARTESIAN_POINT ( 'NONE',  ( -5.440850870410800983E-16, -4.442791892486007477, 0.1116112085468080745 ) ) ;
#998 = CARTESIAN_POINT ( 'NONE',  ( 2.751712306974399169, -1.375856153487200029, 0.06477845513881323736 ) ) ;
#999 = CARTESIAN_POINT ( 'NONE',  ( -5.663955238712762963, -2.831977619356381037, 0.04140395501828528224 ) ) ;
#1000 = CARTESIAN_POINT ( 'NONE',  ( 8.767276861803548371, 4.383638430901771521, 0.01676088843109635809 ) ) ;
#1001 = PRODUCT_CONTEXT ( 'NONE', #167, 'mechanical' ) ;
#1002 = CARTESIAN_POINT ( 'NONE',  ( -4.493241497093658089E-16, -3.669010118037320911, 0.03250306562591821075 ) ) ;
#1003 = CARTESIAN_POINT ( 'NONE',  ( -5.524080810695190649E-16, -4.510754296292833310, -0.01124719694625166654 ) ) ;
#1004 = CARTESIAN_POINT ( 'NONE',  ( 1.048842223972504301E-16, 0.4282223350858178623, 0.09827991482845394033 ) ) ;
#1005 = CARTESIAN_POINT ( 'NONE',  ( 0.000000000000000000, 3.186881965301326947, 0.09866238057612856938 ) ) ;
ENDSEC;
END-ISO-10303-21;
