ISO-10303-21;
HEADER;
FILE_DESCRIPTION (( 'STEP AP214' ),
    '1' );
FILE_NAME ('mycpc01.STP',
    '2026-04-28T12:23:31',
    ( '' ),
    ( '' ),
    'SwSTEP 2.0',
    'SolidWorks 2025',
    '' );
FILE_SCHEMA (( 'AUTOMOTIVE_DESIGN' ));
ENDSEC;

DATA;
#1 = CARTESIAN_POINT ( 'NONE',  ( -489.4861654804639670, 488.5920609844209253, -978.9723309609279340 ) ) ;
#2 = CARTESIAN_POINT ( 'NONE',  ( 571.8278001368753394, 970.3806960306256997, 1.400574170202193661E-13 ) ) ;
#3 = CARTESIAN_POINT ( 'NONE',  ( 301.4545952903223451, 2.525080347833104977, 7.383508104211080849E-14 ) ) ;
#4 = CARTESIAN_POINT ( 'NONE',  ( -596.1264399723651195, 1328.416246407402014, -1192.252879944730239 ) ) ;
#5 = CARTESIAN_POINT ( 'NONE',  ( 313.1569476320462400, 23.24295863856337974, -626.3138952640923662 ) ) ;
#6 = CARTESIAN_POINT ( 'NONE',  ( 587.3563386269926241, 1153.525682644557719, 1174.712677253985930 ) ) ;
#7 = CARTESIAN_POINT ( 'NONE',  ( -301.4545952903223451, 2.525080347833104977, -3.691754052105540424E-14 ) ) ;
#8 = CARTESIAN_POINT ( 'NONE',  ( 577.5788115433178973, 1029.127954779181664, -1155.157623086635567 ) ) ;
#9 = CARTESIAN_POINT ( 'NONE',  ( 593.1861398781805974, 1256.606134746690032, 1186.372279756361877 ) ) ;
#10 = CARTESIAN_POINT ( 'NONE',  ( -330.1614528118299745, 54.91489053981106849, 660.3229056236597216 ) ) ;
#11 = CARTESIAN_POINT ( 'NONE',  ( 568.5456365959804543, 939.9659286515961867, 0.000000000000000000 ) ) ;
#12 = CARTESIAN_POINT ( 'NONE',  ( -587.3563386269929651, 1153.525682644557719, -7.193040600584557802E-14 ) ) ;
#13 = CARTESIAN_POINT ( 'NONE',  ( -300.0000000000001137, -1.469576158976824050E-13, -5.510910596163088609E-14 ) ) ;
#14 = CARTESIAN_POINT ( 'NONE',  ( 599.9999999999996589, 1558.845726811990062, 0.000000000000000000 ) ) ;
#15 = CARTESIAN_POINT ( 'NONE',  ( 591.4048264916228845, 1221.236475941779190, 0.000000000000000000 ) ) ;
#16 = CARTESIAN_POINT ( 'NONE',  ( -330.1614528118298608, 54.91489053981106849, -660.3229056236597216 ) ) ;
#17 = CARTESIAN_POINT ( 'NONE',  ( 597.2212293546015189, 1362.648515594186847, 1.462770133823920162E-13 ) ) ;
#18 = CARTESIAN_POINT ( 'NONE',  ( 320.9502774678028914, 37.51176432242110792, 7.861014599727994877E-14 ) ) ;
#19 = CARTESIAN_POINT ( 'NONE',  ( 589.4581727385059366, 1186.890155784974468, 0.000000000000000000 ) ) ;
#20 = CARTESIAN_POINT ( 'NONE',  ( -599.7069013257057577, 1492.647691183510233, 1199.413802651411061 ) ) ;
#21 = CARTESIAN_POINT ( 'NONE',  ( 444.0604751847842522, 330.3020676584939679, 888.1209503695688454 ) ) ;
#22 = CARTESIAN_POINT ( 'NONE',  ( 599.9977290748232690, 1551.324959609682310, 0.000000000000000000 ) ) ;
#23 = UNCERTAINTY_MEASURE_WITH_UNIT (LENGTH_MEASURE( 1.000000000000000082E-05 ), #149, 'distance_accuracy_value', 'NONE');
#24 = CARTESIAN_POINT ( 'NONE',  ( -382.6824547517463202, 166.1392381420714912, -4.686508433015779731E-14 ) ) ;
#25 = CARTESIAN_POINT ( 'NONE',  ( 436.9325979622396403, 308.7902510376683836, 873.8651959244796217 ) ) ;
#26 = CARTESIAN_POINT ( 'NONE',  ( -599.9388346308753626, 1528.965494107641689, -7.347131735148946974E-14 ) ) ;
#27 = CARTESIAN_POINT ( 'NONE',  ( -444.0604751847843659, 330.3020676584939679, -888.1209503695687317 ) ) ;
#28 = CARTESIAN_POINT ( 'NONE',  ( 599.9388346308753626, 1528.965494107641689, 1.469426347029789395E-13 ) ) ;
#29 = CARTESIAN_POINT ( 'NONE',  ( -390.8827925813181992, 185.6363163778054854, -4.786933607764900681E-14 ) ) ;
#30 = CARTESIAN_POINT ( 'NONE',  ( 599.7069013257056440, 1492.647691183510233, 0.000000000000000000 ) ) ;
#31 = CARTESIAN_POINT ( 'NONE',  ( 451.1604958090748596, 352.5076564050648358, -902.3209916181496055 ) ) ;
#32 = CARTESIAN_POINT ( 'NONE',  ( -599.9855021328402245, 1543.831340260898969, 1199.971004265679994 ) ) ;
#33 = CARTESIAN_POINT ( 'NONE',  ( 356.8051078314693996, 108.6066326053554434, 8.739204664504704806E-14 ) ) ;
#34 = CARTESIAN_POINT ( 'NONE',  ( -599.9999999999996589, 1558.845726811990062, -7.347880794884115200E-14 ) ) ;
#35 = CARTESIAN_POINT ( 'NONE',  ( -356.8051078314692859, 108.6066326053554292, -713.6102156629386855 ) ) ;
#36 = ORIENTED_EDGE ( 'NONE', *, *, #707, .F. ) ;
#37 = CARTESIAN_POINT ( 'NONE',  ( -464.5376808783925640, 396.6876406873780638, -5.688945839710580893E-14 ) ) ;
#38 = APPLICATION_CONTEXT ( 'automotive_design' ) ;
#39 = CARTESIAN_POINT ( 'NONE',  ( -599.9999999999995453, 1558.845726811989834, -1199.999999999999091 ) ) ;
#40 = CARTESIAN_POINT ( 'NONE',  ( 398.8408835632807268, 205.1859094259448000, 0.000000000000000000 ) ) ;
#41 = CARTESIAN_POINT ( 'NONE',  ( -536.8549585477534265, 714.4405508338938944, 1073.709917095506398 ) ) ;
#42 = CARTESIAN_POINT ( 'NONE',  ( 568.5456365959804543, 939.9659286515961867, 0.000000000000000000 ) ) ;
#43 = CARTESIAN_POINT ( 'NONE',  ( 522.0150086967655625, 634.0192586529893788, -1044.030017393530670 ) ) ;
#44 = CARTESIAN_POINT ( 'NONE',  ( 506.3249859602209995, 559.5095271258539924, 1.240138546769026545E-13 ) ) ;
#45 = CARTESIAN_POINT ( 'NONE',  ( 593.1861398781809385, 1256.606134746689804, 0.000000000000000000 ) ) ;
#46 = CARTESIAN_POINT ( 'NONE',  ( -429.7804852401628750, 287.9407266304999666, -5.263292955853617234E-14 ) ) ;
#47 = CARTESIAN_POINT ( 'NONE',  ( -549.5526435855182399, 793.6793343684049660, -1099.105287171036480 ) ) ;
#48 = CARTESIAN_POINT ( 'NONE',  ( -477.0946355222256443, 441.2289959287483612, 954.1892710444508339 ) ) ;
#49 = CARTESIAN_POINT ( 'NONE',  ( 553.5542152222286632, 821.2316593963181504, 0.000000000000000000 ) ) ;
#50 = CARTESIAN_POINT ( 'NONE',  ( 516.8475155870182789, 608.4360902288420903, -1033.695031174036330 ) ) ;
#51 = CARTESIAN_POINT ( 'NONE',  ( 541.2938998682146803, 740.8921638197317634, 1082.587799736430043 ) ) ;
#52 = CARTESIAN_POINT ( 'NONE',  ( 516.8475155870182789, 608.4360902288422039, 0.000000000000000000 ) ) ;
#53 = CARTESIAN_POINT ( 'NONE',  ( -483.3133833636756549, 464.5417465877323480, -5.918881879214029111E-14 ) ) ;
#54 = CARTESIAN_POINT ( 'NONE',  ( -541.2938998682150213, 740.8921638197317634, -6.628938418715973433E-14 ) ) ;
#55 = OPEN_SHELL ( 'NONE', ( #806, #145 ) ) ;
#56 = CARTESIAN_POINT ( 'NONE',  ( -300.2424176958850808, 0.4201739479408722056, -3.676909157995282630E-14 ) ) ;
#57 = CARTESIAN_POINT ( 'NONE',  ( -495.3712211616432342, 512.4550959246710136, -6.066547803853219669E-14 ) ) ;
#58 = CARTESIAN_POINT ( 'NONE',  ( 374.2315402863981149, 146.7052958872110082, 0.000000000000000000 ) ) ;
#59 = CARTESIAN_POINT ( 'NONE',  ( 553.5542152222286632, 821.2316593963181504, -1107.108430444457326 ) ) ;
#60 = CARTESIAN_POINT ( 'NONE',  ( -301.4545952903223451, 2.525080347833104977, -3.691754052105540424E-14 ) ) ;
#61 = CARTESIAN_POINT ( 'NONE',  ( -582.7245998843268353, 1089.586779427181909, -7.136318160327629062E-14 ) ) ;
#62 = CARTESIAN_POINT ( 'NONE',  ( -599.9999999999996589, 1558.845726811990062, -7.347880794684087842E-14 ) ) ;
#63 = CARTESIAN_POINT ( 'NONE',  ( -557.4617848664938720, 849.6003339485760080, -6.826937904837221903E-14 ) ) ;
#64 = CARTESIAN_POINT ( 'NONE',  ( 596.1264399723648921, 1328.416246407402014, 1192.252879944730466 ) ) ;
#65 = CARTESIAN_POINT ( 'NONE',  ( -339.1287351495265625, 72.40902382308013330, -4.153129199997581832E-14 ) ) ;
#66 = CARTESIAN_POINT ( 'NONE',  ( -307.0520332822405862, 12.34052947881763806, 614.1040665644810588 ) ) ;
#67 = CARTESIAN_POINT ( 'NONE',  ( 593.1861398781809385, 1256.606134746689804, 0.000000000000000000 ) ) ;
#68 = CARTESIAN_POINT ( 'NONE',  ( -564.9655323546784302, 908.9293106827929023, 1129.931064709356633 ) ) ;
#69 = CARTESIAN_POINT ( 'NONE',  ( -348.0849266399611679, 90.46044489684999235, -4.262810912410697093E-14 ) ) ;
#70 = CARTESIAN_POINT ( 'NONE',  ( 574.8324656277555960, 1000.120177319625100, 0.000000000000000000 ) ) ;
#71 = CARTESIAN_POINT ( 'NONE',  ( 320.9502774678028914, 37.51176432242110792, -641.9005549356056690 ) ) ;
#72 = CARTESIAN_POINT ( 'NONE',  ( 585.1088413878015899, 1121.103684535429466, 1.433103339516775366E-13 ) ) ;
#73 = CARTESIAN_POINT ( 'NONE',  ( -599.9660792938466329, 1536.378287930155466, -7.347465386041962961E-14 ) ) ;
#74 = CARTESIAN_POINT ( 'NONE',  ( -593.1861398781808248, 1256.606134746690032, -1186.372279756361650 ) ) ;
#75 = CARTESIAN_POINT ( 'NONE',  ( 594.7912618128112854, 1293.042883294399189, 1189.582523625623253 ) ) ;
#76 = CARTESIAN_POINT ( 'NONE',  ( -320.9502774678028914, 37.51176432242110792, -3.930507299863997439E-14 ) ) ;
#77 = CARTESIAN_POINT ( 'NONE',  ( -591.4048264916227708, 1221.236475941779190, -1182.809652983245542 ) ) ;
#78 = PRODUCT_DEFINITION_CONTEXT ( 'detailed design', #311, 'design' ) ;
#79 = CARTESIAN_POINT ( 'NONE',  ( 348.0849266399611679, 90.46044489684999235, -696.1698532799222221 ) ) ;
#80 = CARTESIAN_POINT ( 'NONE',  ( 599.9855021328397697, 1543.831340260898969, 1199.971004265680222 ) ) ;
#81 = EDGE_CURVE ( 'NONE', #213, #114, #717, .T. ) ;
#82 = CARTESIAN_POINT ( 'NONE',  ( -470.8346332563319834, 418.6212158933658998, 941.6692665126633983 ) ) ;
#83 = CARTESIAN_POINT ( 'NONE',  ( 303.8841204968791772, 6.765962662568933084, 0.000000000000000000 ) ) ;
#84 = CARTESIAN_POINT ( 'NONE',  ( -365.5211716822064432, 127.3451314695436025, -4.476343329212042846E-14 ) ) ;
#85 = CARTESIAN_POINT ( 'NONE',  ( -599.7069013257056440, 1492.647691183510233, -7.344291371351031251E-14 ) ) ;
#86 = CARTESIAN_POINT ( 'NONE',  ( 422.3779882767470895, 267.0772831707110981, 1.034527702746833206E-13 ) ) ;
#87 = CARTESIAN_POINT ( 'NONE',  ( 313.1569476320462400, 23.24295863856337974, 0.000000000000000000 ) ) ;
#88 = CARTESIAN_POINT ( 'NONE',  ( -464.5376808783925640, 396.6876406873780638, -5.688945839710580893E-14 ) ) ;
#89 = CARTESIAN_POINT ( 'NONE',  ( -597.2212293546015189, 1362.648515594186847, -7.313850669119600810E-14 ) ) ;
#90 = CARTESIAN_POINT ( 'NONE',  ( -470.8346332563318697, 418.6212158933658998, -5.766061265450847172E-14 ) ) ;
#91 = CARTESIAN_POINT ( 'NONE',  ( -599.3956634885868198, 1464.310007509959632, -7.340479807141019053E-14 ) ) ;
#92 = CARTESIAN_POINT ( 'NONE',  ( 382.6824547517463770, 166.1392381420714912, -765.3649095034924130 ) ) ;
#93 = CARTESIAN_POINT ( 'NONE',  ( 599.9977290748230416, 1551.324959609682310, 1199.995458149646765 ) ) ;
#94 = CARTESIAN_POINT ( 'NONE',  ( 382.6824547517463202, 166.1392381420714912, 9.373016866031559462E-14 ) ) ;
#95 = CARTESIAN_POINT ( 'NONE',  ( -599.3956634885867061, 1464.310007509959632, -1198.791326977173412 ) ) ;
#96 = CARTESIAN_POINT ( 'NONE',  ( 398.8408835632807268, 205.1859094259448284, -797.6817671265613399 ) ) ;
#97 = CARTESIAN_POINT ( 'NONE',  ( -436.9325979622399814, 308.7902510376683836, 873.8651959244795080 ) ) ;
#98 = CARTESIAN_POINT ( 'NONE',  ( -599.9388346308752489, 1528.965494107641462, -1199.877669261750498 ) ) ;
#99 = CARTESIAN_POINT ( 'NONE',  ( -422.3779882767469758, 267.0772831707110981, -844.7559765534939515 ) ) ;
#100 = CARTESIAN_POINT ( 'NONE',  ( 527.1122417149807688, 660.3936236890350528, 1.291052639215274105E-13 ) ) ;
#101 = CARTESIAN_POINT ( 'NONE',  ( 422.3779882767470895, 267.0772831707110981, 0.000000000000000000 ) ) ;
#102 = CARTESIAN_POINT ( 'NONE',  ( -506.3249859602209995, 559.5095271258539924, -6.200692733845132727E-14 ) ) ;
#103 = CARTESIAN_POINT ( 'NONE',  ( -483.3133833636755412, 464.5417465877324048, -966.6267667273510824 ) ) ;
#104 = PRODUCT_CONTEXT ( 'NONE', #38, 'mechanical' ) ;
#105 = CARTESIAN_POINT ( 'NONE',  ( -495.3712211616433478, 512.4550959246708999, 990.7424423232860136 ) ) ;
#106 = CARTESIAN_POINT ( 'NONE',  ( 457.9828118401916868, 374.6428644343480414, 0.000000000000000000 ) ) ;
#107 = CARTESIAN_POINT ( 'NONE',  ( -574.8324656277555960, 1000.120177319625100, -7.039667390770117984E-14 ) ) ;
#108 = CARTESIAN_POINT ( 'NONE',  ( -545.4637861300294617, 766.9100371097231346, -6.680004797349370010E-14 ) ) ;
#109 = CARTESIAN_POINT ( 'NONE',  ( 0.000000000000000000, -1.469576158976824050E-13, 0.000000000000000000 ) ) ;
#110 = CARTESIAN_POINT ( 'NONE',  ( 553.5542152222285495, 821.2316593963181504, 1107.108430444457326 ) ) ;
#111 = CARTESIAN_POINT ( 'NONE',  ( 577.5788115433178973, 1029.127954779181891, 0.000000000000000000 ) ) ;
#112 = CARTESIAN_POINT ( 'NONE',  ( -593.1861398781809385, 1256.606134746689804, -7.264435075003884454E-14 ) ) ;
#113 = CARTESIAN_POINT ( 'NONE',  ( 532.1328012141530053, 687.5950690904639941, 0.000000000000000000 ) ) ;
#114 = VERTEX_POINT ( 'NONE', #798 ) ;
#115 = CARTESIAN_POINT ( 'NONE',  ( -527.1122417149807688, 660.3936236890351665, 1054.224483429961310 ) ) ;
#116 = CARTESIAN_POINT ( 'NONE',  ( 598.1035508342035882, 1395.657474263218319, 0.000000000000000000 ) ) ;
#117 = CARTESIAN_POINT ( 'NONE',  ( -571.8278001368753394, 970.3806960306256997, -7.002870851010968304E-14 ) ) ;
#118 = CARTESIAN_POINT ( 'NONE',  ( 511.6156848968820441, 583.6102042439240449, -1023.231369793763974 ) ) ;
#119 = ORIENTED_EDGE ( 'NONE', *, *, #707, .T. ) ;
#120 = CARTESIAN_POINT ( 'NONE',  ( -500.9804709845890898, 536.1037048623677492, -6.135241302266104516E-14 ) ) ;
#121 = CARTESIAN_POINT ( 'NONE',  ( 557.4617848664938720, 849.6003339485760080, 0.000000000000000000 ) ) ;
#122 = CARTESIAN_POINT ( 'NONE',  ( -500.9804709845890898, 536.1037048623677492, -6.135241302266104516E-14 ) ) ;
#123 = CARTESIAN_POINT ( 'NONE',  ( -506.3249859602209995, 559.5095271258539924, -6.200692733845132727E-14 ) ) ;
#124 = CARTESIAN_POINT ( 'NONE',  ( -596.1264399723653469, 1328.416246407402014, 1192.252879944730239 ) ) ;
#125 = FACE_OUTER_BOUND ( 'NONE', #222, .T. ) ;
#126 = CARTESIAN_POINT ( 'NONE',  ( -568.5456365959803406, 939.9659286515961867, -1137.091273191960681 ) ) ;
#127 = CARTESIAN_POINT ( 'NONE',  ( 574.8324656277552549, 1000.120177319625213, 1149.664931255510965 ) ) ;
#128 = CARTESIAN_POINT ( 'NONE',  ( -303.8841204968791772, 6.765962662568933084, -3.721507154782116972E-14 ) ) ;
#129 = CARTESIAN_POINT ( 'NONE',  ( -598.8312086249135291, 1429.533797435798533, -7.333567228720412660E-14 ) ) ;
#130 = CARTESIAN_POINT ( 'NONE',  ( 577.5788115433178973, 1029.127954779181891, 0.000000000000000000 ) ) ;
#131 = CARTESIAN_POINT ( 'NONE',  ( -303.8841204968791772, 6.765962662568933084, -3.721507154782116972E-14 ) ) ;
#132 = CARTESIAN_POINT ( 'NONE',  ( -591.4048264916229982, 1221.236475941779190, 1182.809652983245542 ) ) ;
#133 = CARTESIAN_POINT ( 'NONE',  ( 301.4545952903222314, 2.525080347833104977, 602.9091905806448040 ) ) ;
#134 = CARTESIAN_POINT ( 'NONE',  ( -589.4581727385059366, 1186.890155784974695, -1178.916345477011873 ) ) ;
#135 = B_SPLINE_CURVE_WITH_KNOTS ( 'NONE', 3,
 ( #462, #709, #716, #640, #761, #83, #154, #87, #331, #768, #582, #402, #788, #294, #58, #242, #361, #232, #665, #597, #101, #794, #299, #356, #236, #106, #173, #552, #536, #779, #224, #366, #477, #348, #493, #52, #488, #721, #733, #424, #484, #165, #480, #49, #121, #428, #729, #42, #615, #416, #111, #289, #352, #610, #178, #738, #602, #45, #783, #606, #669, #116, #658, #800, #544, #549, #227, #285, #182, #433, #539, #673, #724 ),
 .UNSPECIFIED., .F., .F.,
 ( 4, 1, 1, 1, 1, 1, 1, 1, 1, 1, 1, 1, 1, 1, 1, 1, 1, 1, 1, 1, 1, 1, 1, 1, 1, 1, 1, 1, 1, 1, 1, 1, 1, 1, 1, 1, 1, 1, 1, 1, 1, 1, 1, 1, 1, 1, 1, 1, 1, 1, 1, 1, 1, 1, 1, 1, 1, 1, 1, 1, 1, 1, 1, 1, 1, 1, 1, 1, 1, 1, 4 ),
 ( 0.000000000000000000, 0.0009071124147667700404, 0.001815878951445021880, 0.002726306643239345424, 0.003638402555782880004, 0.008224155022121556677, 0.01471629175851154638, 0.02700432726839401693, 0.03862640181857510124, 0.05153648960649678812, 0.06376462490235042246, 0.07630797306016640080, 0.08918363824020975050, 0.1024098099855181576, 0.1160058519858473136, 0.1288114109647634509, 0.1419619955063133598, 0.1554755619815370304, 0.1693711975640669609, 0.1836692102833409057, 0.1970347459407678914, 0.2107679502562491702, 0.2248871396878136530, 0.2394117579817027219, 0.2543624628817961475, 0.2682005278358817746, 0.2824184849909650574, 0.2970343142717897789, 0.3120670601003983080, 0.3275369095586110335, 0.3434652773378983337, 0.3580271031172593266, 0.3729860643090328609, 0.3883600139394324802, 0.4041678178253005904, 0.4204294254041371914, 0.4371659464240926773, 0.4543997340560138043, 0.4721544750511463828, 0.4881369270805466787, 0.5045552308465633962, 0.5214281353110545858, 0.5387754133563901204, 0.5566179303845246729, 0.5749777183519311219, 0.5938780557392421278, 0.6133435540066008995, 0.6334002511440433025, 0.6510831036417287221, 0.6692388442038906815, 0.6878867233916912127, 0.7070469891331006007, 0.7267409498889144670, 0.7469910425468757609, 0.7678209054533868816, 0.7892554570325827079, 0.8113209804874140785, 0.8340452151271914305, 0.8574574549216010810, 0.8775154942552635395, 0.8980916307627735407, 0.9192056210783675629, 0.9408781809228414783, 0.9631310418545688812, 0.9721997419188020961, 0.9767707444099633651, 0.9813664366248996407, 0.9859870119853061388, 0.9906326658266185747, 0.9953035954208894198, 1.000000000000000000 ),
 .UNSPECIFIED. ) ;
#136 =( BOUNDED_SURFACE ( )  B_SPLINE_SURFACE ( 3, 3, ( 
 ( #757, #559, #570, #625 ),
 ( #682, #372, #450, #390 ),
 ( #503, #307, #678, #322 ),
 ( #7, #264, #133, #3 ),
 ( #754, #516, #562, #250 ),
 ( #695, #573, #691, #447 ),
 ( #745, #66, #198, #636 ),
 ( #204, #385, #143, #262 ),
 ( #76, #201, #500, #18 ),
 ( #190, #10, #443, #312 ),
 ( #254, #686, #380, #629 ),
 ( #69, #315, #567, #523 ),
 ( #344, #593, #267, #33 ),
 ( #271, #401, #651, #775 ),
 ( #767, #585, #703, #210 ),
 ( #278, #405, #393, #94 ),
 ( #29, #150, #639, #340 ),
 ( #397, #335, #590, #326 ),
 ( #531, #654, #771, #465 ),
 ( #147, #577, #535, #330 ),
 ( #708, #219, #778, #86 ),
 ( #647, #712, #157, #275 ),
 ( #581, #97, #25, #473 ),
 ( #153, #527, #21, #207 ),
 ( #715, #215, #643, #161 ),
 ( #763, #411, #458, #461 ),
 ( #37, #281, #469, #699 ),
 ( #90, #82, #519, #241 ),
 ( #284, #48, #476, #728 ),
 ( #360, #538, #732, #543 ),
 ( #483, #799, #415, #737 ),
 ( #57, #105, #223, #672 ),
 ( #120, #793, #288, #720 ),
 ( #168, #605, #181, #44 ),
 ( #487, #492, #293, #177 ),
 ( #548, #614, #427, #419 ),
 ( #355, #164, #235, #657 ),
 ( #668, #115, #723, #100 ),
 ( #347, #660, #609, #303 ),
 ( #423, #41, #554, #596 ),
 ( #787, #231, #51, #298 ),
 ( #551, #479, #172, #782 ),
 ( #226, #351, #601, #432 ),
 ( #365, #664, #110, #378 ),
 ( #192, #257, #506, #685 ),
 ( #441, #200, #681, #138 ),
 ( #310, #68, #371, #558 ),
 ( #689, #314, #744, #449 ),
 ( #306, #752, #321, #2 ),
 ( #388, #383, #127, #741 ),
 ( #677, #197, #499, #756 ),
 ( #628, #246, #502, #318 ),
 ( #61, #631, #561, #620 ),
 ( #569, #186, #511, #72 ),
 ( #12, #436, #6, #453 ),
 ( #253, #565, #804, #693 ),
 ( #747, #132, #249, #189 ),
 ( #446, #374, #9, #260 ),
 ( #142, #634, #75, #623 ),
 ( #496, #124, #64, #759 ),
 ( #89, #468, #266, #17 ),
 ( #203, #334, #642, #472 ),
 ( #392, #160, #572, #270 ),
 ( #396, #404, #214, #530 ),
 ( #85, #20, #522, #770 ),
 ( #518, #464, #711, #457 ),
 ( #650, #774, #584, #580 ),
 ( #706, #702, #762, #28 ),
 ( #206, #329, #274, #218 ),
 ( #526, #32, #80, #410 ),
 ( #460, #515, #93, #698 ),
 ( #589, #325, #638, #400 ),
 ( #766, #339, #156, #576 ) ),
 .UNSPECIFIED., .F., .F., .F. ) 
 B_SPLINE_SURFACE_WITH_KNOTS ( ( 4, 1, 1, 1, 1, 1, 1, 1, 1, 1, 1, 1, 1, 1, 1, 1, 1, 1, 1, 1, 1, 1, 1, 1, 1, 1, 1, 1, 1, 1, 1, 1, 1, 1, 1, 1, 1, 1, 1, 1, 1, 1, 1, 1, 1, 1, 1, 1, 1, 1, 1, 1, 1, 1, 1, 1, 1, 1, 1, 1, 1, 1, 1, 1, 1, 1, 1, 1, 1, 1, 4 ),
 ( 4, 4 ),
 ( 0.000000000000000000, 0.0009071124147667700404, 0.001815878951445021880, 0.002726306643239345424, 0.003638402555782880004, 0.008224155022121556677, 0.01471629175851154638, 0.02700432726839401693, 0.03862640181857510124, 0.05153648960649678812, 0.06376462490235042246, 0.07630797306016640080, 0.08918363824020975050, 0.1024098099855181576, 0.1160058519858473136, 0.1288114109647634509, 0.1419619955063133598, 0.1554755619815370304, 0.1693711975640669609, 0.1836692102833409057, 0.1970347459407678914, 0.2107679502562491702, 0.2248871396878136530, 0.2394117579817027219, 0.2543624628817961475, 0.2682005278358817746, 0.2824184849909650574, 0.2970343142717897789, 0.3120670601003983080, 0.3275369095586110335, 0.3434652773378983337, 0.3580271031172593266, 0.3729860643090328609, 0.3883600139394324802, 0.4041678178253005904, 0.4204294254041371914, 0.4371659464240926773, 0.4543997340560138043, 0.4721544750511463828, 0.4881369270805466787, 0.5045552308465633962, 0.5214281353110545858, 0.5387754133563901204, 0.5566179303845246729, 0.5749777183519311219, 0.5938780557392421278, 0.6133435540066008995, 0.6334002511440433025, 0.6510831036417287221, 0.6692388442038906815, 0.6878867233916912127, 0.7070469891331006007, 0.7267409498889144670, 0.7469910425468757609, 0.7678209054533868816, 0.7892554570325827079, 0.8113209804874140785, 0.8340452151271914305, 0.8574574549216010810, 0.8775154942552635395, 0.8980916307627735407, 0.9192056210783675629, 0.9408781809228414783, 0.9631310418545688812, 0.9721997419188020961, 0.9767707444099633651, 0.9813664366248996407, 0.9859870119853061388, 0.9906326658266185747, 0.9953035954208894198, 1.000000000000000000 ),
 ( 0.000000000000000000, 1.000000000000000000 ),
 .UNSPECIFIED. ) 
 GEOMETRIC_REPRESENTATION_ITEM ( )  RATIONAL_B_SPLINE_SURFACE ( (
 ( 1.000000000000000000, 0.3333333333333334259, 0.3333333333333334259, 1.000000000000000000),
 ( 1.000000000000000000, 0.3333333333333334259, 0.3333333333333334259, 1.000000000000000000),
 ( 1.000000000000000000, 0.3333333333333334259, 0.3333333333333334259, 1.000000000000000000),
 ( 1.000000000000000000, 0.3333333333333334259, 0.3333333333333334259, 1.000000000000000000),
 ( 1.000000000000000000, 0.3333333333333334259, 0.3333333333333334259, 1.000000000000000000),
 ( 1.000000000000000000, 0.3333333333333334259, 0.3333333333333334259, 1.000000000000000000),
 ( 1.000000000000000000, 0.3333333333333334259, 0.3333333333333334259, 1.000000000000000000),
 ( 1.000000000000000000, 0.3333333333333334259, 0.3333333333333334259, 1.000000000000000000),
 ( 1.000000000000000000, 0.3333333333333334259, 0.3333333333333334259, 1.000000000000000000),
 ( 1.000000000000000000, 0.3333333333333334259, 0.3333333333333334259, 1.000000000000000000),
 ( 1.000000000000000000, 0.3333333333333334259, 0.3333333333333334259, 1.000000000000000000),
 ( 1.000000000000000000, 0.3333333333333334259, 0.3333333333333334259, 1.000000000000000000),
 ( 1.000000000000000000, 0.3333333333333334259, 0.3333333333333334259, 1.000000000000000000),
 ( 1.000000000000000000, 0.3333333333333334259, 0.3333333333333334259, 1.000000000000000000),
 ( 1.000000000000000000, 0.3333333333333334259, 0.3333333333333334259, 1.000000000000000000),
 ( 1.000000000000000000, 0.3333333333333334259, 0.3333333333333334259, 1.000000000000000000),
 ( 1.000000000000000000, 0.3333333333333334259, 0.3333333333333334259, 1.000000000000000000),
 ( 1.000000000000000000, 0.3333333333333334259, 0.3333333333333334259, 1.000000000000000000),
 ( 1.000000000000000000, 0.3333333333333334259, 0.3333333333333334259, 1.000000000000000000),
 ( 1.000000000000000000, 0.3333333333333334259, 0.3333333333333334259, 1.000000000000000000),
 ( 1.000000000000000000, 0.3333333333333334259, 0.3333333333333334259, 1.000000000000000000),
 ( 1.000000000000000000, 0.3333333333333334259, 0.3333333333333334259, 1.000000000000000000),
 ( 1.000000000000000000, 0.3333333333333334259, 0.3333333333333334259, 1.000000000000000000),
 ( 1.000000000000000000, 0.3333333333333334259, 0.3333333333333334259, 1.000000000000000000),
 ( 1.000000000000000000, 0.3333333333333334259, 0.3333333333333334259, 1.000000000000000000),
 ( 1.000000000000000000, 0.3333333333333334259, 0.3333333333333334259, 1.000000000000000000),
 ( 1.000000000000000000, 0.3333333333333334259, 0.3333333333333334259, 1.000000000000000000),
 ( 1.000000000000000000, 0.3333333333333334259, 0.3333333333333334259, 1.000000000000000000),
 ( 1.000000000000000000, 0.3333333333333334259, 0.3333333333333334259, 1.000000000000000000),
 ( 1.000000000000000000, 0.3333333333333334259, 0.3333333333333334259, 1.000000000000000000),
 ( 1.000000000000000000, 0.3333333333333334259, 0.3333333333333334259, 1.000000000000000000),
 ( 1.000000000000000000, 0.3333333333333334259, 0.3333333333333334259, 1.000000000000000000),
 ( 1.000000000000000000, 0.3333333333333334259, 0.3333333333333334259, 1.000000000000000000),
 ( 1.000000000000000000, 0.3333333333333334259, 0.3333333333333334259, 1.000000000000000000),
 ( 1.000000000000000000, 0.3333333333333334259, 0.3333333333333334259, 1.000000000000000000),
 ( 1.000000000000000000, 0.3333333333333334259, 0.3333333333333334259, 1.000000000000000000),
 ( 1.000000000000000000, 0.3333333333333334259, 0.3333333333333334259, 1.000000000000000000),
 ( 1.000000000000000000, 0.3333333333333334259, 0.3333333333333334259, 1.000000000000000000),
 ( 1.000000000000000000, 0.3333333333333334259, 0.3333333333333334259, 1.000000000000000000),
 ( 1.000000000000000000, 0.3333333333333334259, 0.3333333333333334259, 1.000000000000000000),
 ( 1.000000000000000000, 0.3333333333333334259, 0.3333333333333334259, 1.000000000000000000),
 ( 1.000000000000000000, 0.3333333333333334259, 0.3333333333333334259, 1.000000000000000000),
 ( 1.000000000000000000, 0.3333333333333334259, 0.3333333333333334259, 1.000000000000000000),
 ( 1.000000000000000000, 0.3333333333333334259, 0.3333333333333334259, 1.000000000000000000),
 ( 1.000000000000000000, 0.3333333333333334259, 0.3333333333333334259, 1.000000000000000000),
 ( 1.000000000000000000, 0.3333333333333334259, 0.3333333333333334259, 1.000000000000000000),
 ( 1.000000000000000000, 0.3333333333333334259, 0.3333333333333334259, 1.000000000000000000),
 ( 1.000000000000000000, 0.3333333333333334259, 0.3333333333333334259, 1.000000000000000000),
 ( 1.000000000000000000, 0.3333333333333334259, 0.3333333333333334259, 1.000000000000000000),
 ( 1.000000000000000000, 0.3333333333333334259, 0.3333333333333334259, 1.000000000000000000),
 ( 1.000000000000000000, 0.3333333333333334259, 0.3333333333333334259, 1.000000000000000000),
 ( 1.000000000000000000, 0.3333333333333334259, 0.3333333333333334259, 1.000000000000000000),
 ( 1.000000000000000000, 0.3333333333333334259, 0.3333333333333334259, 1.000000000000000000),
 ( 1.000000000000000000, 0.3333333333333334259, 0.3333333333333334259, 1.000000000000000000),
 ( 1.000000000000000000, 0.3333333333333334259, 0.3333333333333334259, 1.000000000000000000),
 ( 1.000000000000000000, 0.3333333333333334259, 0.3333333333333334259, 1.000000000000000000),
 ( 1.000000000000000000, 0.3333333333333334259, 0.3333333333333334259, 1.000000000000000000),
 ( 1.000000000000000000, 0.3333333333333334259, 0.3333333333333334259, 1.000000000000000000),
 ( 1.000000000000000000, 0.3333333333333334259, 0.3333333333333334259, 1.000000000000000000),
 ( 1.000000000000000000, 0.3333333333333334259, 0.3333333333333334259, 1.000000000000000000),
 ( 1.000000000000000000, 0.3333333333333334259, 0.3333333333333334259, 1.000000000000000000),
 ( 1.000000000000000000, 0.3333333333333334259, 0.3333333333333334259, 1.000000000000000000),
 ( 1.000000000000000000, 0.3333333333333334259, 0.3333333333333334259, 1.000000000000000000),
 ( 1.000000000000000000, 0.3333333333333334259, 0.3333333333333334259, 1.000000000000000000),
 ( 1.000000000000000000, 0.3333333333333334259, 0.3333333333333334259, 1.000000000000000000),
 ( 1.000000000000000000, 0.3333333333333334259, 0.3333333333333334259, 1.000000000000000000),
 ( 1.000000000000000000, 0.3333333333333334259, 0.3333333333333334259, 1.000000000000000000),
 ( 1.000000000000000000, 0.3333333333333334259, 0.3333333333333334259, 1.000000000000000000),
 ( 1.000000000000000000, 0.3333333333333334259, 0.3333333333333334259, 1.000000000000000000),
 ( 1.000000000000000000, 0.3333333333333334259, 0.3333333333333334259, 1.000000000000000000),
 ( 1.000000000000000000, 0.3333333333333334259, 0.3333333333333334259, 1.000000000000000000),
 ( 1.000000000000000000, 0.3333333333333334259, 0.3333333333333334259, 1.000000000000000000),
 ( 1.000000000000000000, 0.3333333333333334259, 0.3333333333333334259, 1.000000000000000000) ) ) 
 REPRESENTATION_ITEM ( '' )  SURFACE ( )  );
#137 = CARTESIAN_POINT ( 'NONE',  ( 313.1569476320462400, 23.24295863856337974, 0.000000000000000000 ) ) ;
#138 = CARTESIAN_POINT ( 'NONE',  ( 561.2681398423942483, 878.8205135461045074, 1.374710461842754032E-13 ) ) ;
#139 = DIRECTION ( 'NONE',  ( 0.000000000000000000, 0.000000000000000000, 1.000000000000000000 ) ) ;
#140 = CARTESIAN_POINT ( 'NONE',  ( 594.7912618128116264, 1293.042883294399189, 0.000000000000000000 ) ) ;
#141 = CARTESIAN_POINT ( 'NONE',  ( -307.0520332822405294, 12.34052947881763806, -614.1040665644810588 ) ) ;
#142 = CARTESIAN_POINT ( 'NONE',  ( -594.7912618128116264, 1293.042883294399189, -7.284092149398750104E-14 ) ) ;
#143 = CARTESIAN_POINT ( 'NONE',  ( 313.1569476320460694, 23.24295863856337974, 626.3138952640924799 ) ) ;
#144 = CARTESIAN_POINT ( 'NONE',  ( -571.8278001368753394, 970.3806960306256997, -7.002870851010968304E-14 ) ) ;
#145 = ADVANCED_FACE ( 'NONE', ( #171 ), #406, .T. ) ;
#146 =( NAMED_UNIT ( * ) SI_UNIT ( $, .STERADIAN. ) SOLID_ANGLE_UNIT ( ) );
#147 = CARTESIAN_POINT ( 'NONE',  ( -414.7163816014021336, 246.2149637462278520, -5.078810892821294156E-14 ) ) ;
#148 = CARTESIAN_POINT ( 'NONE',  ( -597.2212293546014052, 1362.648515594186847, -1194.442458709202810 ) ) ;
#149 =( LENGTH_UNIT ( ) NAMED_UNIT ( * ) SI_UNIT ( .MILLI., .METRE. ) );
#150 = CARTESIAN_POINT ( 'NONE',  ( -390.8827925813182560, 185.6363163778054854, 781.7655851626361709 ) ) ;
#151 = CARTESIAN_POINT ( 'NONE',  ( -598.1035508342035882, 1395.657474263218319, -7.324655990877737877E-14 ) ) ;
#152 = CARTESIAN_POINT ( 'NONE',  ( -374.2315402863979443, 146.7052958872110082, -748.4630805727960023 ) ) ;
#153 = CARTESIAN_POINT ( 'NONE',  ( -444.0604751847844796, 330.3020676584939679, -5.438172395628990172E-14 ) ) ;
#154 = CARTESIAN_POINT ( 'NONE',  ( 307.0520332822405862, 12.34052947881763629, 0.000000000000000000 ) ) ;
#155 = CARTESIAN_POINT ( 'NONE',  ( 464.5376808783925640, 396.6876406873780638, -929.0753617567850142 ) ) ;
#156 = CARTESIAN_POINT ( 'NONE',  ( 599.9999999999993179, 1558.845726811989834, 1199.999999999999091 ) ) ;
#157 = CARTESIAN_POINT ( 'NONE',  ( 429.7804852401627045, 287.9407266304999666, 859.5609704803257500 ) ) ;
#158 = CARTESIAN_POINT ( 'NONE',  ( 599.9040398013997901, 1521.592653262079466, -1199.808079602799580 ) ) ;
#159 = CARTESIAN_POINT ( 'NONE',  ( -429.7804852401628750, 287.9407266304999666, -5.263292955853617234E-14 ) ) ;
#160 = CARTESIAN_POINT ( 'NONE',  ( -598.8312086249136428, 1429.533797435798306, 1197.662417249826831 ) ) ;
#161 = CARTESIAN_POINT ( 'NONE',  ( 451.1604958090748596, 352.5076564050648358, 1.105024514188632827E-13 ) ) ;
#162 = CARTESIAN_POINT ( 'NONE',  ( 599.3956634885868198, 1464.310007509959632, 0.000000000000000000 ) ) ;
#163 = CARTESIAN_POINT ( 'NONE',  ( 374.2315402863981149, 146.7052958872110082, 0.000000000000000000 ) ) ;
#164 = CARTESIAN_POINT ( 'NONE',  ( -522.0150086967656762, 634.0192586529893788, 1044.030017393530670 ) ) ;
#165 = CARTESIAN_POINT ( 'NONE',  ( 545.4637861300294617, 766.9100371097231346, 0.000000000000000000 ) ) ;
#166 = CARTESIAN_POINT ( 'NONE',  ( -422.3779882767470895, 267.0772831707110981, -5.172638513734166030E-14 ) ) ;
#167 = PRODUCT_RELATED_PRODUCT_CATEGORY ( 'part', '', ( #740 ) ) ;
#168 = CARTESIAN_POINT ( 'NONE',  ( -506.3249859602209995, 559.5095271258539924, -6.200692733845132727E-14 ) ) ;
#169 = CARTESIAN_POINT ( 'NONE',  ( 0.000000000000000000, 1558.845726811990062, 0.000000000000000000 ) ) ;
#170 = CARTESIAN_POINT ( 'NONE',  ( -536.8549585477531991, 714.4405508338938944, -1073.709917095506398 ) ) ;
#171 = FACE_OUTER_BOUND ( 'NONE', #431, .T. ) ;
#172 = CARTESIAN_POINT ( 'NONE',  ( 545.4637861300292343, 766.9100371097231346, 1090.927572260058923 ) ) ;
#173 = CARTESIAN_POINT ( 'NONE',  ( 464.5376808783925640, 396.6876406873780638, 0.000000000000000000 ) ) ;
#174 = CARTESIAN_POINT ( 'NONE',  ( -489.4861654804640239, 488.5920609844209253, -5.994476657825619283E-14 ) ) ;
#175 = CARTESIAN_POINT ( 'NONE',  ( 545.4637861300294617, 766.9100371097231346, -1090.927572260058696 ) ) ;
#176 = CARTESIAN_POINT ( 'NONE',  ( -300.0000000000001137, -1.469576158976824050E-13, -3.673940397442060756E-14 ) ) ;
#177 = CARTESIAN_POINT ( 'NONE',  ( 511.6156848968820441, 583.6102042439240449, 1.253097021805094887E-13 ) ) ;
#178 = CARTESIAN_POINT ( 'NONE',  ( 587.3563386269929651, 1153.525682644557719, 0.000000000000000000 ) ) ;
#179 = CARTESIAN_POINT ( 'NONE',  ( -597.2212293546015189, 1362.648515594186847, -7.313850669119600810E-14 ) ) ;
#180 = CARTESIAN_POINT ( 'NONE',  ( -500.9804709845889761, 536.1037048623678629, -1001.960941969177952 ) ) ;
#181 = CARTESIAN_POINT ( 'NONE',  ( 506.3249859602208289, 559.5095271258539924, 1012.649971920442226 ) ) ;
#182 = CARTESIAN_POINT ( 'NONE',  ( 599.9660792938466329, 1536.378287930155466, 0.000000000000000000 ) ) ;
#183 = CARTESIAN_POINT ( 'NONE',  ( -594.7912618128116264, 1293.042883294399189, -7.284092149398750104E-14 ) ) ;
#184 = CARTESIAN_POINT ( 'NONE',  ( -511.6156848968819872, 583.6102042439240449, -1023.231369793763974 ) ) ;
#185 = CARTESIAN_POINT ( 'NONE',  ( 302.1815907602929201, 3.791891180091923275, -604.3631815205857265 ) ) ;
#186 = CARTESIAN_POINT ( 'NONE',  ( -585.1088413878018173, 1121.103684535429466, 1170.217682775602952 ) ) ;
#187 = CARTESIAN_POINT ( 'NONE',  ( -522.0150086967655625, 634.0192586529894925, -6.392840095073716631E-14 ) ) ;
#188 = CARTESIAN_POINT ( 'NONE',  ( 589.4581727385059366, 1186.890155784974695, -1178.916345477011873 ) ) ;
#189 = CARTESIAN_POINT ( 'NONE',  ( 591.4048264916228845, 1221.236475941779190, 1.448524055526523461E-13 ) ) ;
#190 = CARTESIAN_POINT ( 'NONE',  ( -330.1614528118299177, 54.91489053981106139, -4.043311663878474241E-14 ) ) ;
#191 = CARTESIAN_POINT ( 'NONE',  ( -582.7245998843267216, 1089.586779427181909, -1165.449199768653443 ) ) ;
#192 = CARTESIAN_POINT ( 'NONE',  ( -557.4617848664938720, 849.6003339485760080, -6.826937904837221903E-14 ) ) ;
#193 = CARTESIAN_POINT ( 'NONE',  ( -348.0849266399611679, 90.46044489684999235, -4.262810912410697093E-14 ) ) ;
#194 = CARTESIAN_POINT ( 'NONE',  ( -599.9855021328401108, 1543.831340260898742, -7.347703247218001305E-14 ) ) ;
#195 = CARTESIAN_POINT ( 'NONE',  ( 582.7245998843268353, 1089.586779427181909, -1165.449199768653443 ) ) ;
#196 = CARTESIAN_POINT ( 'NONE',  ( 330.1614528118299177, 54.91489053981106139, 0.000000000000000000 ) ) ;
#197 = CARTESIAN_POINT ( 'NONE',  ( -577.5788115433180110, 1029.127954779181664, 1155.157623086635567 ) ) ;
#198 = CARTESIAN_POINT ( 'NONE',  ( 307.0520332822404157, 12.34052947881763806, 614.1040665644810588 ) ) ;
#199 = CARTESIAN_POINT ( 'NONE',  ( -577.5788115433177836, 1029.127954779181664, -1155.157623086635567 ) ) ;
#200 = CARTESIAN_POINT ( 'NONE',  ( -561.2681398423943619, 878.8205135461045074, 1122.536279684788269 ) ) ;
#201 = CARTESIAN_POINT ( 'NONE',  ( -320.9502774678029482, 37.51176432242110792, 641.9005549356056690 ) ) ;
#202 = CARTESIAN_POINT ( 'NONE',  ( 585.1088413878015899, 1121.103684535429466, 0.000000000000000000 ) ) ;
#203 = CARTESIAN_POINT ( 'NONE',  ( -598.1035508342035882, 1395.657474263218319, -7.324655990877737877E-14 ) ) ;
#204 = CARTESIAN_POINT ( 'NONE',  ( -313.1569476320462400, 23.24295863856337974, -3.835066535483408015E-14 ) ) ;
#205 = CARTESIAN_POINT ( 'NONE',  ( 599.9855021328401108, 1543.831340260898969, -1199.971004265679994 ) ) ;
#206 = CARTESIAN_POINT ( 'NONE',  ( -599.9660792938466329, 1536.378287930155466, -7.347465386041962961E-14 ) ) ;
#207 = CARTESIAN_POINT ( 'NONE',  ( 444.0604751847844796, 330.3020676584939679, 1.087634479125798034E-13 ) ) ;
#208 = CARTESIAN_POINT ( 'NONE',  ( -599.9999999999996589, 1558.845726811990062, -7.347880794684087842E-14 ) ) ;
#209 = CARTESIAN_POINT ( 'NONE',  ( 382.6824547517463202, 166.1392381420714912, 0.000000000000000000 ) ) ;
#210 = CARTESIAN_POINT ( 'NONE',  ( 374.2315402863981149, 146.7052958872110082, 9.166029159034423721E-14 ) ) ;
#211 = CARTESIAN_POINT ( 'NONE',  ( 599.9992416537598956, 1556.334263384735095, 0.000000000000000000 ) ) ;
#212 = CARTESIAN_POINT ( 'NONE',  ( 422.3779882767470895, 267.0772831707110981, 0.000000000000000000 ) ) ;
#213 = VERTEX_POINT ( 'NONE', #474 ) ;
#214 = CARTESIAN_POINT ( 'NONE',  ( 599.3956634885865924, 1464.310007509959632, 1198.791326977173867 ) ) ;
#215 = CARTESIAN_POINT ( 'NONE',  ( -451.1604958090750301, 352.5076564050648358, 902.3209916181496055 ) ) ;
#216 = CARTESIAN_POINT ( 'NONE',  ( 598.8312086249135291, 1429.533797435798533, 0.000000000000000000 ) ) ;
#217 = CARTESIAN_POINT ( 'NONE',  ( -406.7863060352283924, 225.3684893609968753, -813.5726120704567847 ) ) ;
#218 = CARTESIAN_POINT ( 'NONE',  ( 599.9660792938466329, 1536.378287930155466, 1.469493077208392592E-13 ) ) ;
#219 = CARTESIAN_POINT ( 'NONE',  ( -422.3779882767472031, 267.0772831707110981, 844.7559765534939515 ) ) ;
#220 = CARTESIAN_POINT ( 'NONE',  ( -599.9992416537598956, 1556.334263384735095, -1199.998483307519791 ) ) ;
#221 = CARTESIAN_POINT ( 'NONE',  ( 390.8827925813181992, 185.6363163778054854, 0.000000000000000000 ) ) ;
#222 = EDGE_LOOP ( 'NONE', ( #680, #119, #292, #534 ) ) ;
#223 = CARTESIAN_POINT ( 'NONE',  ( 495.3712211616430068, 512.4550959246708999, 990.7424423232863546 ) ) ;
#224 = CARTESIAN_POINT ( 'NONE',  ( 489.4861654804640239, 488.5920609844209253, 0.000000000000000000 ) ) ;
#225 = CARTESIAN_POINT ( 'NONE',  ( 414.7163816014021336, 246.2149637462278520, 0.000000000000000000 ) ) ;
#226 = CARTESIAN_POINT ( 'NONE',  ( -549.5526435855183536, 793.6793343684049660, -6.730078859299712815E-14 ) ) ;
#227 = CARTESIAN_POINT ( 'NONE',  ( 599.9040398013997901, 1521.592653262079693, 0.000000000000000000 ) ) ;
#228 = CARTESIAN_POINT ( 'NONE',  ( -564.9655323546784302, 908.9293106827929023, -6.918832308267373236E-14 ) ) ;
#229 = CARTESIAN_POINT ( 'NONE',  ( -522.0150086967655625, 634.0192586529894925, -6.392840095073716631E-14 ) ) ;
#230 = APPLICATION_PROTOCOL_DEFINITION ( 'draft international standard', 'automotive_design', 1998, #311 ) ;
#231 = CARTESIAN_POINT ( 'NONE',  ( -541.2938998682150213, 740.8921638197317634, 1082.587799736429588 ) ) ;
#232 = CARTESIAN_POINT ( 'NONE',  ( 398.8408835632807268, 205.1859094259448000, 0.000000000000000000 ) ) ;
#233 = CARTESIAN_POINT ( 'NONE',  ( 541.2938998682150213, 740.8921638197317634, -1082.587799736429588 ) ) ;
#234 = CARTESIAN_POINT ( 'NONE',  ( -300.7276951369710787, 1.261288032139384674, -601.4553902739421574 ) ) ;
#235 = CARTESIAN_POINT ( 'NONE',  ( 522.0150086967653351, 634.0192586529893788, 1044.030017393531125 ) ) ;
#236 = CARTESIAN_POINT ( 'NONE',  ( 451.1604958090748596, 352.5076564050648358, 0.000000000000000000 ) ) ;
#237 = AXIS2_PLACEMENT_3D ( 'NONE', #600, #482, #414 ) ;
#238 = CARTESIAN_POINT ( 'NONE',  ( -506.3249859602209426, 559.5095271258539924, -1012.649971920441885 ) ) ;
#239 = CARTESIAN_POINT ( 'NONE',  ( 301.4545952903223451, 2.525080347833104977, 0.000000000000000000 ) ) ;
#240 = MANIFOLD_SURFACE_SHAPE_REPRESENTATION ( 'mycpc01', ( #444, #237 ), #587 ) ;
#241 = CARTESIAN_POINT ( 'NONE',  ( 470.8346332563318697, 418.6212158933658998, 1.153212253090169434E-13 ) ) ;
#242 = CARTESIAN_POINT ( 'NONE',  ( 382.6824547517463202, 166.1392381420714912, 0.000000000000000000 ) ) ;
#243 = CARTESIAN_POINT ( 'NONE',  ( -577.5788115433178973, 1029.127954779181891, -7.073300428118566486E-14 ) ) ;
#244 = CARTESIAN_POINT ( 'NONE',  ( 557.4617848664938720, 849.6003339485760080, -1114.923569732987744 ) ) ;
#245 = CARTESIAN_POINT ( 'NONE',  ( 303.8841204968791772, 6.765962662568932195, -607.7682409937582406 ) ) ;
#246 = CARTESIAN_POINT ( 'NONE',  ( -580.2119759108907147, 1058.939454562337005, 1160.423951821780747 ) ) ;
#247 = CARTESIAN_POINT ( 'NONE',  ( 495.3712211616431773, 512.4550959246708999, -990.7424423232862409 ) ) ;
#248 = VERTEX_POINT ( 'NONE', #208 ) ;
#249 = CARTESIAN_POINT ( 'NONE',  ( 591.4048264916225435, 1221.236475941779190, 1182.809652983245769 ) ) ;
#250 = CARTESIAN_POINT ( 'NONE',  ( 302.1815907602929201, 3.791891180091923719, 7.401314357716962745E-14 ) ) ;
#251 = CARTESIAN_POINT ( 'NONE',  ( -577.5788115433178973, 1029.127954779181891, -7.073300428118566486E-14 ) ) ;
#252 = CARTESIAN_POINT ( 'NONE',  ( 356.8051078314693996, 108.6066326053554292, -713.6102156629386855 ) ) ;
#253 = CARTESIAN_POINT ( 'NONE',  ( -589.4581727385059366, 1186.890155784974468, -7.218780644754589328E-14 ) ) ;
#254 = CARTESIAN_POINT ( 'NONE',  ( -339.1287351495265625, 72.40902382308013330, -4.153129199997581832E-14 ) ) ;
#255 = CARTESIAN_POINT ( 'NONE',  ( 568.5456365959804543, 939.9659286515961867, -1137.091273191960681 ) ) ;
#256 = CARTESIAN_POINT ( 'NONE',  ( -307.0520332822405862, 12.34052947881763629, -3.760302897307824980E-14 ) ) ;
#257 = CARTESIAN_POINT ( 'NONE',  ( -557.4617848664939856, 849.6003339485760080, 1114.923569732987744 ) ) ;
#258 = CARTESIAN_POINT ( 'NONE',  ( -599.9977290748232690, 1551.324959609682310, -7.347852984071631656E-14 ) ) ;
#259 = CARTESIAN_POINT ( 'NONE',  ( -585.1088413878015899, 1121.103684535429466, -7.165516697583876829E-14 ) ) ;
#260 = CARTESIAN_POINT ( 'NONE',  ( 593.1861398781809385, 1256.606134746689804, 1.452887015000776891E-13 ) ) ;
#261 = CARTESIAN_POINT ( 'NONE',  ( -313.1569476320462400, 23.24295863856337974, -3.835066535483408015E-14 ) ) ;
#262 = CARTESIAN_POINT ( 'NONE',  ( 313.1569476320462400, 23.24295863856337974, 7.670133070966816029E-14 ) ) ;
#263 = CARTESIAN_POINT ( 'NONE',  ( -580.2119759108903736, 1058.939454562337005, -1160.423951821780747 ) ) ;
#264 = CARTESIAN_POINT ( 'NONE',  ( -301.4545952903224020, 2.525080347833104977, 602.9091905806446903 ) ) ;
#265 = CARTESIAN_POINT ( 'NONE',  ( 571.8278001368753394, 970.3806960306256997, 0.000000000000000000 ) ) ;
#266 = CARTESIAN_POINT ( 'NONE',  ( 597.2212293546011779, 1362.648515594186847, 1194.442458709203038 ) ) ;
#267 = CARTESIAN_POINT ( 'NONE',  ( 356.8051078314692290, 108.6066326053554292, 713.6102156629387991 ) ) ;
#268 = CARTESIAN_POINT ( 'NONE',  ( -599.9977290748232690, 1551.324959609682310, -7.347852984071631656E-14 ) ) ;
#269 = CARTESIAN_POINT ( 'NONE',  ( 429.7804852401628750, 287.9407266304999666, 0.000000000000000000 ) ) ;
#270 = CARTESIAN_POINT ( 'NONE',  ( 598.8312086249135291, 1429.533797435798533, 1.466713445744082532E-13 ) ) ;
#271 = CARTESIAN_POINT ( 'NONE',  ( -365.5211716822064432, 127.3451314695436025, -4.476343329212042846E-14 ) ) ;
#272 = CARTESIAN_POINT ( 'NONE',  ( -599.9977290748232690, 1551.324959609682310, -1199.995458149646538 ) ) ;
#273 = CARTESIAN_POINT ( 'NONE',  ( 470.8346332563318697, 418.6212158933658998, -941.6692665126636257 ) ) ;
#274 = CARTESIAN_POINT ( 'NONE',  ( 599.9660792938462919, 1536.378287930155466, 1199.932158587693266 ) ) ;
#275 = CARTESIAN_POINT ( 'NONE',  ( 429.7804852401628750, 287.9407266304999666, 1.052658591170723447E-13 ) ) ;
#276 = CARTESIAN_POINT ( 'NONE',  ( 599.8477731058999325, 1511.841199725766501, 0.000000000000000000 ) ) ;
#277 = CARTESIAN_POINT ( 'NONE',  ( 422.3779882767471463, 267.0772831707110981, -844.7559765534939515 ) ) ;
#278 = CARTESIAN_POINT ( 'NONE',  ( -382.6824547517463202, 166.1392381420714912, -4.686508433015779731E-14 ) ) ;
#279 = CARTESIAN_POINT ( 'NONE',  ( -599.9855021328401108, 1543.831340260898742, -7.347703247218001305E-14 ) ) ;
#280 = CARTESIAN_POINT ( 'NONE',  ( -444.0604751847844796, 330.3020676584939679, -5.438172395628990172E-14 ) ) ;
#281 = CARTESIAN_POINT ( 'NONE',  ( -464.5376808783926776, 396.6876406873780638, 929.0753617567847868 ) ) ;
#282 = CARTESIAN_POINT ( 'NONE',  ( 598.1035508342035882, 1395.657474263218319, 0.000000000000000000 ) ) ;
#283 = CARTESIAN_POINT ( 'NONE',  ( 464.5376808783925640, 396.6876406873780638, 0.000000000000000000 ) ) ;
#284 = CARTESIAN_POINT ( 'NONE',  ( -477.0946355222255306, 441.2289959287484180, -5.842724182826666083E-14 ) ) ;
#285 = CARTESIAN_POINT ( 'NONE',  ( 599.9388346308753626, 1528.965494107641689, 0.000000000000000000 ) ) ;
#286 = CARTESIAN_POINT ( 'NONE',  ( -527.1122417149807688, 660.3936236890350528, -6.455263196076370527E-14 ) ) ;
#287 = CARTESIAN_POINT ( 'NONE',  ( -522.0150086967653351, 634.0192586529893788, -1044.030017393530670 ) ) ;
#288 = CARTESIAN_POINT ( 'NONE',  ( 500.9804709845888055, 536.1037048623678629, 1001.960941969178180 ) ) ;
#289 = CARTESIAN_POINT ( 'NONE',  ( 580.2119759108906010, 1058.939454562337005, 0.000000000000000000 ) ) ;
#290 = CARTESIAN_POINT ( 'NONE',  ( -568.5456365959804543, 939.9659286515961867, -6.962675940264617898E-14 ) ) ;
#291 = CARTESIAN_POINT ( 'NONE',  ( -495.3712211616431205, 512.4550959246708999, -990.7424423232863546 ) ) ;
#292 = ORIENTED_EDGE ( 'NONE', *, *, #792, .T. ) ;
#293 = CARTESIAN_POINT ( 'NONE',  ( 511.6156848968818167, 583.6102042439240449, 1023.231369793764088 ) ) ;
#294 = CARTESIAN_POINT ( 'NONE',  ( 365.5211716822064432, 127.3451314695436025, 0.000000000000000000 ) ) ;
#295 = CARTESIAN_POINT ( 'NONE',  ( -580.2119759108906010, 1058.939454562337005, -7.105547391262333936E-14 ) ) ;
#296 = CARTESIAN_POINT ( 'NONE',  ( -549.5526435855183536, 793.6793343684049660, -6.730078859299712815E-14 ) ) ;
#297 = EDGE_CURVE ( 'NONE', #114, #719, #135, .T. ) ;
#298 = CARTESIAN_POINT ( 'NONE',  ( 541.2938998682150213, 740.8921638197317634, 1.325787683743194687E-13 ) ) ;
#299 = CARTESIAN_POINT ( 'NONE',  ( 436.9325979622398677, 308.7902510376683836, 0.000000000000000000 ) ) ;
#300 = CARTESIAN_POINT ( 'NONE',  ( -598.1035508342035882, 1395.657474263218319, -7.324655990877737877E-14 ) ) ;
#301 = CARTESIAN_POINT ( 'NONE',  ( 549.5526435855183536, 793.6793343684049660, 0.000000000000000000 ) ) ;
#302 = CARTESIAN_POINT ( 'NONE',  ( 302.1815907602929201, 3.791891180091923719, 0.000000000000000000 ) ) ;
#303 = CARTESIAN_POINT ( 'NONE',  ( 532.1328012141530053, 687.5950690904639941, 1.303349463456454430E-13 ) ) ;
#304 = CARTESIAN_POINT ( 'NONE',  ( -330.1614528118299177, 54.91489053981106139, -4.043311663878474241E-14 ) ) ;
#305 = CARTESIAN_POINT ( 'NONE',  ( 500.9804709845890898, 536.1037048623678629, -1001.960941969177952 ) ) ;
#306 = CARTESIAN_POINT ( 'NONE',  ( -571.8278001368753394, 970.3806960306256997, -7.002870851010968304E-14 ) ) ;
#307 = CARTESIAN_POINT ( 'NONE',  ( -300.7276951369711924, 1.261288032139384674, 601.4553902739421574 ) ) ;
#308 = CARTESIAN_POINT ( 'NONE',  ( -594.7912618128115128, 1293.042883294399189, -1189.582523625623026 ) ) ;
#309 = CARTESIAN_POINT ( 'NONE',  ( -348.0849266399610542, 90.46044489684999235, -696.1698532799222221 ) ) ;
#310 = CARTESIAN_POINT ( 'NONE',  ( -564.9655323546784302, 908.9293106827929023, -6.918832308267373236E-14 ) ) ;
#311 = APPLICATION_CONTEXT ( 'automotive_design' ) ;
#312 = CARTESIAN_POINT ( 'NONE',  ( 330.1614528118299177, 54.91489053981106139, 8.086623327756948482E-14 ) ) ;
#313 = CARTESIAN_POINT ( 'NONE',  ( 574.8324656277554823, 1000.120177319625213, -1149.664931255510965 ) ) ;
#314 = CARTESIAN_POINT ( 'NONE',  ( -568.5456365959805680, 939.9659286515961867, 1137.091273191960681 ) ) ;
#315 = CARTESIAN_POINT ( 'NONE',  ( -348.0849266399612816, 90.46044489684999235, 696.1698532799222221 ) ) ;
#316 = CARTESIAN_POINT ( 'NONE',  ( -587.3563386269929651, 1153.525682644557719, -7.193040600584557802E-14 ) ) ;
#317 = CARTESIAN_POINT ( 'NONE',  ( -330.1614528118299177, 54.91489053981106139, -4.043311663878474241E-14 ) ) ;
#318 = CARTESIAN_POINT ( 'NONE',  ( 580.2119759108906010, 1058.939454562337005, 1.421109478252466787E-13 ) ) ;
#319 = CARTESIAN_POINT ( 'NONE',  ( -587.3563386269928515, 1153.525682644557719, -1174.712677253985703 ) ) ;
#320 = CARTESIAN_POINT ( 'NONE',  ( 307.0520332822405862, 12.34052947881763629, 0.000000000000000000 ) ) ;
#321 = CARTESIAN_POINT ( 'NONE',  ( 571.8278001368748846, 970.3806960306258134, 1143.655600273750451 ) ) ;
#322 = CARTESIAN_POINT ( 'NONE',  ( 300.7276951369711355, 1.261288032139384896, 7.365704185289054367E-14 ) ) ;
#323 = CARTESIAN_POINT ( 'NONE',  ( -594.7912618128116264, 1293.042883294399189, -7.284092149398750104E-14 ) ) ;
#324 = CARTESIAN_POINT ( 'NONE',  ( -348.0849266399611679, 90.46044489684999235, -4.262810912410697093E-14 ) ) ;
#325 = CARTESIAN_POINT ( 'NONE',  ( -599.9992416537601230, 1556.334263384735095, 1199.998483307519791 ) ) ;
#326 = CARTESIAN_POINT ( 'NONE',  ( 398.8408835632807268, 205.1859094259448000, 9.768784228497479844E-14 ) ) ;
#327 = CARTESIAN_POINT ( 'NONE',  ( 599.7069013257057577, 1492.647691183510233, -1199.413802651411061 ) ) ;
#328 = CARTESIAN_POINT ( 'NONE',  ( -429.7804852401627613, 287.9407266304999666, -859.5609704803255227 ) ) ;
#329 = CARTESIAN_POINT ( 'NONE',  ( -599.9660792938467466, 1536.378287930155466, 1199.932158587693038 ) ) ;
#330 = CARTESIAN_POINT ( 'NONE',  ( 414.7163816014021336, 246.2149637462278520, 1.015762178564258831E-13 ) ) ;
#331 = CARTESIAN_POINT ( 'NONE',  ( 320.9502774678028914, 37.51176432242110792, 0.000000000000000000 ) ) ;
#332 = EDGE_CURVE ( 'NONE', #719, #248, #690, .T. ) ;
#333 = CARTESIAN_POINT ( 'NONE',  ( -436.9325979622398677, 308.7902510376683836, -5.350881075375943824E-14 ) ) ;
#334 = CARTESIAN_POINT ( 'NONE',  ( -598.1035508342038156, 1395.657474263218546, 1196.207101668406949 ) ) ;
#335 = CARTESIAN_POINT ( 'NONE',  ( -398.8408835632808405, 205.1859094259448284, 797.6817671265613399 ) ) ;
#336 = CARTESIAN_POINT ( 'NONE',  ( -598.1035508342034746, 1395.657474263218546, -1196.207101668406949 ) ) ;
#337 = CARTESIAN_POINT ( 'NONE',  ( -398.8408835632806699, 205.1859094259448284, -797.6817671265613399 ) ) ;
#338 = PRODUCT_DEFINITION_FORMATION_WITH_SPECIFIED_SOURCE ( 'ไป', '', #740, .NOT_KNOWN. ) ;
#339 = CARTESIAN_POINT ( 'NONE',  ( -599.9999999999997726, 1558.845726811989834, 1199.999999999999091 ) ) ;
#340 = CARTESIAN_POINT ( 'NONE',  ( 390.8827925813181992, 185.6363163778054854, 9.573867215529801363E-14 ) ) ;
#341 = CARTESIAN_POINT ( 'NONE',  ( 599.9977290748233827, 1551.324959609682310, -1199.995458149646538 ) ) ;
#342 = CARTESIAN_POINT ( 'NONE',  ( -374.2315402863981149, 146.7052958872110082, -4.583014579517211861E-14 ) ) ;
#343 = ORIENTED_EDGE ( 'NONE', *, *, #297, .T. ) ;
#344 = CARTESIAN_POINT ( 'NONE',  ( -356.8051078314693996, 108.6066326053554434, -4.369602332252352403E-14 ) ) ;
#345 = CARTESIAN_POINT ( 'NONE',  ( 599.9388346308753626, 1528.965494107641689, 0.000000000000000000 ) ) ;
#346 = CARTESIAN_POINT ( 'NONE',  ( -406.7863060352285061, 225.3684893609968753, -4.981695476230182846E-14 ) ) ;
#347 = CARTESIAN_POINT ( 'NONE',  ( -532.1328012141530053, 687.5950690904639941, -6.516747317282272150E-14 ) ) ;
#348 = CARTESIAN_POINT ( 'NONE',  ( 506.3249859602209995, 559.5095271258539924, 0.000000000000000000 ) ) ;
#349 = CARTESIAN_POINT ( 'NONE',  ( -511.6156848968820441, 583.6102042439240449, -6.265485109025474436E-14 ) ) ;
#350 = CARTESIAN_POINT ( 'NONE',  ( 489.4861654804640239, 488.5920609844209253, 0.000000000000000000 ) ) ;
#351 = CARTESIAN_POINT ( 'NONE',  ( -549.5526435855184673, 793.6793343684049660, 1099.105287171036480 ) ) ;
#352 = CARTESIAN_POINT ( 'NONE',  ( 582.7245998843268353, 1089.586779427181909, 0.000000000000000000 ) ) ;
#353 = CARTESIAN_POINT ( 'NONE',  ( -582.7245998843268353, 1089.586779427181909, -7.136318160327629062E-14 ) ) ;
#354 = CARTESIAN_POINT ( 'NONE',  ( 506.3249859602211131, 559.5095271258539924, -1012.649971920441885 ) ) ;
#355 = CARTESIAN_POINT ( 'NONE',  ( -522.0150086967655625, 634.0192586529894925, -6.392840095073716631E-14 ) ) ;
#356 = CARTESIAN_POINT ( 'NONE',  ( 444.0604751847844796, 330.3020676584939679, 0.000000000000000000 ) ) ;
#357 = CARTESIAN_POINT ( 'NONE',  ( -398.8408835632807268, 205.1859094259448000, -4.884392114248739922E-14 ) ) ;
#358 = PRODUCT_DEFINITION ( 'ๆ', '', #338, #78 ) ;
#359 = CARTESIAN_POINT ( 'NONE',  ( -541.2938998682147940, 740.8921638197317634, -1082.587799736429588 ) ) ;
#360 = CARTESIAN_POINT ( 'NONE',  ( -483.3133833636756549, 464.5417465877323480, -5.918881879214029111E-14 ) ) ;
#361 = CARTESIAN_POINT ( 'NONE',  ( 390.8827925813181992, 185.6363163778054854, 0.000000000000000000 ) ) ;
#362 = CARTESIAN_POINT ( 'NONE',  ( -390.8827925813181992, 185.6363163778054854, -4.786933607764900681E-14 ) ) ;
#363 = CARTESIAN_POINT ( 'NONE',  ( 527.1122417149806552, 660.3936236890351665, -1054.224483429961310 ) ) ;
#364 = CARTESIAN_POINT ( 'NONE',  ( 300.0000000000001137, -1.469576158976824050E-13, -600.0000000000001137 ) ) ;
#365 = CARTESIAN_POINT ( 'NONE',  ( -553.5542152222286632, 821.2316593963181504, -6.779083978264275125E-14 ) ) ;
#366 = CARTESIAN_POINT ( 'NONE',  ( 495.3712211616432342, 512.4550959246710136, 0.000000000000000000 ) ) ;
#367 = AXIS2_PLACEMENT_3D ( 'NONE', #694, #389, #635 ) ;
#368 = CARTESIAN_POINT ( 'NONE',  ( 545.4637861300294617, 766.9100371097231346, 0.000000000000000000 ) ) ;
#369 = CARTESIAN_POINT ( 'NONE',  ( -302.1815907602928633, 3.791891180091923275, -604.3631815205857265 ) ) ;
#370 = EDGE_CURVE ( 'NONE', #114, #213, #797, .T. ) ;
#371 = CARTESIAN_POINT ( 'NONE',  ( 564.9655323546782029, 908.9293106827929023, 1129.931064709356860 ) ) ;
#372 = CARTESIAN_POINT ( 'NONE',  ( -300.2424176958851376, 0.4201739479408722611, 600.4848353917699342 ) ) ;
#373 = CARTESIAN_POINT ( 'NONE',  ( 561.2681398423942483, 878.8205135461045074, 0.000000000000000000 ) ) ;
#374 = CARTESIAN_POINT ( 'NONE',  ( -593.1861398781810522, 1256.606134746690032, 1186.372279756361650 ) ) ;
#375 = CARTESIAN_POINT ( 'NONE',  ( -599.9992416537598956, 1556.334263384735095, -7.347871507821163721E-14 ) ) ;
#376 = CARTESIAN_POINT ( 'NONE',  ( 585.1088413878017036, 1121.103684535429466, -1170.217682775602952 ) ) ;
#377 = CARTESIAN_POINT ( 'NONE',  ( 320.9502774678028914, 37.51176432242110792, 0.000000000000000000 ) ) ;
#378 = CARTESIAN_POINT ( 'NONE',  ( 553.5542152222286632, 821.2316593963181504, 1.355816795652855025E-13 ) ) ;
#379 = CARTESIAN_POINT ( 'NONE',  ( -356.8051078314693996, 108.6066326053554434, -4.369602332252352403E-14 ) ) ;
#380 = CARTESIAN_POINT ( 'NONE',  ( 339.1287351495264488, 72.40902382308013330, 678.2574702990532387 ) ) ;
#381 = AXIS2_PLACEMENT_3D ( 'NONE', #169, #420, #661 ) ;
#382 = CARTESIAN_POINT ( 'NONE',  ( -561.2681398423942483, 878.8205135461045074, -6.873552309213770159E-14 ) ) ;
#383 = CARTESIAN_POINT ( 'NONE',  ( -574.8324656277557096, 1000.120177319625213, 1149.664931255510965 ) ) ;
#384 = CARTESIAN_POINT ( 'NONE',  ( -300.2424176958850808, 0.4201739479408722056, -3.676909157995282630E-14 ) ) ;
#385 = CARTESIAN_POINT ( 'NONE',  ( -313.1569476320462968, 23.24295863856337974, 626.3138952640923662 ) ) ;
#386 = CARTESIAN_POINT ( 'NONE',  ( -582.7245998843268353, 1089.586779427181909, -7.136318160327629062E-14 ) ) ;
#387 = CARTESIAN_POINT ( 'NONE',  ( -313.1569476320462400, 23.24295863856337974, -3.835066535483408015E-14 ) ) ;
#388 = CARTESIAN_POINT ( 'NONE',  ( -574.8324656277555960, 1000.120177319625100, -7.039667390770117984E-14 ) ) ;
#389 = DIRECTION ( 'NONE',  ( 0.000000000000000000, 1.000000000000000000, 0.000000000000000000 ) ) ;
#390 = CARTESIAN_POINT ( 'NONE',  ( 300.2424176958850808, 0.4201739479408722056, 7.353818315990565261E-14 ) ) ;
#391 = CARTESIAN_POINT ( 'NONE',  ( 580.2119759108906010, 1058.939454562337005, -1160.423951821780747 ) ) ;
#392 = CARTESIAN_POINT ( 'NONE',  ( -598.8312086249135291, 1429.533797435798533, -7.333567228720412660E-14 ) ) ;
#393 = CARTESIAN_POINT ( 'NONE',  ( 382.6824547517462065, 166.1392381420714912, 765.3649095034925267 ) ) ;
#394 = CARTESIAN_POINT ( 'NONE',  ( 599.9999999999996589, 1558.845726811990062, 0.000000000000000000 ) ) ;
#395 = CARTESIAN_POINT ( 'NONE',  ( 348.0849266399611679, 90.46044489684999235, 0.000000000000000000 ) ) ;
#396 = CARTESIAN_POINT ( 'NONE',  ( -599.3956634885868198, 1464.310007509959632, -7.340479807141019053E-14 ) ) ;
#397 = CARTESIAN_POINT ( 'NONE',  ( -398.8408835632807268, 205.1859094259448000, -4.884392114248739922E-14 ) ) ;
#398 = CARTESIAN_POINT ( 'NONE',  ( 598.1035508342037019, 1395.657474263218546, -1196.207101668406949 ) ) ;
#399 = CARTESIAN_POINT ( 'NONE',  ( 365.5211716822064432, 127.3451314695436025, 0.000000000000000000 ) ) ;
#400 = CARTESIAN_POINT ( 'NONE',  ( 599.9992416537598956, 1556.334263384735095, 1.469574301564232744E-13 ) ) ;
#401 = CARTESIAN_POINT ( 'NONE',  ( -365.5211716822065000, 127.3451314695436025, 731.0423433644126590 ) ) ;
#402 = CARTESIAN_POINT ( 'NONE',  ( 348.0849266399611679, 90.46044489684999235, 0.000000000000000000 ) ) ;
#403 = CARTESIAN_POINT ( 'NONE',  ( 457.9828118401916868, 374.6428644343479846, -915.9656236803831462 ) ) ;
#404 = CARTESIAN_POINT ( 'NONE',  ( -599.3956634885870471, 1464.310007509959632, 1198.791326977173412 ) ) ;
#405 = CARTESIAN_POINT ( 'NONE',  ( -382.6824547517464339, 166.1392381420714912, 765.3649095034924130 ) ) ;
#406 =( BOUNDED_SURFACE ( )  B_SPLINE_SURFACE ( 3, 3, ( 
 ( #619, #364, #542, #176 ),
 ( #743, #440, #786, #56 ),
 ( #422, #547, #234, #613 ),
 ( #239, #791, #803, #60 ),
 ( #302, #185, #369, #491 ),
 ( #736, #245, #510, #131 ),
 ( #320, #564, #141, #256 ),
 ( #137, #5, #627, #387 ),
 ( #377, #71, #701, #505 ),
 ( #196, #751, #16, #317 ),
 ( #688, #514, #456, #697 ),
 ( #395, #79, #309, #324 ),
 ( #575, #252, #35, #537 ),
 ( #399, #705, #471, #84 ),
 ( #163, #777, #152, #342 ),
 ( #209, #92, #413, #24 ),
 ( #221, #588, #533, #579 ),
 ( #40, #96, #337, #408 ),
 ( #645, #583, #217, #346 ),
 ( #225, #592, #656, #714 ),
 ( #212, #277, #99, #166 ),
 ( #269, #773, #328, #159 ),
 ( #478, #653, #475, #333 ),
 ( #467, #521, #27, #280 ),
 ( #718, #31, #463, #722 ),
 ( #529, #403, #710, #595 ),
 ( #283, #155, #649, #88 ),
 ( #780, #273, #525, #641 ),
 ( #765, #769, #495, #617 ),
 ( #426, #671, #103, #417 ),
 ( #350, #546, #1, #667 ),
 ( #796, #247, #291, #659 ),
 ( #435, #305, #180, #485 ),
 ( #481, #354, #238, #123 ),
 ( #498, #118, #184, #490 ),
 ( #790, #50, #675, #742 ),
 ( #599, #43, #287, #229 ),
 ( #739, #363, #541, #612 ),
 ( #113, #731, #785, #430 ),
 ( #556, #726, #170, #421 ),
 ( #662, #233, #359, #54 ),
 ( #368, #175, #608, #108 ),
 ( #301, #604, #47, #296 ),
 ( #550, #59, #735, #553 ),
 ( #802, #244, #679, #63 ),
 ( #373, #758, #501, #382 ),
 ( #750, #452, #445, #630 ),
 ( #11, #255, #126, #746 ),
 ( #265, #560, #504, #144 ),
 ( #70, #313, #683, #755 ),
 ( #130, #8, #199, #251 ),
 ( #692, #391, #263, #574 ),
 ( #637, #195, #191, #386 ),
 ( #202, #376, #626, #259 ),
 ( #687, #513, #319, #316 ),
 ( #19, #188, #134, #448 ),
 ( #15, #633, #77, #563 ),
 ( #67, #568, #74, #509 ),
 ( #140, #571, #308, #323 ),
 ( #455, #696, #4, #517 ),
 ( #439, #622, #148, #532 ),
 ( #282, #398, #336, #151 ),
 ( #216, #470, #648, #591 ),
 ( #162, #644, #95, #91 ),
 ( #30, #327, #520, #700 ),
 ( #276, #704, #407, #412 ),
 ( #578, #158, #713, #655 ),
 ( #345, #586, #98, #26 ),
 ( #652, #594, #776, #764 ),
 ( #528, #205, #466, #279 ),
 ( #22, #341, #272, #268 ),
 ( #211, #459, #220, #772 ),
 ( #394, #524, #39, #34 ) ),
 .UNSPECIFIED., .F., .F., .T. ) 
 B_SPLINE_SURFACE_WITH_KNOTS ( ( 4, 1, 1, 1, 1, 1, 1, 1, 1, 1, 1, 1, 1, 1, 1, 1, 1, 1, 1, 1, 1, 1, 1, 1, 1, 1, 1, 1, 1, 1, 1, 1, 1, 1, 1, 1, 1, 1, 1, 1, 1, 1, 1, 1, 1, 1, 1, 1, 1, 1, 1, 1, 1, 1, 1, 1, 1, 1, 1, 1, 1, 1, 1, 1, 1, 1, 1, 1, 1, 1, 4 ),
 ( 4, 4 ),
 ( 0.000000000000000000, 0.0009071124147667700404, 0.001815878951445021880, 0.002726306643239345424, 0.003638402555782880004, 0.008224155022121556677, 0.01471629175851154638, 0.02700432726839401693, 0.03862640181857510124, 0.05153648960649678812, 0.06376462490235042246, 0.07630797306016640080, 0.08918363824020975050, 0.1024098099855181576, 0.1160058519858473136, 0.1288114109647634509, 0.1419619955063133598, 0.1554755619815370304, 0.1693711975640669609, 0.1836692102833409057, 0.1970347459407678914, 0.2107679502562491702, 0.2248871396878136530, 0.2394117579817027219, 0.2543624628817961475, 0.2682005278358817746, 0.2824184849909650574, 0.2970343142717897789, 0.3120670601003983080, 0.3275369095586110335, 0.3434652773378983337, 0.3580271031172593266, 0.3729860643090328609, 0.3883600139394324802, 0.4041678178253005904, 0.4204294254041371914, 0.4371659464240926773, 0.4543997340560138043, 0.4721544750511463828, 0.4881369270805466787, 0.5045552308465633962, 0.5214281353110545858, 0.5387754133563901204, 0.5566179303845246729, 0.5749777183519311219, 0.5938780557392421278, 0.6133435540066008995, 0.6334002511440433025, 0.6510831036417287221, 0.6692388442038906815, 0.6878867233916912127, 0.7070469891331006007, 0.7267409498889144670, 0.7469910425468757609, 0.7678209054533868816, 0.7892554570325827079, 0.8113209804874140785, 0.8340452151271914305, 0.8574574549216010810, 0.8775154942552635395, 0.8980916307627735407, 0.9192056210783675629, 0.9408781809228414783, 0.9631310418545688812, 0.9721997419188020961, 0.9767707444099633651, 0.9813664366248996407, 0.9859870119853061388, 0.9906326658266185747, 0.9953035954208894198, 1.000000000000000000 ),
 ( 0.000000000000000000, 1.000000000000000000 ),
 .UNSPECIFIED. ) 
 GEOMETRIC_REPRESENTATION_ITEM ( )  RATIONAL_B_SPLINE_SURFACE ( (
 ( 1.000000000000000000, 0.3333333333333334259, 0.3333333333333334259, 1.000000000000000000),
 ( 1.000000000000000000, 0.3333333333333334259, 0.3333333333333334259, 1.000000000000000000),
 ( 1.000000000000000000, 0.3333333333333334259, 0.3333333333333334259, 1.000000000000000000),
 ( 1.000000000000000000, 0.3333333333333334259, 0.3333333333333334259, 1.000000000000000000),
 ( 1.000000000000000000, 0.3333333333333334259, 0.3333333333333334259, 1.000000000000000000),
 ( 1.000000000000000000, 0.3333333333333334259, 0.3333333333333334259, 1.000000000000000000),
 ( 1.000000000000000000, 0.3333333333333334259, 0.3333333333333334259, 1.000000000000000000),
 ( 1.000000000000000000, 0.3333333333333334259, 0.3333333333333334259, 1.000000000000000000),
 ( 1.000000000000000000, 0.3333333333333334259, 0.3333333333333334259, 1.000000000000000000),
 ( 1.000000000000000000, 0.3333333333333334259, 0.3333333333333334259, 1.000000000000000000),
 ( 1.000000000000000000, 0.3333333333333334259, 0.3333333333333334259, 1.000000000000000000),
 ( 1.000000000000000000, 0.3333333333333334259, 0.3333333333333334259, 1.000000000000000000),
 ( 1.000000000000000000, 0.3333333333333334259, 0.3333333333333334259, 1.000000000000000000),
 ( 1.000000000000000000, 0.3333333333333334259, 0.3333333333333334259, 1.000000000000000000),
 ( 1.000000000000000000, 0.3333333333333334259, 0.3333333333333334259, 1.000000000000000000),
 ( 1.000000000000000000, 0.3333333333333334259, 0.3333333333333334259, 1.000000000000000000),
 ( 1.000000000000000000, 0.3333333333333334259, 0.3333333333333334259, 1.000000000000000000),
 ( 1.000000000000000000, 0.3333333333333334259, 0.3333333333333334259, 1.000000000000000000),
 ( 1.000000000000000000, 0.3333333333333334259, 0.3333333333333334259, 1.000000000000000000),
 ( 1.000000000000000000, 0.3333333333333334259, 0.3333333333333334259, 1.000000000000000000),
 ( 1.000000000000000000, 0.3333333333333334259, 0.3333333333333334259, 1.000000000000000000),
 ( 1.000000000000000000, 0.3333333333333334259, 0.3333333333333334259, 1.000000000000000000),
 ( 1.000000000000000000, 0.3333333333333334259, 0.3333333333333334259, 1.000000000000000000),
 ( 1.000000000000000000, 0.3333333333333334259, 0.3333333333333334259, 1.000000000000000000),
 ( 1.000000000000000000, 0.3333333333333334259, 0.3333333333333334259, 1.000000000000000000),
 ( 1.000000000000000000, 0.3333333333333334259, 0.3333333333333334259, 1.000000000000000000),
 ( 1.000000000000000000, 0.3333333333333334259, 0.3333333333333334259, 1.000000000000000000),
 ( 1.000000000000000000, 0.3333333333333334259, 0.3333333333333334259, 1.000000000000000000),
 ( 1.000000000000000000, 0.3333333333333334259, 0.3333333333333334259, 1.000000000000000000),
 ( 1.000000000000000000, 0.3333333333333334259, 0.3333333333333334259, 1.000000000000000000),
 ( 1.000000000000000000, 0.3333333333333334259, 0.3333333333333334259, 1.000000000000000000),
 ( 1.000000000000000000, 0.3333333333333334259, 0.3333333333333334259, 1.000000000000000000),
 ( 1.000000000000000000, 0.3333333333333334259, 0.3333333333333334259, 1.000000000000000000),
 ( 1.000000000000000000, 0.3333333333333334259, 0.3333333333333334259, 1.000000000000000000),
 ( 1.000000000000000000, 0.3333333333333334259, 0.3333333333333334259, 1.000000000000000000),
 ( 1.000000000000000000, 0.3333333333333334259, 0.3333333333333334259, 1.000000000000000000),
 ( 1.000000000000000000, 0.3333333333333334259, 0.3333333333333334259, 1.000000000000000000),
 ( 1.000000000000000000, 0.3333333333333334259, 0.3333333333333334259, 1.000000000000000000),
 ( 1.000000000000000000, 0.3333333333333334259, 0.3333333333333334259, 1.000000000000000000),
 ( 1.000000000000000000, 0.3333333333333334259, 0.3333333333333334259, 1.000000000000000000),
 ( 1.000000000000000000, 0.3333333333333334259, 0.3333333333333334259, 1.000000000000000000),
 ( 1.000000000000000000, 0.3333333333333334259, 0.3333333333333334259, 1.000000000000000000),
 ( 1.000000000000000000, 0.3333333333333334259, 0.3333333333333334259, 1.000000000000000000),
 ( 1.000000000000000000, 0.3333333333333334259, 0.3333333333333334259, 1.000000000000000000),
 ( 1.000000000000000000, 0.3333333333333334259, 0.3333333333333334259, 1.000000000000000000),
 ( 1.000000000000000000, 0.3333333333333334259, 0.3333333333333334259, 1.000000000000000000),
 ( 1.000000000000000000, 0.3333333333333334259, 0.3333333333333334259, 1.000000000000000000),
 ( 1.000000000000000000, 0.3333333333333334259, 0.3333333333333334259, 1.000000000000000000),
 ( 1.000000000000000000, 0.3333333333333334259, 0.3333333333333334259, 1.000000000000000000),
 ( 1.000000000000000000, 0.3333333333333334259, 0.3333333333333334259, 1.000000000000000000),
 ( 1.000000000000000000, 0.3333333333333334259, 0.3333333333333334259, 1.000000000000000000),
 ( 1.000000000000000000, 0.3333333333333334259, 0.3333333333333334259, 1.000000000000000000),
 ( 1.000000000000000000, 0.3333333333333334259, 0.3333333333333334259, 1.000000000000000000),
 ( 1.000000000000000000, 0.3333333333333334259, 0.3333333333333334259, 1.000000000000000000),
 ( 1.000000000000000000, 0.3333333333333334259, 0.3333333333333334259, 1.000000000000000000),
 ( 1.000000000000000000, 0.3333333333333334259, 0.3333333333333334259, 1.000000000000000000),
 ( 1.000000000000000000, 0.3333333333333334259, 0.3333333333333334259, 1.000000000000000000),
 ( 1.000000000000000000, 0.3333333333333334259, 0.3333333333333334259, 1.000000000000000000),
 ( 1.000000000000000000, 0.3333333333333334259, 0.3333333333333334259, 1.000000000000000000),
 ( 1.000000000000000000, 0.3333333333333334259, 0.3333333333333334259, 1.000000000000000000),
 ( 1.000000000000000000, 0.3333333333333334259, 0.3333333333333334259, 1.000000000000000000),
 ( 1.000000000000000000, 0.3333333333333334259, 0.3333333333333334259, 1.000000000000000000),
 ( 1.000000000000000000, 0.3333333333333334259, 0.3333333333333334259, 1.000000000000000000),
 ( 1.000000000000000000, 0.3333333333333334259, 0.3333333333333334259, 1.000000000000000000),
 ( 1.000000000000000000, 0.3333333333333334259, 0.3333333333333334259, 1.000000000000000000),
 ( 1.000000000000000000, 0.3333333333333334259, 0.3333333333333334259, 1.000000000000000000),
 ( 1.000000000000000000, 0.3333333333333334259, 0.3333333333333334259, 1.000000000000000000),
 ( 1.000000000000000000, 0.3333333333333334259, 0.3333333333333334259, 1.000000000000000000),
 ( 1.000000000000000000, 0.3333333333333334259, 0.3333333333333334259, 1.000000000000000000),
 ( 1.000000000000000000, 0.3333333333333334259, 0.3333333333333334259, 1.000000000000000000),
 ( 1.000000000000000000, 0.3333333333333334259, 0.3333333333333334259, 1.000000000000000000),
 ( 1.000000000000000000, 0.3333333333333334259, 0.3333333333333334259, 1.000000000000000000),
 ( 1.000000000000000000, 0.3333333333333334259, 0.3333333333333334259, 1.000000000000000000) ) ) 
 REPRESENTATION_ITEM ( '' )  SURFACE ( )  );
#407 = CARTESIAN_POINT ( 'NONE',  ( -599.8477731058998188, 1511.841199725766728, -1199.695546211799638 ) ) ;
#408 = CARTESIAN_POINT ( 'NONE',  ( -398.8408835632807268, 205.1859094259448000, -4.884392114248739922E-14 ) ) ;
#409 = CIRCLE ( 'NONE', #451, 599.9999999999996589 ) ;
#410 = CARTESIAN_POINT ( 'NONE',  ( 599.9855021328401108, 1543.831340260898742, 1.469540649443600261E-13 ) ) ;
#411 = CARTESIAN_POINT ( 'NONE',  ( -457.9828118401917436, 374.6428644343479846, 915.9656236803830325 ) ) ;
#412 = CARTESIAN_POINT ( 'NONE',  ( -599.8477731058999325, 1511.841199725766501, -7.346016553098082262E-14 ) ) ;
#413 = CARTESIAN_POINT ( 'NONE',  ( -382.6824547517462065, 166.1392381420714912, -765.3649095034924130 ) ) ;
#414 = DIRECTION ( 'NONE',  ( 1.000000000000000000, 0.000000000000000000, 0.000000000000000000 ) ) ;
#415 = CARTESIAN_POINT ( 'NONE',  ( 489.4861654804637965, 488.5920609844209253, 978.9723309609279340 ) ) ;
#416 = CARTESIAN_POINT ( 'NONE',  ( 574.8324656277555960, 1000.120177319625100, 0.000000000000000000 ) ) ;
#417 = CARTESIAN_POINT ( 'NONE',  ( -483.3133833636756549, 464.5417465877323480, -5.918881879214029111E-14 ) ) ;
#418 = SHAPE_DEFINITION_REPRESENTATION ( #618, #240 ) ;
#419 = CARTESIAN_POINT ( 'NONE',  ( 516.8475155870182789, 608.4360902288422039, 1.265911311221807444E-13 ) ) ;
#420 = DIRECTION ( 'NONE',  ( 0.000000000000000000, 1.000000000000000000, 0.000000000000000000 ) ) ;
#421 = CARTESIAN_POINT ( 'NONE',  ( -536.8549585477533128, 714.4405508338938944, -6.574577065918911261E-14 ) ) ;
#422 = CARTESIAN_POINT ( 'NONE',  ( 300.7276951369711355, 1.261288032139384896, 0.000000000000000000 ) ) ;
#423 = CARTESIAN_POINT ( 'NONE',  ( -536.8549585477533128, 714.4405508338938944, -6.574577065918911261E-14 ) ) ;
#424 = CARTESIAN_POINT ( 'NONE',  ( 536.8549585477533128, 714.4405508338938944, 0.000000000000000000 ) ) ;
#425 = CARTESIAN_POINT ( 'NONE',  ( -561.2681398423942483, 878.8205135461045074, -6.873552309213770159E-14 ) ) ;
#426 = CARTESIAN_POINT ( 'NONE',  ( 483.3133833636756549, 464.5417465877323480, 0.000000000000000000 ) ) ;
#427 = CARTESIAN_POINT ( 'NONE',  ( 516.8475155870180515, 608.4360902288420903, 1033.695031174036558 ) ) ;
#428 = CARTESIAN_POINT ( 'NONE',  ( 561.2681398423942483, 878.8205135461045074, 0.000000000000000000 ) ) ;
#429 = CARTESIAN_POINT ( 'NONE',  ( -545.4637861300294617, 766.9100371097231346, -6.680004797349370010E-14 ) ) ;
#430 = CARTESIAN_POINT ( 'NONE',  ( -532.1328012141530053, 687.5950690904639941, -6.516747317282272150E-14 ) ) ;
#431 = EDGE_LOOP ( 'NONE', ( #36, #557, #343, #663 ) ) ;
#432 = CARTESIAN_POINT ( 'NONE',  ( 549.5526435855183536, 793.6793343684049660, 1.346015771859942563E-13 ) ) ;
#433 = CARTESIAN_POINT ( 'NONE',  ( 599.9855021328401108, 1543.831340260898742, 0.000000000000000000 ) ) ;
#434 = CARTESIAN_POINT ( 'NONE',  ( -541.2938998682150213, 740.8921638197317634, -6.628938418715973433E-14 ) ) ;
#435 = CARTESIAN_POINT ( 'NONE',  ( 500.9804709845890898, 536.1037048623677492, 0.000000000000000000 ) ) ;
#436 = CARTESIAN_POINT ( 'NONE',  ( -587.3563386269931925, 1153.525682644557719, 1174.712677253985703 ) ) ;
#437 = CARTESIAN_POINT ( 'NONE',  ( -320.9502774678028914, 37.51176432242110792, -3.930507299863997439E-14 ) ) ;
#438 = CARTESIAN_POINT ( 'NONE',  ( -414.7163816014021336, 246.2149637462278520, -5.078810892821294156E-14 ) ) ;
#439 = CARTESIAN_POINT ( 'NONE',  ( 597.2212293546015189, 1362.648515594186847, 0.000000000000000000 ) ) ;
#440 = CARTESIAN_POINT ( 'NONE',  ( 300.2424176958850239, 0.4201739479408722611, -600.4848353917699342 ) ) ;
#441 = CARTESIAN_POINT ( 'NONE',  ( -561.2681398423942483, 878.8205135461045074, -6.873552309213770159E-14 ) ) ;
#442 = CARTESIAN_POINT ( 'NONE',  ( -300.7276951369711355, 1.261288032139384896, -3.682852092644527184E-14 ) ) ;
#443 = CARTESIAN_POINT ( 'NONE',  ( 330.1614528118297471, 54.91489053981106849, 660.3229056236598353 ) ) ;
#444 = SHELL_BASED_SURFACE_MODEL ( 'NONE', ( #55 ) );
#445 = CARTESIAN_POINT ( 'NONE',  ( -564.9655323546783166, 908.9293106827929023, -1129.931064709356633 ) ) ;
#446 = CARTESIAN_POINT ( 'NONE',  ( -593.1861398781809385, 1256.606134746689804, -7.264435075003884454E-14 ) ) ;
#447 = CARTESIAN_POINT ( 'NONE',  ( 303.8841204968791772, 6.765962662568933084, 7.443014309564233945E-14 ) ) ;
#448 = CARTESIAN_POINT ( 'NONE',  ( -589.4581727385059366, 1186.890155784974468, -7.218780644754589328E-14 ) ) ;
#449 = CARTESIAN_POINT ( 'NONE',  ( 568.5456365959804543, 939.9659286515961867, 1.392535188052923580E-13 ) ) ;
#450 = CARTESIAN_POINT ( 'NONE',  ( 300.2424176958848534, 0.4201739479408722611, 600.4848353917700479 ) ) ;
#451 = AXIS2_PLACEMENT_3D ( 'NONE', #454, #508, #139 ) ;
#452 = CARTESIAN_POINT ( 'NONE',  ( 564.9655323546784302, 908.9293106827929023, -1129.931064709356633 ) ) ;
#453 = CARTESIAN_POINT ( 'NONE',  ( 587.3563386269929651, 1153.525682644557719, 1.438608120116911560E-13 ) ) ;
#454 = CARTESIAN_POINT ( 'NONE',  ( 0.000000000000000000, 1558.845726811990062, 0.000000000000000000 ) ) ;
#455 = CARTESIAN_POINT ( 'NONE',  ( 596.1264399723652332, 1328.416246407401786, 0.000000000000000000 ) ) ;
#456 = CARTESIAN_POINT ( 'NONE',  ( -339.1287351495265625, 72.40902382308013330, -678.2574702990531250 ) ) ;
#457 = CARTESIAN_POINT ( 'NONE',  ( 599.8477731058999325, 1511.841199725766501, 1.469203310619616452E-13 ) ) ;
#458 = CARTESIAN_POINT ( 'NONE',  ( 457.9828118401914026, 374.6428644343479846, 915.9656236803831462 ) ) ;
#459 = CARTESIAN_POINT ( 'NONE',  ( 599.9992416537600093, 1556.334263384735095, -1199.998483307519791 ) ) ;
#460 = CARTESIAN_POINT ( 'NONE',  ( -599.9977290748232690, 1551.324959609682310, -7.347852984071631656E-14 ) ) ;
#461 = CARTESIAN_POINT ( 'NONE',  ( 457.9828118401916868, 374.6428644343480414, 1.121734369169190593E-13 ) ) ;
#462 = CARTESIAN_POINT ( 'NONE',  ( 300.0000000000001137, -1.469576158976824050E-13, 0.000000000000000000 ) ) ;
#463 = CARTESIAN_POINT ( 'NONE',  ( -451.1604958090748028, 352.5076564050648358, -902.3209916181496055 ) ) ;
#464 = CARTESIAN_POINT ( 'NONE',  ( -599.8477731059001599, 1511.841199725766728, 1199.695546211799638 ) ) ;
#465 = CARTESIAN_POINT ( 'NONE',  ( 406.7863060352285061, 225.3684893609968753, 9.963390952460365692E-14 ) ) ;
#466 = CARTESIAN_POINT ( 'NONE',  ( -599.9855021328399971, 1543.831340260898969, -1199.971004265679994 ) ) ;
#467 = CARTESIAN_POINT ( 'NONE',  ( 444.0604751847844796, 330.3020676584939679, 0.000000000000000000 ) ) ;
#468 = CARTESIAN_POINT ( 'NONE',  ( -597.2212293546016326, 1362.648515594186847, 1194.442458709202810 ) ) ;
#469 = CARTESIAN_POINT ( 'NONE',  ( 464.5376808783923366, 396.6876406873780638, 929.0753617567850142 ) ) ;
#470 = CARTESIAN_POINT ( 'NONE',  ( 598.8312086249135291, 1429.533797435798306, -1197.662417249826831 ) ) ;
#471 = CARTESIAN_POINT ( 'NONE',  ( -365.5211716822063295, 127.3451314695436025, -731.0423433644126590 ) ) ;
#472 = CARTESIAN_POINT ( 'NONE',  ( 598.1035508342035882, 1395.657474263218319, 1.464931198175547575E-13 ) ) ;
#473 = CARTESIAN_POINT ( 'NONE',  ( 436.9325979622398677, 308.7902510376683836, 1.070176215075188765E-13 ) ) ;
#474 = CARTESIAN_POINT ( 'NONE',  ( -300.0000000000001137, -1.469576158976824050E-13, -5.510910596163088609E-14 ) ) ;
#475 = CARTESIAN_POINT ( 'NONE',  ( -436.9325979622397540, 308.7902510376683836, -873.8651959244795080 ) ) ;
#476 = CARTESIAN_POINT ( 'NONE',  ( 477.0946355222253032, 441.2289959287483612, 954.1892710444509476 ) ) ;
#477 = CARTESIAN_POINT ( 'NONE',  ( 500.9804709845890898, 536.1037048623677492, 0.000000000000000000 ) ) ;
#478 = CARTESIAN_POINT ( 'NONE',  ( 436.9325979622398677, 308.7902510376683836, 0.000000000000000000 ) ) ;
#479 = CARTESIAN_POINT ( 'NONE',  ( -545.4637861300295754, 766.9100371097231346, 1090.927572260058696 ) ) ;
#480 = CARTESIAN_POINT ( 'NONE',  ( 549.5526435855183536, 793.6793343684049660, 0.000000000000000000 ) ) ;
#481 = CARTESIAN_POINT ( 'NONE',  ( 506.3249859602209995, 559.5095271258539924, 0.000000000000000000 ) ) ;
#482 = DIRECTION ( 'NONE',  ( 0.000000000000000000, 0.000000000000000000, 1.000000000000000000 ) ) ;
#483 = CARTESIAN_POINT ( 'NONE',  ( -489.4861654804640239, 488.5920609844209253, -5.994476657825619283E-14 ) ) ;
#484 = CARTESIAN_POINT ( 'NONE',  ( 541.2938998682150213, 740.8921638197317634, 0.000000000000000000 ) ) ;
#485 = CARTESIAN_POINT ( 'NONE',  ( -500.9804709845890898, 536.1037048623677492, -6.135241302266104516E-14 ) ) ;
#486 = AXIS2_PLACEMENT_3D ( 'NONE', #109, #676, #727 ) ;
#487 = CARTESIAN_POINT ( 'NONE',  ( -511.6156848968820441, 583.6102042439240449, -6.265485109025474436E-14 ) ) ;
#488 = CARTESIAN_POINT ( 'NONE',  ( 522.0150086967655625, 634.0192586529894925, 0.000000000000000000 ) ) ;
#489 = CARTESIAN_POINT ( 'NONE',  ( -436.9325979622398677, 308.7902510376683836, -5.350881075375943824E-14 ) ) ;
#490 = CARTESIAN_POINT ( 'NONE',  ( -511.6156848968820441, 583.6102042439240449, -6.265485109025474436E-14 ) ) ;
#491 = CARTESIAN_POINT ( 'NONE',  ( -302.1815907602929201, 3.791891180091923719, -3.700657178858481372E-14 ) ) ;
#492 = CARTESIAN_POINT ( 'NONE',  ( -511.6156848968821578, 583.6102042439240449, 1023.231369793763974 ) ) ;
#493 = CARTESIAN_POINT ( 'NONE',  ( 511.6156848968820441, 583.6102042439240449, 0.000000000000000000 ) ) ;
#494 = CARTESIAN_POINT ( 'NONE',  ( -596.1264399723652332, 1328.416246407401786, -7.300443365992639439E-14 ) ) ;
#495 = CARTESIAN_POINT ( 'NONE',  ( -477.0946355222254738, 441.2289959287483612, -954.1892710444509476 ) ) ;
#496 = CARTESIAN_POINT ( 'NONE',  ( -596.1264399723652332, 1328.416246407401786, -7.300443365992639439E-14 ) ) ;
#497 = CARTESIAN_POINT ( 'NONE',  ( -457.9828118401916868, 374.6428644343480414, -5.608671845845952963E-14 ) ) ;
#498 = CARTESIAN_POINT ( 'NONE',  ( 511.6156848968820441, 583.6102042439240449, 0.000000000000000000 ) ) ;
#499 = CARTESIAN_POINT ( 'NONE',  ( 577.5788115433175562, 1029.127954779181664, 1155.157623086635795 ) ) ;
#500 = CARTESIAN_POINT ( 'NONE',  ( 320.9502774678027208, 37.51176432242110792, 641.9005549356057827 ) ) ;
#501 = CARTESIAN_POINT ( 'NONE',  ( -561.2681398423941346, 878.8205135461045074, -1122.536279684788269 ) ) ;
#502 = CARTESIAN_POINT ( 'NONE',  ( 580.2119759108902599, 1058.939454562337005, 1160.423951821781202 ) ) ;
#503 = CARTESIAN_POINT ( 'NONE',  ( -300.7276951369711355, 1.261288032139384896, -3.682852092644527184E-14 ) ) ;
#504 = CARTESIAN_POINT ( 'NONE',  ( -571.8278001368751120, 970.3806960306258134, -1143.655600273750224 ) ) ;
#505 = CARTESIAN_POINT ( 'NONE',  ( -320.9502774678028914, 37.51176432242110792, -3.930507299863997439E-14 ) ) ;
#506 = CARTESIAN_POINT ( 'NONE',  ( 557.4617848664936446, 849.6003339485760080, 1114.923569732987744 ) ) ;
#507 = CARTESIAN_POINT ( 'NONE',  ( -301.4545952903223451, 2.525080347833104977, -3.691754052105540424E-14 ) ) ;
#508 = DIRECTION ( 'NONE',  ( 0.000000000000000000, 1.000000000000000000, 0.000000000000000000 ) ) ;
#509 = CARTESIAN_POINT ( 'NONE',  ( -593.1861398781809385, 1256.606134746689804, -7.264435075003884454E-14 ) ) ;
#510 = CARTESIAN_POINT ( 'NONE',  ( -303.8841204968791203, 6.765962662568932195, -607.7682409937582406 ) ) ;
#511 = CARTESIAN_POINT ( 'NONE',  ( 585.1088413878013625, 1121.103684535429466, 1170.217682775603407 ) ) ;
#512 = CARTESIAN_POINT ( 'NONE',  ( -599.8477731058999325, 1511.841199725766501, -7.346016553098082262E-14 ) ) ;
#513 = CARTESIAN_POINT ( 'NONE',  ( 587.3563386269929651, 1153.525682644557719, -1174.712677253985703 ) ) ;
#514 = CARTESIAN_POINT ( 'NONE',  ( 339.1287351495266194, 72.40902382308013330, -678.2574702990531250 ) ) ;
#515 = CARTESIAN_POINT ( 'NONE',  ( -599.9977290748233827, 1551.324959609682310, 1199.995458149646538 ) ) ;
#516 = CARTESIAN_POINT ( 'NONE',  ( -302.1815907602930338, 3.791891180091923275, 604.3631815205857265 ) ) ;
#517 = CARTESIAN_POINT ( 'NONE',  ( -596.1264399723652332, 1328.416246407401786, -7.300443365992639439E-14 ) ) ;
#518 = CARTESIAN_POINT ( 'NONE',  ( -599.8477731058999325, 1511.841199725766501, -7.346016553098082262E-14 ) ) ;
#519 = CARTESIAN_POINT ( 'NONE',  ( 470.8346332563316423, 418.6212158933658998, 941.6692665126636257 ) ) ;
#520 = CARTESIAN_POINT ( 'NONE',  ( -599.7069013257055303, 1492.647691183510233, -1199.413802651411061 ) ) ;
#521 = CARTESIAN_POINT ( 'NONE',  ( 444.0604751847844227, 330.3020676584939679, -888.1209503695687317 ) ) ;
#522 = CARTESIAN_POINT ( 'NONE',  ( 599.7069013257054166, 1492.647691183510233, 1199.413802651411515 ) ) ;
#523 = CARTESIAN_POINT ( 'NONE',  ( 348.0849266399611679, 90.46044489684999235, 8.525621824821394187E-14 ) ) ;
#524 = CARTESIAN_POINT ( 'NONE',  ( 599.9999999999995453, 1558.845726811989834, -1199.999999999999091 ) ) ;
#525 = CARTESIAN_POINT ( 'NONE',  ( -470.8346332563318128, 418.6212158933658998, -941.6692665126636257 ) ) ;
#526 = CARTESIAN_POINT ( 'NONE',  ( -599.9855021328401108, 1543.831340260898742, -7.347703247218001305E-14 ) ) ;
#527 = CARTESIAN_POINT ( 'NONE',  ( -444.0604751847845932, 330.3020676584939679, 888.1209503695687317 ) ) ;
#528 = CARTESIAN_POINT ( 'NONE',  ( 599.9855021328401108, 1543.831340260898742, 0.000000000000000000 ) ) ;
#529 = CARTESIAN_POINT ( 'NONE',  ( 457.9828118401916868, 374.6428644343480414, 0.000000000000000000 ) ) ;
#530 = CARTESIAN_POINT ( 'NONE',  ( 599.3956634885868198, 1464.310007509959632, 1.468095961428203811E-13 ) ) ;
#531 = CARTESIAN_POINT ( 'NONE',  ( -406.7863060352285061, 225.3684893609968753, -4.981695476230182846E-14 ) ) ;
#532 = CARTESIAN_POINT ( 'NONE',  ( -597.2212293546015189, 1362.648515594186847, -7.313850669119600810E-14 ) ) ;
#533 = CARTESIAN_POINT ( 'NONE',  ( -390.8827925813180855, 185.6363163778054854, -781.7655851626361709 ) ) ;
#534 = ORIENTED_EDGE ( 'NONE', *, *, #297, .F. ) ;
#535 = CARTESIAN_POINT ( 'NONE',  ( 414.7163816014019062, 246.2149637462278235, 829.4327632028041535 ) ) ;
#536 = CARTESIAN_POINT ( 'NONE',  ( 477.0946355222255306, 441.2289959287484180, 0.000000000000000000 ) ) ;
#537 = CARTESIAN_POINT ( 'NONE',  ( -356.8051078314693996, 108.6066326053554434, -4.369602332252352403E-14 ) ) ;
#538 = CARTESIAN_POINT ( 'NONE',  ( -483.3133833636757117, 464.5417465877324048, 966.6267667273509687 ) ) ;
#539 = CARTESIAN_POINT ( 'NONE',  ( 599.9977290748232690, 1551.324959609682310, 0.000000000000000000 ) ) ;
#540 = CARTESIAN_POINT ( 'NONE',  ( -536.8549585477533128, 714.4405508338938944, -6.574577065918911261E-14 ) ) ;
#541 = CARTESIAN_POINT ( 'NONE',  ( -527.1122417149806552, 660.3936236890351665, -1054.224483429961310 ) ) ;
#542 = CARTESIAN_POINT ( 'NONE',  ( -300.0000000000000568, -1.469576158976824050E-13, -600.0000000000001137 ) ) ;
#543 = CARTESIAN_POINT ( 'NONE',  ( 483.3133833636756549, 464.5417465877323480, 1.183776375842805822E-13 ) ) ;
#544 = CARTESIAN_POINT ( 'NONE',  ( 599.7069013257056440, 1492.647691183510233, 0.000000000000000000 ) ) ;
#545 = CARTESIAN_POINT ( 'NONE',  ( -585.1088413878015899, 1121.103684535429466, -7.165516697583876829E-14 ) ) ;
#546 = CARTESIAN_POINT ( 'NONE',  ( 489.4861654804640239, 488.5920609844209253, -978.9723309609279340 ) ) ;
#547 = CARTESIAN_POINT ( 'NONE',  ( 300.7276951369711355, 1.261288032139384674, -601.4553902739421574 ) ) ;
#548 = CARTESIAN_POINT ( 'NONE',  ( -516.8475155870182789, 608.4360902288422039, -6.329556556109037219E-14 ) ) ;
#549 = CARTESIAN_POINT ( 'NONE',  ( 599.8477731058999325, 1511.841199725766501, 0.000000000000000000 ) ) ;
#550 = CARTESIAN_POINT ( 'NONE',  ( 553.5542152222286632, 821.2316593963181504, 0.000000000000000000 ) ) ;
#551 = CARTESIAN_POINT ( 'NONE',  ( -545.4637861300294617, 766.9100371097231346, -6.680004797349370010E-14 ) ) ;
#552 = CARTESIAN_POINT ( 'NONE',  ( 470.8346332563318697, 418.6212158933658998, 0.000000000000000000 ) ) ;
#553 = CARTESIAN_POINT ( 'NONE',  ( -553.5542152222286632, 821.2316593963181504, -6.779083978264275125E-14 ) ) ;
#554 = CARTESIAN_POINT ( 'NONE',  ( 536.8549585477530854, 714.4405508338938944, 1073.709917095506626 ) ) ;
#555 = CARTESIAN_POINT ( 'NONE',  ( -382.6824547517463202, 166.1392381420714912, -4.686508433015779731E-14 ) ) ;
#556 = CARTESIAN_POINT ( 'NONE',  ( 536.8549585477533128, 714.4405508338938944, 0.000000000000000000 ) ) ;
#557 = ORIENTED_EDGE ( 'NONE', *, *, #370, .F. ) ;
#558 = CARTESIAN_POINT ( 'NONE',  ( 564.9655323546784302, 908.9293106827929023, 1.383766461653474647E-13 ) ) ;
#559 = CARTESIAN_POINT ( 'NONE',  ( -300.0000000000001137, -1.469576158976824050E-13, 600.0000000000001137 ) ) ;
#560 = CARTESIAN_POINT ( 'NONE',  ( 571.8278001368752257, 970.3806960306258134, -1143.655600273750224 ) ) ;
#561 = CARTESIAN_POINT ( 'NONE',  ( 582.7245998843264942, 1089.586779427181909, 1165.449199768653671 ) ) ;
#562 = CARTESIAN_POINT ( 'NONE',  ( 302.1815907602927496, 3.791891180091923275, 604.3631815205858402 ) ) ;
#563 = CARTESIAN_POINT ( 'NONE',  ( -591.4048264916228845, 1221.236475941779190, -7.242620277632617307E-14 ) ) ;
#564 = CARTESIAN_POINT ( 'NONE',  ( 307.0520332822405294, 12.34052947881763806, -614.1040665644810588 ) ) ;
#565 = CARTESIAN_POINT ( 'NONE',  ( -589.4581727385060503, 1186.890155784974695, 1178.916345477011873 ) ) ;
#566 = CARTESIAN_POINT ( 'NONE',  ( -365.5211716822064432, 127.3451314695436025, -4.476343329212042846E-14 ) ) ;
#567 = CARTESIAN_POINT ( 'NONE',  ( 348.0849266399609974, 90.46044489684999235, 696.1698532799223358 ) ) ;
#568 = CARTESIAN_POINT ( 'NONE',  ( 593.1861398781809385, 1256.606134746690032, -1186.372279756361650 ) ) ;
#569 = CARTESIAN_POINT ( 'NONE',  ( -585.1088413878015899, 1121.103684535429466, -7.165516697583876829E-14 ) ) ;
#570 = CARTESIAN_POINT ( 'NONE',  ( 299.9999999999999432, -1.469576158976824050E-13, 600.0000000000002274 ) ) ;
#571 = CARTESIAN_POINT ( 'NONE',  ( 594.7912618128116264, 1293.042883294399189, -1189.582523625623026 ) ) ;
#572 = CARTESIAN_POINT ( 'NONE',  ( 598.8312086249133017, 1429.533797435798306, 1197.662417249827058 ) ) ;
#573 = CARTESIAN_POINT ( 'NONE',  ( -303.8841204968792340, 6.765962662568932195, 607.7682409937582406 ) ) ;
#574 = CARTESIAN_POINT ( 'NONE',  ( -580.2119759108906010, 1058.939454562337005, -7.105547391262333936E-14 ) ) ;
#575 = CARTESIAN_POINT ( 'NONE',  ( 356.8051078314693996, 108.6066326053554434, 0.000000000000000000 ) ) ;
#576 = CARTESIAN_POINT ( 'NONE',  ( 599.9999999999996589, 1558.845726811990062, 1.469576158976823040E-13 ) ) ;
#577 = CARTESIAN_POINT ( 'NONE',  ( -414.7163816014022473, 246.2149637462278235, 829.4327632028039261 ) ) ;
#578 = CARTESIAN_POINT ( 'NONE',  ( 599.9040398013997901, 1521.592653262079693, 0.000000000000000000 ) ) ;
#579 = CARTESIAN_POINT ( 'NONE',  ( -390.8827925813181992, 185.6363163778054854, -4.786933607764900681E-14 ) ) ;
#580 = CARTESIAN_POINT ( 'NONE',  ( 599.9040398013997901, 1521.592653262079693, 1.469341124276701257E-13 ) ) ;
#581 = CARTESIAN_POINT ( 'NONE',  ( -436.9325979622398677, 308.7902510376683836, -5.350881075375943824E-14 ) ) ;
#582 = CARTESIAN_POINT ( 'NONE',  ( 339.1287351495265625, 72.40902382308013330, 0.000000000000000000 ) ) ;
#583 = CARTESIAN_POINT ( 'NONE',  ( 406.7863060352285061, 225.3684893609968753, -813.5726120704567847 ) ) ;
#584 = CARTESIAN_POINT ( 'NONE',  ( 599.9040398013995627, 1521.592653262079466, 1199.808079602799580 ) ) ;
#585 = CARTESIAN_POINT ( 'NONE',  ( -374.2315402863981717, 146.7052958872110082, 748.4630805727960023 ) ) ;
#586 = CARTESIAN_POINT ( 'NONE',  ( 599.9388346308753626, 1528.965494107641462, -1199.877669261750498 ) ) ;
#587 =( GEOMETRIC_REPRESENTATION_CONTEXT ( 3 ) GLOBAL_UNCERTAINTY_ASSIGNED_CONTEXT ( ( #23 ) ) GLOBAL_UNIT_ASSIGNED_CONTEXT ( ( #149, #646, #146 ) ) REPRESENTATION_CONTEXT ( 'NONE', 'WORKASPACE' ) );
#588 = CARTESIAN_POINT ( 'NONE',  ( 390.8827925813181992, 185.6363163778054854, -781.7655851626361709 ) ) ;
#589 = CARTESIAN_POINT ( 'NONE',  ( -599.9992416537598956, 1556.334263384735095, -7.347871507821163721E-14 ) ) ;
#590 = CARTESIAN_POINT ( 'NONE',  ( 398.8408835632804994, 205.1859094259448284, 797.6817671265613399 ) ) ;
#591 = CARTESIAN_POINT ( 'NONE',  ( -598.8312086249135291, 1429.533797435798533, -7.333567228720412660E-14 ) ) ;
#592 = CARTESIAN_POINT ( 'NONE',  ( 414.7163816014021336, 246.2149637462278235, -829.4327632028039261 ) ) ;
#593 = CARTESIAN_POINT ( 'NONE',  ( -356.8051078314695133, 108.6066326053554292, 713.6102156629386855 ) ) ;
#594 = CARTESIAN_POINT ( 'NONE',  ( 599.9660792938466329, 1536.378287930155466, -1199.932158587693038 ) ) ;
#595 = CARTESIAN_POINT ( 'NONE',  ( -457.9828118401916868, 374.6428644343480414, -5.608671845845952963E-14 ) ) ;
#596 = CARTESIAN_POINT ( 'NONE',  ( 536.8549585477533128, 714.4405508338938944, 1.314915413183782252E-13 ) ) ;
#597 = CARTESIAN_POINT ( 'NONE',  ( 414.7163816014021336, 246.2149637462278520, 0.000000000000000000 ) ) ;
#598 = CARTESIAN_POINT ( 'NONE',  ( -516.8475155870182789, 608.4360902288422039, -6.329556556109037219E-14 ) ) ;
#599 = CARTESIAN_POINT ( 'NONE',  ( 522.0150086967655625, 634.0192586529894925, 0.000000000000000000 ) ) ;
#600 = CARTESIAN_POINT ( 'NONE',  ( 0.000000000000000000, 0.000000000000000000, 0.000000000000000000 ) ) ;
#601 = CARTESIAN_POINT ( 'NONE',  ( 549.5526435855181262, 793.6793343684049660, 1099.105287171036707 ) ) ;
#602 = CARTESIAN_POINT ( 'NONE',  ( 591.4048264916228845, 1221.236475941779190, 0.000000000000000000 ) ) ;
#603 = CARTESIAN_POINT ( 'NONE',  ( -553.5542152222286632, 821.2316593963181504, -6.779083978264275125E-14 ) ) ;
#604 = CARTESIAN_POINT ( 'NONE',  ( 549.5526435855183536, 793.6793343684049660, -1099.105287171036480 ) ) ;
#605 = CARTESIAN_POINT ( 'NONE',  ( -506.3249859602211131, 559.5095271258539924, 1012.649971920441885 ) ) ;
#606 = CARTESIAN_POINT ( 'NONE',  ( 596.1264399723652332, 1328.416246407401786, 0.000000000000000000 ) ) ;
#607 = CARTESIAN_POINT ( 'NONE',  ( -589.4581727385059366, 1186.890155784974468, -7.218780644754589328E-14 ) ) ;
#608 = CARTESIAN_POINT ( 'NONE',  ( -545.4637861300293480, 766.9100371097231346, -1090.927572260058696 ) ) ;
#609 = CARTESIAN_POINT ( 'NONE',  ( 532.1328012141526642, 687.5950690904639941, 1064.265602428305783 ) ) ;
#610 = CARTESIAN_POINT ( 'NONE',  ( 585.1088413878015899, 1121.103684535429466, 0.000000000000000000 ) ) ;
#611 = CARTESIAN_POINT ( 'NONE',  ( -464.5376808783925640, 396.6876406873780638, -5.688945839710580893E-14 ) ) ;
#612 = CARTESIAN_POINT ( 'NONE',  ( -527.1122417149807688, 660.3936236890350528, -6.455263196076370527E-14 ) ) ;
#613 = CARTESIAN_POINT ( 'NONE',  ( -300.7276951369711355, 1.261288032139384896, -3.682852092644527184E-14 ) ) ;
#614 = CARTESIAN_POINT ( 'NONE',  ( -516.8475155870183926, 608.4360902288420903, 1033.695031174036330 ) ) ;
#615 = CARTESIAN_POINT ( 'NONE',  ( 571.8278001368753394, 970.3806960306256997, 0.000000000000000000 ) ) ;
#616 = CARTESIAN_POINT ( 'NONE',  ( -422.3779882767470895, 267.0772831707110981, -5.172638513734166030E-14 ) ) ;
#617 = CARTESIAN_POINT ( 'NONE',  ( -477.0946355222255306, 441.2289959287484180, -5.842724182826666083E-14 ) ) ;
#618 = PRODUCT_DEFINITION_SHAPE ( 'NONE', 'NONE',  #358 ) ;
#619 = CARTESIAN_POINT ( 'NONE',  ( 300.0000000000001137, -1.469576158976824050E-13, 0.000000000000000000 ) ) ;
#620 = CARTESIAN_POINT ( 'NONE',  ( 582.7245998843268353, 1089.586779427181909, 1.427263632065525812E-13 ) ) ;
#621 = CARTESIAN_POINT ( 'NONE',  ( -599.9388346308753626, 1528.965494107641689, -7.347131735148946974E-14 ) ) ;
#622 = CARTESIAN_POINT ( 'NONE',  ( 597.2212293546015189, 1362.648515594186847, -1194.442458709202810 ) ) ;
#623 = CARTESIAN_POINT ( 'NONE',  ( 594.7912618128116264, 1293.042883294399189, 1.456818429879750021E-13 ) ) ;
#624 = CARTESIAN_POINT ( 'NONE',  ( -302.1815907602929201, 3.791891180091923719, -3.700657178858481372E-14 ) ) ;
#625 = CARTESIAN_POINT ( 'NONE',  ( 300.0000000000001137, -1.469576158976824050E-13, 7.347880794884121511E-14 ) ) ;
#626 = CARTESIAN_POINT ( 'NONE',  ( -585.1088413878014762, 1121.103684535429466, -1170.217682775602952 ) ) ;
#627 = CARTESIAN_POINT ( 'NONE',  ( -313.1569476320461831, 23.24295863856337974, -626.3138952640923662 ) ) ;
#628 = CARTESIAN_POINT ( 'NONE',  ( -580.2119759108906010, 1058.939454562337005, -7.105547391262333936E-14 ) ) ;
#629 = CARTESIAN_POINT ( 'NONE',  ( 339.1287351495265625, 72.40902382308013330, 8.306258399995163665E-14 ) ) ;
#630 = CARTESIAN_POINT ( 'NONE',  ( -564.9655323546784302, 908.9293106827929023, -6.918832308267373236E-14 ) ) ;
#631 = CARTESIAN_POINT ( 'NONE',  ( -582.7245998843269490, 1089.586779427181909, 1165.449199768653443 ) ) ;
#632 = CARTESIAN_POINT ( 'NONE',  ( -599.9040398013997901, 1521.592653262079693, -7.346705621383506286E-14 ) ) ;
#633 = CARTESIAN_POINT ( 'NONE',  ( 591.4048264916228845, 1221.236475941779190, -1182.809652983245542 ) ) ;
#634 = CARTESIAN_POINT ( 'NONE',  ( -594.7912618128117401, 1293.042883294399189, 1189.582523625623026 ) ) ;
#635 = DIRECTION ( 'NONE',  ( 0.000000000000000000, 0.000000000000000000, 1.000000000000000000 ) ) ;
#636 = CARTESIAN_POINT ( 'NONE',  ( 307.0520332822405862, 12.34052947881763629, 7.520605794615649960E-14 ) ) ;
#637 = CARTESIAN_POINT ( 'NONE',  ( 582.7245998843268353, 1089.586779427181909, 0.000000000000000000 ) ) ;
#638 = CARTESIAN_POINT ( 'NONE',  ( 599.9992416537596682, 1556.334263384735095, 1199.998483307520019 ) ) ;
#639 = CARTESIAN_POINT ( 'NONE',  ( 390.8827925813180286, 185.6363163778054854, 781.7655851626361709 ) ) ;
#640 = CARTESIAN_POINT ( 'NONE',  ( 301.4545952903223451, 2.525080347833104977, 0.000000000000000000 ) ) ;
#641 = CARTESIAN_POINT ( 'NONE',  ( -470.8346332563318697, 418.6212158933658998, -5.766061265450847172E-14 ) ) ;
#642 = CARTESIAN_POINT ( 'NONE',  ( 598.1035508342033609, 1395.657474263218546, 1196.207101668407404 ) ) ;
#643 = CARTESIAN_POINT ( 'NONE',  ( 451.1604958090746891, 352.5076564050648358, 902.3209916181497192 ) ) ;
#644 = CARTESIAN_POINT ( 'NONE',  ( 599.3956634885869335, 1464.310007509959632, -1198.791326977173412 ) ) ;
#645 = CARTESIAN_POINT ( 'NONE',  ( 406.7863060352285061, 225.3684893609968753, 0.000000000000000000 ) ) ;
#646 =( NAMED_UNIT ( * ) PLANE_ANGLE_UNIT ( ) SI_UNIT ( $, .RADIAN. ) );
#647 = CARTESIAN_POINT ( 'NONE',  ( -429.7804852401628750, 287.9407266304999666, -5.263292955853617234E-14 ) ) ;
#648 = CARTESIAN_POINT ( 'NONE',  ( -598.8312086249134154, 1429.533797435798306, -1197.662417249826831 ) ) ;
#649 = CARTESIAN_POINT ( 'NONE',  ( -464.5376808783925071, 396.6876406873780638, -929.0753617567850142 ) ) ;
#650 = CARTESIAN_POINT ( 'NONE',  ( -599.9040398013997901, 1521.592653262079693, -7.346705621383506286E-14 ) ) ;
#651 = CARTESIAN_POINT ( 'NONE',  ( 365.5211716822062726, 127.3451314695436025, 731.0423433644127726 ) ) ;
#652 = CARTESIAN_POINT ( 'NONE',  ( 599.9660792938466329, 1536.378287930155466, 0.000000000000000000 ) ) ;
#653 = CARTESIAN_POINT ( 'NONE',  ( 436.9325979622398108, 308.7902510376683836, -873.8651959244795080 ) ) ;
#654 = CARTESIAN_POINT ( 'NONE',  ( -406.7863060352286766, 225.3684893609968753, 813.5726120704567847 ) ) ;
#655 = CARTESIAN_POINT ( 'NONE',  ( -599.9040398013997901, 1521.592653262079693, -7.346705621383506286E-14 ) ) ;
#656 = CARTESIAN_POINT ( 'NONE',  ( -414.7163816014019631, 246.2149637462278235, -829.4327632028039261 ) ) ;
#657 = CARTESIAN_POINT ( 'NONE',  ( 522.0150086967655625, 634.0192586529894925, 1.278568019014743326E-13 ) ) ;
#658 = CARTESIAN_POINT ( 'NONE',  ( 598.8312086249135291, 1429.533797435798533, 0.000000000000000000 ) ) ;
#659 = CARTESIAN_POINT ( 'NONE',  ( -495.3712211616432342, 512.4550959246710136, -6.066547803853219669E-14 ) ) ;
#660 = CARTESIAN_POINT ( 'NONE',  ( -532.1328012141530053, 687.5950690904639941, 1064.265602428305783 ) ) ;
#661 = DIRECTION ( 'NONE',  ( 0.000000000000000000, 0.000000000000000000, 1.000000000000000000 ) ) ;
#662 = CARTESIAN_POINT ( 'NONE',  ( 541.2938998682150213, 740.8921638197317634, 0.000000000000000000 ) ) ;
#663 = ORIENTED_EDGE ( 'NONE', *, *, #332, .T. ) ;
#664 = CARTESIAN_POINT ( 'NONE',  ( -553.5542152222288905, 821.2316593963181504, 1107.108430444457326 ) ) ;
#665 = CARTESIAN_POINT ( 'NONE',  ( 406.7863060352285061, 225.3684893609968753, 0.000000000000000000 ) ) ;
#666 = CARTESIAN_POINT ( 'NONE',  ( -591.4048264916228845, 1221.236475941779190, -7.242620277632617307E-14 ) ) ;
#667 = CARTESIAN_POINT ( 'NONE',  ( -489.4861654804640239, 488.5920609844209253, -5.994476657825619283E-14 ) ) ;
#668 = CARTESIAN_POINT ( 'NONE',  ( -527.1122417149807688, 660.3936236890350528, -6.455263196076370527E-14 ) ) ;
#669 = CARTESIAN_POINT ( 'NONE',  ( 597.2212293546015189, 1362.648515594186847, 0.000000000000000000 ) ) ;
#670 = CARTESIAN_POINT ( 'NONE',  ( -406.7863060352285061, 225.3684893609968753, -4.981695476230182846E-14 ) ) ;
#671 = CARTESIAN_POINT ( 'NONE',  ( 483.3133833636756549, 464.5417465877324048, -966.6267667273510824 ) ) ;
#672 = CARTESIAN_POINT ( 'NONE',  ( 495.3712211616432342, 512.4550959246710136, 1.213309560770643934E-13 ) ) ;
#673 = CARTESIAN_POINT ( 'NONE',  ( 599.9992416537598956, 1556.334263384735095, 0.000000000000000000 ) ) ;
#674 = CARTESIAN_POINT ( 'NONE',  ( -470.8346332563318697, 418.6212158933658998, -5.766061265450847172E-14 ) ) ;
#675 = CARTESIAN_POINT ( 'NONE',  ( -516.8475155870181652, 608.4360902288420903, -1033.695031174036330 ) ) ;
#676 = DIRECTION ( 'NONE',  ( 0.000000000000000000, 1.000000000000000000, 0.000000000000000000 ) ) ;
#677 = CARTESIAN_POINT ( 'NONE',  ( -577.5788115433178973, 1029.127954779181891, -7.073300428118566486E-14 ) ) ;
#678 = CARTESIAN_POINT ( 'NONE',  ( 300.7276951369709650, 1.261288032139384674, 601.4553902739422711 ) ) ;
#679 = CARTESIAN_POINT ( 'NONE',  ( -557.4617848664938720, 849.6003339485760080, -1114.923569732987744 ) ) ;
#680 = ORIENTED_EDGE ( 'NONE', *, *, #81, .F. ) ;
#681 = CARTESIAN_POINT ( 'NONE',  ( 561.2681398423940209, 878.8205135461045074, 1122.536279684788497 ) ) ;
#682 = CARTESIAN_POINT ( 'NONE',  ( -300.2424176958850808, 0.4201739479408722056, -3.676909157995282630E-14 ) ) ;
#683 = CARTESIAN_POINT ( 'NONE',  ( -574.8324656277554823, 1000.120177319625213, -1149.664931255510965 ) ) ;
#684 = B_SPLINE_CURVE_WITH_KNOTS ( 'NONE', 3,
 ( #13, #384, #442, #507, #624, #128, #748, #261, #437, #304, #65, #193, #379, #566, #753, #555, #362, #357, #670, #438, #616, #46, #489, #805, #730, #497, #611, #674, #734, #53, #174, #795, #122, #102, #349, #598, #187, #286, #725, #540, #434, #429, #801, #603, #784, #425, #228, #290, #117, #107, #243, #295, #353, #545, #789, #607, #666, #112, #183, #494, #179, #300, #129, #749, #760, #512, #632, #621, #73, #194, #258, #375, #62 ),
 .UNSPECIFIED., .F., .F.,
 ( 4, 1, 1, 1, 1, 1, 1, 1, 1, 1, 1, 1, 1, 1, 1, 1, 1, 1, 1, 1, 1, 1, 1, 1, 1, 1, 1, 1, 1, 1, 1, 1, 1, 1, 1, 1, 1, 1, 1, 1, 1, 1, 1, 1, 1, 1, 1, 1, 1, 1, 1, 1, 1, 1, 1, 1, 1, 1, 1, 1, 1, 1, 1, 1, 1, 1, 1, 1, 1, 1, 4 ),
 ( 0.000000000000000000, 0.0009071124147667700404, 0.001815878951445021880, 0.002726306643239345424, 0.003638402555782880004, 0.008224155022121556677, 0.01471629175851154638, 0.02700432726839401693, 0.03862640181857510124, 0.05153648960649678812, 0.06376462490235042246, 0.07630797306016640080, 0.08918363824020975050, 0.1024098099855181576, 0.1160058519858473136, 0.1288114109647634509, 0.1419619955063133598, 0.1554755619815370304, 0.1693711975640669609, 0.1836692102833409057, 0.1970347459407678914, 0.2107679502562491702, 0.2248871396878136530, 0.2394117579817027219, 0.2543624628817961475, 0.2682005278358817746, 0.2824184849909650574, 0.2970343142717897789, 0.3120670601003983080, 0.3275369095586110335, 0.3434652773378983337, 0.3580271031172593266, 0.3729860643090328609, 0.3883600139394324802, 0.4041678178253005904, 0.4204294254041371914, 0.4371659464240926773, 0.4543997340560138043, 0.4721544750511463828, 0.4881369270805466787, 0.5045552308465633962, 0.5214281353110545858, 0.5387754133563901204, 0.5566179303845246729, 0.5749777183519311219, 0.5938780557392421278, 0.6133435540066008995, 0.6334002511440433025, 0.6510831036417287221, 0.6692388442038906815, 0.6878867233916912127, 0.7070469891331006007, 0.7267409498889144670, 0.7469910425468757609, 0.7678209054533868816, 0.7892554570325827079, 0.8113209804874140785, 0.8340452151271914305, 0.8574574549216010810, 0.8775154942552635395, 0.8980916307627735407, 0.9192056210783675629, 0.9408781809228414783, 0.9631310418545688812, 0.9721997419188020961, 0.9767707444099633651, 0.9813664366248996407, 0.9859870119853061388, 0.9906326658266185747, 0.9953035954208894198, 1.000000000000000000 ),
 .UNSPECIFIED. ) ;
#685 = CARTESIAN_POINT ( 'NONE',  ( 557.4617848664938720, 849.6003339485760080, 1.365387580967444381E-13 ) ) ;
#686 = CARTESIAN_POINT ( 'NONE',  ( -339.1287351495266194, 72.40902382308013330, 678.2574702990531250 ) ) ;
#687 = CARTESIAN_POINT ( 'NONE',  ( 587.3563386269929651, 1153.525682644557719, 0.000000000000000000 ) ) ;
#688 = CARTESIAN_POINT ( 'NONE',  ( 339.1287351495265625, 72.40902382308013330, 0.000000000000000000 ) ) ;
#689 = CARTESIAN_POINT ( 'NONE',  ( -568.5456365959804543, 939.9659286515961867, -6.962675940264617898E-14 ) ) ;
#690 = CIRCLE ( 'NONE', #381, 599.9999999999996589 ) ;
#691 = CARTESIAN_POINT ( 'NONE',  ( 303.8841204968790635, 6.765962662568932195, 607.7682409937583543 ) ) ;
#692 = CARTESIAN_POINT ( 'NONE',  ( 580.2119759108906010, 1058.939454562337005, 0.000000000000000000 ) ) ;
#693 = CARTESIAN_POINT ( 'NONE',  ( 589.4581727385059366, 1186.890155784974468, 1.443756128950917866E-13 ) ) ;
#694 = CARTESIAN_POINT ( 'NONE',  ( 0.000000000000000000, -1.469576158976824050E-13, 0.000000000000000000 ) ) ;
#695 = CARTESIAN_POINT ( 'NONE',  ( -303.8841204968791772, 6.765962662568933084, -3.721507154782116972E-14 ) ) ;
#696 = CARTESIAN_POINT ( 'NONE',  ( 596.1264399723652332, 1328.416246407402014, -1192.252879944730239 ) ) ;
#697 = CARTESIAN_POINT ( 'NONE',  ( -339.1287351495265625, 72.40902382308013330, -4.153129199997581832E-14 ) ) ;
#698 = CARTESIAN_POINT ( 'NONE',  ( 599.9977290748232690, 1551.324959609682310, 1.469570596814326331E-13 ) ) ;
#699 = CARTESIAN_POINT ( 'NONE',  ( 464.5376808783925640, 396.6876406873780638, 1.137789167942116179E-13 ) ) ;
#700 = CARTESIAN_POINT ( 'NONE',  ( -599.7069013257056440, 1492.647691183510233, -7.344291371351031251E-14 ) ) ;
#701 = CARTESIAN_POINT ( 'NONE',  ( -320.9502774678028345, 37.51176432242110792, -641.9005549356056690 ) ) ;
#702 = CARTESIAN_POINT ( 'NONE',  ( -599.9388346308754763, 1528.965494107641462, 1199.877669261750498 ) ) ;
#703 = CARTESIAN_POINT ( 'NONE',  ( 374.2315402863979443, 146.7052958872110082, 748.4630805727962297 ) ) ;
#704 = CARTESIAN_POINT ( 'NONE',  ( 599.8477731059000462, 1511.841199725766728, -1199.695546211799638 ) ) ;
#705 = CARTESIAN_POINT ( 'NONE',  ( 365.5211716822063863, 127.3451314695436025, -731.0423433644126590 ) ) ;
#706 = CARTESIAN_POINT ( 'NONE',  ( -599.9388346308753626, 1528.965494107641689, -7.347131735148946974E-14 ) ) ;
#707 = EDGE_CURVE ( 'NONE', #213, #248, #684, .T. ) ;
#708 = CARTESIAN_POINT ( 'NONE',  ( -422.3779882767470895, 267.0772831707110981, -5.172638513734166030E-14 ) ) ;
#709 = CARTESIAN_POINT ( 'NONE',  ( 300.2424176958850808, 0.4201739479408722056, 0.000000000000000000 ) ) ;
#710 = CARTESIAN_POINT ( 'NONE',  ( -457.9828118401915731, 374.6428644343479846, -915.9656236803831462 ) ) ;
#711 = CARTESIAN_POINT ( 'NONE',  ( 599.8477731058997051, 1511.841199725766728, 1199.695546211800092 ) ) ;
#712 = CARTESIAN_POINT ( 'NONE',  ( -429.7804852401630455, 287.9407266304999666, 859.5609704803255227 ) ) ;
#713 = CARTESIAN_POINT ( 'NONE',  ( -599.9040398013997901, 1521.592653262079466, -1199.808079602799580 ) ) ;
#714 = CARTESIAN_POINT ( 'NONE',  ( -414.7163816014021336, 246.2149637462278520, -5.078810892821294156E-14 ) ) ;
#715 = CARTESIAN_POINT ( 'NONE',  ( -451.1604958090748596, 352.5076564050648358, -5.525122570943164136E-14 ) ) ;
#716 = CARTESIAN_POINT ( 'NONE',  ( 300.7276951369711355, 1.261288032139384896, 0.000000000000000000 ) ) ;
#717 = CIRCLE ( 'NONE', #486, 300.0000000000001137 ) ;
#718 = CARTESIAN_POINT ( 'NONE',  ( 451.1604958090748596, 352.5076564050648358, 0.000000000000000000 ) ) ;
#719 = VERTEX_POINT ( 'NONE', #14 ) ;
#720 = CARTESIAN_POINT ( 'NONE',  ( 500.9804709845890898, 536.1037048623677492, 1.227048260453220903E-13 ) ) ;
#721 = CARTESIAN_POINT ( 'NONE',  ( 527.1122417149807688, 660.3936236890350528, 0.000000000000000000 ) ) ;
#722 = CARTESIAN_POINT ( 'NONE',  ( -451.1604958090748596, 352.5076564050648358, -5.525122570943164136E-14 ) ) ;
#723 = CARTESIAN_POINT ( 'NONE',  ( 527.1122417149804278, 660.3936236890351665, 1054.224483429961310 ) ) ;
#724 = CARTESIAN_POINT ( 'NONE',  ( 599.9999999999996589, 1558.845726811990062, 0.000000000000000000 ) ) ;
#725 = CARTESIAN_POINT ( 'NONE',  ( -532.1328012141530053, 687.5950690904639941, -6.516747317282272150E-14 ) ) ;
#726 = CARTESIAN_POINT ( 'NONE',  ( 536.8549585477533128, 714.4405508338938944, -1073.709917095506398 ) ) ;
#727 = DIRECTION ( 'NONE',  ( 0.000000000000000000, 0.000000000000000000, 1.000000000000000000 ) ) ;
#728 = CARTESIAN_POINT ( 'NONE',  ( 477.0946355222255306, 441.2289959287484180, 1.168544836565333217E-13 ) ) ;
#729 = CARTESIAN_POINT ( 'NONE',  ( 564.9655323546784302, 908.9293106827929023, 0.000000000000000000 ) ) ;
#730 = CARTESIAN_POINT ( 'NONE',  ( -451.1604958090748596, 352.5076564050648358, -5.525122570943164136E-14 ) ) ;
#731 = CARTESIAN_POINT ( 'NONE',  ( 532.1328012141528916, 687.5950690904639941, -1064.265602428305783 ) ) ;
#732 = CARTESIAN_POINT ( 'NONE',  ( 483.3133833636753707, 464.5417465877324048, 966.6267667273510824 ) ) ;
#733 = CARTESIAN_POINT ( 'NONE',  ( 532.1328012141530053, 687.5950690904639941, 0.000000000000000000 ) ) ;
#734 = CARTESIAN_POINT ( 'NONE',  ( -477.0946355222255306, 441.2289959287484180, -5.842724182826666083E-14 ) ) ;
#735 = CARTESIAN_POINT ( 'NONE',  ( -553.5542152222286632, 821.2316593963181504, -1107.108430444457326 ) ) ;
#736 = CARTESIAN_POINT ( 'NONE',  ( 303.8841204968791772, 6.765962662568933084, 0.000000000000000000 ) ) ;
#737 = CARTESIAN_POINT ( 'NONE',  ( 489.4861654804640239, 488.5920609844209253, 1.198895331565123857E-13 ) ) ;
#738 = CARTESIAN_POINT ( 'NONE',  ( 589.4581727385059366, 1186.890155784974468, 0.000000000000000000 ) ) ;
#739 = CARTESIAN_POINT ( 'NONE',  ( 527.1122417149807688, 660.3936236890350528, 0.000000000000000000 ) ) ;
#740 = PRODUCT ( 'mycpc01', 'mycpc01', '', ( #104 ) ) ;
#741 = CARTESIAN_POINT ( 'NONE',  ( 574.8324656277555960, 1000.120177319625100, 1.407933478154023597E-13 ) ) ;
#742 = CARTESIAN_POINT ( 'NONE',  ( -516.8475155870182789, 608.4360902288422039, -6.329556556109037219E-14 ) ) ;
#743 = CARTESIAN_POINT ( 'NONE',  ( 300.2424176958850808, 0.4201739479408722056, 0.000000000000000000 ) ) ;
#744 = CARTESIAN_POINT ( 'NONE',  ( 568.5456365959801133, 939.9659286515961867, 1137.091273191960909 ) ) ;
#745 = CARTESIAN_POINT ( 'NONE',  ( -307.0520332822405862, 12.34052947881763629, -3.760302897307824980E-14 ) ) ;
#746 = CARTESIAN_POINT ( 'NONE',  ( -568.5456365959804543, 939.9659286515961867, -6.962675940264617898E-14 ) ) ;
#747 = CARTESIAN_POINT ( 'NONE',  ( -591.4048264916228845, 1221.236475941779190, -7.242620277632617307E-14 ) ) ;
#748 = CARTESIAN_POINT ( 'NONE',  ( -307.0520332822405862, 12.34052947881763629, -3.760302897307824980E-14 ) ) ;
#749 = CARTESIAN_POINT ( 'NONE',  ( -599.3956634885868198, 1464.310007509959632, -7.340479807141019053E-14 ) ) ;
#750 = CARTESIAN_POINT ( 'NONE',  ( 564.9655323546784302, 908.9293106827929023, 0.000000000000000000 ) ) ;
#751 = CARTESIAN_POINT ( 'NONE',  ( 330.1614528118299177, 54.91489053981106849, -660.3229056236597216 ) ) ;
#752 = CARTESIAN_POINT ( 'NONE',  ( -571.8278001368754531, 970.3806960306258134, 1143.655600273750224 ) ) ;
#753 = CARTESIAN_POINT ( 'NONE',  ( -374.2315402863981149, 146.7052958872110082, -4.583014579517211861E-14 ) ) ;
#754 = CARTESIAN_POINT ( 'NONE',  ( -302.1815907602929201, 3.791891180091923719, -3.700657178858481372E-14 ) ) ;
#755 = CARTESIAN_POINT ( 'NONE',  ( -574.8324656277555960, 1000.120177319625100, -7.039667390770117984E-14 ) ) ;
#756 = CARTESIAN_POINT ( 'NONE',  ( 577.5788115433178973, 1029.127954779181891, 1.414660085623713297E-13 ) ) ;
#757 = CARTESIAN_POINT ( 'NONE',  ( -300.0000000000001137, -1.469576158976824050E-13, -3.673940397442060756E-14 ) ) ;
#758 = CARTESIAN_POINT ( 'NONE',  ( 561.2681398423942483, 878.8205135461045074, -1122.536279684788269 ) ) ;
#759 = CARTESIAN_POINT ( 'NONE',  ( 596.1264399723652332, 1328.416246407401786, 1.460088673198527888E-13 ) ) ;
#760 = CARTESIAN_POINT ( 'NONE',  ( -599.7069013257056440, 1492.647691183510233, -7.344291371351031251E-14 ) ) ;
#761 = CARTESIAN_POINT ( 'NONE',  ( 302.1815907602929201, 3.791891180091923719, 0.000000000000000000 ) ) ;
#762 = CARTESIAN_POINT ( 'NONE',  ( 599.9388346308750215, 1528.965494107641462, 1199.877669261750725 ) ) ;
#763 = CARTESIAN_POINT ( 'NONE',  ( -457.9828118401916868, 374.6428644343480414, -5.608671845845952963E-14 ) ) ;
#764 = CARTESIAN_POINT ( 'NONE',  ( -599.9660792938466329, 1536.378287930155466, -7.347465386041962961E-14 ) ) ;
#765 = CARTESIAN_POINT ( 'NONE',  ( 477.0946355222255306, 441.2289959287484180, 0.000000000000000000 ) ) ;
#766 = CARTESIAN_POINT ( 'NONE',  ( -599.9999999999996589, 1558.845726811990062, -7.347880794884115200E-14 ) ) ;
#767 = CARTESIAN_POINT ( 'NONE',  ( -374.2315402863981149, 146.7052958872110082, -4.583014579517211861E-14 ) ) ;
#768 = CARTESIAN_POINT ( 'NONE',  ( 330.1614528118299177, 54.91489053981106139, 0.000000000000000000 ) ) ;
#769 = CARTESIAN_POINT ( 'NONE',  ( 477.0946355222255875, 441.2289959287483612, -954.1892710444509476 ) ) ;
#770 = CARTESIAN_POINT ( 'NONE',  ( 599.7069013257056440, 1492.647691183510233, 1.468858274270206250E-13 ) ) ;
#771 = CARTESIAN_POINT ( 'NONE',  ( 406.7863060352283355, 225.3684893609968753, 813.5726120704570121 ) ) ;
#772 = CARTESIAN_POINT ( 'NONE',  ( -599.9992416537598956, 1556.334263384735095, -7.347871507821163721E-14 ) ) ;
#773 = CARTESIAN_POINT ( 'NONE',  ( 429.7804852401628750, 287.9407266304999666, -859.5609704803255227 ) ) ;
#774 = CARTESIAN_POINT ( 'NONE',  ( -599.9040398013999038, 1521.592653262079466, 1199.808079602799580 ) ) ;
#775 = CARTESIAN_POINT ( 'NONE',  ( 365.5211716822064432, 127.3451314695436025, 8.952686658424085692E-14 ) ) ;
#776 = CARTESIAN_POINT ( 'NONE',  ( -599.9660792938465192, 1536.378287930155466, -1199.932158587693038 ) ) ;
#777 = CARTESIAN_POINT ( 'NONE',  ( 374.2315402863981149, 146.7052958872110082, -748.4630805727960023 ) ) ;
#778 = CARTESIAN_POINT ( 'NONE',  ( 422.3779882767468621, 267.0772831707110981, 844.7559765534940652 ) ) ;
#779 = CARTESIAN_POINT ( 'NONE',  ( 483.3133833636756549, 464.5417465877323480, 0.000000000000000000 ) ) ;
#780 = CARTESIAN_POINT ( 'NONE',  ( 470.8346332563318697, 418.6212158933658998, 0.000000000000000000 ) ) ;
#781 = APPLICATION_PROTOCOL_DEFINITION ( 'draft international standard', 'automotive_design', 1998, #38 ) ;
#782 = CARTESIAN_POINT ( 'NONE',  ( 545.4637861300294617, 766.9100371097231346, 1.336000959469874002E-13 ) ) ;
#783 = CARTESIAN_POINT ( 'NONE',  ( 594.7912618128116264, 1293.042883294399189, 0.000000000000000000 ) ) ;
#784 = CARTESIAN_POINT ( 'NONE',  ( -557.4617848664938720, 849.6003339485760080, -6.826937904837221903E-14 ) ) ;
#785 = CARTESIAN_POINT ( 'NONE',  ( -532.1328012141528916, 687.5950690904639941, -1064.265602428305783 ) ) ;
#786 = CARTESIAN_POINT ( 'NONE',  ( -300.2424176958849671, 0.4201739479408722611, -600.4848353917699342 ) ) ;
#787 = CARTESIAN_POINT ( 'NONE',  ( -541.2938998682150213, 740.8921638197317634, -6.628938418715973433E-14 ) ) ;
#788 = CARTESIAN_POINT ( 'NONE',  ( 356.8051078314693996, 108.6066326053554434, 0.000000000000000000 ) ) ;
#789 = CARTESIAN_POINT ( 'NONE',  ( -587.3563386269929651, 1153.525682644557719, -7.193040600584557802E-14 ) ) ;
#790 = CARTESIAN_POINT ( 'NONE',  ( 516.8475155870182789, 608.4360902288422039, 0.000000000000000000 ) ) ;
#791 = CARTESIAN_POINT ( 'NONE',  ( 301.4545952903224020, 2.525080347833104977, -602.9091905806446903 ) ) ;
#792 = EDGE_CURVE ( 'NONE', #248, #719, #409, .T. ) ;
#793 = CARTESIAN_POINT ( 'NONE',  ( -500.9804709845891466, 536.1037048623678629, 1001.960941969177952 ) ) ;
#794 = CARTESIAN_POINT ( 'NONE',  ( 429.7804852401628750, 287.9407266304999666, 0.000000000000000000 ) ) ;
#795 = CARTESIAN_POINT ( 'NONE',  ( -495.3712211616432342, 512.4550959246710136, -6.066547803853219669E-14 ) ) ;
#796 = CARTESIAN_POINT ( 'NONE',  ( 495.3712211616432342, 512.4550959246710136, 0.000000000000000000 ) ) ;
#797 = CIRCLE ( 'NONE', #367, 300.0000000000001137 ) ;
#798 = CARTESIAN_POINT ( 'NONE',  ( 300.0000000000001137, -1.469576158976824050E-13, 0.000000000000000000 ) ) ;
#799 = CARTESIAN_POINT ( 'NONE',  ( -489.4861654804641375, 488.5920609844209253, 978.9723309609277067 ) ) ;
#800 = CARTESIAN_POINT ( 'NONE',  ( 599.3956634885868198, 1464.310007509959632, 0.000000000000000000 ) ) ;
#801 = CARTESIAN_POINT ( 'NONE',  ( -549.5526435855183536, 793.6793343684049660, -6.730078859299712815E-14 ) ) ;
#802 = CARTESIAN_POINT ( 'NONE',  ( 557.4617848664938720, 849.6003339485760080, 0.000000000000000000 ) ) ;
#803 = CARTESIAN_POINT ( 'NONE',  ( -301.4545952903223451, 2.525080347833104977, -602.9091905806446903 ) ) ;
#804 = CARTESIAN_POINT ( 'NONE',  ( 589.4581727385055956, 1186.890155784974695, 1178.916345477011873 ) ) ;
#805 = CARTESIAN_POINT ( 'NONE',  ( -444.0604751847844796, 330.3020676584939679, -5.438172395628990172E-14 ) ) ;
#806 = ADVANCED_FACE ( 'NONE', ( #125 ), #136, .T. ) ;
ENDSEC;
END-ISO-10303-21;
