ISO-10303-21;
HEADER;
FILE_DESCRIPTION (( 'STEP AP214' ),
    '1' );
FILE_NAME ('mycpc02.STEP',
    '2026-04-29T02:57:26',
    ( '' ),
    ( '' ),
    'SwSTEP 2.0',
    'SolidWorks 2025',
    '' );
FILE_SCHEMA (( 'AUTOMOTIVE_DESIGN' ));
ENDSEC;

DATA;
#1 = CARTESIAN_POINT ( 'NONE',  ( -367.4916815328940061, 151.5697963697261912, -4.500475115025371232E-14 ) ) ;
#2 = DIRECTION ( 'NONE',  ( 0.000000000000000000, 0.000000000000000000, 1.000000000000000000 ) ) ;
#3 = CARTESIAN_POINT ( 'NONE',  ( -433.7802019263358488, 465.7598224175169435, -5.312275358225797688E-14 ) ) ;
#4 = PLANE ( 'NONE',  #644 ) ;
#5 = CARTESIAN_POINT ( 'NONE',  ( 443.4134236223975449, 572.9574389393143292, 0.000000000000000000 ) ) ;
#6 = CARTESIAN_POINT ( 'NONE',  ( 378.4819444270327722, 185.6895371984949747, 0.000000000000000000 ) ) ;
#7 = ORIENTED_EDGE ( 'NONE', *, *, #1322, .F. ) ;
#8 = CARTESIAN_POINT ( 'NONE',  ( -430.0613133062227575, 435.0236471967353964, 860.1226266124451740 ) ) ;
#9 = CARTESIAN_POINT ( 'NONE',  ( -352.7757028338580199, 111.1483052248220389, -705.5514056677161534 ) ) ;
#10 = CARTESIAN_POINT ( 'NONE',  ( 361.8005201769570931, 135.2937921389014377, 723.6010403539145273 ) ) ;
#11 = CARTESIAN_POINT ( 'NONE',  ( -300.3041139182103052, 0.5276647206716471583, -3.677664718807184237E-14 ) ) ;
#12 = CARTESIAN_POINT ( 'NONE',  ( 440.0731086445007918, 529.1955128393644827, 0.000000000000000000 ) ) ;
#13 = CARTESIAN_POINT ( 'NONE',  ( -449.8952350967214215, 751.6188656426777470, 899.7904701934422746 ) ) ;
#14 = CARTESIAN_POINT ( 'NONE',  ( 441.1380501591766574, 542.0164723040693389, 0.000000000000000000 ) ) ;
#15 = CARTESIAN_POINT ( 'NONE',  ( -375.2200847694670642, 175.1731919332814016, -4.595120757887263209E-14 ) ) ;
#16 = CARTESIAN_POINT ( 'NONE',  ( 422.9880559101889617, 385.1158031279992429, 1.036021937495949162E-13 ) ) ;
#17 = CARTESIAN_POINT ( 'NONE',  ( -366.2923752197078784, 148.0707464742114894, -4.485787848648965041E-14 ) ) ;
#18 = CARTESIAN_POINT ( 'NONE',  ( -449.9550265261104300, 760.7757896238389321, -5.510359829954634719E-14 ) ) ;
#19 = CARTESIAN_POINT ( 'NONE',  ( -430.9587546403485021, 442.0931473700276797, -5.277722594348323214E-14 ) ) ;
#20 = DIRECTION ( 'NONE',  ( 0.000000000000000000, -0.000000000000000000, 1.000000000000000000 ) ) ;
#21 = CARTESIAN_POINT ( 'NONE',  ( 421.4840143380070572, 375.6663424120733907, 0.000000000000000000 ) ) ;
#22 = CARTESIAN_POINT ( 'NONE',  ( 392.7382732127737199, 236.5032394561025058, -785.4765464255470988 ) ) ;
#23 = EDGE_LOOP ( 'NONE', ( #572, #580 ) ) ;
#24 = CARTESIAN_POINT ( 'NONE',  ( 435.6513965402255053, 482.8324328370171656, 1.067038176634122964E-13 ) ) ;
#25 = CARTESIAN_POINT ( 'NONE',  ( -389.8644680737890553, 225.5585058650239603, -4.774462729278512572E-14 ) ) ;
#26 = CARTESIAN_POINT ( 'NONE',  ( -317.3191178372485979, 31.83527050590881302, -3.886038419676482287E-14 ) ) ;
#27 = CARTESIAN_POINT ( 'NONE',  ( 448.4807600431412880, 677.1928808586594641, -896.9615200862823485 ) ) ;
#28 = CARTESIAN_POINT ( 'NONE',  ( 449.9550265261104300, 760.7757896238389321, 1.102071965990926944E-13 ) ) ;
#29 = CARTESIAN_POINT ( 'NONE',  ( 447.0175151232443795, 637.8691083281499914, 0.000000000000000000 ) ) ;
#30 = CARTESIAN_POINT ( 'NONE',  ( 389.8644680737890553, 225.5585058650239887, -779.7289361475778833 ) ) ;
#31 = EDGE_CURVE ( 'NONE', #1084, #1482, #340, .T. ) ;
#32 = CARTESIAN_POINT ( 'NONE',  ( 439.3463794696941704, 520.8441410688174074, 878.6927589393886819 ) ) ;
#33 = CARTESIAN_POINT ( 'NONE',  ( 380.2555564936563997, 191.5615369250680828, 760.5111129873131404 ) ) ;
#34 = CARTESIAN_POINT ( 'NONE',  ( -310.6387375854795323, 19.10038073009931026, -3.804227356752321079E-14 ) ) ;
#35 = CARTESIAN_POINT ( 'NONE',  ( 340.9869127854571502, 82.29395848161286153, 681.9738255709146415 ) ) ;
#36 = CARTESIAN_POINT ( 'NONE',  ( 443.4134236223975449, 572.9574389393143292, -886.8268472447947488 ) ) ;
#37 = CARTESIAN_POINT ( 'NONE',  ( 312.7624018460877551, 23.08594443283053366, 0.000000000000000000 ) ) ;
#38 = CARTESIAN_POINT ( 'NONE',  ( -359.9995564071015792, 130.3183851932814719, -4.408723044484239883E-14 ) ) ;
#39 = CARTESIAN_POINT ( 'NONE',  ( 403.1983722761684703, 279.9750652625070302, -806.3967445523368269 ) ) ;
#40 = CARTESIAN_POINT ( 'NONE',  ( 314.5851598764550090, 26.55214560930205181, 0.000000000000000000 ) ) ;
#41 = CARTESIAN_POINT ( 'NONE',  ( -386.6715329730828898, 213.8538441077485004, -4.735360551768862094E-14 ) ) ;
#42 = CARTESIAN_POINT ( 'NONE',  ( -307.0101319898756174, 12.41491455619447137, -3.759789754472076008E-14 ) ) ;
#43 = CARTESIAN_POINT ( 'NONE',  ( 329.1690901697941740, 55.97078374784142341, 658.3381803395886891 ) ) ;
#44 = CARTESIAN_POINT ( 'NONE',  ( -448.1263041965325442, 666.4164073160579846, -896.2526083930650884 ) ) ;
#45 = CARTESIAN_POINT ( 'NONE',  ( 311.8509950053311286, 21.36929185693822930, -623.7019900106621435 ) ) ;
#46 = CARTESIAN_POINT ( 'NONE',  ( -375.2200847694670642, 175.1731919332814016, -4.595120757887263209E-14 ) ) ;
#47 = CIRCLE ( 'NONE', #1701, 300.0000000000000000 ) ;
#48 = CARTESIAN_POINT ( 'NONE',  ( -399.5589657608252310, 264.1419080078630373, -799.1179315216504619 ) ) ;
#49 = CARTESIAN_POINT ( 'NONE',  ( 300.3041139182103052, 0.5276647206716471583, 0.000000000000000000 ) ) ;
#50 = CARTESIAN_POINT ( 'NONE',  ( 380.2555564936566270, 191.5615369250680544, 9.313575002359042745E-14 ) ) ;
#51 = CARTESIAN_POINT ( 'NONE',  ( -314.5851598764550090, 26.55214560930205181, -3.852557091019590099E-14 ) ) ;
#52 = CARTESIAN_POINT ( 'NONE',  ( 332.5027194375756494, 63.15685707199239829, 8.143967821340348435E-14 ) ) ;
#53 = EDGE_CURVE ( 'NONE', #827, #459, #1526, .T. ) ;
#54 = CARTESIAN_POINT ( 'NONE',  ( 446.1887598532231323, 620.3061465895898436, -892.3775197064462645 ) ) ;
#55 = CARTESIAN_POINT ( 'NONE',  ( -311.8509950053311286, 21.36929185693822930, -3.819073228441960271E-14 ) ) ;
#56 = CARTESIAN_POINT ( 'NONE',  ( -343.7115661145069225, 88.71620200011015811, -4.209252692720547426E-14 ) ) ;
#57 = CARTESIAN_POINT ( 'NONE',  ( -317.3191178372485979, 31.83527050590881302, -3.886038419676482287E-14 ) ) ;
#58 = CARTESIAN_POINT ( 'NONE',  ( -401.2420184519250483, 271.3658194168942828, -802.4840369038500967 ) ) ;
#59 = CARTESIAN_POINT ( 'NONE',  ( 337.3511553025019225, 73.93874234392640687, 0.000000000000000000 ) ) ;
#60 = CARTESIAN_POINT ( 'NONE',  ( 378.4819444270327722, 185.6895371984949747, 9.270134035552641759E-14 ) ) ;
#61 = CARTESIAN_POINT ( 'NONE',  ( 309.4234766555369447, 16.84729338164315493, 7.578689405344982169E-14 ) ) ;
#62 = CARTESIAN_POINT ( 'NONE',  ( -338.5669797427777894, 76.70280405492755449, 677.1339594855553514 ) ) ;
#63 = CARTESIAN_POINT ( 'NONE',  ( 447.0175151232443227, 637.8691083281499914, -894.0350302464885317 ) ) ;
#64 = CARTESIAN_POINT ( 'NONE',  ( 310.6387375854795323, 19.10038073009931026, -621.2774751709589509 ) ) ;
#65 = CARTESIAN_POINT ( 'NONE',  ( -340.9869127854572639, 82.29395848161286153, -4.175885312938479573E-14 ) ) ;
#66 = CARTESIAN_POINT ( 'NONE',  ( 399.5589657608252878, 264.1419080078630373, 0.000000000000000000 ) ) ;
#67 = CARTESIAN_POINT ( 'NONE',  ( 435.0359602133069075, 477.0785012105251326, 870.0719204266141560 ) ) ;
#68 = CARTESIAN_POINT ( 'NONE',  ( 342.8035761609367000, 86.56030075998957329, 0.000000000000000000 ) ) ;
#69 = CARTESIAN_POINT ( 'NONE',  ( -397.8665681703188284, 257.0469639075939199, 795.7331363406373157 ) ) ;
#70 = CARTESIAN_POINT ( 'NONE',  ( -340.9869127854572639, 82.29395848161286153, -4.175885312938479573E-14 ) ) ;
#71 = CARTESIAN_POINT ( 'NONE',  ( 449.9929403194584552, 770.0573777774004611, 0.000000000000000000 ) ) ;
#72 = CARTESIAN_POINT ( 'NONE',  ( -316.4078259143907417, 30.06290921049094322, -632.8156518287814833 ) ) ;
#73 = CARTESIAN_POINT ( 'NONE',  ( -434.4121444376619365, 471.3879647602099681, -5.320014421963203656E-14 ) ) ;
#74 = CARTESIAN_POINT ( 'NONE',  ( 398.7139109958060885, 260.5785224407547389, 0.000000000000000000 ) ) ;
#75 = CARTESIAN_POINT ( 'NONE',  ( 433.1402902062902740, 460.1931075416540580, 1.060887739965778067E-13 ) ) ;
#76 = CARTESIAN_POINT ( 'NONE',  ( 300.9137384971901383, 1.585417634694873179, 0.000000000000000000 ) ) ;
#77 = CARTESIAN_POINT ( 'NONE',  ( -411.9126884475714974, 321.7139196301515085, -5.044475554354994005E-14 ) ) ;
#78 = CARTESIAN_POINT ( 'NONE',  ( 354.6022887968622399, 115.8622802326724468, 709.2045775937248209 ) ) ;
#79 = CARTESIAN_POINT ( 'NONE',  ( -330.9899787520518544, 59.87132512514246940, -4.053458180285507746E-14 ) ) ;
#80 = CARTESIAN_POINT ( 'NONE',  ( -415.9182375164572250, 342.9492738428659777, -5.093529382815379283E-14 ) ) ;
#81 = CARTESIAN_POINT ( 'NONE',  ( 427.5315438096262142, 416.0915530535465905, -855.0630876192522010 ) ) ;
#82 = CARTESIAN_POINT ( 'NONE',  ( 441.1380501591766574, 542.0164723040693389, 1.080476602219080582E-13 ) ) ;
#83 = CARTESIAN_POINT ( 'NONE',  ( 374.3312445001943161, 172.3648994261940288, 0.000000000000000000 ) ) ;
#84 = CARTESIAN_POINT ( 'NONE',  ( -370.1756294359866502, 159.5603708071235758, -740.3512588719735277 ) ) ;
#85 = CARTESIAN_POINT ( 'NONE',  ( -405.6855383398698223, 291.3010017312274158, -4.968214959882923633E-14 ) ) ;
#86 = CARTESIAN_POINT ( 'NONE',  ( -345.5267892906899760, 93.07428040764980892, -4.231482765245054135E-14 ) ) ;
#87 = CARTESIAN_POINT ( 'NONE',  ( -327.3478490187359853, 52.12236227597237814, -654.6956980374719706 ) ) ;
#88 = CARTESIAN_POINT ( 'NONE',  ( -428.4554098252301060, 422.8681554810327157, -5.247065462198354491E-14 ) ) ;
#89 = CARTESIAN_POINT ( 'NONE',  ( 424.6949770558659907, 396.3163579969668717, -849.3899541117317540 ) ) ;
#90 = CARTESIAN_POINT ( 'NONE',  ( -444.0174820549967762, 582.1314791294200859, -5.437645881641192088E-14 ) ) ;
#91 = CARTESIAN_POINT ( 'NONE',  ( 398.7139109958060885, 260.5785224407547389, 0.000000000000000000 ) ) ;
#92 = CARTESIAN_POINT ( 'NONE',  ( 362.7001555193988338, 137.8100614635042689, -725.4003110387975539 ) ) ;
#93 = CARTESIAN_POINT ( 'NONE',  ( -405.6855383398699360, 291.3010017312274158, 811.3710766797393035 ) ) ;
#94 = CARTESIAN_POINT ( 'NONE',  ( -354.6022887968625241, 115.8622802326724468, 709.2045775937247072 ) ) ;
#95 = DIRECTION ( 'NONE',  ( 0.000000000000000000, 0.000000000000000000, 1.000000000000000000 ) ) ;
#96 = CARTESIAN_POINT ( 'NONE',  ( 324.6080142609620793, 46.43644489156206134, -649.2160285219240450 ) ) ;
#97 = CARTESIAN_POINT ( 'NONE',  ( -420.4762685218282172, 369.4928716673780400, -5.149349163626799311E-14 ) ) ;
#98 = CARTESIAN_POINT ( 'NONE',  ( -413.8104715415254873, 331.5419608905357904, -5.067716694269861153E-14 ) ) ;
#99 = CARTESIAN_POINT ( 'NONE',  ( -446.1887598532231891, 620.3061465895898436, -5.464236365697768616E-14 ) ) ;
#100 = CARTESIAN_POINT ( 'NONE',  ( 392.7382732127737199, 236.5032394561024773, 0.000000000000000000 ) ) ;
#101 = CARTESIAN_POINT ( 'NONE',  ( -373.4414758489530755, 169.5790737046114316, -4.573339080672840260E-14 ) ) ;
#102 = CARTESIAN_POINT ( 'NONE',  ( 409.7802015244602671, 310.9180560347057849, 1.003672024301775185E-13 ) ) ;
#103 = CARTESIAN_POINT ( 'NONE',  ( -351.8707807795600502, 108.8310705285145019, -4.309174253951682695E-14 ) ) ;
#104 = CARTESIAN_POINT ( 'NONE',  ( 450.0000000000000000, 779.4228600000000142, 0.000000000000000000 ) ) ;
#105 = CARTESIAN_POINT ( 'NONE',  ( -337.3511553025019225, 73.93874234392640687, -674.7023106050038450 ) ) ;
#106 = EDGE_CURVE ( 'NONE', #1179, #589, #1255, .T. ) ;
#107 = CARTESIAN_POINT ( 'NONE',  ( -417.9410316383499548, 354.4818267995210590, -5.118301466282479667E-14 ) ) ;
#108 = CARTESIAN_POINT ( 'NONE',  ( 413.8104715415255441, 331.5419608905357904, -827.6209430830508609 ) ) ;
#109 = CARTESIAN_POINT ( 'NONE',  ( -446.1887598532232460, 620.3061465895898436, 892.3775197064462645 ) ) ;
#110 = CARTESIAN_POINT ( 'NONE',  ( 367.4916815328940061, 151.5697963697261912, 0.000000000000000000 ) ) ;
#111 = CARTESIAN_POINT ( 'NONE',  ( 375.2200847694670642, 175.1731919332814016, 0.000000000000000000 ) ) ;
#112 = CARTESIAN_POINT ( 'NONE',  ( 413.8104715415252599, 331.5419608905357904, 827.6209430830508609 ) ) ;
#113 = CARTESIAN_POINT ( 'NONE',  ( -345.5267892906900897, 93.07428040764980892, 691.0535785813799521 ) ) ;
#114 = CARTESIAN_POINT ( 'NONE',  ( 0.000000000000000000, 0.000000000000000000, 0.000000000000000000 ) ) ;
#115 = CARTESIAN_POINT ( 'NONE',  ( -418.9577540994332026, 360.4154257481341119, -837.9155081988664051 ) ) ;
#116 = CARTESIAN_POINT ( 'NONE',  ( -448.7964368670166664, 688.1091717966068018, 897.5928737340327643 ) ) ;
#117 = CARTESIAN_POINT ( 'NONE',  ( 380.2555564936566270, 191.5615369250680544, 0.000000000000000000 ) ) ;
#118 = CARTESIAN_POINT ( 'NONE',  ( -361.8005201769573205, 135.2937921389014662, -4.430778489645581895E-14 ) ) ;
#119 = CARTESIAN_POINT ( 'NONE',  ( 427.5315438096260436, 416.0915530535465905, 855.0630876192524283 ) ) ;
#120 = CARTESIAN_POINT ( 'NONE',  ( 352.7757028338581335, 111.1483052248220389, 0.000000000000000000 ) ) ;
#121 = CARTESIAN_POINT ( 'NONE',  ( -370.1756294359868207, 159.5603708071235758, -4.533343997111380070E-14 ) ) ;
#122 = FACE_OUTER_BOUND ( 'NONE', #194, .T. ) ;
#123 = CARTESIAN_POINT ( 'NONE',  ( 435.6513965402254485, 482.8324328370171656, -871.3027930804507832 ) ) ;
#124 = CARTESIAN_POINT ( 'NONE',  ( -449.0728099076725925, 699.1676817861263089, -5.499555792375390248E-14 ) ) ;
#125 = CARTESIAN_POINT ( 'NONE',  ( 449.8952350967213079, 751.6188656426776333, 0.000000000000000000 ) ) ;
#126 = CARTESIAN_POINT ( 'NONE',  ( -386.6715329730828898, 213.8538441077485004, -4.735360551768862094E-14 ) ) ;
#127 = CARTESIAN_POINT ( 'NONE',  ( -430.9587546403485021, 442.0931473700276797, -5.277722594348323214E-14 ) ) ;
#128 = CARTESIAN_POINT ( 'NONE',  ( -351.8707807795600502, 108.8310705285145019, -4.309174253951682695E-14 ) ) ;
#129 = AXIS2_PLACEMENT_3D ( 'NONE', #1309, #908, #799 ) ;
#130 = CARTESIAN_POINT ( 'NONE',  ( -368.6853711529064412, 155.0978969375238421, 737.3707423058125414 ) ) ;
#131 = DIRECTION ( 'NONE',  ( 0.000000000000000000, 1.000000000000000000, 0.000000000000000000 ) ) ;
#132 = CARTESIAN_POINT ( 'NONE',  ( 438.5950524122861793, 512.5891588119555990, 0.000000000000000000 ) ) ;
#133 = FACE_OUTER_BOUND ( 'NONE', #23, .T. ) ;
#134 = CARTESIAN_POINT ( 'NONE',  ( 449.9976361374019120, 776.2869230396703415, 0.000000000000000000 ) ) ;
#135 = CARTESIAN_POINT ( 'NONE',  ( 382.0035811968404573, 197.4890174377773349, -764.0071623936805736 ) ) ;
#136 = ORIENTED_EDGE ( 'NONE', *, *, #1322, .T. ) ;
#137 = CARTESIAN_POINT ( 'NONE',  ( 430.9587546403485021, 442.0931473700276797, 1.055544518869664643E-13 ) ) ;
#138 = CARTESIAN_POINT ( 'NONE',  ( -359.0982552046075966, 127.8588287399917078, -718.1965104092153069 ) ) ;
#139 = CARTESIAN_POINT ( 'NONE',  ( 370.1756294359868207, 159.5603708071235758, 9.066687994222760140E-14 ) ) ;
#140 = CARTESIAN_POINT ( 'NONE',  ( 300.0000000000000000, 0.000000000000000000, 7.347880794884118987E-14 ) ) ;
#141 = CARTESIAN_POINT ( 'NONE',  ( 439.3463794696943410, 520.8441410688174074, -878.6927589393884546 ) ) ;
#142 = CARTESIAN_POINT ( 'NONE',  ( 449.8952350967213079, 751.6188656426776333, 1.101925519225691400E-13 ) ) ;
#143 = CARTESIAN_POINT ( 'NONE',  ( 417.9410316383499548, 354.4818267995210590, 0.000000000000000000 ) ) ;
#144 = CARTESIAN_POINT ( 'NONE',  ( 392.7382732127737199, 236.5032394561024773, 0.000000000000000000 ) ) ;
#145 = CARTESIAN_POINT ( 'NONE',  ( -419.7193575649826585, 364.9314133420510871, 839.4387151299647485 ) ) ;
#146 = CARTESIAN_POINT ( 'NONE',  ( -371.3661445672399282, 163.1727682793019483, 742.7322891344795153 ) ) ;
#147 = DIRECTION ( 'NONE',  ( 0.000000000000000000, 0.000000000000000000, 1.000000000000000000 ) ) ;
#148 = CARTESIAN_POINT ( 'NONE',  ( -434.4121444376618228, 471.3879647602099681, -868.8242888753236457 ) ) ;
#149 = DIRECTION ( 'NONE',  ( 0.000000000000000000, 1.000000000000000000, 0.000000000000000000 ) ) ;
#150 = CARTESIAN_POINT ( 'NONE',  ( 430.9587546403485021, 442.0931473700276797, 0.000000000000000000 ) ) ;
#151 = CARTESIAN_POINT ( 'NONE',  ( -382.0035811968404005, 197.4890174377773064, -4.678194629755366376E-14 ) ) ;
#152 = VERTEX_POINT ( 'NONE', #1174 ) ;
#153 = CARTESIAN_POINT ( 'NONE',  ( -436.8562594613979400, 494.5345436354475055, 873.7125189227954252 ) ) ;
#154 = CARTESIAN_POINT ( 'NONE',  ( 385.7984560774564784, 210.7274455415858654, 771.5969121549131842 ) ) ;
#155 = CARTESIAN_POINT ( 'NONE',  ( 314.5851598764548385, 26.55214560930204826, 629.1703197529100180 ) ) ;
#156 = CARTESIAN_POINT ( 'NONE',  ( 449.2619049250032504, 707.6239942060778958, -898.5238098500063870 ) ) ;
#157 = CARTESIAN_POINT ( 'NONE',  ( -300.0000000000000000, 0.000000000000000000, -4.592425496802574367E-14 ) ) ;
#158 = EDGE_CURVE ( 'NONE', #589, #1482, #1306, .T. ) ;
#159 = CARTESIAN_POINT ( 'NONE',  ( 436.2582516031176851, 488.6507666368281093, 0.000000000000000000 ) ) ;
#160 = CARTESIAN_POINT ( 'NONE',  ( -389.8644680737890553, 225.5585058650239603, -4.774462729278512572E-14 ) ) ;
#161 = CARTESIAN_POINT ( 'NONE',  ( -436.8562594613978263, 494.5345436354475055, -5.349946198368864876E-14 ) ) ;
#162 = CARTESIAN_POINT ( 'NONE',  ( -391.8767235079619695, 233.1832642944820861, -4.799105751043779861E-14 ) ) ;
#163 = CARTESIAN_POINT ( 'NONE',  ( -317.3191178372486547, 31.83527050590881657, 634.6382356744969684 ) ) ;
#164 = CARTESIAN_POINT ( 'NONE',  ( 337.3511553025019225, 73.93874234392640687, 8.262720250597413122E-14 ) ) ;
#165 = CARTESIAN_POINT ( 'NONE',  ( -447.0175151232443795, 637.8691083281499914, -5.474385690584848088E-14 ) ) ;
#166 = CARTESIAN_POINT ( 'NONE',  ( 449.9929403194584552, 770.0573777774004611, 1.102164828002261555E-13 ) ) ;
#167 = CARTESIAN_POINT ( 'NONE',  ( -338.5669797427777326, 76.70280405492756870, -4.146249680389795041E-14 ) ) ;
#168 = CARTESIAN_POINT ( 'NONE',  ( -406.7826711626341876, 296.4365764434297716, -4.981650961879302690E-14 ) ) ;
#169 = EDGE_LOOP ( 'NONE', ( #308, #1246, #955, #1100 ) ) ;
#170 = CARTESIAN_POINT ( 'NONE',  ( 438.5950524122859520, 512.5891588119555990, 877.1901048245722450 ) ) ;
#171 = CARTESIAN_POINT ( 'NONE',  ( 384.0479969164781551, 204.5532187515101157, 768.0959938329565375 ) ) ;
#172 = CARTESIAN_POINT ( 'NONE',  ( -301.8249599922349944, 3.178771945592374415, 603.6499199844696477 ) ) ;
#173 = CARTESIAN_POINT ( 'NONE',  ( -324.6080142609621362, 46.43644489156206134, 649.2160285219240450 ) ) ;
#174 = CARTESIAN_POINT ( 'NONE',  ( -446.1887598532231323, 620.3061465895898436, -892.3775197064462645 ) ) ;
#175 = CARTESIAN_POINT ( 'NONE',  ( 307.0101319898756174, 12.41491455619447137, 0.000000000000000000 ) ) ;
#176 = CARTESIAN_POINT ( 'NONE',  ( -371.3661445672398145, 163.1727682793019483, -4.547923602559634428E-14 ) ) ;
#177 = CARTESIAN_POINT ( 'NONE',  ( 409.7802015244603240, 310.9180560347057849, -819.5604030489203069 ) ) ;
#178 = CARTESIAN_POINT ( 'NONE',  ( 302.7364988217340738, 4.781713348978889222, 0.000000000000000000 ) ) ;
#179 = CARTESIAN_POINT ( 'NONE',  ( -388.7077009136847892, 221.2635917626708988, -4.760296417278707869E-14 ) ) ;
#180 = CARTESIAN_POINT ( 'NONE',  ( 310.6387375854795323, 19.10038073009931026, 7.608454713504642158E-14 ) ) ;
#181 = CARTESIAN_POINT ( 'NONE',  ( 325.8257774722905538, 48.94946264521148294, 7.980429909222769790E-14 ) ) ;
#182 = CARTESIAN_POINT ( 'NONE',  ( 445.5668477091804220, 608.1933245365598850, -891.1336954183607304 ) ) ;
#183 = CARTESIAN_POINT ( 'NONE',  ( 301.8249599922349375, 3.178771945592374415, -603.6499199844696477 ) ) ;
#184 = CARTESIAN_POINT ( 'NONE',  ( -344.6192980268878046, 90.88747884202875582, -4.220369202530359440E-14 ) ) ;
#185 = CARTESIAN_POINT ( 'NONE',  ( 400.4016994804243836, 267.7375293107536436, -800.8033989608484262 ) ) ;
#186 = CARTESIAN_POINT ( 'NONE',  ( 334.3279653207378033, 67.16246444743731558, 0.000000000000000000 ) ) ;
#187 = CARTESIAN_POINT ( 'NONE',  ( 386.6715329730827193, 213.8538441077484720, 773.3430659461656660 ) ) ;
#188 = CARTESIAN_POINT ( 'NONE',  ( -300.9137384971902520, 1.585417634694873179, 601.8274769943801630 ) ) ;
#189 = CARTESIAN_POINT ( 'NONE',  ( 338.5669797427775620, 76.70280405492755449, 677.1339594855554651 ) ) ;
#190 = CARTESIAN_POINT ( 'NONE',  ( 448.4807600431412880, 677.1928808586594641, 0.000000000000000000 ) ) ;
#191 = CARTESIAN_POINT ( 'NONE',  ( 307.0101319898756174, 12.41491455619447137, -614.0202639797511210 ) ) ;
#192 = CARTESIAN_POINT ( 'NONE',  ( -376.1079033310899717, 178.0042312655833427, -4.605993399484415093E-14 ) ) ;
#193 = CARTESIAN_POINT ( 'NONE',  ( -400.4016994804242131, 267.7375293107536436, -800.8033989608484262 ) ) ;
#194 = EDGE_LOOP ( 'NONE', ( #818, #334, #434, #7 ) ) ;
#195 = CARTESIAN_POINT ( 'NONE',  ( -397.0170197915579706, 253.5468137218142033, 794.0340395831154865 ) ) ;
#196 = CARTESIAN_POINT ( 'NONE',  ( -339.7789244861021984, 79.48781367673734621, 679.5578489722041695 ) ) ;
#197 = CARTESIAN_POINT ( 'NONE',  ( -449.9550265261102595, 760.7757896238389321, -899.9100530522205190 ) ) ;
#198 = CARTESIAN_POINT ( 'NONE',  ( -317.3191178372484842, 31.83527050590881657, -634.6382356744969684 ) ) ;
#199 = CARTESIAN_POINT ( 'NONE',  ( -315.4964993456056277, 28.30190745701504440, -3.863717780657909682E-14 ) ) ;
#200 = CARTESIAN_POINT ( 'NONE',  ( 395.8860376093156219, 248.9401151048739393, 0.000000000000000000 ) ) ;
#201 = CARTESIAN_POINT ( 'NONE',  ( 438.5950524122861793, 512.5891588119555990, 1.074248054117143801E-13 ) ) ;
#202 = CARTESIAN_POINT ( 'NONE',  ( 300.0000000000000000, 0.000000000000000000, 0.000000000000000000 ) ) ;
#203 = CARTESIAN_POINT ( 'NONE',  ( 402.0798610920008969, 275.0272048247903172, 804.1597221840021348 ) ) ;
#204 = CIRCLE ( 'NONE', #1162, 450.0000000000000000 ) ;
#205 = CARTESIAN_POINT ( 'NONE',  ( -349.4653909503970795, 102.7482751108939851, 698.9307819007938178 ) ) ;
#206 = CARTESIAN_POINT ( 'NONE',  ( 327.3478490187360421, 52.12236227597237814, -654.6956980374719706 ) ) ;
#207 = CARTESIAN_POINT ( 'NONE',  ( -445.5668477091804789, 608.1933245365599987, -5.456620138532240707E-14 ) ) ;
#208 = CARTESIAN_POINT ( 'NONE',  ( -430.0613133062225870, 435.0236471967353964, -860.1226266124451740 ) ) ;
#209 = CARTESIAN_POINT ( 'NONE',  ( 438.0249037820116200, 506.5026513894743516, 1.072851592726935863E-13 ) ) ;
#210 = ADVANCED_FACE ( 'NONE', ( #122 ), #635, .T. ) ;
#211 = CARTESIAN_POINT ( 'NONE',  ( 350.9654965828473792, 106.5307582401473780, 0.000000000000000000 ) ) ;
#212 = CARTESIAN_POINT ( 'NONE',  ( 370.1756294359868207, 159.5603708071235758, 0.000000000000000000 ) ) ;
#213 = CARTESIAN_POINT ( 'NONE',  ( 397.8665681703184873, 257.0469639075939199, 795.7331363406373157 ) ) ;
#214 = CARTESIAN_POINT ( 'NONE',  ( -347.9549089651766280, 98.99698716826654277, -4.261218655118122152E-14 ) ) ;
#215 =( NAMED_UNIT ( * ) SI_UNIT ( $, .STERADIAN. ) SOLID_ANGLE_UNIT ( ) );
#216 = CARTESIAN_POINT ( 'NONE',  ( -334.3279653207378033, 67.16246444743731558, -668.6559306414756065 ) ) ;
#217 = CARTESIAN_POINT ( 'NONE',  ( -397.0170197915578569, 253.5468137218142033, -4.862056224947527195E-14 ) ) ;
#218 = CARTESIAN_POINT ( 'NONE',  ( -419.7193575649823742, 364.9314133420510871, -839.4387151299647485 ) ) ;
#219 = CARTESIAN_POINT ( 'NONE',  ( -449.2619049250034209, 707.6239942060778958, 898.5238098500063870 ) ) ;
#220 = CARTESIAN_POINT ( 'NONE',  ( 393.5979442021990735, 239.8522955714378497, 0.000000000000000000 ) ) ;
#221 = CARTESIAN_POINT ( 'NONE',  ( -363.5991652731846671, 140.3456767027382739, -727.1983305463694478 ) ) ;
#222 = CARTESIAN_POINT ( 'NONE',  ( 340.9869127854572639, 82.29395848161286153, 0.000000000000000000 ) ) ;
#223 = CARTESIAN_POINT ( 'NONE',  ( -394.7463458964659253, 244.3754196707895687, 789.4926917929315096 ) ) ;
#224 = CARTESIAN_POINT ( 'NONE',  ( 346.4339913573395506, 95.27678869871407130, 8.485185572632153982E-14 ) ) ;
#225 = CARTESIAN_POINT ( 'NONE',  ( -337.3511553025019225, 73.93874234392640687, -4.131360125298706561E-14 ) ) ;
#226 = CARTESIAN_POINT ( 'NONE',  ( -406.7826711626341876, 296.4365764434297716, -4.981650961879302690E-14 ) ) ;
#227 = CARTESIAN_POINT ( 'NONE',  ( -415.9182375164571113, 342.9492738428660346, -831.8364750329142225 ) ) ;
#228 = CARTESIAN_POINT ( 'NONE',  ( -443.4134236223975449, 572.9574389393143292, -5.430248299381385439E-14 ) ) ;
#229 = CARTESIAN_POINT ( 'NONE',  ( 384.9239470663910652, 207.6273393096145128, 0.000000000000000000 ) ) ;
#230 = CARTESIAN_POINT ( 'NONE',  ( 364.4975707605393609, 142.9008396541610182, 0.000000000000000000 ) ) ;
#231 = CARTESIAN_POINT ( 'NONE',  ( -339.7789244861020848, 79.48781367673734621, -679.5578489722041695 ) ) ;
#232 = CARTESIAN_POINT ( 'NONE',  ( 403.1983722761682998, 279.9750652625070302, 806.3967445523369406 ) ) ;
#233 = CARTESIAN_POINT ( 'NONE',  ( -358.1964187570393960, 125.4177659414337285, -4.386640976968532776E-14 ) ) ;
#234 = CARTESIAN_POINT ( 'NONE',  ( -449.4887438467524134, 719.1234511886843848, -5.504649514046899308E-14 ) ) ;
#235 = CARTESIAN_POINT ( 'NONE',  ( 334.3279653207378601, 67.16246444743731558, -668.6559306414756065 ) ) ;
#236 = CARTESIAN_POINT ( 'NONE',  ( -394.7463458964658116, 244.3754196707895687, -4.834248489772207547E-14 ) ) ;
#237 = CARTESIAN_POINT ( 'NONE',  ( -411.1107046380581096, 317.6186867496140280, -822.2214092761162192 ) ) ;
#238 = CARTESIAN_POINT ( 'NONE',  ( -449.4887438467524703, 719.1234511886842711, 898.9774876935044858 ) ) ;
#239 = CARTESIAN_POINT ( 'NONE',  ( 411.9126884475714974, 321.7139196301515085, 0.000000000000000000 ) ) ;
#240 = CARTESIAN_POINT ( 'NONE',  ( 372.5507607277675106, 166.8154655268651823, 0.000000000000000000 ) ) ;
#241 = CARTESIAN_POINT ( 'NONE',  ( 339.7789244861021416, 79.48781367673734621, -679.5578489722041695 ) ) ;
#242 = CARTESIAN_POINT ( 'NONE',  ( -420.4762685218283877, 369.4928716673780400, 840.9525370436562071 ) ) ;
#243 = CARTESIAN_POINT ( 'NONE',  ( -352.7757028338582472, 111.1483052248220389, 705.5514056677161534 ) ) ;
#244 = CARTESIAN_POINT ( 'NONE',  ( -320.3597055614799274, 37.83023825024510245, -640.7194111229598548 ) ) ;
#245 = CARTESIAN_POINT ( 'NONE',  ( -413.8104715415254873, 331.5419608905357904, -5.067716694269861153E-14 ) ) ;
#246 = CARTESIAN_POINT ( 'NONE',  ( -411.9126884475714974, 321.7139196301515085, -5.044475554354994005E-14 ) ) ;
#247 = CARTESIAN_POINT ( 'NONE',  ( -447.0175151232443795, 637.8691083281499914, -5.474385690584848088E-14 ) ) ;
#248 = CARTESIAN_POINT ( 'NONE',  ( 344.6192980268878046, 90.88747884202875582, 0.000000000000000000 ) ) ;
#249 = CARTESIAN_POINT ( 'NONE',  ( 361.8005201769573205, 135.2937921389014662, 0.000000000000000000 ) ) ;
#250 = CARTESIAN_POINT ( 'NONE',  ( -417.9410316383500685, 354.4818267995210590, 835.8820632766996823 ) ) ;
#251 = CARTESIAN_POINT ( 'NONE',  ( -344.6192980268878046, 90.88747884202875582, -4.220369202530359440E-14 ) ) ;
#252 = CARTESIAN_POINT ( 'NONE',  ( -362.7001555193988338, 137.8100614635042689, -4.441795845070790005E-14 ) ) ;
#253 =( NAMED_UNIT ( * ) SI_UNIT ( $, .STERADIAN. ) SOLID_ANGLE_UNIT ( ) );
#254 = CARTESIAN_POINT ( 'NONE',  ( -433.1402902062902740, 460.1931075416540580, -5.304438699828890335E-14 ) ) ;
#255 = CARTESIAN_POINT ( 'NONE',  ( -446.5514839740760635, 627.7530158965082592, -5.468678455033528315E-14 ) ) ;
#256 = CARTESIAN_POINT ( 'NONE',  ( -300.9137384971901383, 1.585417634694873179, -3.685130466700476045E-14 ) ) ;
#257 = CARTESIAN_POINT ( 'NONE',  ( 376.9947208935075764, 180.8582793813422995, 0.000000000000000000 ) ) ;
#258 = CARTESIAN_POINT ( 'NONE',  ( -424.6949770558660475, 396.3163579969668717, 849.3899541117317540 ) ) ;
#259 = CARTESIAN_POINT ( 'NONE',  ( 349.4653909503969658, 102.7482751108939993, 0.000000000000000000 ) ) ;
#260 = CARTESIAN_POINT ( 'NONE',  ( 367.4916815328938355, 151.5697963697262196, 734.9833630657880121 ) ) ;
#261 = CARTESIAN_POINT ( 'NONE',  ( 436.2582516031176851, 488.6507666368281093, 0.000000000000000000 ) ) ;
#262 = CARTESIAN_POINT ( 'NONE',  ( -450.0000000000000000, 779.4228600000000142, -5.510910596163089240E-14 ) ) ;
#263 = CARTESIAN_POINT ( 'NONE',  ( 422.9880559101889617, 385.1158031279992429, 0.000000000000000000 ) ) ;
#264 = CARTESIAN_POINT ( 'NONE',  ( -380.2555564936565133, 191.5615369250680828, -760.5111129873130267 ) ) ;
#265 = ORIENTED_EDGE ( 'NONE', *, *, #31, .F. ) ;
#266 = CARTESIAN_POINT ( 'NONE',  ( 418.9577540994331457, 360.4154257481341119, 837.9155081988666325 ) ) ;
#267 = CARTESIAN_POINT ( 'NONE',  ( 359.0982552046077103, 127.8588287399917078, 0.000000000000000000 ) ) ;
#268 = CARTESIAN_POINT ( 'NONE',  ( -363.5991652731848944, 140.3456767027382739, 727.1983305463694478 ) ) ;
#269 = CARTESIAN_POINT ( 'NONE',  ( -448.4807600431412880, 677.1928808586594641, -5.492305272660051322E-14 ) ) ;
#270 = CARTESIAN_POINT ( 'NONE',  ( -436.2582516031175714, 488.6507666368281662, -872.5165032062351429 ) ) ;
#271 = CARTESIAN_POINT ( 'NONE',  ( 6.826517583205328643E-14, -10.00000000000000000, -557.4274630006150346 ) ) ;
#272 = CARTESIAN_POINT ( 'NONE',  ( 435.0359602133070780, 477.0785012105251326, 0.000000000000000000 ) ) ;
#273 = CARTESIAN_POINT ( 'NONE',  ( -388.7077009136847323, 221.2635917626708988, -777.4154018273694646 ) ) ;
#274 = CARTESIAN_POINT ( 'NONE',  ( -417.9410316383499548, 354.4818267995210590, -5.118301466282479667E-14 ) ) ;
#275 = CARTESIAN_POINT ( 'NONE',  ( 358.1964187570393960, 125.4177659414337285, -716.3928375140786784 ) ) ;
#276 = CARTESIAN_POINT ( 'NONE',  ( -374.3312445001944297, 172.3648994261940572, 748.6624890003885184 ) ) ;
#277 = FACE_OUTER_BOUND ( 'NONE', #980, .T. ) ;
#278 = CARTESIAN_POINT ( 'NONE',  ( 441.1380501591766574, 542.0164723040693389, -882.2761003183532011 ) ) ;
#279 = CARTESIAN_POINT ( 'NONE',  ( 449.9929403194582278, 770.0573777774004611, 899.9858806389167967 ) ) ;
#280 = CARTESIAN_POINT ( 'NONE',  ( 429.1454010115588744, 428.0305890460474529, 0.000000000000000000 ) ) ;
#281 = CARTESIAN_POINT ( 'NONE',  ( -391.0134041849949540, 229.8919905193035618, -4.788533138588643864E-14 ) ) ;
#282 = CARTESIAN_POINT ( 'NONE',  ( 441.9829908142963291, 552.8896276306601294, 883.9659816285929992 ) ) ;
#283 = CARTESIAN_POINT ( 'NONE',  ( 376.1079033310899717, 178.0042312655833427, 9.211986798968830186E-14 ) ) ;
#284 = EDGE_CURVE ( 'NONE', #1380, #152, #1444, .T. ) ;
#285 = DIRECTION ( 'NONE',  ( 0.000000000000000000, 1.000000000000000000, 0.000000000000000000 ) ) ;
#286 = CARTESIAN_POINT ( 'NONE',  ( 440.0731086445007350, 529.1955128393644827, -880.1462172890012425 ) ) ;
#287 = CARTESIAN_POINT ( 'NONE',  ( 0.000000000000000000, -10.00000000000000000, 557.4274630006150346 ) ) ;
#288 = CARTESIAN_POINT ( 'NONE',  ( 449.4887438467524134, 719.1234511886843848, 0.000000000000000000 ) ) ;
#289 = CARTESIAN_POINT ( 'NONE',  ( -376.9947208935074627, 180.8582793813422995, -753.9894417870149255 ) ) ;
#290 = AXIS2_PLACEMENT_3D ( 'NONE', #531, #1332, #1704 ) ;
#291 = CARTESIAN_POINT ( 'NONE',  ( -437.4452497848478743, 500.4848101829228995, -5.357159249512283235E-14 ) ) ;
#292 = CARTESIAN_POINT ( 'NONE',  ( 386.6715329730828898, 213.8538441077485004, 9.470721103537724189E-14 ) ) ;
#293 = CARTESIAN_POINT ( 'NONE',  ( -313.6737810439704504, 24.81353330539207747, 627.3475620879405596 ) ) ;
#294 = CARTESIAN_POINT ( 'NONE',  ( -327.3478490187360990, 52.12236227597237814, 654.6956980374719706 ) ) ;
#295 = CARTESIAN_POINT ( 'NONE',  ( 445.5668477091804789, 608.1933245365599987, 0.000000000000000000 ) ) ;
#296 = CARTESIAN_POINT ( 'NONE',  ( 449.6723308264527645, 730.7759696732809971, 1.101379561223490070E-13 ) ) ;
#297 = CARTESIAN_POINT ( 'NONE',  ( -341.8953648610353753, 84.41960080176612280, -4.187010642203834611E-14 ) ) ;
#298 = CARTESIAN_POINT ( 'NONE',  ( 405.6855383398698223, 291.3010017312274158, -811.3710766797393035 ) ) ;
#299 = CARTESIAN_POINT ( 'NONE',  ( 316.4078259143907985, 30.06290921049093967, 0.000000000000000000 ) ) ;
#300 = CARTESIAN_POINT ( 'NONE',  ( -433.1402902062903308, 460.1931075416540580, 866.2805804125803206 ) ) ;
#301 = CARTESIAN_POINT ( 'NONE',  ( 391.8767235079617990, 233.1832642944820861, 783.7534470159239390 ) ) ;
#302 = CARTESIAN_POINT ( 'NONE',  ( -315.4964993456056845, 28.30190745701504440, 630.9929986912111417 ) ) ;
#303 = CARTESIAN_POINT ( 'NONE',  ( -323.6970745146827539, 44.56916479616834437, -3.964145861977685462E-14 ) ) ;
#304 = CARTESIAN_POINT ( 'NONE',  ( 442.7804639775552005, 563.8932347783249952, -885.5609279551102873 ) ) ;
#305 = CARTESIAN_POINT ( 'NONE',  ( -307.0101319898756174, 12.41491455619447137, -3.759789754472076008E-14 ) ) ;
#306 = CARTESIAN_POINT ( 'NONE',  ( -372.5507607277675106, 166.8154655268651823, -4.562430966451719670E-14 ) ) ;
#307 = CARTESIAN_POINT ( 'NONE',  ( 409.7802015244602671, 310.9180560347057849, 0.000000000000000000 ) ) ;
#308 = ORIENTED_EDGE ( 'NONE', *, *, #106, .F. ) ;
#309 = CARTESIAN_POINT ( 'NONE',  ( 392.7382732127737199, 236.5032394561024773, 9.619313383853640004E-14 ) ) ;
#310 = CARTESIAN_POINT ( 'NONE',  ( -302.7364988217341306, 4.781713348978889222, 605.4729976434681475 ) ) ;
#311 = CARTESIAN_POINT ( 'NONE',  ( -321.5745169433251931, 40.26342875869720928, -3.938152028619994437E-14 ) ) ;
#312 = CARTESIAN_POINT ( 'NONE',  ( 447.8445989116905821, 658.4874849921689020, -895.6891978233810505 ) ) ;
#313 = CARTESIAN_POINT ( 'NONE',  ( -300.9137384971900815, 1.585417634694873179, -601.8274769943801630 ) ) ;
#314 = CARTESIAN_POINT ( 'NONE',  ( -365.3953039795923701, 145.4757905603303811, -4.474801894420819303E-14 ) ) ;
#315 = CARTESIAN_POINT ( 'NONE',  ( -398.7139109958060885, 260.5785224407547389, -4.882837148765366261E-14 ) ) ;
#316 = CARTESIAN_POINT ( 'NONE',  ( 321.5745169433251931, 40.26342875869720928, 0.000000000000000000 ) ) ;
#317 = CARTESIAN_POINT ( 'NONE',  ( -383.1707033591762865, 201.5047507892917338, -4.692487753958552560E-14 ) ) ;
#318 = CARTESIAN_POINT ( 'NONE',  ( 307.0101319898754468, 12.41491455619447137, 614.0202639797512347 ) ) ;
#319 = CARTESIAN_POINT ( 'NONE',  ( -335.8441033082119134, 70.53699269353106160, -4.112904061289147631E-14 ) ) ;
#320 = CARTESIAN_POINT ( 'NONE',  ( 442.7804639775552573, 563.8932347783251089, 0.000000000000000000 ) ) ;
#321 = CARTESIAN_POINT ( 'NONE',  ( 309.4234766555369447, 16.84729338164315493, 0.000000000000000000 ) ) ;
#322 = CARTESIAN_POINT ( 'NONE',  ( -366.2923752197078784, 148.0707464742114894, -4.485787848648965041E-14 ) ) ;
#323 = CARTESIAN_POINT ( 'NONE',  ( -403.1983722761685272, 279.9750652625069733, -4.937755960294326301E-14 ) ) ;
#324 = CARTESIAN_POINT ( 'NONE',  ( 339.7789244861021416, 79.48781367673734621, 0.000000000000000000 ) ) ;
#325 = CARTESIAN_POINT ( 'NONE',  ( 382.0035811968402868, 197.4890174377773349, 764.0071623936806873 ) ) ;
#326 = CARTESIAN_POINT ( 'NONE',  ( -320.3597055614800411, 37.83023825024510245, 640.7194111229598548 ) ) ;
#327 = CARTESIAN_POINT ( 'NONE',  ( 324.6080142609619088, 46.43644489156206134, 649.2160285219241587 ) ) ;
#328 = CARTESIAN_POINT ( 'NONE',  ( -449.0728099076725925, 699.1676817861263089, -5.499555792375390248E-14 ) ) ;
#329 = CARTESIAN_POINT ( 'NONE',  ( -315.4964993456056277, 28.30190745701504440, -3.863717780657909682E-14 ) ) ;
#330 = CARTESIAN_POINT ( 'NONE',  ( -341.8953648610353753, 84.41960080176612280, -4.187010642203834611E-14 ) ) ;
#331 = CARTESIAN_POINT ( 'NONE',  ( -361.8005201769573205, 135.2937921389014662, -4.430778489645581895E-14 ) ) ;
#332 = CARTESIAN_POINT ( 'NONE',  ( 402.0798610920011811, 275.0272048247903172, 0.000000000000000000 ) ) ;
#333 = CARTESIAN_POINT ( 'NONE',  ( -433.1402902062902740, 460.1931075416540580, -5.304438699828890335E-14 ) ) ;
#334 = ORIENTED_EDGE ( 'NONE', *, *, #1301, .T. ) ;
#335 = CARTESIAN_POINT ( 'NONE',  ( 411.1107046380582233, 317.6186867496140849, 1.006930817060421777E-13 ) ) ;
#336 = CARTESIAN_POINT ( 'NONE',  ( -354.6022887968624104, 115.8622802326724468, -4.342625579454029023E-14 ) ) ;
#337 = EDGE_CURVE ( 'NONE', #152, #1380, #700, .T. ) ;
#338 = DIRECTION ( 'NONE',  ( 0.000000000000000000, 0.000000000000000000, 1.000000000000000000 ) ) ;
#339 = CARTESIAN_POINT ( 'NONE',  ( 317.3191178372485979, 31.83527050590881657, -634.6382356744969684 ) ) ;
#340 = B_SPLINE_CURVE_WITH_KNOTS ( 'NONE', 3,
 ( #202, #49, #76, #1616, #178, #715, #1343, #1092, #971, #468, #1362, #597, #40, #1117, #299, #1651, #689, #1490, #1236, #316, #1633, #1211, #563, #1109, #1624, #963, #707, #835, #186, #1227, #59, #450, #324, #843, #1370, #68, #1642, #248, #893, #1291, #605, #1516, #211, #733, #750, #885, #622, #1416, #1125, #759, #505, #1256, #1554, #1523, #1143, #1388, #1669, #110, #352, #379, #1659, #344, #496, #83, #476, #361, #996, #859, #117, #1697, #867, #370, #229, #1284, #1688, #1025, #487, #1134, #1016, #1398, #100, #220, #631, #742, #1544, #1266, #91, #1152, #638, #1424, #513, #614, #1406, #1007, #1534, #876, #1274, #1678, #239, #768, #1159, #143, #1326, #657, #665, #21, #263, #387, #1333, #532, #1050, #280, #394, #150, #1042, #784, #1177, #1596, #1187, #272, #1066, #159, #1034, #546, #1464, #1581, #926, #401, #14, #917, #540, #5, #1447, #1201, #648, #679, #415, #29, #524, #792, #1058, #1169, #409, #933, #1564, #288, #807, #900, #125, #1299, #776, #134, #1318 ),
 .UNSPECIFIED., .F., .F.,
 ( 4, 1, 1, 1, 1, 1, 1, 1, 1, 1, 1, 1, 1, 1, 1, 1, 1, 1, 1, 1, 1, 1, 1, 1, 1, 1, 1, 1, 1, 1, 1, 1, 1, 1, 1, 1, 1, 1, 1, 1, 1, 1, 1, 1, 1, 1, 1, 1, 1, 1, 1, 1, 1, 1, 1, 1, 1, 1, 1, 1, 1, 1, 1, 1, 1, 1, 1, 1, 1, 1, 1, 1, 1, 1, 1, 1, 1, 1, 1, 1, 1, 1, 1, 1, 1, 1, 1, 1, 1, 1, 1, 1, 1, 1, 1, 1, 1, 1, 1, 1, 1, 1, 1, 1, 1, 1, 1, 1, 1, 1, 1, 1, 1, 1, 1, 1, 1, 1, 1, 1, 1, 1, 1, 1, 1, 1, 1, 1, 1, 1, 1, 1, 1, 1, 1, 1, 1, 1, 1, 1, 1, 1, 1, 1, 1, 1, 1, 1, 1, 1, 4 ),
 ( 0.000000000000000000, 0.002277749229351095760, 0.004565959766447082527, 0.006864756247051295723, 0.009174246143612046350, 0.02088613625002761973, 0.02326223587914924562, 0.02804914220265952718, 0.03046019074220096892, 0.03288314444285436733, 0.03531812874596911012, 0.03776527988038675537, 0.04022472245874707253, 0.04269659647985183520, 0.04518103400251482354, 0.04767817418537091678, 0.05018815188645629061, 0.05271111684573933504, 0.05779655149220144089, 0.06035932293956117189, 0.06293564959239418555, 0.06552569344498984649, 0.06812959928646875052, 0.07337961925342431635, 0.07868695451013288378, 0.08405290762508398072, 0.08947877827977354648, 0.09221461026734685540, 0.1005157552063244697, 0.1033146126935005904, 0.1061296689843731350, 0.1118091471152721367, 0.1146739347413249926, 0.1175556848758298328, 0.1204545827383960988, 0.1233708308837505180, 0.1263046247986561454, 0.1292561745623996561, 0.1322256751130788943, 0.1352133418281177002, 0.1442874476516400051, 0.1473499128880653153, 0.1504316224729453366, 0.1535328019770310637, 0.1566536960492965758, 0.1693390089221455952, 0.1725619810896070194, 0.1758060954682137134, 0.1790716305058624447, 0.1823588226563415959, 0.1856679279773009172, 0.1889992273819429414, 0.1923529853898539033, 0.1957294677956904483, 0.1991289519337409164, 0.2025517279995287800, 0.2059980784557695621, 0.2129626430013229488, 0.2164814599825418684, 0.2235936567659916885, 0.2271876504899790483, 0.2308073362434447384, 0.2344530441653962793, 0.2381250769080253959, 0.2418237857651291123, 0.2455494862804087908, 0.2493025465962464271, 0.2607292890745726011, 0.2684903493869925106, 0.2724149693290227603, 0.2763694752943643973, 0.2803542556877863245, 0.2843697252496961703, 0.2884162615944573238, 0.2924942688565306259, 0.2966041738492725677, 0.3049213544490680383, 0.3091294890384895799, 0.3133712384987045185, 0.3176470447695211030, 0.3219573740652594274, 0.3263026785219131920, 0.3351001240251608726, 0.3395532241015549735, 0.3440432324974342371, 0.3485706593760779515, 0.3531360127673262017, 0.3577398193467993259, 0.3623825979802018926, 0.3670648955141863068, 0.3717872447086577048, 0.3813543889367082551, 0.3862003239550723110, 0.3960198493652411500, 0.4009946460409263835, 0.4161866290317735584, 0.4213419640651324682, 0.4265440677576958772, 0.4317936104247863116, 0.4587775587009007006, 0.4699283641402510203, 0.4755833498355936384, 0.4812924719180980970, 0.4870565276562990875, 0.4928763462086315772, 0.5046866702043008024, 0.5228420090553429489, 0.5352494496299816662, 0.5479088588500585777, 0.5543355247775002548, 0.5608281926823491803, 0.5673879017470240260, 0.5807127331054057207, 0.5874800398987772843, 0.5943187756288882406, 0.6012301074868874329, 0.6082151961753459180, 0.6152752338806827259, 0.6224114695404103781, 0.6296251357425940443, 0.6369175176461588928, 0.6442899118638637512, 0.6517436576361367306, 0.6592801008480000391, 0.6669006323850580342, 0.6746066750308182813, 0.6902811069454130033, 0.6982524752427634596, 0.7227218236451603550, 0.7310687104157813643, 0.7395135858304913157, 0.7567042397735463943, 0.7654535639093248411, 0.7923396743590787050, 0.8015208284346598822, 0.8108148417407953223, 0.8202237703479237085, 0.8393948494126316495, 0.8491613467671050852, 0.8590514674497659042, 0.8690675012647167685, 0.8894868437997835997, 0.8998950430025618452, 0.9104389251588234089, 0.9211211154249231425, 0.9429110484243310442, 0.9540243042817142527, 0.9652868578505219288, 0.9767016596611077794, 0.9882716757793573725, 1.000000000000000000 ),
 .UNSPECIFIED. ) ;
#341 = CARTESIAN_POINT ( 'NONE',  ( -430.9587546403485021, 442.0931473700276797, -5.277722594348323214E-14 ) ) ;
#342 = CARTESIAN_POINT ( 'NONE',  ( -415.9182375164572250, 342.9492738428659777, -5.093529382815379283E-14 ) ) ;
#343 = CARTESIAN_POINT ( 'NONE',  ( -431.8375084583947228, 449.2401505079230333, 863.6750169167888771 ) ) ;
#344 = CARTESIAN_POINT ( 'NONE',  ( 372.5507607277675106, 166.8154655268651823, 0.000000000000000000 ) ) ;
#345 = CARTESIAN_POINT ( 'NONE',  ( -404.3067824704153281, 284.9700393952063564, 808.6135649408302015 ) ) ;
#346 = CARTESIAN_POINT ( 'NONE',  ( 347.9549089651764575, 98.99698716826654277, 695.9098179303532561 ) ) ;
#347 = CARTESIAN_POINT ( 'NONE',  ( -449.2619049250033072, 707.6239942060777821, -5.501871538452477640E-14 ) ) ;
#348 = CARTESIAN_POINT ( 'NONE',  ( -320.3597055614799842, 37.83023825024509534, -3.923274879916550288E-14 ) ) ;
#349 = CARTESIAN_POINT ( 'NONE',  ( -391.8767235079619695, 233.1832642944820861, -4.799105751043779861E-14 ) ) ;
#350 = CARTESIAN_POINT ( 'NONE',  ( -421.4840143380070572, 375.6663424120733907, -5.161690490508175099E-14 ) ) ;
#351 = CARTESIAN_POINT ( 'NONE',  ( 447.8445989116903547, 658.4874849921689020, 895.6891978233810505 ) ) ;
#352 = CARTESIAN_POINT ( 'NONE',  ( 368.6853711529063276, 155.0978969375238421, 0.000000000000000000 ) ) ;
#353 = CARTESIAN_POINT ( 'NONE',  ( -360.9003284822537125, 132.7966332620568437, -721.8006569645075388 ) ) ;
#354 = CARTESIAN_POINT ( 'NONE',  ( -399.5589657608254015, 264.1419080078630373, 799.1179315216504619 ) ) ;
#355 = CARTESIAN_POINT ( 'NONE',  ( 358.1964187570392255, 125.4177659414337285, 716.3928375140787921 ) ) ;
#356 = CARTESIAN_POINT ( 'NONE',  ( -449.9550265261104300, 760.7757896238389321, -5.510359829954634719E-14 ) ) ;
#357 = CARTESIAN_POINT ( 'NONE',  ( 327.3478490187360421, 52.12236227597239235, 0.000000000000000000 ) ) ;
#358 = CARTESIAN_POINT ( 'NONE',  ( -400.4016994804243836, 267.7375293107537004, -4.903506596418621680E-14 ) ) ;
#359 = CARTESIAN_POINT ( 'NONE',  ( 426.3612789774196585, 407.7524543547234543, -852.7225579548390897 ) ) ;
#360 = CARTESIAN_POINT ( 'NONE',  ( 449.2619049250033072, 707.6239942060777821, 1.100374307690495528E-13 ) ) ;
#361 = CARTESIAN_POINT ( 'NONE',  ( 376.1079033310899717, 178.0042312655833427, 0.000000000000000000 ) ) ;
#362 = CARTESIAN_POINT ( 'NONE',  ( -361.8005201769571499, 135.2937921389014377, -723.6010403539144136 ) ) ;
#363 = CARTESIAN_POINT ( 'NONE',  ( 394.7463458964656411, 244.3754196707895687, 789.4926917929315096 ) ) ;
#364 = CARTESIAN_POINT ( 'NONE',  ( -343.7115661145069225, 88.71620200011015811, -4.209252692720547426E-14 ) ) ;
#365 = APPLICATION_PROTOCOL_DEFINITION ( 'draft international standard', 'automotive_design', 1998, #1168 ) ;
#366 = CARTESIAN_POINT ( 'NONE',  ( -329.1690901697943445, 55.97078374784143051, -4.031158726546851835E-14 ) ) ;
#367 = CARTESIAN_POINT ( 'NONE',  ( -401.2420184519251620, 271.3658194168942828, -4.913797535805733638E-14 ) ) ;
#368 = CARTESIAN_POINT ( 'NONE',  ( -422.9880559101889617, 385.1158031279992429, -5.180109687479745812E-14 ) ) ;
#369 = CARTESIAN_POINT ( 'NONE',  ( -444.0174820549969468, 582.1314791294200859, 888.0349641099933251 ) ) ;
#370 = CARTESIAN_POINT ( 'NONE',  ( 384.0479969164783256, 204.5532187515101157, 0.000000000000000000 ) ) ;
#371 = CARTESIAN_POINT ( 'NONE',  ( -363.5991652731847807, 140.3456767027382739, -4.452805539244551816E-14 ) ) ;
#372 = CARTESIAN_POINT ( 'NONE',  ( 397.8665681703187147, 257.0469639075939767, 9.744920383950460366E-14 ) ) ;
#373 = CARTESIAN_POINT ( 'NONE',  ( 359.0982552046077103, 127.8588287399917078, 8.795370576314443300E-14 ) ) ;
#374 = CARTESIAN_POINT ( 'NONE',  ( -449.6723308264527645, 730.7759696732809971, -5.506897806117450352E-14 ) ) ;
#375 = CARTESIAN_POINT ( 'NONE',  ( 329.1690901697943445, 55.97078374784143051, 0.000000000000000000 ) ) ;
#376 = CARTESIAN_POINT ( 'NONE',  ( -411.9126884475714974, 321.7139196301515085, -5.044475554354994005E-14 ) ) ;
#377 = CARTESIAN_POINT ( 'NONE',  ( -428.4554098252301060, 422.8681554810327157, -5.247065462198354491E-14 ) ) ;
#378 = CARTESIAN_POINT ( 'NONE',  ( 448.7964368670163253, 688.1091717966068018, 897.5928737340329917 ) ) ;
#379 = CARTESIAN_POINT ( 'NONE',  ( 370.1756294359868207, 159.5603708071235758, 0.000000000000000000 ) ) ;
#380 = CARTESIAN_POINT ( 'NONE',  ( 364.4975707605393609, 142.9008396541610182, -728.9951415210786081 ) ) ;
#381 = CARTESIAN_POINT ( 'NONE',  ( 426.3612789774197154, 407.7524543547235112, 1.044283951160137548E-13 ) ) ;
#382 = CARTESIAN_POINT ( 'NONE',  ( 346.4339913573395506, 95.27678869871407130, 0.000000000000000000 ) ) ;
#383 = CARTESIAN_POINT ( 'NONE',  ( 366.2923752197077079, 148.0707464742114894, 732.5847504394157568 ) ) ;
#384 =( NAMED_UNIT ( * ) PLANE_ANGLE_UNIT ( ) SI_UNIT ( $, .RADIAN. ) );
#385 = CARTESIAN_POINT ( 'NONE',  ( -433.7802019263357352, 465.7598224175169435, -867.5604038526714703 ) ) ;
#386 = CARTESIAN_POINT ( 'NONE',  ( 443.4134236223975449, 572.9574389393143292, 1.086049659876277088E-13 ) ) ;
#387 = CARTESIAN_POINT ( 'NONE',  ( 424.6949770558659907, 396.3163579969668717, 0.000000000000000000 ) ) ;
#388 = CARTESIAN_POINT ( 'NONE',  ( 391.0134041849950108, 229.8919905193035618, -782.0268083699896806 ) ) ;
#389 = CARTESIAN_POINT ( 'NONE',  ( 415.9182375164569407, 342.9492738428660346, 831.8364750329142225 ) ) ;
#390 = CARTESIAN_POINT ( 'NONE',  ( 350.9654965828473792, 106.5307582401473780, 0.000000000000000000 ) ) ;
#391 = CARTESIAN_POINT ( 'NONE',  ( 374.3312445001941455, 172.3648994261940572, 748.6624890003886321 ) ) ;
#392 = CARTESIAN_POINT ( 'NONE',  ( -432.4926789054150049, 454.6868587691545258, -5.296507748761804559E-14 ) ) ;
#393 = CARTESIAN_POINT ( 'NONE',  ( 300.0000000000000000, 0.000000000000000000, 0.000000000000000000 ) ) ;
#394 = CARTESIAN_POINT ( 'NONE',  ( 430.0613133062226439, 435.0236471967354532, 0.000000000000000000 ) ) ;
#395 = CARTESIAN_POINT ( 'NONE',  ( -383.1707033591761729, 201.5047507892917338, -766.3414067183523457 ) ) ;
#396 = CARTESIAN_POINT ( 'NONE',  ( -418.9577540994333731, 360.4154257481341119, -5.130752725358349829E-14 ) ) ;
#397 = CARTESIAN_POINT ( 'NONE',  ( -344.6192980268876340, 90.88747884202875582, -689.2385960537754954 ) ) ;
#398 = CARTESIAN_POINT ( 'NONE',  ( -370.1756294359869344, 159.5603708071235758, 740.3512588719735277 ) ) ;
#399 = CARTESIAN_POINT ( 'NONE',  ( -438.5950524122861793, 512.5891588119555990, -5.371240270585719005E-14 ) ) ;
#400 = CARTESIAN_POINT ( 'NONE',  ( 6.826517583205328643E-14, -10.00000000000000000, -557.4274630006150346 ) ) ;
#401 = CARTESIAN_POINT ( 'NONE',  ( 440.0731086445007918, 529.1955128393644827, 0.000000000000000000 ) ) ;
#402 = CARTESIAN_POINT ( 'NONE',  ( -384.9239470663909515, 207.6273393096145412, -769.8478941327819030 ) ) ;
#403 = CARTESIAN_POINT ( 'NONE',  ( -422.9880559101889617, 385.1158031279992429, -5.180109687479745812E-14 ) ) ;
#404 = CARTESIAN_POINT ( 'NONE',  ( 350.9654965828473792, 106.5307582401473638, -701.9309931656946446 ) ) ;
#405 = CARTESIAN_POINT ( 'NONE',  ( -373.4414758489532460, 169.5790737046114032, 746.8829516979061509 ) ) ;
#406 = CARTESIAN_POINT ( 'NONE',  ( -300.0000000000000000, 0.000000000000000000, -3.673940397442059493E-14 ) ) ;
#407 = CARTESIAN_POINT ( 'NONE',  ( -440.0731086445007918, 529.1955128393644827, -5.389341238923132506E-14 ) ) ;
#408 = CARTESIAN_POINT ( 'NONE',  ( -300.0000000000000000, 0.000000000000000000, -3.673940397442059493E-14 ) ) ;
#409 = CARTESIAN_POINT ( 'NONE',  ( 448.7964368670165527, 688.1091717966068018, 0.000000000000000000 ) ) ;
#410 = CARTESIAN_POINT ( 'NONE',  ( -384.0479969164782688, 204.5532187515101157, -768.0959938329565375 ) ) ;
#411 = CARTESIAN_POINT ( 'NONE',  ( -433.7802019263360194, 465.7598224175169435, 867.5604038526714703 ) ) ;
#412 = CARTESIAN_POINT ( 'NONE',  ( -360.9003284822539399, 132.7966332620568437, 721.8006569645075388 ) ) ;
#413 = CARTESIAN_POINT ( 'NONE',  ( -449.6723308264527645, 730.7759696732809971, -5.506897806117450352E-14 ) ) ;
#414 = CARTESIAN_POINT ( 'NONE',  ( -431.8375084583944385, 449.2401505079230333, -863.6750169167888771 ) ) ;
#415 = CARTESIAN_POINT ( 'NONE',  ( 446.5514839740760635, 627.7530158965082592, 0.000000000000000000 ) ) ;
#416 = CARTESIAN_POINT ( 'NONE',  ( -386.6715329730828330, 213.8538441077484720, -773.3430659461656660 ) ) ;
#417 = CARTESIAN_POINT ( 'NONE',  ( -438.0249037820117906, 506.5026513894743516, 876.0498075640230127 ) ) ;
#418 = CARTESIAN_POINT ( 'NONE',  ( -384.9239470663911789, 207.6273393096145412, 769.8478941327819030 ) ) ;
#419 = CARTESIAN_POINT ( 'NONE',  ( -319.1416048498069813, 35.41449933499067981, -3.908357448540655224E-14 ) ) ;
#420 = CARTESIAN_POINT ( 'NONE',  ( -334.3279653207379170, 67.16246444743731558, 668.6559306414756065 ) ) ;
#421 = CARTESIAN_POINT ( 'NONE',  ( -448.7964368670163822, 688.1091717966068018, -897.5928737340327643 ) ) ;
#422 = CYLINDRICAL_SURFACE ( 'NONE', #290, 557.4274630006150346 ) ;
#423 = CARTESIAN_POINT ( 'NONE',  ( -345.5267892906899760, 93.07428040764980892, -4.231482765245054135E-14 ) ) ;
#424 = CARTESIAN_POINT ( 'NONE',  ( -397.8665681703187147, 257.0469639075939767, -4.872460191975230183E-14 ) ) ;
#425 = CIRCLE ( 'NONE', #1387, 557.4274630006150346 ) ;
#426 = CARTESIAN_POINT ( 'NONE',  ( -441.1380501591766574, 542.0164723040693389, -5.402383011095402912E-14 ) ) ;
#427 = CARTESIAN_POINT ( 'NONE',  ( -387.5430869811607408, 217.0068725582308105, 775.0861739623209132 ) ) ;
#428 = CARTESIAN_POINT ( 'NONE',  ( 301.8249599922348807, 3.178771945592374415, 7.392579423145368939E-14 ) ) ;
#429 = CARTESIAN_POINT ( 'NONE',  ( -323.6970745146828108, 44.56916479616834437, 647.3941490293653942 ) ) ;
#430 = CARTESIAN_POINT ( 'NONE',  ( -447.8445989116905821, 658.4874849921689020, -5.484514545726320902E-14 ) ) ;
#431 = CARTESIAN_POINT ( 'NONE',  ( -310.6387375854795323, 19.10038073009931026, -3.804227356752321079E-14 ) ) ;
#432 = CARTESIAN_POINT ( 'NONE',  ( -351.8707807795600502, 108.8310705285145019, -4.309174253951682695E-14 ) ) ;
#433 = CARTESIAN_POINT ( 'NONE',  ( -408.4268999919995053, 304.2839627190019769, -816.8537999839990107 ) ) ;
#434 = ORIENTED_EDGE ( 'NONE', *, *, #337, .F. ) ;
#435 = CARTESIAN_POINT ( 'NONE',  ( -392.7382732127737199, 236.5032394561024773, -4.809656691926820002E-14 ) ) ;
#436 = CARTESIAN_POINT ( 'NONE',  ( -304.8834228656065761, 8.580758996782185122, -3.733745079254540956E-14 ) ) ;
#437 = CARTESIAN_POINT ( 'NONE',  ( 335.8441033082117428, 70.53699269353106160, 671.6882066164238267 ) ) ;
#438 = CARTESIAN_POINT ( 'NONE',  ( 449.0728099076725925, 699.1676817861263089, 0.000000000000000000 ) ) ;
#439 = CARTESIAN_POINT ( 'NONE',  ( -302.7364988217340738, 4.781713348978889222, -3.707452842671131506E-14 ) ) ;
#440 = CARTESIAN_POINT ( 'NONE',  ( -384.9239470663910652, 207.6273393096145128, -4.713958796900210204E-14 ) ) ;
#441 = CARTESIAN_POINT ( 'NONE',  ( 397.8665681703187715, 257.0469639075939199, -795.7331363406373157 ) ) ;
#442 = EDGE_LOOP ( 'NONE', ( #1311, #1498 ) ) ;
#443 = CARTESIAN_POINT ( 'NONE',  ( 392.7382732127735494, 236.5032394561025058, 785.4765464255473262 ) ) ;
#444 = CARTESIAN_POINT ( 'NONE',  ( 311.8509950053311286, 21.36929185693822930, 7.638146456883920542E-14 ) ) ;
#445 = CARTESIAN_POINT ( 'NONE',  ( -330.9899787520518544, 59.87132512514246230, 661.9799575041035951 ) ) ;
#446 = CARTESIAN_POINT ( 'NONE',  ( -444.0174820549966626, 582.1314791294200859, -888.0349641099933251 ) ) ;
#447 = CARTESIAN_POINT ( 'NONE',  ( -311.8509950053310718, 21.36929185693822930, -623.7019900106621435 ) ) ;
#448 = CARTESIAN_POINT ( 'NONE',  ( -334.3279653207378033, 67.16246444743731558, -4.094336725954888815E-14 ) ) ;
#449 = CARTESIAN_POINT ( 'NONE',  ( -398.7139109958059748, 260.5785224407547389, -797.4278219916119497 ) ) ;
#450 = CARTESIAN_POINT ( 'NONE',  ( 338.5669797427777326, 76.70280405492756870, 0.000000000000000000 ) ) ;
#451 = CARTESIAN_POINT ( 'NONE',  ( -387.5430869811605703, 217.0068725582308105, -4.746034010031626300E-14 ) ) ;
#452 = CARTESIAN_POINT ( 'NONE',  ( 315.4964993456054572, 28.30190745701504440, 630.9929986912112554 ) ) ;
#453 = CARTESIAN_POINT ( 'NONE',  ( -330.9899787520518544, 59.87132512514246940, -4.053458180285507746E-14 ) ) ;
#454 = CARTESIAN_POINT ( 'NONE',  ( -444.0174820549967762, 582.1314791294200859, -5.437645881641192088E-14 ) ) ;
#455 = CARTESIAN_POINT ( 'NONE',  ( 304.8834228656065761, 8.580758996782185122, 0.000000000000000000 ) ) ;
#456 = CARTESIAN_POINT ( 'NONE',  ( -320.3597055614799842, 37.83023825024509534, -3.923274879916550288E-14 ) ) ;
#457 = CARTESIAN_POINT ( 'NONE',  ( -397.0170197915578569, 253.5468137218142033, -4.862056224947527195E-14 ) ) ;
#458 = CARTESIAN_POINT ( 'NONE',  ( 439.3463794696943410, 520.8441410688174074, 1.076088274669079111E-13 ) ) ;
#459 = VERTEX_POINT ( 'NONE', #1039 ) ;
#460 = CARTESIAN_POINT ( 'NONE',  ( 398.7139109958059180, 260.5785224407547389, 797.4278219916121770 ) ) ;
#461 = CARTESIAN_POINT ( 'NONE',  ( -347.9549089651767417, 98.99698716826654277, 695.9098179303531424 ) ) ;
#462 = DIRECTION ( 'NONE',  ( 0.000000000000000000, 1.000000000000000000, 0.000000000000000000 ) ) ;
#463 = CARTESIAN_POINT ( 'NONE',  ( 320.3597055614799842, 37.83023825024510245, -640.7194111229598548 ) ) ;
#464 = CARTESIAN_POINT ( 'NONE',  ( -342.8035761609365863, 86.56030075998957329, -685.6071523218732864 ) ) ;
#465 = CARTESIAN_POINT ( 'NONE',  ( -403.1983722761685272, 279.9750652625069733, -4.937755960294326301E-14 ) ) ;
#466 = CARTESIAN_POINT ( 'NONE',  ( 411.1107046380582233, 317.6186867496140849, 0.000000000000000000 ) ) ;
#467 = CARTESIAN_POINT ( 'NONE',  ( 434.4121444376617660, 471.3879647602099681, 868.8242888753238731 ) ) ;
#468 = CARTESIAN_POINT ( 'NONE',  ( 311.8509950053311286, 21.36929185693822930, 0.000000000000000000 ) ) ;
#469 = CARTESIAN_POINT ( 'NONE',  ( 399.5589657608250604, 264.1419080078630373, 799.1179315216504619 ) ) ;
#470 = CARTESIAN_POINT ( 'NONE',  ( -350.9654965828474928, 106.5307582401473638, 701.9309931656946446 ) ) ;
#471 = DIRECTION ( 'NONE',  ( 0.000000000000000000, 0.000000000000000000, 1.000000000000000000 ) ) ;
#472 = CARTESIAN_POINT ( 'NONE',  ( 332.5027194375756494, 63.15685707199239829, 0.000000000000000000 ) ) ;
#473 = CARTESIAN_POINT ( 'NONE',  ( -385.7984560774565921, 210.7274455415858654, -4.724668443512479976E-14 ) ) ;
#474 = CARTESIAN_POINT ( 'NONE',  ( 419.7193575649825448, 364.9314133420510871, 0.000000000000000000 ) ) ;
#475 = CARTESIAN_POINT ( 'NONE',  ( 449.0728099076723083, 699.1676817861264226, 898.1456198153449577 ) ) ;
#476 = CARTESIAN_POINT ( 'NONE',  ( 375.2200847694670642, 175.1731919332814016, 0.000000000000000000 ) ) ;
#477 = CARTESIAN_POINT ( 'NONE',  ( -370.1756294359868207, 159.5603708071235758, -4.533343997111380070E-14 ) ) ;
#478 = CARTESIAN_POINT ( 'NONE',  ( 395.8860376093156219, 248.9401151048739393, 9.696411375707542311E-14 ) ) ;
#479 = CARTESIAN_POINT ( 'NONE',  ( -342.8035761609368137, 86.56030075998957329, 685.6071523218732864 ) ) ;
#480 = CARTESIAN_POINT ( 'NONE',  ( -449.6723308264526509, 730.7759696732808834, -899.3446616529053017 ) ) ;
#481 = CARTESIAN_POINT ( 'NONE',  ( -334.3279653207378033, 67.16246444743731558, -4.094336725954888815E-14 ) ) ;
#482 = PRODUCT_DEFINITION ( 'ๆ', '', #1665, #1075 ) ;
#483 = CARTESIAN_POINT ( 'NONE',  ( -441.1380501591766574, 542.0164723040693389, -5.402383011095402912E-14 ) ) ;
#484 = CARTESIAN_POINT ( 'NONE',  ( -424.6949770558659907, 396.3163579969668717, -5.201013442654249219E-14 ) ) ;
#485 = CARTESIAN_POINT ( 'NONE',  ( -449.2619049250033072, 707.6239942060777821, -5.501871538452477640E-14 ) ) ;
#486 = AXIS2_PLACEMENT_3D ( 'NONE', #905, #285, #914 ) ;
#487 = CARTESIAN_POINT ( 'NONE',  ( 388.7077009136847892, 221.2635917626708988, 0.000000000000000000 ) ) ;
#488 = CARTESIAN_POINT ( 'NONE',  ( 365.3953039795923701, 145.4757905603303811, 0.000000000000000000 ) ) ;
#489 = CARTESIAN_POINT ( 'NONE',  ( -402.0798610920012379, 275.0272048247903172, 804.1597221840021348 ) ) ;
#490 = CARTESIAN_POINT ( 'NONE',  ( -359.9995564071016929, 130.3183851932814719, 719.9991128142030448 ) ) ;
#491 = CARTESIAN_POINT ( 'NONE',  ( 449.9976361374019120, 776.2869230396704552, -899.9952722748035967 ) ) ;
#492 = CARTESIAN_POINT ( 'NONE',  ( 325.8257774722905538, 48.94946264521148294, 0.000000000000000000 ) ) ;
#493 = CARTESIAN_POINT ( 'NONE',  ( -389.8644680737890553, 225.5585058650239603, -4.774462729278512572E-14 ) ) ;
#494 = CARTESIAN_POINT ( 'NONE',  ( 420.4762685218282172, 369.4928716673780400, 0.000000000000000000 ) ) ;
#495 = CARTESIAN_POINT ( 'NONE',  ( 447.8445989116905821, 658.4874849921689020, 1.096902909145264180E-13 ) ) ;
#496 = CARTESIAN_POINT ( 'NONE',  ( 373.4414758489530755, 169.5790737046114316, 0.000000000000000000 ) ) ;
#497 = CARTESIAN_POINT ( 'NONE',  ( 372.5507607277675106, 166.8154655268651823, -745.1015214555349075 ) ) ;
#498 = CARTESIAN_POINT ( 'NONE',  ( 408.4268999919996759, 304.2839627190019769, 1.000357391521757108E-13 ) ) ;
#499 = CARTESIAN_POINT ( 'NONE',  ( 352.7757028338581335, 111.1483052248220389, 8.640512705848843961E-14 ) ) ;
#500 = CARTESIAN_POINT ( 'NONE',  ( -449.9976361374017984, 776.2869230396704552, -899.9952722748035967 ) ) ;
#501 = CARTESIAN_POINT ( 'NONE',  ( -338.5669797427776757, 76.70280405492755449, -677.1339594855553514 ) ) ;
#502 = CARTESIAN_POINT ( 'NONE',  ( -440.0731086445007918, 529.1955128393644827, -5.389341238923132506E-14 ) ) ;
#503 = CARTESIAN_POINT ( 'NONE',  ( 428.4554098252301060, 422.8681554810327157, 0.000000000000000000 ) ) ;
#504 = CARTESIAN_POINT ( 'NONE',  ( -447.4487051318388922, 648.1132192018490059, -5.479666245223343919E-14 ) ) ;
#505 = CARTESIAN_POINT ( 'NONE',  ( 360.9003284822538262, 132.7966332620568437, 0.000000000000000000 ) ) ;
#506 = CARTESIAN_POINT ( 'NONE',  ( -375.2200847694669505, 175.1731919332814016, -750.4401695389339011 ) ) ;
#507 = CARTESIAN_POINT ( 'NONE',  ( -422.9880559101890753, 385.1158031279992429, 845.9761118203775823 ) ) ;
#508 = CARTESIAN_POINT ( 'NONE',  ( 363.5991652731845534, 140.3456767027382739, 727.1983305463694478 ) ) ;
#509 = VECTOR ( 'NONE', #1041, 1000.000000000000000 ) ;
#510 = PRESENTATION_STYLE_ASSIGNMENT (( #1165 ) ) ;
#511 = CARTESIAN_POINT ( 'NONE',  ( 436.2582516031176851, 488.6507666368281662, -872.5165032062351429 ) ) ;
#512 = CARTESIAN_POINT ( 'NONE',  ( 447.4487051318386648, 648.1132192018490059, 894.8974102636774433 ) ) ;
#513 = CARTESIAN_POINT ( 'NONE',  ( 402.0798610920011811, 275.0272048247903172, 0.000000000000000000 ) ) ;
#514 = CARTESIAN_POINT ( 'NONE',  ( -365.3953039795923701, 145.4757905603303811, -4.474801894420819303E-14 ) ) ;
#515 = CARTESIAN_POINT ( 'NONE',  ( 341.8953648610354321, 84.41960080176612280, -683.7907297220706369 ) ) ;
#516 = CARTESIAN_POINT ( 'NONE',  ( 428.4554098252301060, 422.8681554810327157, 1.049413092439670898E-13 ) ) ;
#517 = CARTESIAN_POINT ( 'NONE',  ( -358.1964187570393960, 125.4177659414337285, -4.386640976968532776E-14 ) ) ;
#518 = EDGE_CURVE ( 'NONE', #1084, #1179, #47, .T. ) ;
#519 = CARTESIAN_POINT ( 'NONE',  ( 372.5507607277673401, 166.8154655268651823, 745.1015214555350212 ) ) ;
#520 = APPLICATION_PROTOCOL_DEFINITION ( 'draft international standard', 'automotive_design', 1998, #1258 ) ;
#521 = CARTESIAN_POINT ( 'NONE',  ( -448.1263041965326579, 666.4164073160578710, -5.487964440480168558E-14 ) ) ;
#522 = CARTESIAN_POINT ( 'NONE',  ( 434.4121444376619365, 471.3879647602099681, -868.8242888753236457 ) ) ;
#523 = CARTESIAN_POINT ( 'NONE',  ( 450.0000000000000000, 779.4228600000000142, 1.102182119232617848E-13 ) ) ;
#524 = CARTESIAN_POINT ( 'NONE',  ( 447.4487051318388922, 648.1132192018490059, 0.000000000000000000 ) ) ;
#525 = CARTESIAN_POINT ( 'NONE',  ( 387.5430869811605703, 217.0068725582308105, -775.0861739623209132 ) ) ;
#526 = CARTESIAN_POINT ( 'NONE',  ( -429.1454010115588744, 428.0305890460474529, -5.255515417176128550E-14 ) ) ;
#527 = CARTESIAN_POINT ( 'NONE',  ( 354.6022887968624104, 115.8622802326724468, -709.2045775937247072 ) ) ;
#528 = CARTESIAN_POINT ( 'NONE',  ( -375.2200847694670642, 175.1731919332814016, -4.595120757887263209E-14 ) ) ;
#529 = DIRECTION ( 'NONE',  ( 0.000000000000000000, 0.000000000000000000, 1.000000000000000000 ) ) ;
#530 = CARTESIAN_POINT ( 'NONE',  ( 433.1402902062902740, 460.1931075416540580, 0.000000000000000000 ) ) ;
#531 = CARTESIAN_POINT ( 'NONE',  ( 0.000000000000000000, -10.00000000000000000, 0.000000000000000000 ) ) ;
#532 = CARTESIAN_POINT ( 'NONE',  ( 427.5315438096262142, 416.0915530535466473, 0.000000000000000000 ) ) ;
#533 = CARTESIAN_POINT ( 'NONE',  ( -385.7984560774564784, 210.7274455415858654, -771.5969121549129568 ) ) ;
#534 = CARTESIAN_POINT ( 'NONE',  ( -431.8375084583946091, 449.2401505079229764, -5.288484224853410246E-14 ) ) ;
#535 = CARTESIAN_POINT ( 'NONE',  ( -354.6022887968622967, 115.8622802326724468, -709.2045775937247072 ) ) ;
#536 = CARTESIAN_POINT ( 'NONE',  ( 372.5507607277675106, 166.8154655268651823, 9.124861932903439341E-14 ) ) ;
#537 = CARTESIAN_POINT ( 'NONE',  ( -300.3041139182103620, 0.5276647206716471583, 600.6082278364206104 ) ) ;
#538 = CARTESIAN_POINT ( 'NONE',  ( -440.0731086445006213, 529.1955128393644827, -880.1462172890012425 ) ) ;
#539 = DIRECTION ( 'NONE',  ( 0.000000000000000000, 1.000000000000000000, 0.000000000000000000 ) ) ;
#540 = CARTESIAN_POINT ( 'NONE',  ( 442.7804639775552573, 563.8932347783251089, 0.000000000000000000 ) ) ;
#541 = CARTESIAN_POINT ( 'NONE',  ( -378.4819444270326585, 185.6895371984949747, -756.9638888540653170 ) ) ;
#542 = CARTESIAN_POINT ( 'NONE',  ( 417.9410316383499548, 354.4818267995210590, 1.023660293256495933E-13 ) ) ;
#543 = CARTESIAN_POINT ( 'NONE',  ( -376.1079033310900854, 178.0042312655833427, 752.2158066621797161 ) ) ;
#544 = CARTESIAN_POINT ( 'NONE',  ( 430.9587546403485021, 442.0931473700276797, 0.000000000000000000 ) ) ;
#545 = CARTESIAN_POINT ( 'NONE',  ( 6.826517583205328643E-14, 0.000000000000000000, -557.4274630006150346 ) ) ;
#546 = CARTESIAN_POINT ( 'NONE',  ( 437.4452497848478743, 500.4848101829228995, 0.000000000000000000 ) ) ;
#547 = CARTESIAN_POINT ( 'NONE',  ( 391.0134041849949540, 229.8919905193035618, 0.000000000000000000 ) ) ;
#548 = CARTESIAN_POINT ( 'NONE',  ( 436.2582516031175146, 488.6507666368281662, 872.5165032062353703 ) ) ;
#549 = CARTESIAN_POINT ( 'NONE',  ( 389.8644680737890553, 225.5585058650239603, 9.548925458557025144E-14 ) ) ;
#550 = CARTESIAN_POINT ( 'NONE',  ( -318.2303841646005367, 33.61909325602998422, 636.4607683292008460 ) ) ;
#551 = CARTESIAN_POINT ( 'NONE',  ( 443.4134236223975449, 572.9574389393143292, 0.000000000000000000 ) ) ;
#552 = CARTESIAN_POINT ( 'NONE',  ( 449.9976361374019120, 776.2869230396703415, 1.102176329439089096E-13 ) ) ;
#553 = CARTESIAN_POINT ( 'NONE',  ( -327.3478490187360421, 52.12236227597239235, -4.008854955085660854E-14 ) ) ;
#554 = CARTESIAN_POINT ( 'NONE',  ( 383.1707033591762865, 201.5047507892917338, -766.3414067183523457 ) ) ;
#555 = CARTESIAN_POINT ( 'NONE',  ( -439.3463794696945115, 520.8441410688174074, 878.6927589393884546 ) ) ;
#556 = CARTESIAN_POINT ( 'NONE',  ( -388.7077009136849028, 221.2635917626708988, 777.4154018273694646 ) ) ;
#557 = CARTESIAN_POINT ( 'NONE',  ( 313.6737810439703935, 24.81353330539207747, 7.682791838638920391E-14 ) ) ;
#558 = CARTESIAN_POINT ( 'NONE',  ( 340.9869127854572639, 82.29395848161286153, 8.351770625876959147E-14 ) ) ;
#559 = CARTESIAN_POINT ( 'NONE',  ( 444.0174820549968331, 582.1314791294200859, -888.0349641099933251 ) ) ;
#560 = CARTESIAN_POINT ( 'NONE',  ( -314.5851598764549522, 26.55214560930204826, -629.1703197529099043 ) ) ;
#561 = CARTESIAN_POINT ( 'NONE',  ( -325.8257774722905538, 48.94946264521148294, -3.990214954611384895E-14 ) ) ;
#562 = CARTESIAN_POINT ( 'NONE',  ( 400.4016994804243836, 267.7375293107537004, 0.000000000000000000 ) ) ;
#563 = CARTESIAN_POINT ( 'NONE',  ( 324.6080142609620793, 46.43644489156206845, 0.000000000000000000 ) ) ;
#564 = CARTESIAN_POINT ( 'NONE',  ( 387.5430869811605703, 217.0068725582308105, 9.492068020063252600E-14 ) ) ;
#565 = AXIS2_PLACEMENT_3D ( 'NONE', #1593, #131, #2 ) ;
#566 = CARTESIAN_POINT ( 'NONE',  ( 304.8834228656064624, 8.580758996782185122, 609.7668457312132659 ) ) ;
#567 = CARTESIAN_POINT ( 'NONE',  ( -332.5027194375756494, 63.15685707199239829, -4.071983910670174218E-14 ) ) ;
#568 = CARTESIAN_POINT ( 'NONE',  ( -441.9829908142964996, 552.8896276306601294, -883.9659816285929992 ) ) ;
#569 = CARTESIAN_POINT ( 'NONE',  ( 313.6737810439703935, 24.81353330539207747, 0.000000000000000000 ) ) ;
#570 = CARTESIAN_POINT ( 'NONE',  ( -380.2555564936566270, 191.5615369250680544, -4.656787501179521373E-14 ) ) ;
#571 = CARTESIAN_POINT ( 'NONE',  ( 401.2420184519251620, 271.3658194168942828, -802.4840369038500967 ) ) ;
#572 = ORIENTED_EDGE ( 'NONE', *, *, #337, .T. ) ;
#573 = CARTESIAN_POINT ( 'NONE',  ( -385.7984560774567626, 210.7274455415858654, 771.5969121549129568 ) ) ;
#574 = CARTESIAN_POINT ( 'NONE',  ( 315.4964993456056277, 28.30190745701504440, 7.727435561315819364E-14 ) ) ;
#575 = CARTESIAN_POINT ( 'NONE',  ( -322.7860974928291284, 42.71414832770547321, -3.952989611038586458E-14 ) ) ;
#576 = CARTESIAN_POINT ( 'NONE',  ( -446.1887598532231891, 620.3061465895898436, -5.464236365697768616E-14 ) ) ;
#577 = CARTESIAN_POINT ( 'NONE',  ( 316.4078259143907985, 30.06290921049094322, -632.8156518287814833 ) ) ;
#578 = CARTESIAN_POINT ( 'NONE',  ( -354.6022887968624104, 115.8622802326724468, -4.342625579454029023E-14 ) ) ;
#579 = CARTESIAN_POINT ( 'NONE',  ( 397.0170197915578569, 253.5468137218142033, 0.000000000000000000 ) ) ;
#580 = ORIENTED_EDGE ( 'NONE', *, *, #284, .T. ) ;
#581 = CARTESIAN_POINT ( 'NONE',  ( 388.7077009136846186, 221.2635917626708988, 777.4154018273694646 ) ) ;
#582 = CARTESIAN_POINT ( 'NONE',  ( 311.8509950053309581, 21.36929185693822930, 623.7019900106622572 ) ) ;
#583 = CARTESIAN_POINT ( 'NONE',  ( 322.7860974928289579, 42.71414832770547321, 645.5721949856582569 ) ) ;
#584 = CARTESIAN_POINT ( 'NONE',  ( 449.0728099076725357, 699.1676817861264226, -898.1456198153449577 ) ) ;
#585 = CARTESIAN_POINT ( 'NONE',  ( -309.4234766555368310, 16.84729338164315493, -618.8469533110736620 ) ) ;
#586 = CARTESIAN_POINT ( 'NONE',  ( -342.8035761609367000, 86.56030075998957329, -4.198133022817570877E-14 ) ) ;
#587 = CARTESIAN_POINT ( 'NONE',  ( 394.7463458964658116, 244.3754196707895687, -789.4926917929315096 ) ) ;
#588 = CARTESIAN_POINT ( 'NONE',  ( -435.6513965402255053, 482.8324328370171656, -5.335190883170614819E-14 ) ) ;
#589 = VERTEX_POINT ( 'NONE', #1063 ) ;
#590 = CARTESIAN_POINT ( 'NONE',  ( 411.1107046380579391, 317.6186867496140280, 822.2214092761162192 ) ) ;
#591 = CARTESIAN_POINT ( 'NONE',  ( -325.8257774722906106, 48.94946264521148294, 651.6515549445811075 ) ) ;
#592 = CARTESIAN_POINT ( 'NONE',  ( -449.9929403194583983, 770.0573777774004611, -899.9858806389167967 ) ) ;
#593 = CARTESIAN_POINT ( 'NONE',  ( -318.2303841646004798, 33.61909325602999132, -3.897198213586105812E-14 ) ) ;
#594 = CARTESIAN_POINT ( 'NONE',  ( -426.3612789774197154, 407.7524543547235112, -5.221419755800687740E-14 ) ) ;
#595 = CARTESIAN_POINT ( 'NONE',  ( -402.0798610920010674, 275.0272048247903172, -804.1597221840021348 ) ) ;
#596 = CARTESIAN_POINT ( 'NONE',  ( 436.8562594613978263, 494.5345436354475055, 1.069989239673772975E-13 ) ) ;
#597 = CARTESIAN_POINT ( 'NONE',  ( 313.6737810439703935, 24.81353330539207747, 0.000000000000000000 ) ) ;
#598 = CARTESIAN_POINT ( 'NONE',  ( 402.0798610920011811, 275.0272048247903172, 9.848116297758632790E-14 ) ) ;
#599 = CARTESIAN_POINT ( 'NONE',  ( -346.4339913573396075, 95.27678869871407130, 692.8679827146788739 ) ) ;
#600 = CARTESIAN_POINT ( 'NONE',  ( 449.8120155301597265, 742.5842558502624797, -899.6240310603192256 ) ) ;
#601 = CARTESIAN_POINT ( 'NONE',  ( -324.6080142609620225, 46.43644489156206134, -649.2160285219240450 ) ) ;
#602 = CARTESIAN_POINT ( 'NONE',  ( -386.6715329730828898, 213.8538441077485004, -4.735360551768862094E-14 ) ) ;
#603 = CARTESIAN_POINT ( 'NONE',  ( -409.7802015244602671, 310.9180560347057849, -5.018360121508875926E-14 ) ) ;
#604 = CARTESIAN_POINT ( 'NONE',  ( -441.9829908142966133, 552.8896276306601294, -5.412730549783022977E-14 ) ) ;
#605 = CARTESIAN_POINT ( 'NONE',  ( 347.9549089651766280, 98.99698716826654277, 0.000000000000000000 ) ) ;
#606 = CARTESIAN_POINT ( 'NONE',  ( -364.4975707605391904, 142.9008396541610182, -728.9951415210786081 ) ) ;
#607 = CARTESIAN_POINT ( 'NONE',  ( 405.6855383398695949, 291.3010017312274158, 811.3710766797395308 ) ) ;
#608 = CARTESIAN_POINT ( 'NONE',  ( -344.6192980268878046, 90.88747884202875582, -4.220369202530359440E-14 ) ) ;
#609 = CARTESIAN_POINT ( 'NONE',  ( -449.8120155301597833, 742.5842558502625934, -5.508608450370296666E-14 ) ) ;
#610 = CARTESIAN_POINT ( 'NONE',  ( -321.5745169433250794, 40.26342875869720217, -643.1490338866501588 ) ) ;
#611 = CARTESIAN_POINT ( 'NONE',  ( -431.8375084583946091, 449.2401505079229764, -5.288484224853410246E-14 ) ) ;
#612 = CARTESIAN_POINT ( 'NONE',  ( 422.9880559101889617, 385.1158031279992429, -845.9761118203775823 ) ) ;
#613 = CARTESIAN_POINT ( 'NONE',  ( 448.7964368670165527, 688.1091717966068018, 1.099234239755858047E-13 ) ) ;
#614 = CARTESIAN_POINT ( 'NONE',  ( 403.1983722761685272, 279.9750652625069733, 0.000000000000000000 ) ) ;
#615 = CARTESIAN_POINT ( 'NONE',  ( 371.3661445672398145, 163.1727682793019483, -742.7322891344795153 ) ) ;
#616 = CARTESIAN_POINT ( 'NONE',  ( -404.3067824704151576, 284.9700393952063564, -4.951330070259591169E-14 ) ) ;
#617 = CARTESIAN_POINT ( 'NONE',  ( -359.0982552046077103, 127.8588287399917078, -4.397685288157221650E-14 ) ) ;
#618 = CARTESIAN_POINT ( 'NONE',  ( -325.8257774722905538, 48.94946264521148294, -3.990214954611384895E-14 ) ) ;
#619 = CARTESIAN_POINT ( 'NONE',  ( -427.5315438096262142, 416.0915530535466473, -5.235751366609851326E-14 ) ) ;
#620 = CARTESIAN_POINT ( 'NONE',  ( 415.9182375164572250, 342.9492738428660346, -831.8364750329142225 ) ) ;
#621 = CARTESIAN_POINT ( 'NONE',  ( 447.0175151232443795, 637.8691083281499914, 1.094877138116969618E-13 ) ) ;
#622 = CARTESIAN_POINT ( 'NONE',  ( 356.4091451093202068, 120.6187752609291692, 0.000000000000000000 ) ) ;
#623 = CARTESIAN_POINT ( 'NONE',  ( 374.3312445001943161, 172.3648994261940288, 0.000000000000000000 ) ) ;
#624 = CARTESIAN_POINT ( 'NONE',  ( -411.1107046380582233, 317.6186867496140849, -5.034654085302108887E-14 ) ) ;
#625 = CARTESIAN_POINT ( 'NONE',  ( 342.8035761609365863, 86.56030075998957329, 685.6071523218734001 ) ) ;
#626 = CARTESIAN_POINT ( 'NONE',  ( 449.9976361374019120, 776.2869230396703415, 0.000000000000000000 ) ) ;
#627 = CARTESIAN_POINT ( 'NONE',  ( 330.9899787520518544, 59.87132512514246940, 0.000000000000000000 ) ) ;
#628 = CARTESIAN_POINT ( 'NONE',  ( -436.2582516031176851, 488.6507666368281093, -5.342622714273787758E-14 ) ) ;
#629 = CARTESIAN_POINT ( 'NONE',  ( -421.4840143380070003, 375.6663424120734476, -842.9680286760140007 ) ) ;
#630 = CARTESIAN_POINT ( 'NONE',  ( -445.5668477091804789, 608.1933245365599987, -5.456620138532240707E-14 ) ) ;
#631 = CARTESIAN_POINT ( 'NONE',  ( 394.7463458964658116, 244.3754196707895687, 0.000000000000000000 ) ) ;
#632 = CARTESIAN_POINT ( 'NONE',  ( 375.2200847694670642, 175.1731919332814016, -750.4401695389339011 ) ) ;
#633 = CARTESIAN_POINT ( 'NONE',  ( 420.4762685218280467, 369.4928716673780400, 840.9525370436564344 ) ) ;
#634 = CARTESIAN_POINT ( 'NONE',  ( 375.2200847694668937, 175.1731919332814016, 750.4401695389341285 ) ) ;
#635 = CYLINDRICAL_SURFACE ( 'NONE', #565, 557.4274630006150346 ) ;
#636 = CARTESIAN_POINT ( 'NONE',  ( 435.6513965402255053, 482.8324328370171656, 0.000000000000000000 ) ) ;
#637 = CARTESIAN_POINT ( 'NONE',  ( 446.1887598532229617, 620.3061465895898436, 892.3775197064462645 ) ) ;
#638 = CARTESIAN_POINT ( 'NONE',  ( 400.4016994804243836, 267.7375293107537004, 0.000000000000000000 ) ) ;
#639 = CARTESIAN_POINT ( 'NONE',  ( -366.2923752197077647, 148.0707464742114894, -732.5847504394156431 ) ) ;
#640 = CARTESIAN_POINT ( 'NONE',  ( -340.9869127854571502, 82.29395848161286153, -681.9738255709145278 ) ) ;
#641 = CARTESIAN_POINT ( 'NONE',  ( -421.4840143380072277, 375.6663424120734476, 842.9680286760140007 ) ) ;
#642 = CARTESIAN_POINT ( 'NONE',  ( -345.5267892906899760, 93.07428040764980892, -4.231482765245054135E-14 ) ) ;
#643 = CARTESIAN_POINT ( 'NONE',  ( -363.5991652731847807, 140.3456767027382739, -4.452805539244551816E-14 ) ) ;
#644 = AXIS2_PLACEMENT_3D ( 'NONE', #1471, #1186, #20 ) ;
#645 = CARTESIAN_POINT ( 'NONE',  ( -447.0175151232443795, 637.8691083281499914, -5.474385690584848088E-14 ) ) ;
#646 = CARTESIAN_POINT ( 'NONE',  ( -436.8562594613978263, 494.5345436354475055, -5.349946198368864876E-14 ) ) ;
#647 = CARTESIAN_POINT ( 'NONE',  ( 444.0174820549966057, 582.1314791294200859, 888.0349641099935525 ) ) ;
#648 = CARTESIAN_POINT ( 'NONE',  ( 445.5668477091804789, 608.1933245365599987, 0.000000000000000000 ) ) ;
#649 = CARTESIAN_POINT ( 'NONE',  ( -387.5430869811604566, 217.0068725582308105, -775.0861739623209132 ) ) ;
#650 = AXIS2_PLACEMENT_3D ( 'NONE', #1694, #1453, #529 ) ;
#651 = CARTESIAN_POINT ( 'NONE',  ( -430.9587546403486726, 442.0931473700276797, 861.9175092806967768 ) ) ;
#652 = CARTESIAN_POINT ( 'NONE',  ( -347.9549089651765144, 98.99698716826654277, -695.9098179303531424 ) ) ;
#653 = CARTESIAN_POINT ( 'NONE',  ( -372.5507607277676243, 166.8154655268651823, 745.1015214555349075 ) ) ;
#654 = CARTESIAN_POINT ( 'NONE',  ( -449.0728099076725925, 699.1676817861263089, -5.499555792375390248E-14 ) ) ;
#655 = CARTESIAN_POINT ( 'NONE',  ( -438.5950524122861225, 512.5891588119555990, -877.1901048245722450 ) ) ;
#656 = CARTESIAN_POINT ( 'NONE',  ( -449.9929403194584552, 770.0573777774004611, -5.510824140011307773E-14 ) ) ;
#657 = CARTESIAN_POINT ( 'NONE',  ( 419.7193575649825448, 364.9314133420510871, 0.000000000000000000 ) ) ;
#658 = CARTESIAN_POINT ( 'NONE',  ( 376.9947208935075196, 180.8582793813422995, -753.9894417870149255 ) ) ;
#659 = ORIENTED_EDGE ( 'NONE', *, *, #158, .T. ) ;
#660 = CARTESIAN_POINT ( 'NONE',  ( 428.4554098252298786, 422.8681554810327157, 856.9108196504600983 ) ) ;
#661 = CARTESIAN_POINT ( 'NONE',  ( 345.5267892906899760, 93.07428040764980892, 0.000000000000000000 ) ) ;
#662 = CARTESIAN_POINT ( 'NONE',  ( -361.8005201769573773, 135.2937921389014377, 723.6010403539144136 ) ) ;
#663 = CARTESIAN_POINT ( 'NONE',  ( -439.3463794696942273, 520.8441410688174074, -878.6927589393884546 ) ) ;
#664 = CARTESIAN_POINT ( 'NONE',  ( 0.000000000000000000, -10.00000000000000000, 0.000000000000000000 ) ) ;
#665 = CARTESIAN_POINT ( 'NONE',  ( 420.4762685218282172, 369.4928716673780400, 0.000000000000000000 ) ) ;
#666 = CARTESIAN_POINT ( 'NONE',  ( -378.4819444270327722, 185.6895371984949747, -4.635067017776320879E-14 ) ) ;
#667 = CARTESIAN_POINT ( 'NONE',  ( 419.7193575649823174, 364.9314133420510871, 839.4387151299649759 ) ) ;
#668 = CARTESIAN_POINT ( 'NONE',  ( -376.1079033310899717, 178.0042312655833427, -4.605993399484415093E-14 ) ) ;
#669 = SURFACE_STYLE_FILL_AREA ( #1156 ) ;
#670 = CARTESIAN_POINT ( 'NONE',  ( -434.4121444376619365, 471.3879647602099681, -5.320014421963203656E-14 ) ) ;
#671 = LINE ( 'NONE', #400, #1244 ) ;
#672 = CARTESIAN_POINT ( 'NONE',  ( -307.0101319898756174, 12.41491455619447137, -3.759789754472076008E-14 ) ) ;
#673 = CARTESIAN_POINT ( 'NONE',  ( 385.7984560774565921, 210.7274455415858654, 0.000000000000000000 ) ) ;
#674 = CARTESIAN_POINT ( 'NONE',  ( -442.7804639775552573, 563.8932347783251089, -5.422496779350929985E-14 ) ) ;
#675 = CARTESIAN_POINT ( 'NONE',  ( -376.9947208935076333, 180.8582793813422995, 753.9894417870149255 ) ) ;
#676 = CARTESIAN_POINT ( 'NONE',  ( 300.9137384971901383, 1.585417634694873179, 7.370260933400952091E-14 ) ) ;
#677 = CARTESIAN_POINT ( 'NONE',  ( 446.1887598532231891, 620.3061465895898436, 0.000000000000000000 ) ) ;
#678 = CARTESIAN_POINT ( 'NONE',  ( -449.6723308264528782, 730.7759696732808834, 899.3446616529053017 ) ) ;
#679 = CARTESIAN_POINT ( 'NONE',  ( 446.1887598532231891, 620.3061465895898436, 0.000000000000000000 ) ) ;
#680 = CARTESIAN_POINT ( 'NONE',  ( 383.1707033591762865, 201.5047507892917338, 0.000000000000000000 ) ) ;
#681 = CARTESIAN_POINT ( 'NONE',  ( -434.4121444376621071, 471.3879647602099681, 868.8242888753236457 ) ) ;
#682 = CARTESIAN_POINT ( 'NONE',  ( -382.0035811968404005, 197.4890174377773064, -4.678194629755366376E-14 ) ) ;
#683 = CARTESIAN_POINT ( 'NONE',  ( 316.4078259143907985, 30.06290921049093967, 7.749756624624633384E-14 ) ) ;
#684 = CARTESIAN_POINT ( 'NONE',  ( -340.9869127854574344, 82.29395848161286153, 681.9738255709145278 ) ) ;
#685 = CARTESIAN_POINT ( 'NONE',  ( -443.4134236223975449, 572.9574389393143292, -5.430248299381385439E-14 ) ) ;
#686 = CARTESIAN_POINT ( 'NONE',  ( 311.8509950053311286, 21.36929185693822930, 0.000000000000000000 ) ) ;
#687 = CARTESIAN_POINT ( 'NONE',  ( -318.2303841646004798, 33.61909325602999132, -3.897198213586105812E-14 ) ) ;
#688 = CARTESIAN_POINT ( 'NONE',  ( -397.8665681703186578, 257.0469639075939199, -795.7331363406373157 ) ) ;
#689 = CARTESIAN_POINT ( 'NONE',  ( 318.2303841646004798, 33.61909325602999132, 0.000000000000000000 ) ) ;
#690 = CARTESIAN_POINT ( 'NONE',  ( 433.7802019263358488, 465.7598224175169435, 1.062455071645159538E-13 ) ) ;
#691 = CARTESIAN_POINT ( 'NONE',  ( -389.8644680737892259, 225.5585058650239887, 779.7289361475778833 ) ) ;
#692 = CARTESIAN_POINT ( 'NONE',  ( -311.8509950053311854, 21.36929185693822930, 623.7019900106621435 ) ) ;
#693 = CARTESIAN_POINT ( 'NONE',  ( -329.1690901697944582, 55.97078374784142341, 658.3381803395885754 ) ) ;
#694 = CARTESIAN_POINT ( 'NONE',  ( 446.5514839740760067, 627.7530158965082592, -893.1029679481518997 ) ) ;
#695 = CARTESIAN_POINT ( 'NONE',  ( 312.7624018460877551, 23.08594443283053366, -625.5248036921753965 ) ) ;
#696 = CARTESIAN_POINT ( 'NONE',  ( -346.4339913573395506, 95.27678869871407130, -4.242592786316076991E-14 ) ) ;
#697 = CARTESIAN_POINT ( 'NONE',  ( -409.7802015244601535, 310.9180560347057849, -819.5604030489203069 ) ) ;
#698 = ORIENTED_EDGE ( 'NONE', *, *, #1301, .F. ) ;
#699 = CARTESIAN_POINT ( 'NONE',  ( 391.0134041849948403, 229.8919905193035618, 782.0268083699897943 ) ) ;
#700 = CIRCLE ( 'NONE', #650, 557.4274630006150346 ) ;
#701 = CARTESIAN_POINT ( 'NONE',  ( -311.8509950053311286, 21.36929185693822930, -3.819073228441960271E-14 ) ) ;
#702 = CARTESIAN_POINT ( 'NONE',  ( -327.3478490187360421, 52.12236227597239235, -4.008854955085660854E-14 ) ) ;
#703 = CARTESIAN_POINT ( 'NONE',  ( 441.9829908142966133, 552.8896276306601294, -883.9659816285929992 ) ) ;
#704 = CARTESIAN_POINT ( 'NONE',  ( 310.6387375854795323, 19.10038073009931026, 0.000000000000000000 ) ) ;
#705 = CARTESIAN_POINT ( 'NONE',  ( -373.4414758489530755, 169.5790737046114316, -4.573339080672840260E-14 ) ) ;
#706 = CARTESIAN_POINT ( 'NONE',  ( -393.5979442021989598, 239.8522955714378497, -787.1958884043979197 ) ) ;
#707 = CARTESIAN_POINT ( 'NONE',  ( 330.9899787520518544, 59.87132512514246940, 0.000000000000000000 ) ) ;
#708 = CARTESIAN_POINT ( 'NONE',  ( -380.2555564936566270, 191.5615369250680544, -4.656787501179521373E-14 ) ) ;
#709 = CARTESIAN_POINT ( 'NONE',  ( -301.8249599922348807, 3.178771945592374415, -3.696289711572684469E-14 ) ) ;
#710 = CARTESIAN_POINT ( 'NONE',  ( 320.3597055614798137, 37.83023825024510245, 640.7194111229599685 ) ) ;
#711 = CARTESIAN_POINT ( 'NONE',  ( -448.4807600431412880, 677.1928808586594641, -5.492305272660051322E-14 ) ) ;
#712 = CARTESIAN_POINT ( 'NONE',  ( -312.7624018460876982, 23.08594443283053366, -625.5248036921753965 ) ) ;
#713 = CARTESIAN_POINT ( 'NONE',  ( -314.5851598764550090, 26.55214560930205181, -3.852557091019590099E-14 ) ) ;
#714 = CARTESIAN_POINT ( 'NONE',  ( -404.3067824704151008, 284.9700393952063564, -808.6135649408302015 ) ) ;
#715 = CARTESIAN_POINT ( 'NONE',  ( 304.8834228656065761, 8.580758996782185122, 0.000000000000000000 ) ) ;
#716 = CARTESIAN_POINT ( 'NONE',  ( -401.2420184519251620, 271.3658194168942828, -4.913797535805733638E-14 ) ) ;
#717 = CARTESIAN_POINT ( 'NONE',  ( 320.3597055614799842, 37.83023825024509534, 7.846549759833100576E-14 ) ) ;
#718 = CARTESIAN_POINT ( 'NONE',  ( -450.0000000000000000, 779.4228600000000142, -5.510910596163089240E-14 ) ) ;
#719 = CARTESIAN_POINT ( 'NONE',  ( -318.2303841646004230, 33.61909325602998422, -636.4607683292008460 ) ) ;
#720 = CARTESIAN_POINT ( 'NONE',  ( -362.7001555193988338, 137.8100614635042689, -4.441795845070790005E-14 ) ) ;
#721 = CARTESIAN_POINT ( 'NONE',  ( 402.0798610920011811, 275.0272048247903172, -804.1597221840021348 ) ) ;
#722 = CARTESIAN_POINT ( 'NONE',  ( 435.0359602133070780, 477.0785012105251326, 1.065530792378443701E-13 ) ) ;
#723 = EDGE_LOOP ( 'NONE', ( #698, #1507, #136, #1353 ) ) ;
#724 = CIRCLE ( 'NONE', #942, 300.0000000000000000 ) ;
#725 = CARTESIAN_POINT ( 'NONE',  ( -402.0798610920011811, 275.0272048247903172, -4.924058148879316395E-14 ) ) ;
#726 = CARTESIAN_POINT ( 'NONE',  ( 345.5267892906898055, 93.07428040764980892, 691.0535785813799521 ) ) ;
#727 = CARTESIAN_POINT ( 'NONE',  ( 450.0000000000000568, 779.4228600000001279, -899.9999999999997726 ) ) ;
#728 = CARTESIAN_POINT ( 'NONE',  ( -323.6970745146826971, 44.56916479616834437, -647.3941490293653942 ) ) ;
#729 = CARTESIAN_POINT ( 'NONE',  ( 343.7115661145069225, 88.71620200011015811, -687.4231322290137314 ) ) ;
#730 = CARTESIAN_POINT ( 'NONE',  ( -399.5589657608252878, 264.1419080078630373, -4.893186084896215936E-14 ) ) ;
#731 = CARTESIAN_POINT ( 'NONE',  ( 415.9182375164572250, 342.9492738428659777, 0.000000000000000000 ) ) ;
#732 = CARTESIAN_POINT ( 'NONE',  ( 440.0731086445005644, 529.1955128393644827, 880.1462172890014699 ) ) ;
#733 = CARTESIAN_POINT ( 'NONE',  ( 351.8707807795600502, 108.8310705285145019, 0.000000000000000000 ) ) ;
#734 = CARTESIAN_POINT ( 'NONE',  ( 366.2923752197078784, 148.0707464742114894, 0.000000000000000000 ) ) ;
#735 = CARTESIAN_POINT ( 'NONE',  ( 401.2420184519251620, 271.3658194168942828, 9.827595071611467275E-14 ) ) ;
#736 = CARTESIAN_POINT ( 'NONE',  ( -343.7115661145070362, 88.71620200011015811, 687.4231322290137314 ) ) ;
#737 =( NAMED_UNIT ( * ) PLANE_ANGLE_UNIT ( ) SI_UNIT ( $, .RADIAN. ) );
#738 = CARTESIAN_POINT ( 'NONE',  ( -335.8441033082119134, 70.53699269353106160, -4.112904061289147631E-14 ) ) ;
#739 = CARTESIAN_POINT ( 'NONE',  ( -405.6855383398698223, 291.3010017312274158, -4.968214959882923633E-14 ) ) ;
#740 = CARTESIAN_POINT ( 'NONE',  ( 420.4762685218282172, 369.4928716673780400, -840.9525370436562071 ) ) ;
#741 = CARTESIAN_POINT ( 'NONE',  ( -444.8901589898528073, 596.2292258778895757, 889.7803179797052735 ) ) ;
#742 = CARTESIAN_POINT ( 'NONE',  ( 395.8860376093156219, 248.9401151048739393, 0.000000000000000000 ) ) ;
#743 = CARTESIAN_POINT ( 'NONE',  ( 366.2923752197078784, 148.0707464742114894, -732.5847504394156431 ) ) ;
#744 = CARTESIAN_POINT ( 'NONE',  ( 397.0170197915576296, 253.5468137218142033, 794.0340395831156002 ) ) ;
#745 = CARTESIAN_POINT ( 'NONE',  ( -344.6192980268879182, 90.88747884202875582, 689.2385960537754954 ) ) ;
#746 = CARTESIAN_POINT ( 'NONE',  ( 338.5669797427777326, 76.70280405492756870, 0.000000000000000000 ) ) ;
#747 = CARTESIAN_POINT ( 'NONE',  ( -430.0613133062226439, 435.0236471967354532, -5.266732107775725648E-14 ) ) ;
#748 = CARTESIAN_POINT ( 'NONE',  ( -420.4762685218282172, 369.4928716673780400, -5.149349163626799311E-14 ) ) ;
#749 = CARTESIAN_POINT ( 'NONE',  ( 444.8901589898524662, 596.2292258778895757, 889.7803179797052735 ) ) ;
#750 = CARTESIAN_POINT ( 'NONE',  ( 352.7757028338581335, 111.1483052248220389, 0.000000000000000000 ) ) ;
#751 = CARTESIAN_POINT ( 'NONE',  ( -373.4414758489529618, 169.5790737046114032, -746.8829516979061509 ) ) ;
#752 = CARTESIAN_POINT ( 'NONE',  ( 404.3067824704149871, 284.9700393952063564, 808.6135649408303152 ) ) ;
#753 = CARTESIAN_POINT ( 'NONE',  ( -360.9003284822538262, 132.7966332620568437, -4.419754320870204863E-14 ) ) ;
#754 = CARTESIAN_POINT ( 'NONE',  ( -449.8952350967211373, 751.6188656426777470, -899.7904701934422746 ) ) ;
#755 = CARTESIAN_POINT ( 'NONE',  ( 335.8441033082119134, 70.53699269353106160, -671.6882066164237131 ) ) ;
#756 = CARTESIAN_POINT ( 'NONE',  ( -395.8860376093156219, 248.9401151048739393, -4.848205687853771155E-14 ) ) ;
#757 = CARTESIAN_POINT ( 'NONE',  ( 427.5315438096262142, 416.0915530535466473, 0.000000000000000000 ) ) ;
#758 = CARTESIAN_POINT ( 'NONE',  ( 442.7804639775550299, 563.8932347783249952, 885.5609279551104009 ) ) ;
#759 = CARTESIAN_POINT ( 'NONE',  ( 359.9995564071015792, 130.3183851932814719, 0.000000000000000000 ) ) ;
#760 = CARTESIAN_POINT ( 'NONE',  ( 363.5991652731847807, 140.3456767027382739, 0.000000000000000000 ) ) ;
#761 = CARTESIAN_POINT ( 'NONE',  ( -339.7789244861021416, 79.48781367673734621, -4.161091722896352454E-14 ) ) ;
#762 = CARTESIAN_POINT ( 'NONE',  ( -411.9126884475716111, 321.7139196301515085, 823.8253768951426537 ) ) ;
#763 = CARTESIAN_POINT ( 'NONE',  ( 345.5267892906899760, 93.07428040764980892, 8.462965530490108270E-14 ) ) ;
#764 = ADVANCED_FACE ( 'NONE', ( #277 ), #1254, .T. ) ;
#765 = CARTESIAN_POINT ( 'NONE',  ( -432.4926789054150049, 454.6868587691545258, -5.296507748761804559E-14 ) ) ;
#766 = CARTESIAN_POINT ( 'NONE',  ( 419.7193575649824879, 364.9314133420510871, -839.4387151299647485 ) ) ;
#767 = CARTESIAN_POINT ( 'NONE',  ( 449.4887438467524134, 719.1234511886843848, 1.100929902809379862E-13 ) ) ;
#768 = CARTESIAN_POINT ( 'NONE',  ( 413.8104715415254873, 331.5419608905357904, 0.000000000000000000 ) ) ;
#769 = CARTESIAN_POINT ( 'NONE',  ( 362.7001555193988338, 137.8100614635042689, 0.000000000000000000 ) ) ;
#770 = CARTESIAN_POINT ( 'NONE',  ( 422.9880559101887343, 385.1158031279992429, 845.9761118203778096 ) ) ;
#771 = CARTESIAN_POINT ( 'NONE',  ( 349.4653909503969658, 102.7482751108939851, -698.9307819007938178 ) ) ;
#772 = CARTESIAN_POINT ( 'NONE',  ( 364.4975707605391904, 142.9008396541610182, 728.9951415210787218 ) ) ;
#773 = DIRECTION ( 'NONE',  ( 0.000000000000000000, 1.000000000000000000, 0.000000000000000000 ) ) ;
#774 = CARTESIAN_POINT ( 'NONE',  ( -430.0613133062226439, 435.0236471967354532, -5.266732107775725648E-14 ) ) ;
#775 = CARTESIAN_POINT ( 'NONE',  ( -448.4807600431412880, 677.1928808586594641, -5.492305272660051322E-14 ) ) ;
#776 = CARTESIAN_POINT ( 'NONE',  ( 449.9929403194584552, 770.0573777774004611, 0.000000000000000000 ) ) ;
#777 = CARTESIAN_POINT ( 'NONE',  ( 380.2555564936565702, 191.5615369250680828, -760.5111129873130267 ) ) ;
#778 = CARTESIAN_POINT ( 'NONE',  ( 421.4840143380070572, 375.6663424120733907, 1.032338098101635020E-13 ) ) ;
#779 = CARTESIAN_POINT ( 'NONE',  ( 354.6022887968624104, 115.8622802326724468, 0.000000000000000000 ) ) ;
#780 = CARTESIAN_POINT ( 'NONE',  ( 363.5991652731847807, 140.3456767027382739, 8.905611078489103633E-14 ) ) ;
#781 = CARTESIAN_POINT ( 'NONE',  ( -449.9929403194584552, 770.0573777774004611, -5.510824140011307773E-14 ) ) ;
#782 = CARTESIAN_POINT ( 'NONE',  ( -438.0249037820115063, 506.5026513894743516, -876.0498075640230127 ) ) ;
#783 = CARTESIAN_POINT ( 'NONE',  ( -449.9550265261104869, 760.7757896238389321, 899.9100530522205190 ) ) ;
#784 = CARTESIAN_POINT ( 'NONE',  ( 432.4926789054150049, 454.6868587691545258, 0.000000000000000000 ) ) ;
#785 = CARTESIAN_POINT ( 'NONE',  ( 376.1079033310899717, 178.0042312655833427, 0.000000000000000000 ) ) ;
#786 = CLOSED_SHELL ( 'NONE', ( #210, #937, #1245, #815 ) ) ;
#787 = CARTESIAN_POINT ( 'NONE',  ( 430.0613133062226439, 435.0236471967354532, 1.053346421555145130E-13 ) ) ;
#788 = CARTESIAN_POINT ( 'NONE',  ( -346.4339913573394369, 95.27678869871407130, -692.8679827146788739 ) ) ;
#789 = CARTESIAN_POINT ( 'NONE',  ( -365.3953039795923701, 145.4757905603303811, -4.474801894420819303E-14 ) ) ;
#790 = CARTESIAN_POINT ( 'NONE',  ( 439.3463794696943410, 520.8441410688174074, 0.000000000000000000 ) ) ;
#791 = CARTESIAN_POINT ( 'NONE',  ( -449.8120155301597833, 742.5842558502625934, -5.508608450370296666E-14 ) ) ;
#792 = CARTESIAN_POINT ( 'NONE',  ( 447.8445989116905821, 658.4874849921689020, 0.000000000000000000 ) ) ;
#793 = CARTESIAN_POINT ( 'NONE',  ( -389.8644680737889416, 225.5585058650239887, -779.7289361475778833 ) ) ;
#794 = CARTESIAN_POINT ( 'NONE',  ( 418.9577540994333731, 360.4154257481341119, 1.026150545071669966E-13 ) ) ;
#795 = CARTESIAN_POINT ( 'NONE',  ( 375.2200847694670642, 175.1731919332814016, 9.190241515774526419E-14 ) ) ;
#796 = CARTESIAN_POINT ( 'NONE',  ( -449.2619049250033072, 707.6239942060777821, -5.501871538452477640E-14 ) ) ;
#797 = CARTESIAN_POINT ( 'NONE',  ( -441.1380501591766006, 542.0164723040693389, -882.2761003183532011 ) ) ;
#798 = CARTESIAN_POINT ( 'NONE',  ( -449.8952350967213079, 751.6188656426776333, -5.509627596128456999E-14 ) ) ;
#799 = DIRECTION ( 'NONE',  ( 0.000000000000000000, 0.000000000000000000, 1.000000000000000000 ) ) ;
#800 = CARTESIAN_POINT ( 'NONE',  ( 391.8767235079619695, 233.1832642944820861, 0.000000000000000000 ) ) ;
#801 = CARTESIAN_POINT ( 'NONE',  ( -440.0731086445007918, 529.1955128393644827, -5.389341238923132506E-14 ) ) ;
#802 = CARTESIAN_POINT ( 'NONE',  ( 371.3661445672398145, 163.1727682793019483, 9.095847205119268856E-14 ) ) ;
#803 = CARTESIAN_POINT ( 'NONE',  ( -312.7624018460878119, 23.08594443283053366, 625.5248036921753965 ) ) ;
#804 = CARTESIAN_POINT ( 'NONE',  ( -432.4926789054148912, 454.6868587691545827, -864.9853578108297825 ) ) ;
#805 = CARTESIAN_POINT ( 'NONE',  ( 300.9137384971901952, 1.585417634694873179, -601.8274769943801630 ) ) ;
#806 =( GEOMETRIC_REPRESENTATION_CONTEXT ( 3 ) GLOBAL_UNCERTAINTY_ASSIGNED_CONTEXT ( ( #1458 ) ) GLOBAL_UNIT_ASSIGNED_CONTEXT ( ( #1561, #384, #253 ) ) REPRESENTATION_CONTEXT ( 'NONE', 'WORKASPACE' ) );
#807 = CARTESIAN_POINT ( 'NONE',  ( 449.6723308264527645, 730.7759696732809971, 0.000000000000000000 ) ) ;
#808 = CARTESIAN_POINT ( 'NONE',  ( -383.1707033591762865, 201.5047507892917338, -4.692487753958552560E-14 ) ) ;
#809 = CARTESIAN_POINT ( 'NONE',  ( -432.4926789054150049, 454.6868587691545258, -5.296507748761804559E-14 ) ) ;
#810 = CARTESIAN_POINT ( 'NONE',  ( 389.8644680737888848, 225.5585058650239887, 779.7289361475781106 ) ) ;
#811 = CARTESIAN_POINT ( 'NONE',  ( -309.4234766555369447, 16.84729338164315493, -3.789344702672491084E-14 ) ) ;
#812 = CARTESIAN_POINT ( 'NONE',  ( -335.8441033082119702, 70.53699269353106160, 671.6882066164237131 ) ) ;
#813 = CARTESIAN_POINT ( 'NONE',  ( -449.2619049250031935, 707.6239942060778958, -898.5238098500063870 ) ) ;
#814 = CARTESIAN_POINT ( 'NONE',  ( 449.9550265261101458, 760.7757896238389321, 899.9100530522206327 ) ) ;
#815 = ADVANCED_FACE ( 'NONE', ( #133 ), #4, .T. ) ;
#816 = CARTESIAN_POINT ( 'NONE',  ( -356.4091451093202068, 120.6187752609291692, -4.364753187449735276E-14 ) ) ;
#817 = CARTESIAN_POINT ( 'NONE',  ( -394.7463458964657548, 244.3754196707895687, -789.4926917929315096 ) ) ;
#818 = ORIENTED_EDGE ( 'NONE', *, *, #1690, .T. ) ;
#819 = CARTESIAN_POINT ( 'NONE',  ( 431.8375084583943817, 449.2401505079230333, 863.6750169167891045 ) ) ;
#820 = CARTESIAN_POINT ( 'NONE',  ( -386.6715329730830035, 213.8538441077484720, 773.3430659461656660 ) ) ;
#821 = CARTESIAN_POINT ( 'NONE',  ( 319.1416048498067539, 35.41449933499067981, 638.2832096996138489 ) ) ;
#822 = CARTESIAN_POINT ( 'NONE',  ( 323.6970745146825834, 44.56916479616834437, 647.3941490293655079 ) ) ;
#823 = CARTESIAN_POINT ( 'NONE',  ( 447.8445989116905821, 658.4874849921689020, 0.000000000000000000 ) ) ;
#824 = CARTESIAN_POINT ( 'NONE',  ( -319.1416048498069813, 35.41449933499067981, -3.908357448540655224E-14 ) ) ;
#825 = CARTESIAN_POINT ( 'NONE',  ( -374.3312445001943161, 172.3648994261940288, -4.584235603980082407E-14 ) ) ;
#826 = CARTESIAN_POINT ( 'NONE',  ( 408.4268999919996759, 304.2839627190019769, -816.8537999839990107 ) ) ;
#827 = VERTEX_POINT ( 'NONE', #271 ) ;
#828 = CARTESIAN_POINT ( 'NONE',  ( -382.0035811968405142, 197.4890174377773349, 764.0071623936805736 ) ) ;
#829 = CARTESIAN_POINT ( 'NONE',  ( 312.7624018460875845, 23.08594443283053366, 625.5248036921755102 ) ) ;
#830 = CARTESIAN_POINT ( 'NONE',  ( -337.3511553025019225, 73.93874234392640687, -4.131360125298706561E-14 ) ) ;
#831 = CARTESIAN_POINT ( 'NONE',  ( -444.8901589898527504, 596.2292258778894620, -5.448333091790802134E-14 ) ) ;
#832 = CARTESIAN_POINT ( 'NONE',  ( -307.0101319898755605, 12.41491455619447137, -614.0202639797511210 ) ) ;
#833 = CARTESIAN_POINT ( 'NONE',  ( -382.0035811968404005, 197.4890174377773064, -4.678194629755366376E-14 ) ) ;
#834 = CARTESIAN_POINT ( 'NONE',  ( -401.2420184519251620, 271.3658194168942828, -4.913797535805733638E-14 ) ) ;
#835 = CARTESIAN_POINT ( 'NONE',  ( 332.5027194375756494, 63.15685707199239829, 0.000000000000000000 ) ) ;
#836 = CARTESIAN_POINT ( 'NONE',  ( 376.9947208935073490, 180.8582793813422995, 753.9894417870149255 ) ) ;
#837 = CARTESIAN_POINT ( 'NONE',  ( -318.2303841646004798, 33.61909325602999132, -3.897198213586105812E-14 ) ) ;
#838 = CARTESIAN_POINT ( 'NONE',  ( -338.5669797427777326, 76.70280405492756870, -4.146249680389795041E-14 ) ) ;
#839 = CARTESIAN_POINT ( 'NONE',  ( 444.8901589898526936, 596.2292258778895757, -889.7803179797052735 ) ) ;
#840 = CARTESIAN_POINT ( 'NONE',  ( -310.6387375854794755, 19.10038073009931026, -621.2774751709589509 ) ) ;
#841 = CARTESIAN_POINT ( 'NONE',  ( -347.9549089651766280, 98.99698716826654277, -4.261218655118122152E-14 ) ) ;
#842 = CARTESIAN_POINT ( 'NONE',  ( 394.7463458964658116, 244.3754196707895687, 0.000000000000000000 ) ) ;
#843 = CARTESIAN_POINT ( 'NONE',  ( 340.9869127854572639, 82.29395848161286153, 0.000000000000000000 ) ) ;
#844 = CARTESIAN_POINT ( 'NONE',  ( -384.0479969164783256, 204.5532187515101157, -4.703231501427177717E-14 ) ) ;
#845 = CARTESIAN_POINT ( 'NONE',  ( 338.5669797427777326, 76.70280405492756870, 8.292499360779590081E-14 ) ) ;
#846 = CARTESIAN_POINT ( 'NONE',  ( -446.5514839740759498, 627.7530158965082592, -893.1029679481518997 ) ) ;
#847 = CARTESIAN_POINT ( 'NONE',  ( -316.4078259143907985, 30.06290921049093967, -3.874878312312316692E-14 ) ) ;
#848 = CARTESIAN_POINT ( 'NONE',  ( -378.4819444270327722, 185.6895371984949747, -4.635067017776320879E-14 ) ) ;
#849 = CARTESIAN_POINT ( 'NONE',  ( 406.7826711626341876, 296.4365764434297716, 0.000000000000000000 ) ) ;
#850 = CARTESIAN_POINT ( 'NONE',  ( 435.6513965402252211, 482.8324328370171656, 871.3027930804507832 ) ) ;
#851 = ORIENTED_EDGE ( 'NONE', *, *, #1559, .F. ) ;
#852 = CARTESIAN_POINT ( 'NONE',  ( 394.7463458964658116, 244.3754196707895687, 9.668496979544415094E-14 ) ) ;
#853 = CARTESIAN_POINT ( 'NONE',  ( 342.8035761609367000, 86.56030075998957329, 8.396266045635141754E-14 ) ) ;
#854 = CARTESIAN_POINT ( 'NONE',  ( 449.6723308264527645, 730.7759696732809971, 0.000000000000000000 ) ) ;
#855 = CARTESIAN_POINT ( 'NONE',  ( 318.2303841646004798, 33.61909325602998422, -636.4607683292008460 ) ) ;
#856 = CARTESIAN_POINT ( 'NONE',  ( -433.1402902062902740, 460.1931075416540580, -5.304438699828890335E-14 ) ) ;
#857 = CARTESIAN_POINT ( 'NONE',  ( 428.4554098252301060, 422.8681554810327157, -856.9108196504600983 ) ) ;
#858 = CARTESIAN_POINT ( 'NONE',  ( 433.1402902062899898, 460.1931075416540580, 866.2805804125803206 ) ) ;
#859 = CARTESIAN_POINT ( 'NONE',  ( 378.4819444270327722, 185.6895371984949747, 0.000000000000000000 ) ) ;
#860 = CARTESIAN_POINT ( 'NONE',  ( 368.6853711529063276, 155.0978969375238421, 0.000000000000000000 ) ) ;
#861 = CARTESIAN_POINT ( 'NONE',  ( 401.2420184519249915, 271.3658194168942828, 802.4840369038503241 ) ) ;
#862 = CARTESIAN_POINT ( 'NONE',  ( 352.7757028338579630, 111.1483052248220389, 705.5514056677162671 ) ) ;
#863 = CARTESIAN_POINT ( 'NONE',  ( -323.6970745146827539, 44.56916479616834437, -3.964145861977685462E-14 ) ) ;
#864 = CARTESIAN_POINT ( 'NONE',  ( -409.7802015244602671, 310.9180560347057849, -5.018360121508875926E-14 ) ) ;
#865 = CARTESIAN_POINT ( 'NONE',  ( 411.9126884475714974, 321.7139196301515085, 0.000000000000000000 ) ) ;
#866 = CARTESIAN_POINT ( 'NONE',  ( 442.7804639775552573, 563.8932347783251089, 1.084499355870185997E-13 ) ) ;
#867 = CARTESIAN_POINT ( 'NONE',  ( 383.1707033591762865, 201.5047507892917338, 0.000000000000000000 ) ) ;
#868 = CARTESIAN_POINT ( 'NONE',  ( 361.8005201769572636, 135.2937921389014377, -723.6010403539144136 ) ) ;
#869 = CARTESIAN_POINT ( 'NONE',  ( 395.8860376093154514, 248.9401151048739393, 791.7720752186311302 ) ) ;
#870 = CARTESIAN_POINT ( 'NONE',  ( 346.4339913573394369, 95.27678869871407130, 692.8679827146791013 ) ) ;
#871 = CARTESIAN_POINT ( 'NONE',  ( 450.0000000000000000, 779.4228600000000142, 0.000000000000000000 ) ) ;
#872 = CARTESIAN_POINT ( 'NONE',  ( 335.8441033082119134, 70.53699269353106160, 0.000000000000000000 ) ) ;
#873 = CARTESIAN_POINT ( 'NONE',  ( -421.4840143380070572, 375.6663424120733907, -5.161690490508175099E-14 ) ) ;
#874 = CARTESIAN_POINT ( 'NONE',  ( -427.5315438096262142, 416.0915530535466473, -5.235751366609851326E-14 ) ) ;
#875 = CARTESIAN_POINT ( 'NONE',  ( 446.1887598532231891, 620.3061465895898436, 1.092847273139553723E-13 ) ) ;
#876 = CARTESIAN_POINT ( 'NONE',  ( 408.4268999919996759, 304.2839627190019769, 0.000000000000000000 ) ) ;
#877 = CARTESIAN_POINT ( 'NONE',  ( -372.5507607277675106, 166.8154655268651823, -4.562430966451719670E-14 ) ) ;
#878 = CARTESIAN_POINT ( 'NONE',  ( -398.7139109958062591, 260.5785224407547389, 797.4278219916119497 ) ) ;
#879 = CARTESIAN_POINT ( 'NONE',  ( 359.9995564071013519, 130.3183851932814719, 719.9991128142030448 ) ) ;
#880 = CARTESIAN_POINT ( 'NONE',  ( 0.000000000000000000, 0.000000000000000000, 0.000000000000000000 ) ) ;
#881 = CARTESIAN_POINT ( 'NONE',  ( 330.9899787520517975, 59.87132512514246230, -661.9799575041035951 ) ) ;
#882 = CARTESIAN_POINT ( 'NONE',  ( -437.4452497848478743, 500.4848101829228995, -5.357159249512283235E-14 ) ) ;
#883 = CARTESIAN_POINT ( 'NONE',  ( -411.9126884475713268, 321.7139196301515085, -823.8253768951426537 ) ) ;
#884 = CARTESIAN_POINT ( 'NONE',  ( -447.4487051318388922, 648.1132192018490059, 894.8974102636774433 ) ) ;
#885 = CARTESIAN_POINT ( 'NONE',  ( 354.6022887968624104, 115.8622802326724468, 0.000000000000000000 ) ) ;
#886 = CARTESIAN_POINT ( 'NONE',  ( -359.0982552046077103, 127.8588287399917078, -4.397685288157221650E-14 ) ) ;
#887 = CARTESIAN_POINT ( 'NONE',  ( -426.3612789774198291, 407.7524543547234543, 852.7225579548390897 ) ) ;
#888 = CARTESIAN_POINT ( 'NONE',  ( -349.4653909503969658, 102.7482751108939993, -4.279716724401820197E-14 ) ) ;
#889 = CARTESIAN_POINT ( 'NONE',  ( -321.5745169433251931, 40.26342875869720928, -3.938152028619994437E-14 ) ) ;
#890 = CARTESIAN_POINT ( 'NONE',  ( -443.4134236223975449, 572.9574389393143292, -5.430248299381385439E-14 ) ) ;
#891 = CARTESIAN_POINT ( 'NONE',  ( -429.1454010115588744, 428.0305890460474529, -5.255515417176128550E-14 ) ) ;
#892 = CARTESIAN_POINT ( 'NONE',  ( 446.5514839740760635, 627.7530158965082592, 1.093735691006705663E-13 ) ) ;
#893 = CARTESIAN_POINT ( 'NONE',  ( 345.5267892906899760, 93.07428040764980892, 0.000000000000000000 ) ) ;
#894 = CARTESIAN_POINT ( 'NONE',  ( -359.9995564071015792, 130.3183851932814719, -4.408723044484239883E-14 ) ) ;
#895 = CARTESIAN_POINT ( 'NONE',  ( -427.5315438096262142, 416.0915530535466473, -5.235751366609851326E-14 ) ) ;
#896 = CARTESIAN_POINT ( 'NONE',  ( 345.5267892906899760, 93.07428040764980892, -691.0535785813799521 ) ) ;
#897 = CARTESIAN_POINT ( 'NONE',  ( 360.9003284822538262, 132.7966332620568437, 8.839508641740409726E-14 ) ) ;
#898 = CARTESIAN_POINT ( 'NONE',  ( 431.8375084583946091, 449.2401505079230333, -863.6750169167888771 ) ) ;
#899 = CARTESIAN_POINT ( 'NONE',  ( 448.1263041965326579, 666.4164073160578710, 1.097592888096033712E-13 ) ) ;
#900 = CARTESIAN_POINT ( 'NONE',  ( 449.8120155301597833, 742.5842558502625934, 0.000000000000000000 ) ) ;
#901 = CARTESIAN_POINT ( 'NONE',  ( 384.9239470663910652, 207.6273393096145128, 0.000000000000000000 ) ) ;
#902 = CARTESIAN_POINT ( 'NONE',  ( 429.1454010115585334, 428.0305890460473961, 858.2908020231174078 ) ) ;
#903 = CARTESIAN_POINT ( 'NONE',  ( 346.4339913573395506, 95.27678869871407130, -692.8679827146788739 ) ) ;
#904 = CARTESIAN_POINT ( 'NONE',  ( 366.2923752197078784, 148.0707464742114894, 8.971575697297930083E-14 ) ) ;
#905 = CARTESIAN_POINT ( 'NONE',  ( 0.000000000000000000, 779.4228600000000142, 0.000000000000000000 ) ) ;
#906 = CARTESIAN_POINT ( 'NONE',  ( 433.7802019263358488, 465.7598224175169435, -867.5604038526714703 ) ) ;
#907 = CARTESIAN_POINT ( 'NONE',  ( 449.6723308264525372, 730.7759696732808834, 899.3446616529054154 ) ) ;
#908 = DIRECTION ( 'NONE',  ( 0.000000000000000000, 1.000000000000000000, 0.000000000000000000 ) ) ;
#909 = CARTESIAN_POINT ( 'NONE',  ( 376.1079033310899717, 178.0042312655833427, -752.2158066621797161 ) ) ;
#910 = CARTESIAN_POINT ( 'NONE',  ( 424.6949770558659907, 396.3163579969668717, 1.040202688530849844E-13 ) ) ;
#911 = CARTESIAN_POINT ( 'NONE',  ( 351.8707807795601070, 108.8310705285144735, -703.7415615591199867 ) ) ;
#912 = AXIS2_PLACEMENT_3D ( 'NONE', #880, #95, #1138 ) ;
#913 = CARTESIAN_POINT ( 'NONE',  ( -368.6853711529063276, 155.0978969375238421, -4.515093596748606667E-14 ) ) ;
#914 = DIRECTION ( 'NONE',  ( 0.000000000000000000, 0.000000000000000000, 1.000000000000000000 ) ) ;
#915 = CARTESIAN_POINT ( 'NONE',  ( -436.2582516031176851, 488.6507666368281093, -5.342622714273787758E-14 ) ) ;
#916 = CARTESIAN_POINT ( 'NONE',  ( -300.3041139182103052, 0.5276647206716471583, -600.6082278364206104 ) ) ;
#917 = CARTESIAN_POINT ( 'NONE',  ( 441.9829908142966133, 552.8896276306601294, 0.000000000000000000 ) ) ;
#918 = CARTESIAN_POINT ( 'NONE',  ( -387.5430869811605703, 217.0068725582308105, -4.746034010031626300E-14 ) ) ;
#919 = PRESENTATION_LAYER_ASSIGNMENT (  '', '', ( #1671 ) ) ;
#920 = CARTESIAN_POINT ( 'NONE',  ( 413.8104715415254873, 331.5419608905357904, 1.013543338853972231E-13 ) ) ;
#921 = CARTESIAN_POINT ( 'NONE',  ( -349.4653909503969658, 102.7482751108939993, -4.279716724401820197E-14 ) ) ;
#922 = CARTESIAN_POINT ( 'NONE',  ( 373.4414758489530755, 169.5790737046114316, 9.146678161345680519E-14 ) ) ;
#923 = CARTESIAN_POINT ( 'NONE',  ( 300.3041139182103052, 0.5276647206716471583, 7.355329437614368474E-14 ) ) ;
#924 = CARTESIAN_POINT ( 'NONE',  ( -439.3463794696943410, 520.8441410688174074, -5.380441373345395557E-14 ) ) ;
#925 = CARTESIAN_POINT ( 'NONE',  ( -449.9929403194585689, 770.0573777774004611, 899.9858806389167967 ) ) ;
#926 = CARTESIAN_POINT ( 'NONE',  ( 439.3463794696943410, 520.8441410688174074, 0.000000000000000000 ) ) ;
#927 = CARTESIAN_POINT ( 'NONE',  ( 386.6715329730828898, 213.8538441077485004, 0.000000000000000000 ) ) ;
#928 = CARTESIAN_POINT ( 'NONE',  ( 438.0249037820114495, 506.5026513894743516, 876.0498075640232400 ) ) ;
#929 = CARTESIAN_POINT ( 'NONE',  ( 371.3661445672396439, 163.1727682793019483, 742.7322891344796290 ) ) ;
#930 = CARTESIAN_POINT ( 'NONE',  ( 299.9999999999997726, 0.000000000000000000, 599.9999999999998863 ) ) ;
#931 = CARTESIAN_POINT ( 'NONE',  ( 433.7802019263358488, 465.7598224175169435, 0.000000000000000000 ) ) ;
#932 = CARTESIAN_POINT ( 'NONE',  ( 300.3041139182103052, 0.5276647206716471583, -600.6082278364206104 ) ) ;
#933 = CARTESIAN_POINT ( 'NONE',  ( 449.0728099076725925, 699.1676817861263089, 0.000000000000000000 ) ) ;
#934 = CARTESIAN_POINT ( 'NONE',  ( 388.7077009136847892, 221.2635917626708988, 0.000000000000000000 ) ) ;
#935 = CARTESIAN_POINT ( 'NONE',  ( 436.2582516031176851, 488.6507666368281093, 1.068524542854757552E-13 ) ) ;
#936 = CARTESIAN_POINT ( 'NONE',  ( -380.2555564936567407, 191.5615369250680828, 760.5111129873130267 ) ) ;
#937 = ADVANCED_FACE ( 'NONE', ( #1317 ), #422, .T. ) ;
#938 = CARTESIAN_POINT ( 'NONE',  ( -319.1416048498069813, 35.41449933499067981, 638.2832096996138489 ) ) ;
#939 = CARTESIAN_POINT ( 'NONE',  ( -337.3511553025019793, 73.93874234392640687, 674.7023106050038450 ) ) ;
#940 = CARTESIAN_POINT ( 'NONE',  ( -449.0728099076724789, 699.1676817861264226, -898.1456198153449577 ) ) ;
#941 = CARTESIAN_POINT ( 'NONE',  ( 449.9999999999997726, 779.4228600000001279, 899.9999999999998863 ) ) ;
#942 = AXIS2_PLACEMENT_3D ( 'NONE', #1663, #462, #471 ) ;
#943 = CARTESIAN_POINT ( 'NONE',  ( -329.1690901697943445, 55.97078374784143051, -4.031158726546851835E-14 ) ) ;
#944 = CARTESIAN_POINT ( 'NONE',  ( 404.3067824704152713, 284.9700393952063564, -808.6135649408302015 ) ) ;
#945 = MANIFOLD_SURFACE_SHAPE_REPRESENTATION ( 'mycpc02', ( #1346, #912 ), #1355 ) ;
#946 = CARTESIAN_POINT ( 'NONE',  ( -438.0249037820116200, 506.5026513894743516, -5.364257963634679316E-14 ) ) ;
#947 = MECHANICAL_DESIGN_GEOMETRIC_PRESENTATION_REPRESENTATION (  '', ( #1671 ), #806 ) ;
#948 = CARTESIAN_POINT ( 'NONE',  ( -391.8767235079621400, 233.1832642944820861, 783.7534470159237117 ) ) ;
#949 = CARTESIAN_POINT ( 'NONE',  ( -302.7364988217340738, 4.781713348978889222, -3.707452842671131506E-14 ) ) ;
#950 = CARTESIAN_POINT ( 'NONE',  ( -341.8953648610353753, 84.41960080176612280, -4.187010642203834611E-14 ) ) ;
#951 = CARTESIAN_POINT ( 'NONE',  ( 447.4487051318388353, 648.1132192018490059, -894.8974102636774433 ) ) ;
#952 = CARTESIAN_POINT ( 'NONE',  ( 317.3191178372485979, 31.83527050590881302, 0.000000000000000000 ) ) ;
#953 = CARTESIAN_POINT ( 'NONE',  ( -363.5991652731847807, 140.3456767027382739, -4.452805539244551816E-14 ) ) ;
#954 = CARTESIAN_POINT ( 'NONE',  ( -408.4268999919996759, 304.2839627190019769, -5.001786957608785541E-14 ) ) ;
#955 = ORIENTED_EDGE ( 'NONE', *, *, #31, .T. ) ;
#956 = CARTESIAN_POINT ( 'NONE',  ( -392.7382732127738336, 236.5032394561025058, 785.4765464255470988 ) ) ;
#957 = CARTESIAN_POINT ( 'NONE',  ( -312.7624018460877551, 23.08594443283053366, -3.830234743144496612E-14 ) ) ;
#958 = CARTESIAN_POINT ( 'NONE',  ( 321.5745169433251931, 40.26342875869720928, 7.876304057239988873E-14 ) ) ;
#959 = CARTESIAN_POINT ( 'NONE',  ( -445.5668477091803652, 608.1933245365598850, -891.1336954183607304 ) ) ;
#960 = CARTESIAN_POINT ( 'NONE',  ( 314.5851598764550090, 26.55214560930204826, -629.1703197529099043 ) ) ;
#961 = CARTESIAN_POINT ( 'NONE',  ( -311.8509950053311286, 21.36929185693822930, -3.819073228441960271E-14 ) ) ;
#962 = CARTESIAN_POINT ( 'NONE',  ( -395.8860376093156219, 248.9401151048739393, -4.848205687853771155E-14 ) ) ;
#963 = CARTESIAN_POINT ( 'NONE',  ( 329.1690901697943445, 55.97078374784143051, 0.000000000000000000 ) ) ;
#964 = CARTESIAN_POINT ( 'NONE',  ( 393.5979442021990735, 239.8522955714378497, 9.640369250364032089E-14 ) ) ;
#965 = CARTESIAN_POINT ( 'NONE',  ( 318.2303841646004798, 33.61909325602999132, 7.794396427172211624E-14 ) ) ;
#966 = CARTESIAN_POINT ( 'NONE',  ( 334.3279653207376896, 67.16246444743731558, 668.6559306414757202 ) ) ;
#967 = CARTESIAN_POINT ( 'NONE',  ( -443.4134236223973744, 572.9574389393143292, -886.8268472447947488 ) ) ;
#968 = CARTESIAN_POINT ( 'NONE',  ( 301.8249599922348807, 3.178771945592374415, 0.000000000000000000 ) ) ;
#969 = CARTESIAN_POINT ( 'NONE',  ( -337.3511553025019225, 73.93874234392640687, -4.131360125298706561E-14 ) ) ;
#970 = CARTESIAN_POINT ( 'NONE',  ( 393.5979442021991304, 239.8522955714378497, -787.1958884043979197 ) ) ;
#971 = CARTESIAN_POINT ( 'NONE',  ( 310.6387375854795323, 19.10038073009931026, 0.000000000000000000 ) ) ;
#972 = CARTESIAN_POINT ( 'NONE',  ( 388.7077009136847892, 221.2635917626708988, 9.520592834557415739E-14 ) ) ;
#973 = CARTESIAN_POINT ( 'NONE',  ( 317.3191178372485979, 31.83527050590881302, 7.772076839352964574E-14 ) ) ;
#974 = CARTESIAN_POINT ( 'NONE',  ( -321.5745169433251931, 40.26342875869720217, 643.1490338866501588 ) ) ;
#975 = CARTESIAN_POINT ( 'NONE',  ( 448.1263041965326579, 666.4164073160578710, 0.000000000000000000 ) ) ;
#976 = CARTESIAN_POINT ( 'NONE',  ( -313.6737810439702798, 24.81353330539207747, -627.3475620879405596 ) ) ;
#977 = CARTESIAN_POINT ( 'NONE',  ( -322.7860974928291284, 42.71414832770547321, -3.952989611038586458E-14 ) ) ;
#978 = CARTESIAN_POINT ( 'NONE',  ( 397.8665681703187147, 257.0469639075939767, 0.000000000000000000 ) ) ;
#979 = CARTESIAN_POINT ( 'NONE',  ( -438.5950524122862930, 512.5891588119555990, 877.1901048245722450 ) ) ;
#980 = EDGE_LOOP ( 'NONE', ( #851, #988, #659, #265 ) ) ;
#981 = CARTESIAN_POINT ( 'NONE',  ( -395.8860376093157356, 248.9401151048739393, 791.7720752186311302 ) ) ;
#982 = CARTESIAN_POINT ( 'NONE',  ( -350.9654965828473792, 106.5307582401473780, -4.298087720013453874E-14 ) ) ;
#983 = CARTESIAN_POINT ( 'NONE',  ( 449.4887438467524134, 719.1234511886842711, -898.9774876935044858 ) ) ;
#984 = CARTESIAN_POINT ( 'NONE',  ( 304.8834228656066330, 8.580758996782185122, -609.7668457312131522 ) ) ;
#985 = CARTESIAN_POINT ( 'NONE',  ( -422.9880559101889617, 385.1158031279992429, -5.180109687479745812E-14 ) ) ;
#986 = CARTESIAN_POINT ( 'NONE',  ( -426.3612789774197154, 407.7524543547235112, -5.221419755800687740E-14 ) ) ;
#987 = CARTESIAN_POINT ( 'NONE',  ( 437.4452497848477037, 500.4848101829228995, 874.8904995696957485 ) ) ;
#988 = ORIENTED_EDGE ( 'NONE', *, *, #106, .T. ) ;
#989 = CARTESIAN_POINT ( 'NONE',  ( -395.8860376093156219, 248.9401151048739393, -4.848205687853771155E-14 ) ) ;
#990 = CARTESIAN_POINT ( 'NONE',  ( -352.7757028338581335, 111.1483052248220389, -4.320256352924421981E-14 ) ) ;
#991 = CARTESIAN_POINT ( 'NONE',  ( 449.8952350967212510, 751.6188656426777470, -899.7904701934422746 ) ) ;
#992 = CARTESIAN_POINT ( 'NONE',  ( -332.5027194375756494, 63.15685707199239829, -4.071983910670174218E-14 ) ) ;
#993 = CARTESIAN_POINT ( 'NONE',  ( -387.5430869811605703, 217.0068725582308105, -4.746034010031626300E-14 ) ) ;
#994 = CARTESIAN_POINT ( 'NONE',  ( 411.9126884475714974, 321.7139196301515085, -823.8253768951426537 ) ) ;
#995 = CARTESIAN_POINT ( 'NONE',  ( 448.1263041965324305, 666.4164073160579846, 896.2526083930652021 ) ) ;
#996 = CARTESIAN_POINT ( 'NONE',  ( 376.9947208935075764, 180.8582793813422995, 0.000000000000000000 ) ) ;
#997 = CARTESIAN_POINT ( 'NONE',  ( -368.6853711529063276, 155.0978969375238421, -4.515093596748606667E-14 ) ) ;
#998 = CARTESIAN_POINT ( 'NONE',  ( -340.9869127854572639, 82.29395848161286153, -4.175885312938479573E-14 ) ) ;
#999 = CARTESIAN_POINT ( 'NONE',  ( -397.8665681703187147, 257.0469639075939767, -4.872460191975230183E-14 ) ) ;
#1000 = CARTESIAN_POINT ( 'NONE',  ( -320.3597055614799842, 37.83023825024509534, -3.923274879916550288E-14 ) ) ;
#1001 = CARTESIAN_POINT ( 'NONE',  ( -351.8707807795601639, 108.8310705285144735, 703.7415615591199867 ) ) ;
#1002 = CARTESIAN_POINT ( 'NONE',  ( 322.7860974928291284, 42.71414832770547321, 0.000000000000000000 ) ) ;
#1003 = COLOUR_RGB ( '',0.7921568627450980005, 0.8196078431372548767, 0.9333333333333333481 ) ;
#1004 = CARTESIAN_POINT ( 'NONE',  ( -408.4268999919996759, 304.2839627190019769, -5.001786957608785541E-14 ) ) ;
#1005 = CARTESIAN_POINT ( 'NONE',  ( -417.9410316383498412, 354.4818267995210590, -835.8820632766996823 ) ) ;
#1006 = CARTESIAN_POINT ( 'NONE',  ( 448.4807600431412880, 677.1928808586594641, 1.098461054532010264E-13 ) ) ;
#1007 = CARTESIAN_POINT ( 'NONE',  ( 405.6855383398698223, 291.3010017312274158, 0.000000000000000000 ) ) ;
#1008 = CARTESIAN_POINT ( 'NONE',  ( -371.3661445672397008, 163.1727682793019483, -742.7322891344795153 ) ) ;
#1009 = CARTESIAN_POINT ( 'NONE',  ( -409.7802015244602671, 310.9180560347057849, -5.018360121508875926E-14 ) ) ;
#1010 = CARTESIAN_POINT ( 'NONE',  ( -341.8953648610354890, 84.41960080176612280, 683.7907297220706369 ) ) ;
#1011 = DIRECTION ( 'NONE',  ( 0.000000000000000000, 1.000000000000000000, 0.000000000000000000 ) ) ;
#1012 = CARTESIAN_POINT ( 'NONE',  ( -324.6080142609620793, 46.43644489156206845, -3.975301656422655961E-14 ) ) ;
#1013 = CARTESIAN_POINT ( 'NONE',  ( -436.8562594613978263, 494.5345436354475055, -5.349946198368864876E-14 ) ) ;
#1014 = CARTESIAN_POINT ( 'NONE',  ( 417.9410316383498980, 354.4818267995210590, -835.8820632766996823 ) ) ;
#1015 = CARTESIAN_POINT ( 'NONE',  ( -449.4887438467524134, 719.1234511886843848, -5.504649514046899308E-14 ) ) ;
#1016 = CARTESIAN_POINT ( 'NONE',  ( 391.0134041849949540, 229.8919905193035618, 0.000000000000000000 ) ) ;
#1017 = CARTESIAN_POINT ( 'NONE',  ( -374.3312445001943161, 172.3648994261940288, -4.584235603980082407E-14 ) ) ;
#1018 = CARTESIAN_POINT ( 'NONE',  ( 406.7826711626341876, 296.4365764434297716, 9.963301923758605380E-14 ) ) ;
#1019 = CARTESIAN_POINT ( 'NONE',  ( -356.4091451093203204, 120.6187752609291550, 712.8182902186402998 ) ) ;
#1020 = CARTESIAN_POINT ( 'NONE',  ( -449.4887438467522429, 719.1234511886842711, -898.9774876935044858 ) ) ;
#1021 = CARTESIAN_POINT ( 'NONE',  ( -330.9899787520517975, 59.87132512514246230, -661.9799575041035951 ) ) ;
#1022 = CARTESIAN_POINT ( 'NONE',  ( -441.9829908142966133, 552.8896276306601294, -5.412730549783022977E-14 ) ) ;
#1023 = CARTESIAN_POINT ( 'NONE',  ( -429.1454010115587039, 428.0305890460473961, -858.2908020231174078 ) ) ;
#1024 = CARTESIAN_POINT ( 'NONE',  ( -447.8445989116905821, 658.4874849921689020, -5.484514545726320902E-14 ) ) ;
#1025 = CARTESIAN_POINT ( 'NONE',  ( 387.5430869811605703, 217.0068725582308105, 0.000000000000000000 ) ) ;
#1026 = CARTESIAN_POINT ( 'NONE',  ( 368.6853711529063276, 155.0978969375238421, -737.3707423058125414 ) ) ;
#1027 = CARTESIAN_POINT ( 'NONE',  ( -418.9577540994334868, 360.4154257481341119, 837.9155081988664051 ) ) ;
#1028 = AXIS2_PLACEMENT_3D ( 'NONE', #664, #149, #1571 ) ;
#1029 = CARTESIAN_POINT ( 'NONE',  ( -349.4653909503968521, 102.7482751108939851, -698.9307819007938178 ) ) ;
#1030 = CARTESIAN_POINT ( 'NONE',  ( -361.8005201769573205, 135.2937921389014662, -4.430778489645581895E-14 ) ) ;
#1031 = CARTESIAN_POINT ( 'NONE',  ( -449.4887438467524134, 719.1234511886843848, -5.504649514046899308E-14 ) ) ;
#1032 = CARTESIAN_POINT ( 'NONE',  ( 436.8562594613978831, 494.5345436354475055, -873.7125189227954252 ) ) ;
#1033 = CARTESIAN_POINT ( 'NONE',  ( -448.1263041965326579, 666.4164073160578710, -5.487964440480168558E-14 ) ) ;
#1034 = CARTESIAN_POINT ( 'NONE',  ( 436.8562594613978263, 494.5345436354475055, 0.000000000000000000 ) ) ;
#1035 = CARTESIAN_POINT ( 'NONE',  ( 367.4916815328940061, 151.5697963697261912, 0.000000000000000000 ) ) ;
#1036 = CARTESIAN_POINT ( 'NONE',  ( -430.0613133062226439, 435.0236471967354532, -5.266732107775725648E-14 ) ) ;
#1037 = CARTESIAN_POINT ( 'NONE',  ( -352.7757028338581335, 111.1483052248220389, -4.320256352924421981E-14 ) ) ;
#1038 = CARTESIAN_POINT ( 'NONE',  ( 365.3953039795921427, 145.4757905603304096, 730.7906079591846265 ) ) ;
#1039 = CARTESIAN_POINT ( 'NONE',  ( 0.000000000000000000, -10.00000000000000000, 557.4274630006150346 ) ) ;
#1040 = CARTESIAN_POINT ( 'NONE',  ( -436.8562594613977126, 494.5345436354475055, -873.7125189227954252 ) ) ;
#1041 = DIRECTION ( 'NONE',  ( 0.000000000000000000, 1.000000000000000000, 0.000000000000000000 ) ) ;
#1042 = CARTESIAN_POINT ( 'NONE',  ( 431.8375084583946091, 449.2401505079229764, 0.000000000000000000 ) ) ;
#1043 = CARTESIAN_POINT ( 'NONE',  ( -391.8767235079618558, 233.1832642944820861, -783.7534470159237117 ) ) ;
#1044 = CARTESIAN_POINT ( 'NONE',  ( 411.9126884475714974, 321.7139196301515085, 1.008895110870998801E-13 ) ) ;
#1045 = CARTESIAN_POINT ( 'NONE',  ( -356.4091451093201499, 120.6187752609291550, -712.8182902186402998 ) ) ;
#1046 = CARTESIAN_POINT ( 'NONE',  ( -367.4916815328941198, 151.5697963697262196, 734.9833630657878984 ) ) ;
#1047 = DIRECTION ( 'NONE',  ( 0.000000000000000000, 0.000000000000000000, 1.000000000000000000 ) ) ;
#1048 = CARTESIAN_POINT ( 'NONE',  ( -435.6513965402255053, 482.8324328370171656, -5.335190883170614819E-14 ) ) ;
#1049 = CARTESIAN_POINT ( 'NONE',  ( -299.9999999999999432, 0.000000000000000000, -599.9999999999998863 ) ) ;
#1050 = CARTESIAN_POINT ( 'NONE',  ( 428.4554098252301060, 422.8681554810327157, 0.000000000000000000 ) ) ;
#1051 = CARTESIAN_POINT ( 'NONE',  ( -385.7984560774565921, 210.7274455415858654, -4.724668443512479976E-14 ) ) ;
#1052 = CARTESIAN_POINT ( 'NONE',  ( 417.9410316383497275, 354.4818267995210590, 835.8820632766997960 ) ) ;
#1053 = CARTESIAN_POINT ( 'NONE',  ( 356.4091451093202068, 120.6187752609291692, 0.000000000000000000 ) ) ;
#1054 = CARTESIAN_POINT ( 'NONE',  ( -366.2923752197079921, 148.0707464742114894, 732.5847504394156431 ) ) ;
#1055 = CARTESIAN_POINT ( 'NONE',  ( 300.3041139182101347, 0.5276647206716471583, 600.6082278364206104 ) ) ;
#1056 = CARTESIAN_POINT ( 'NONE',  ( 432.4926789054149481, 454.6868587691545827, -864.9853578108297825 ) ) ;
#1057 = FACE_OUTER_BOUND ( 'NONE', #442, .T. ) ;
#1058 = CARTESIAN_POINT ( 'NONE',  ( 448.1263041965326579, 666.4164073160578710, 0.000000000000000000 ) ) ;
#1059 = CARTESIAN_POINT ( 'NONE',  ( 382.0035811968404005, 197.4890174377773064, 0.000000000000000000 ) ) ;
#1060 = CARTESIAN_POINT ( 'NONE',  ( 415.9182375164572250, 342.9492738428659777, 1.018705876563075857E-13 ) ) ;
#1061 = CARTESIAN_POINT ( 'NONE',  ( -365.3953039795924269, 145.4757905603304096, 730.7906079591845128 ) ) ;
#1062 = PRODUCT_CONTEXT ( 'NONE', #1168, 'mechanical' ) ;
#1063 = CARTESIAN_POINT ( 'NONE',  ( -450.0000000000000000, 779.4228600000000142, -5.510910596144861504E-14 ) ) ;
#1064 = CARTESIAN_POINT ( 'NONE',  ( -430.9587546403483884, 442.0931473700276797, -861.9175092806967768 ) ) ;
#1065 = CARTESIAN_POINT ( 'NONE',  ( 449.8120155301597833, 742.5842558502625934, 1.101721690074059333E-13 ) ) ;
#1066 = CARTESIAN_POINT ( 'NONE',  ( 435.6513965402255053, 482.8324328370171656, 0.000000000000000000 ) ) ;
#1067 = CARTESIAN_POINT ( 'NONE',  ( -391.0134041849948403, 229.8919905193035618, -782.0268083699896806 ) ) ;
#1068 = CARTESIAN_POINT ( 'NONE',  ( 437.4452497848478743, 500.4848101829228995, 1.071431849902456647E-13 ) ) ;
#1069 = CARTESIAN_POINT ( 'NONE',  ( -391.0134041849949540, 229.8919905193035618, -4.788533138588643864E-14 ) ) ;
#1070 = CARTESIAN_POINT ( 'NONE',  ( 318.2303841646003093, 33.61909325602998422, 636.4607683292009597 ) ) ;
#1071 = CARTESIAN_POINT ( 'NONE',  ( -445.5668477091804789, 608.1933245365599987, -5.456620138532240707E-14 ) ) ;
#1072 = CARTESIAN_POINT ( 'NONE',  ( -449.9976361374019120, 776.2869230396703415, -5.510881647195445480E-14 ) ) ;
#1073 = CARTESIAN_POINT ( 'NONE',  ( -352.7757028338581335, 111.1483052248220389, -4.320256352924421981E-14 ) ) ;
#1074 = CARTESIAN_POINT ( 'NONE',  ( 378.4819444270327722, 185.6895371984949747, -756.9638888540653170 ) ) ;
#1075 = PRODUCT_DEFINITION_CONTEXT ( 'detailed design', #1258, 'design' ) ;
#1076 = CARTESIAN_POINT ( 'NONE',  ( -436.2582516031176851, 488.6507666368281093, -5.342622714273787758E-14 ) ) ;
#1077 = CARTESIAN_POINT ( 'NONE',  ( -384.0479969164784393, 204.5532187515101157, 768.0959938329565375 ) ) ;
#1078 = CARTESIAN_POINT ( 'NONE',  ( -316.4078259143907985, 30.06290921049093967, -3.874878312312316692E-14 ) ) ;
#1079 = CARTESIAN_POINT ( 'NONE',  ( 330.9899787520518544, 59.87132512514246940, 8.106916360571015492E-14 ) ) ;
#1080 = CARTESIAN_POINT ( 'NONE',  ( -447.4487051318387216, 648.1132192018490059, -894.8974102636774433 ) ) ;
#1081 = CARTESIAN_POINT ( 'NONE',  ( -301.8249599922348807, 3.178771945592374415, -3.696289711572684469E-14 ) ) ;
#1082 = CARTESIAN_POINT ( 'NONE',  ( -343.7115661145069225, 88.71620200011015811, -4.209252692720547426E-14 ) ) ;
#1083 = CARTESIAN_POINT ( 'NONE',  ( 408.4268999919996759, 304.2839627190019769, 0.000000000000000000 ) ) ;
#1084 = VERTEX_POINT ( 'NONE', #1193 ) ;
#1085 = CARTESIAN_POINT ( 'NONE',  ( 384.0479969164783256, 204.5532187515101157, 9.406463002854355434E-14 ) ) ;
#1086 = CARTESIAN_POINT ( 'NONE',  ( 302.7364988217340738, 4.781713348978889222, 7.414905685342263013E-14 ) ) ;
#1087 = CARTESIAN_POINT ( 'NONE',  ( 337.3511553025017520, 73.93874234392640687, 674.7023106050038450 ) ) ;
#1088 = CARTESIAN_POINT ( 'NONE',  ( -448.4807600431411743, 677.1928808586594641, -896.9615200862823485 ) ) ;
#1089 = CARTESIAN_POINT ( 'NONE',  ( -315.4964993456055709, 28.30190745701504440, -630.9929986912111417 ) ) ;
#1090 = CARTESIAN_POINT ( 'NONE',  ( -359.0982552046077103, 127.8588287399917078, -4.397685288157221650E-14 ) ) ;
#1091 = CARTESIAN_POINT ( 'NONE',  ( 403.1983722761685272, 279.9750652625069733, 0.000000000000000000 ) ) ;
#1092 = CARTESIAN_POINT ( 'NONE',  ( 309.4234766555369447, 16.84729338164315493, 0.000000000000000000 ) ) ;
#1093 = CARTESIAN_POINT ( 'NONE',  ( -393.5979442021991872, 239.8522955714378497, 787.1958884043979197 ) ) ;
#1094 = CARTESIAN_POINT ( 'NONE',  ( 317.3191178372484273, 31.83527050590881657, 634.6382356744971958 ) ) ;
#1095 = CARTESIAN_POINT ( 'NONE',  ( -329.1690901697943445, 55.97078374784143051, -4.031158726546851835E-14 ) ) ;
#1096 = CARTESIAN_POINT ( 'NONE',  ( 447.4487051318388922, 648.1132192018490059, 0.000000000000000000 ) ) ;
#1097 = CARTESIAN_POINT ( 'NONE',  ( -317.3191178372485979, 31.83527050590881302, -3.886038419676482287E-14 ) ) ;
#1098 = CARTESIAN_POINT ( 'NONE',  ( -364.4975707605393609, 142.9008396541610182, -4.463807833288803563E-14 ) ) ;
#1099 = CARTESIAN_POINT ( 'NONE',  ( -403.1983722761684135, 279.9750652625070302, -806.3967445523368269 ) ) ;
#1100 = ORIENTED_EDGE ( 'NONE', *, *, #1609, .T. ) ;
#1101 = CARTESIAN_POINT ( 'NONE',  ( -378.4819444270328290, 185.6895371984949747, 756.9638888540653170 ) ) ;
#1102 = CARTESIAN_POINT ( 'NONE',  ( 307.0101319898756174, 12.41491455619447137, 7.519579508944152016E-14 ) ) ;
#1103 = CARTESIAN_POINT ( 'NONE',  ( 322.7860974928291284, 42.71414832770547321, 7.905979222077172916E-14 ) ) ;
#1104 = CARTESIAN_POINT ( 'NONE',  ( 449.2619049250033072, 707.6239942060777821, 0.000000000000000000 ) ) ;
#1105 = CARTESIAN_POINT ( 'NONE',  ( 313.6737810439703367, 24.81353330539207747, -627.3475620879405596 ) ) ;
#1106 = CARTESIAN_POINT ( 'NONE',  ( -367.4916815328940061, 151.5697963697261912, -4.500475115025371232E-14 ) ) ;
#1107 = CARTESIAN_POINT ( 'NONE',  ( -397.0170197915577432, 253.5468137218142033, -794.0340395831154865 ) ) ;
#1108 = CARTESIAN_POINT ( 'NONE',  ( -435.6513965402255621, 482.8324328370171656, 871.3027930804507832 ) ) ;
#1109 = CARTESIAN_POINT ( 'NONE',  ( 325.8257774722905538, 48.94946264521148294, 0.000000000000000000 ) ) ;
#1110 = CARTESIAN_POINT ( 'NONE',  ( 403.1983722761685272, 279.9750652625069733, 9.875511920588652603E-14 ) ) ;
#1111 = CARTESIAN_POINT ( 'NONE',  ( -346.4339913573395506, 95.27678869871407130, -4.242592786316076991E-14 ) ) ;
#1112 = CARTESIAN_POINT ( 'NONE',  ( 0.000000000000000000, -10.00000000000000000, 0.000000000000000000 ) ) ;
#1113 = CARTESIAN_POINT ( 'NONE',  ( 319.1416048498069813, 35.41449933499067981, 0.000000000000000000 ) ) ;
#1114 = CARTESIAN_POINT ( 'NONE',  ( -435.6513965402255053, 482.8324328370171656, -5.335190883170614819E-14 ) ) ;
#1115 = CARTESIAN_POINT ( 'NONE',  ( 429.1454010115588744, 428.0305890460474529, 0.000000000000000000 ) ) ;
#1116 = CARTESIAN_POINT ( 'NONE',  ( -436.2582516031178557, 488.6507666368281662, 872.5165032062351429 ) ) ;
#1117 = CARTESIAN_POINT ( 'NONE',  ( 315.4964993456056277, 28.30190745701504440, 0.000000000000000000 ) ) ;
#1118 = CARTESIAN_POINT ( 'NONE',  ( -408.4268999919997327, 304.2839627190019769, 816.8537999839990107 ) ) ;
#1119 = CARTESIAN_POINT ( 'NONE',  ( 354.6022887968624104, 115.8622802326724468, 8.685251158908058045E-14 ) ) ;
#1120 = CARTESIAN_POINT ( 'NONE',  ( 449.8952350967213079, 751.6188656426776333, 0.000000000000000000 ) ) ;
#1121 = CARTESIAN_POINT ( 'NONE',  ( 329.1690901697943445, 55.97078374784142341, -658.3381803395885754 ) ) ;
#1122 = CARTESIAN_POINT ( 'NONE',  ( -446.1887598532231891, 620.3061465895898436, -5.464236365697768616E-14 ) ) ;
#1123 = CARTESIAN_POINT ( 'NONE',  ( -413.8104715415254304, 331.5419608905357904, -827.6209430830508609 ) ) ;
#1124 = CARTESIAN_POINT ( 'NONE',  ( -432.4926789054150618, 454.6868587691545827, 864.9853578108297825 ) ) ;
#1125 = CARTESIAN_POINT ( 'NONE',  ( 359.0982552046077103, 127.8588287399917078, 0.000000000000000000 ) ) ;
#1126 = CARTESIAN_POINT ( 'NONE',  ( -365.3953039795922564, 145.4757905603304096, -730.7906079591845128 ) ) ;
#1127 = CARTESIAN_POINT ( 'NONE',  ( -406.7826711626341876, 296.4365764434297716, -4.981650961879302690E-14 ) ) ;
#1128 = CARTESIAN_POINT ( 'NONE',  ( 347.9549089651766280, 98.99698716826654277, 8.522437310236244304E-14 ) ) ;
#1129 = CARTESIAN_POINT ( 'NONE',  ( 449.6723308264527077, 730.7759696732808834, -899.3446616529053017 ) ) ;
#1130 = CARTESIAN_POINT ( 'NONE',  ( 332.5027194375756494, 63.15685707199239829, -665.0054388751511851 ) ) ;
#1131 = CARTESIAN_POINT ( 'NONE',  ( -438.0249037820116200, 506.5026513894743516, -5.364257963634679316E-14 ) ) ;
#1132 = CARTESIAN_POINT ( 'NONE',  ( -422.9880559101887911, 385.1158031279992429, -845.9761118203775823 ) ) ;
#1133 = CARTESIAN_POINT ( 'NONE',  ( 445.5668477091802515, 608.1933245365598850, 891.1336954183608441 ) ) ;
#1134 = CARTESIAN_POINT ( 'NONE',  ( 389.8644680737890553, 225.5585058650239603, 0.000000000000000000 ) ) ;
#1135 = CARTESIAN_POINT ( 'NONE',  ( -359.9995564071014655, 130.3183851932814719, -719.9991128142030448 ) ) ;
#1136 = CARTESIAN_POINT ( 'NONE',  ( 405.6855383398698223, 291.3010017312274158, 9.936429919765847266E-14 ) ) ;
#1137 = CARTESIAN_POINT ( 'NONE',  ( 359.0982552046075398, 127.8588287399917078, 718.1965104092154206 ) ) ;
#1138 = DIRECTION ( 'NONE',  ( 1.000000000000000000, 0.000000000000000000, 0.000000000000000000 ) ) ;
#1139 = CARTESIAN_POINT ( 'NONE',  ( 324.6080142609620793, 46.43644489156206845, 0.000000000000000000 ) ) ;
#1140 = CARTESIAN_POINT ( 'NONE',  ( -429.1454010115588744, 428.0305890460474529, -5.255515417176128550E-14 ) ) ;
#1141 = CARTESIAN_POINT ( 'NONE',  ( -418.9577540994333731, 360.4154257481341119, -5.130752725358349829E-14 ) ) ;
#1142 = CARTESIAN_POINT ( 'NONE',  ( -446.5514839740761772, 627.7530158965082592, 893.1029679481518997 ) ) ;
#1143 = CARTESIAN_POINT ( 'NONE',  ( 364.4975707605393609, 142.9008396541610182, 0.000000000000000000 ) ) ;
#1144 = CARTESIAN_POINT ( 'NONE',  ( 374.3312445001943161, 172.3648994261940572, -748.6624890003885184 ) ) ;
#1145 = CARTESIAN_POINT ( 'NONE',  ( -411.1107046380582801, 317.6186867496140280, 822.2214092761162192 ) ) ;
#1146 = CARTESIAN_POINT ( 'NONE',  ( 343.7115661145067520, 88.71620200011015811, 687.4231322290138451 ) ) ;
#1147 = CARTESIAN_POINT ( 'NONE',  ( 0.000000000000000000, 779.4228600000000142, 0.000000000000000000 ) ) ;
#1148 = CARTESIAN_POINT ( 'NONE',  ( 338.5669797427777326, 76.70280405492755449, -677.1339594855553514 ) ) ;
#1149 = CARTESIAN_POINT ( 'NONE',  ( -388.7077009136847892, 221.2635917626708988, -4.760296417278707869E-14 ) ) ;
#1150 = CARTESIAN_POINT ( 'NONE',  ( -419.7193575649825448, 364.9314133420510871, -5.140079677821392970E-14 ) ) ;
#1151 = CARTESIAN_POINT ( 'NONE',  ( -442.7804639775553710, 563.8932347783249952, 885.5609279551102873 ) ) ;
#1152 = CARTESIAN_POINT ( 'NONE',  ( 399.5589657608252878, 264.1419080078630373, 0.000000000000000000 ) ) ;
#1153 = CARTESIAN_POINT ( 'NONE',  ( -374.3312445001942592, 172.3648994261940572, -748.6624890003885184 ) ) ;
#1154 = CARTESIAN_POINT ( 'NONE',  ( -424.6949770558659907, 396.3163579969668717, -5.201013442654249219E-14 ) ) ;
#1155 = CARTESIAN_POINT ( 'NONE',  ( 373.4414758489529049, 169.5790737046114032, 746.8829516979061509 ) ) ;
#1156 = FILL_AREA_STYLE ('',( #1577 ) ) ;
#1157 = CARTESIAN_POINT ( 'NONE',  ( -435.0359602133070780, 477.0785012105251326, -5.327653961892218506E-14 ) ) ;
#1158 = CARTESIAN_POINT ( 'NONE',  ( -444.8901589898527504, 596.2292258778894620, -5.448333091790802134E-14 ) ) ;
#1159 = CARTESIAN_POINT ( 'NONE',  ( 415.9182375164572250, 342.9492738428659777, 0.000000000000000000 ) ) ;
#1160 = CARTESIAN_POINT ( 'NONE',  ( 359.9995564071015224, 130.3183851932814719, -719.9991128142030448 ) ) ;
#1161 = CARTESIAN_POINT ( 'NONE',  ( -413.8104715415255441, 331.5419608905357904, 827.6209430830508609 ) ) ;
#1162 = AXIS2_PLACEMENT_3D ( 'NONE', #1147, #1011, #1510 ) ;
#1163 = CARTESIAN_POINT ( 'NONE',  ( -346.4339913573395506, 95.27678869871407130, -4.242592786316076991E-14 ) ) ;
#1164 = CARTESIAN_POINT ( 'NONE',  ( -364.4975707605393609, 142.9008396541610182, -4.463807833288803563E-14 ) ) ;
#1165 = SURFACE_STYLE_USAGE ( .BOTH. , #1191 ) ;
#1166 = CARTESIAN_POINT ( 'NONE',  ( 432.4926789054150049, 454.6868587691545258, 0.000000000000000000 ) ) ;
#1167 = CARTESIAN_POINT ( 'NONE',  ( -449.9976361374019689, 776.2869230396704552, 899.9952722748035967 ) ) ;
#1168 = APPLICATION_CONTEXT ( 'automotive_design' ) ;
#1169 = CARTESIAN_POINT ( 'NONE',  ( 448.4807600431412880, 677.1928808586594641, 0.000000000000000000 ) ) ;
#1170 = CARTESIAN_POINT ( 'NONE',  ( 388.7077009136847892, 221.2635917626708988, -777.4154018273694646 ) ) ;
#1171 = CARTESIAN_POINT ( 'NONE',  ( -429.1454010115588744, 428.0305890460473961, 858.2908020231174078 ) ) ;
#1172 = CARTESIAN_POINT ( 'NONE',  ( -350.9654965828473792, 106.5307582401473780, -4.298087720013453874E-14 ) ) ;
#1173 = CARTESIAN_POINT ( 'NONE',  ( 374.3312445001943161, 172.3648994261940288, 9.168471207960164815E-14 ) ) ;
#1174 = CARTESIAN_POINT ( 'NONE',  ( 0.000000000000000000, 0.000000000000000000, 557.4274630006150346 ) ) ;
#1175 = CARTESIAN_POINT ( 'NONE',  ( 435.0359602133070780, 477.0785012105251326, -870.0719204266139286 ) ) ;
#1176 = CARTESIAN_POINT ( 'NONE',  ( 299.9999999999999432, 0.000000000000000000, -599.9999999999998863 ) ) ;
#1177 = CARTESIAN_POINT ( 'NONE',  ( 433.1402902062902740, 460.1931075416540580, 0.000000000000000000 ) ) ;
#1178 = CARTESIAN_POINT ( 'NONE',  ( -382.0035811968402868, 197.4890174377773349, -764.0071623936805736 ) ) ;
#1179 = VERTEX_POINT ( 'NONE', #157 ) ;
#1180 = CARTESIAN_POINT ( 'NONE',  ( 424.6949770558658201, 396.3163579969668717, 849.3899541117319814 ) ) ;
#1181 = CARTESIAN_POINT ( 'NONE',  ( -345.5267892906898624, 93.07428040764980892, -691.0535785813799521 ) ) ;
#1182 = CARTESIAN_POINT ( 'NONE',  ( -372.5507607277675106, 166.8154655268651823, -4.562430966451719670E-14 ) ) ;
#1183 = SHAPE_DEFINITION_REPRESENTATION ( #1277, #945 ) ;
#1184 = CARTESIAN_POINT ( 'NONE',  ( -449.9976361374019120, 776.2869230396703415, -5.510881647195445480E-14 ) ) ;
#1185 = CARTESIAN_POINT ( 'NONE',  ( -435.6513965402253916, 482.8324328370171656, -871.3027930804507832 ) ) ;
#1186 = DIRECTION ( 'NONE',  ( 0.000000000000000000, 1.000000000000000000, 0.000000000000000000 ) ) ;
#1187 = CARTESIAN_POINT ( 'NONE',  ( 434.4121444376619365, 471.3879647602099681, 0.000000000000000000 ) ) ;
#1188 = CARTESIAN_POINT ( 'NONE',  ( 380.2555564936566270, 191.5615369250680544, 0.000000000000000000 ) ) ;
#1189 = CARTESIAN_POINT ( 'NONE',  ( -420.4762685218282172, 369.4928716673780400, -5.149349163626799311E-14 ) ) ;
#1190 = CARTESIAN_POINT ( 'NONE',  ( -364.4975707605394746, 142.9008396541610182, 728.9951415210786081 ) ) ;
#1191 = SURFACE_SIDE_STYLE ('',( #669 ) ) ;
#1192 = CARTESIAN_POINT ( 'NONE',  ( 435.0359602133070780, 477.0785012105251326, 0.000000000000000000 ) ) ;
#1193 = CARTESIAN_POINT ( 'NONE',  ( 300.0000000000000000, 0.000000000000000000, 0.000000000000000000 ) ) ;
#1194 = CARTESIAN_POINT ( 'NONE',  ( -310.6387375854795323, 19.10038073009931026, -3.804227356752321079E-14 ) ) ;
#1195 = CARTESIAN_POINT ( 'NONE',  ( -380.2555564936566270, 191.5615369250680544, -4.656787501179521373E-14 ) ) ;
#1196 = CARTESIAN_POINT ( 'NONE',  ( -434.4121444376619365, 471.3879647602099681, -5.320014421963203656E-14 ) ) ;
#1197 = CARTESIAN_POINT ( 'NONE',  ( 384.9239470663910652, 207.6273393096145128, 9.427917593800420408E-14 ) ) ;
#1198 = CARTESIAN_POINT ( 'NONE',  ( -304.8834228656066898, 8.580758996782185122, 609.7668457312131522 ) ) ;
#1199 = CARTESIAN_POINT ( 'NONE',  ( -447.0175151232442659, 637.8691083281499914, -894.0350302464885317 ) ) ;
#1200 = CARTESIAN_POINT ( 'NONE',  ( -449.8120155301598970, 742.5842558502624797, 899.6240310603192256 ) ) ;
#1201 = CARTESIAN_POINT ( 'NONE',  ( 444.8901589898527504, 596.2292258778894620, 0.000000000000000000 ) ) ;
#1202 = CARTESIAN_POINT ( 'NONE',  ( 389.8644680737890553, 225.5585058650239603, 0.000000000000000000 ) ) ;
#1203 = CARTESIAN_POINT ( 'NONE',  ( -435.0359602133070780, 477.0785012105251326, -5.327653961892218506E-14 ) ) ;
#1204 = CARTESIAN_POINT ( 'NONE',  ( -385.7984560774565921, 210.7274455415858654, -4.724668443512479976E-14 ) ) ;
#1205 = CARTESIAN_POINT ( 'NONE',  ( -300.9137384971901383, 1.585417634694873179, -3.685130466700476045E-14 ) ) ;
#1206 = CARTESIAN_POINT ( 'NONE',  ( -332.5027194375757063, 63.15685707199239829, 665.0054388751511851 ) ) ;
#1207 = CARTESIAN_POINT ( 'NONE',  ( -446.5514839740760635, 627.7530158965082592, -5.468678455033528315E-14 ) ) ;
#1208 = CARTESIAN_POINT ( 'NONE',  ( -309.4234766555369447, 16.84729338164315493, -3.789344702672491084E-14 ) ) ;
#1209 = CARTESIAN_POINT ( 'NONE',  ( -358.1964187570393960, 125.4177659414337285, -4.386640976968532776E-14 ) ) ;
#1210 = CARTESIAN_POINT ( 'NONE',  ( 398.7139109958061454, 260.5785224407547389, -797.4278219916119497 ) ) ;
#1211 = CARTESIAN_POINT ( 'NONE',  ( 323.6970745146827539, 44.56916479616834437, 0.000000000000000000 ) ) ;
#1212 = CARTESIAN_POINT ( 'NONE',  ( 382.0035811968404005, 197.4890174377773064, 9.356389259510732752E-14 ) ) ;
#1213 = CARTESIAN_POINT ( 'NONE',  ( 301.8249599922347670, 3.178771945592374415, 603.6499199844698751 ) ) ;
#1214 = CARTESIAN_POINT ( 'NONE',  ( -325.8257774722905538, 48.94946264521148294, -3.990214954611384895E-14 ) ) ;
#1215 = CARTESIAN_POINT ( 'NONE',  ( 447.0175151232443795, 637.8691083281499914, 0.000000000000000000 ) ) ;
#1216 = CARTESIAN_POINT ( 'NONE',  ( 302.7364988217341306, 4.781713348978889222, -605.4729976434681475 ) ) ;
#1217 = CARTESIAN_POINT ( 'NONE',  ( -370.1756294359868207, 159.5603708071235758, -4.533343997111380070E-14 ) ) ;
#1218 = CARTESIAN_POINT ( 'NONE',  ( -399.5589657608252878, 264.1419080078630373, -4.893186084896215936E-14 ) ) ;
#1219 = OPEN_SHELL ( 'NONE', ( #764, #1449 ) ) ;
#1220 = CARTESIAN_POINT ( 'NONE',  ( -393.5979442021990735, 239.8522955714378497, -4.820184625182016044E-14 ) ) ;
#1221 = CARTESIAN_POINT ( 'NONE',  ( 300.9137384971900246, 1.585417634694873179, 601.8274769943803904 ) ) ;
#1222 = CARTESIAN_POINT ( 'NONE',  ( 325.8257774722903832, 48.94946264521148294, 651.6515549445811075 ) ) ;
#1223 = CARTESIAN_POINT ( 'NONE',  ( 444.8901589898527504, 596.2292258778894620, 0.000000000000000000 ) ) ;
#1224 = CARTESIAN_POINT ( 'NONE',  ( 315.4964993456056277, 28.30190745701504440, 0.000000000000000000 ) ) ;
#1225 = CARTESIAN_POINT ( 'NONE',  ( -350.9654965828473792, 106.5307582401473780, -4.298087720013453874E-14 ) ) ;
#1226 = CARTESIAN_POINT ( 'NONE',  ( -400.4016994804243836, 267.7375293107537004, -4.903506596418621680E-14 ) ) ;
#1227 = CARTESIAN_POINT ( 'NONE',  ( 335.8441033082119134, 70.53699269353106160, 0.000000000000000000 ) ) ;
#1228 = CARTESIAN_POINT ( 'NONE',  ( 376.9947208935075764, 180.8582793813422995, 9.233707564753676801E-14 ) ) ;
#1229 = CARTESIAN_POINT ( 'NONE',  ( -309.4234766555370015, 16.84729338164315493, 618.8469533110736620 ) ) ;
#1230 = CARTESIAN_POINT ( 'NONE',  ( 327.3478490187360421, 52.12236227597239235, 8.017709910171321708E-14 ) ) ;
#1231 = CARTESIAN_POINT ( 'NONE',  ( 448.7964368670164959, 688.1091717966068018, -897.5928737340327643 ) ) ;
#1232 = CARTESIAN_POINT ( 'NONE',  ( -304.8834228656065761, 8.580758996782185122, -3.733745079254540956E-14 ) ) ;
#1233 = CARTESIAN_POINT ( 'NONE',  ( -316.4078259143907985, 30.06290921049093967, -3.874878312312316692E-14 ) ) ;
#1234 = CARTESIAN_POINT ( 'NONE',  ( 405.6855383398698223, 291.3010017312274158, 0.000000000000000000 ) ) ;
#1235 = CARTESIAN_POINT ( 'NONE',  ( 434.4121444376619365, 471.3879647602099681, 1.064002884392640731E-13 ) ) ;
#1236 = CARTESIAN_POINT ( 'NONE',  ( 320.3597055614799842, 37.83023825024509534, 0.000000000000000000 ) ) ;
#1237 = CARTESIAN_POINT ( 'NONE',  ( 408.4268999919993917, 304.2839627190019769, 816.8537999839991244 ) ) ;
#1238 = CARTESIAN_POINT ( 'NONE',  ( 339.7789244861021416, 79.48781367673734621, 8.322183445792704909E-14 ) ) ;
#1239 = CARTESIAN_POINT ( 'NONE',  ( 449.9550265261103164, 760.7757896238389321, -899.9100530522205190 ) ) ;
#1240 = CARTESIAN_POINT ( 'NONE',  ( -304.8834228656065761, 8.580758996782185122, -609.7668457312131522 ) ) ;
#1241 = CARTESIAN_POINT ( 'NONE',  ( -321.5745169433251931, 40.26342875869720928, -3.938152028619994437E-14 ) ) ;
#1242 = CARTESIAN_POINT ( 'NONE',  ( 406.7826711626341876, 296.4365764434298285, -813.5653423252681478 ) ) ;
#1243 = CARTESIAN_POINT ( 'NONE',  ( 432.4926789054147207, 454.6868587691545827, 864.9853578108297825 ) ) ;
#1244 = VECTOR ( 'NONE', #539, 1000.000000000000000 ) ;
#1245 = ADVANCED_FACE ( 'NONE', ( #1057 ), #1455, .F. ) ;
#1246 = ORIENTED_EDGE ( 'NONE', *, *, #518, .F. ) ;
#1247 = CARTESIAN_POINT ( 'NONE',  ( 409.7802015244600398, 310.9180560347057849, 819.5604030489204206 ) ) ;
#1248 = CARTESIAN_POINT ( 'NONE',  ( 349.4653909503967952, 102.7482751108939851, 698.9307819007939315 ) ) ;
#1249 =( LENGTH_UNIT ( ) NAMED_UNIT ( * ) SI_UNIT ( .MILLI., .METRE. ) );
#1250 = CARTESIAN_POINT ( 'NONE',  ( 323.6970745146827539, 44.56916479616834437, -647.3941490293653942 ) ) ;
#1251 = CARTESIAN_POINT ( 'NONE',  ( -438.5950524122861793, 512.5891588119555990, -5.371240270585719005E-14 ) ) ;
#1252 = CARTESIAN_POINT ( 'NONE',  ( 418.9577540994333731, 360.4154257481341119, 0.000000000000000000 ) ) ;
#1253 = CARTESIAN_POINT ( 'NONE',  ( 441.1380501591764869, 542.0164723040693389, 882.2761003183533148 ) ) ;
#1254 =( BOUNDED_SURFACE ( )  B_SPLINE_SURFACE ( 3, 3, ( 
 ( #406, #1315, #930, #140 ),
 ( #11, #537, #1055, #923 ),
 ( #1205, #188, #1221, #676 ),
 ( #709, #172, #1213, #428 ),
 ( #949, #310, #1468, #1086 ),
 ( #436, #1198, #566, #1476 ),
 ( #42, #1610, #318, #1102 ),
 ( #811, #1229, #1618, #61 ),
 ( #34, #1500, #1626, #180 ),
 ( #701, #692, #582, #444 ),
 ( #957, #803, #829, #1484 ),
 ( #1330, #293, #1356, #557 ),
 ( #51, #1635, #155, #1492 ),
 ( #1337, #302, #452, #574 ),
 ( #1078, #1364, #1601, #683 ),
 ( #26, #163, #1094, #973 ),
 ( #837, #550, #1070, #965 ),
 ( #419, #938, #821, #1347 ),
 ( #1000, #326, #710, #717 ),
 ( #311, #974, #1338, #958 ),
 ( #575, #1477, #583, #1103 ),
 ( #303, #429, #822, #1501 ),
 ( #1469, #173, #327, #1485 ),
 ( #1214, #591, #1222, #181 ),
 ( #702, #294, #1348, #1230 ),
 ( #1095, #693, #43, #1365 ),
 ( #453, #445, #1636, #1079 ),
 ( #567, #1206, #1627, #52 ),
 ( #1493, #420, #966, #1619 ),
 ( #319, #812, #437, #1602 ),
 ( #830, #939, #1087, #164 ),
 ( #838, #62, #189, #845 ),
 ( #1372, #196, #1611, #1238 ),
 ( #70, #684, #35, #558 ),
 ( #950, #1010, #1644, #1653 ),
 ( #1287, #479, #625, #853 ),
 ( #364, #736, #1146, #1382 ),
 ( #608, #745, #1662, #1269 ),
 ( #86, #113, #726, #763 ),
 ( #1111, #599, #870, #224 ),
 ( #214, #461, #346, #1128 ),
 ( #888, #205, #1248, #1419 ),
 ( #982, #470, #1537, #1509 ),
 ( #103, #1001, #1528, #1682 ),
 ( #990, #243, #862, #499 ),
 ( #336, #94, #78, #1119 ),
 ( #1518, #1019, #1548, #1392 ),
 ( #233, #1261, #355, #1401 ),
 ( #617, #1278, #1137, #373 ),
 ( #1673, #490, #879, #1410 ),
 ( #753, #412, #1428, #897 ),
 ( #1030, #662, #10, #1443 ),
 ( #252, #1585, #1321, #1560 ),
 ( #643, #268, #508, #780 ),
 ( #1164, #1190, #772, #1592 ),
 ( #789, #1061, #1038, #1702 ),
 ( #17, #1054, #383, #904 ),
 ( #1, #1046, #260, #1329 ),
 ( #913, #130, #1314, #1295 ),
 ( #121, #398, #1304, #139 ),
 ( #1435, #146, #929, #802 ),
 ( #1182, #653, #519, #536 ),
 ( #1568, #405, #1155, #922 ),
 ( #1452, #276, #391, #1173 ),
 ( #528, #1576, #634, #795 ),
 ( #668, #543, #1460, #283 ),
 ( #1693, #675, #836, #1228 ),
 ( #1345, #1101, #1483, #60 ),
 ( #708, #936, #33, #50 ),
 ( #682, #828, #325, #1212 ),
 ( #317, #1499, #1363, #1354 ),
 ( #844, #1077, #171, #1085 ),
 ( #1467, #418, #1634, #1197 ),
 ( #1204, #573, #154, #1608 ),
 ( #41, #820, #187, #292 ),
 ( #451, #427, #1600, #564 ),
 ( #179, #556, #581, #972 ),
 ( #25, #691, #810, #549 ),
 ( #1069, #1336, #699, #1617 ),
 ( #162, #948, #301, #1475 ),
 ( #435, #956, #443, #309 ),
 ( #1220, #1093, #1625, #964 ),
 ( #1491, #223, #363, #852 ),
 ( #989, #981, #869, #478 ),
 ( #1268, #195, #744, #1391 ),
 ( #999, #69, #213, #372 ),
 ( #1661, #878, #460, #1652 ),
 ( #1527, #354, #469, #1381 ),
 ( #1672, #1517, #1400, #1409 ),
 ( #716, #1680, #861, #735 ),
 ( #725, #489, #203, #598 ),
 ( #1546, #1260, #232, #1110 ),
 ( #616, #345, #752, #1643 ),
 ( #85, #93, #607, #1136 ),
 ( #1127, #1371, #1508, #1018 ),
 ( #1276, #1118, #1237, #498 ),
 ( #1009, #1536, #1247, #102 ),
 ( #624, #1145, #590, #335 ),
 ( #77, #762, #1418, #1044 ),
 ( #1286, #1161, #112, #920 ),
 ( #1574, #1566, #389, #1060 ),
 ( #274, #250, #1052, #542 ),
 ( #396, #1027, #266, #794 ),
 ( #1320, #145, #667, #1692 ),
 ( #1189, #242, #633, #1426 ),
 ( #1591, #641, #1583, #778 ),
 ( #403, #507, #770, #16 ),
 ( #1154, #258, #1180, #910 ),
 ( #1450, #887, #1557, #381 ),
 ( #895, #1293, #119, #1699 ),
 ( #1441, #1302, #660, #516 ),
 ( #526, #1171, #902, #1707 ),
 ( #1036, #8, #1433, #787 ),
 ( #127, #651, #1312, #137 ),
 ( #534, #343, #819, #1515 ),
 ( #809, #1124, #1243, #1506 ),
 ( #333, #300, #858, #75 ),
 ( #1344, #411, #1641, #690 ),
 ( #1196, #681, #467, #1235 ),
 ( #1203, #1599, #67, #722 ),
 ( #588, #1108, #850, #24 ),
 ( #1076, #1116, #548, #935 ),
 ( #161, #153, #1474, #596 ),
 ( #291, #1650, #987, #1068 ),
 ( #946, #417, #928, #209 ),
 ( #1466, #979, #170, #201 ),
 ( #1386, #555, #32, #458 ),
 ( #801, #1335, #732, #1607 ),
 ( #426, #1378, #1253, #82 ),
 ( #604, #1459, #282, #1328 ),
 ( #674, #1151, #758, #866 ),
 ( #228, #1553, #1542, #386 ),
 ( #90, #369, #647, #1687 ),
 ( #1158, #741, #749, #1696 ),
 ( #630, #1273, #1133, #1283 ),
 ( #99, #109, #637, #875 ),
 ( #255, #1142, #1677, #892 ),
 ( #247, #1668, #1405, #621 ),
 ( #504, #884, #512, #1522 ),
 ( #1024, #1265, #351, #495 ),
 ( #1033, #1563, #995, #899 ),
 ( #775, #1415, #1430, #1006 ),
 ( #1298, #116, #378, #613 ),
 ( #124, #1658, #475, #1397 ),
 ( #485, #219, #1533, #360 ),
 ( #1015, #238, #1423, #767 ),
 ( #1290, #678, #907, #296 ),
 ( #791, #1200, #1438, #1065 ),
 ( #798, #13, #1325, #142 ),
 ( #1340, #783, #814, #28 ),
 ( #656, #925, #279, #166 ),
 ( #1072, #1167, #1604, #552 ),
 ( #262, #1308, #941, #523 ) ),
 .UNSPECIFIED., .F., .F., .T. ) 
 B_SPLINE_SURFACE_WITH_KNOTS ( ( 4, 1, 1, 1, 1, 1, 1, 1, 1, 1, 1, 1, 1, 1, 1, 1, 1, 1, 1, 1, 1, 1, 1, 1, 1, 1, 1, 1, 1, 1, 1, 1, 1, 1, 1, 1, 1, 1, 1, 1, 1, 1, 1, 1, 1, 1, 1, 1, 1, 1, 1, 1, 1, 1, 1, 1, 1, 1, 1, 1, 1, 1, 1, 1, 1, 1, 1, 1, 1, 1, 1, 1, 1, 1, 1, 1, 1, 1, 1, 1, 1, 1, 1, 1, 1, 1, 1, 1, 1, 1, 1, 1, 1, 1, 1, 1, 1, 1, 1, 1, 1, 1, 1, 1, 1, 1, 1, 1, 1, 1, 1, 1, 1, 1, 1, 1, 1, 1, 1, 1, 1, 1, 1, 1, 1, 1, 1, 1, 1, 1, 1, 1, 1, 1, 1, 1, 1, 1, 1, 1, 1, 1, 1, 1, 1, 1, 1, 1, 1, 1, 4 ),
 ( 4, 4 ),
 ( 0.000000000000000000, 0.002277749229351095760, 0.004565959766447082527, 0.006864756247051295723, 0.009174246143612046350, 0.02088613625002761973, 0.02326223587914924562, 0.02804914220265952718, 0.03046019074220096892, 0.03288314444285436733, 0.03531812874596911012, 0.03776527988038675537, 0.04022472245874707253, 0.04269659647985183520, 0.04518103400251482354, 0.04767817418537091678, 0.05018815188645629061, 0.05271111684573933504, 0.05779655149220144089, 0.06035932293956117189, 0.06293564959239418555, 0.06552569344498984649, 0.06812959928646875052, 0.07337961925342431635, 0.07868695451013288378, 0.08405290762508398072, 0.08947877827977354648, 0.09221461026734685540, 0.1005157552063244697, 0.1033146126935005904, 0.1061296689843731350, 0.1118091471152721367, 0.1146739347413249926, 0.1175556848758298328, 0.1204545827383960988, 0.1233708308837505180, 0.1263046247986561454, 0.1292561745623996561, 0.1322256751130788943, 0.1352133418281177002, 0.1442874476516400051, 0.1473499128880653153, 0.1504316224729453366, 0.1535328019770310637, 0.1566536960492965758, 0.1693390089221455952, 0.1725619810896070194, 0.1758060954682137134, 0.1790716305058624447, 0.1823588226563415959, 0.1856679279773009172, 0.1889992273819429414, 0.1923529853898539033, 0.1957294677956904483, 0.1991289519337409164, 0.2025517279995287800, 0.2059980784557695621, 0.2129626430013229488, 0.2164814599825418684, 0.2235936567659916885, 0.2271876504899790483, 0.2308073362434447384, 0.2344530441653962793, 0.2381250769080253959, 0.2418237857651291123, 0.2455494862804087908, 0.2493025465962464271, 0.2607292890745726011, 0.2684903493869925106, 0.2724149693290227603, 0.2763694752943643973, 0.2803542556877863245, 0.2843697252496961703, 0.2884162615944573238, 0.2924942688565306259, 0.2966041738492725677, 0.3049213544490680383, 0.3091294890384895799, 0.3133712384987045185, 0.3176470447695211030, 0.3219573740652594274, 0.3263026785219131920, 0.3351001240251608726, 0.3395532241015549735, 0.3440432324974342371, 0.3485706593760779515, 0.3531360127673262017, 0.3577398193467993259, 0.3623825979802018926, 0.3670648955141863068, 0.3717872447086577048, 0.3813543889367082551, 0.3862003239550723110, 0.3960198493652411500, 0.4009946460409263835, 0.4161866290317735584, 0.4213419640651324682, 0.4265440677576958772, 0.4317936104247863116, 0.4587775587009007006, 0.4699283641402510203, 0.4755833498355936384, 0.4812924719180980970, 0.4870565276562990875, 0.4928763462086315772, 0.5046866702043008024, 0.5228420090553429489, 0.5352494496299816662, 0.5479088588500585777, 0.5543355247775002548, 0.5608281926823491803, 0.5673879017470240260, 0.5807127331054057207, 0.5874800398987772843, 0.5943187756288882406, 0.6012301074868874329, 0.6082151961753459180, 0.6152752338806827259, 0.6224114695404103781, 0.6296251357425940443, 0.6369175176461588928, 0.6442899118638637512, 0.6517436576361367306, 0.6592801008480000391, 0.6669006323850580342, 0.6746066750308182813, 0.6902811069454130033, 0.6982524752427634596, 0.7227218236451603550, 0.7310687104157813643, 0.7395135858304913157, 0.7567042397735463943, 0.7654535639093248411, 0.7923396743590787050, 0.8015208284346598822, 0.8108148417407953223, 0.8202237703479237085, 0.8393948494126316495, 0.8491613467671050852, 0.8590514674497659042, 0.8690675012647167685, 0.8894868437997835997, 0.8998950430025618452, 0.9104389251588234089, 0.9211211154249231425, 0.9429110484243310442, 0.9540243042817142527, 0.9652868578505219288, 0.9767016596611077794, 0.9882716757793573725, 1.000000000000000000 ),
 ( 0.000000000000000000, 1.000000000000000000 ),
 .UNSPECIFIED. ) 
 GEOMETRIC_REPRESENTATION_ITEM ( )  RATIONAL_B_SPLINE_SURFACE ( (
 ( 1.000000000000000000, 0.3333333333333334259, 0.3333333333333334259, 1.000000000000000000),
 ( 1.000000000000000000, 0.3333333333333334259, 0.3333333333333334259, 1.000000000000000000),
 ( 1.000000000000000000, 0.3333333333333334259, 0.3333333333333334259, 1.000000000000000000),
 ( 1.000000000000000000, 0.3333333333333334259, 0.3333333333333334259, 1.000000000000000000),
 ( 1.000000000000000000, 0.3333333333333334259, 0.3333333333333334259, 1.000000000000000000),
 ( 1.000000000000000000, 0.3333333333333334259, 0.3333333333333334259, 1.000000000000000000),
 ( 1.000000000000000000, 0.3333333333333334259, 0.3333333333333334259, 1.000000000000000000),
 ( 1.000000000000000000, 0.3333333333333334259, 0.3333333333333334259, 1.000000000000000000),
 ( 1.000000000000000000, 0.3333333333333334259, 0.3333333333333334259, 1.000000000000000000),
 ( 1.000000000000000000, 0.3333333333333334259, 0.3333333333333334259, 1.000000000000000000),
 ( 1.000000000000000000, 0.3333333333333334259, 0.3333333333333334259, 1.000000000000000000),
 ( 1.000000000000000000, 0.3333333333333334259, 0.3333333333333334259, 1.000000000000000000),
 ( 1.000000000000000000, 0.3333333333333334259, 0.3333333333333334259, 1.000000000000000000),
 ( 1.000000000000000000, 0.3333333333333334259, 0.3333333333333334259, 1.000000000000000000),
 ( 1.000000000000000000, 0.3333333333333334259, 0.3333333333333334259, 1.000000000000000000),
 ( 1.000000000000000000, 0.3333333333333334259, 0.3333333333333334259, 1.000000000000000000),
 ( 1.000000000000000000, 0.3333333333333334259, 0.3333333333333334259, 1.000000000000000000),
 ( 1.000000000000000000, 0.3333333333333334259, 0.3333333333333334259, 1.000000000000000000),
 ( 1.000000000000000000, 0.3333333333333334259, 0.3333333333333334259, 1.000000000000000000),
 ( 1.000000000000000000, 0.3333333333333334259, 0.3333333333333334259, 1.000000000000000000),
 ( 1.000000000000000000, 0.3333333333333334259, 0.3333333333333334259, 1.000000000000000000),
 ( 1.000000000000000000, 0.3333333333333334259, 0.3333333333333334259, 1.000000000000000000),
 ( 1.000000000000000000, 0.3333333333333334259, 0.3333333333333334259, 1.000000000000000000),
 ( 1.000000000000000000, 0.3333333333333334259, 0.3333333333333334259, 1.000000000000000000),
 ( 1.000000000000000000, 0.3333333333333334259, 0.3333333333333334259, 1.000000000000000000),
 ( 1.000000000000000000, 0.3333333333333334259, 0.3333333333333334259, 1.000000000000000000),
 ( 1.000000000000000000, 0.3333333333333334259, 0.3333333333333334259, 1.000000000000000000),
 ( 1.000000000000000000, 0.3333333333333334259, 0.3333333333333334259, 1.000000000000000000),
 ( 1.000000000000000000, 0.3333333333333334259, 0.3333333333333334259, 1.000000000000000000),
 ( 1.000000000000000000, 0.3333333333333334259, 0.3333333333333334259, 1.000000000000000000),
 ( 1.000000000000000000, 0.3333333333333334259, 0.3333333333333334259, 1.000000000000000000),
 ( 1.000000000000000000, 0.3333333333333334259, 0.3333333333333334259, 1.000000000000000000),
 ( 1.000000000000000000, 0.3333333333333334259, 0.3333333333333334259, 1.000000000000000000),
 ( 1.000000000000000000, 0.3333333333333334259, 0.3333333333333334259, 1.000000000000000000),
 ( 1.000000000000000000, 0.3333333333333334259, 0.3333333333333334259, 1.000000000000000000),
 ( 1.000000000000000000, 0.3333333333333334259, 0.3333333333333334259, 1.000000000000000000),
 ( 1.000000000000000000, 0.3333333333333334259, 0.3333333333333334259, 1.000000000000000000),
 ( 1.000000000000000000, 0.3333333333333334259, 0.3333333333333334259, 1.000000000000000000),
 ( 1.000000000000000000, 0.3333333333333334259, 0.3333333333333334259, 1.000000000000000000),
 ( 1.000000000000000000, 0.3333333333333334259, 0.3333333333333334259, 1.000000000000000000),
 ( 1.000000000000000000, 0.3333333333333334259, 0.3333333333333334259, 1.000000000000000000),
 ( 1.000000000000000000, 0.3333333333333334259, 0.3333333333333334259, 1.000000000000000000),
 ( 1.000000000000000000, 0.3333333333333334259, 0.3333333333333334259, 1.000000000000000000),
 ( 1.000000000000000000, 0.3333333333333334259, 0.3333333333333334259, 1.000000000000000000),
 ( 1.000000000000000000, 0.3333333333333334259, 0.3333333333333334259, 1.000000000000000000),
 ( 1.000000000000000000, 0.3333333333333334259, 0.3333333333333334259, 1.000000000000000000),
 ( 1.000000000000000000, 0.3333333333333334259, 0.3333333333333334259, 1.000000000000000000),
 ( 1.000000000000000000, 0.3333333333333334259, 0.3333333333333334259, 1.000000000000000000),
 ( 1.000000000000000000, 0.3333333333333334259, 0.3333333333333334259, 1.000000000000000000),
 ( 1.000000000000000000, 0.3333333333333334259, 0.3333333333333334259, 1.000000000000000000),
 ( 1.000000000000000000, 0.3333333333333334259, 0.3333333333333334259, 1.000000000000000000),
 ( 1.000000000000000000, 0.3333333333333334259, 0.3333333333333334259, 1.000000000000000000),
 ( 1.000000000000000000, 0.3333333333333334259, 0.3333333333333334259, 1.000000000000000000),
 ( 1.000000000000000000, 0.3333333333333334259, 0.3333333333333334259, 1.000000000000000000),
 ( 1.000000000000000000, 0.3333333333333334259, 0.3333333333333334259, 1.000000000000000000),
 ( 1.000000000000000000, 0.3333333333333334259, 0.3333333333333334259, 1.000000000000000000),
 ( 1.000000000000000000, 0.3333333333333334259, 0.3333333333333334259, 1.000000000000000000),
 ( 1.000000000000000000, 0.3333333333333334259, 0.3333333333333334259, 1.000000000000000000),
 ( 1.000000000000000000, 0.3333333333333334259, 0.3333333333333334259, 1.000000000000000000),
 ( 1.000000000000000000, 0.3333333333333334259, 0.3333333333333334259, 1.000000000000000000),
 ( 1.000000000000000000, 0.3333333333333334259, 0.3333333333333334259, 1.000000000000000000),
 ( 1.000000000000000000, 0.3333333333333334259, 0.3333333333333334259, 1.000000000000000000),
 ( 1.000000000000000000, 0.3333333333333334259, 0.3333333333333334259, 1.000000000000000000),
 ( 1.000000000000000000, 0.3333333333333334259, 0.3333333333333334259, 1.000000000000000000),
 ( 1.000000000000000000, 0.3333333333333334259, 0.3333333333333334259, 1.000000000000000000),
 ( 1.000000000000000000, 0.3333333333333334259, 0.3333333333333334259, 1.000000000000000000),
 ( 1.000000000000000000, 0.3333333333333334259, 0.3333333333333334259, 1.000000000000000000),
 ( 1.000000000000000000, 0.3333333333333334259, 0.3333333333333334259, 1.000000000000000000),
 ( 1.000000000000000000, 0.3333333333333334259, 0.3333333333333334259, 1.000000000000000000),
 ( 1.000000000000000000, 0.3333333333333334259, 0.3333333333333334259, 1.000000000000000000),
 ( 1.000000000000000000, 0.3333333333333334259, 0.3333333333333334259, 1.000000000000000000),
 ( 1.000000000000000000, 0.3333333333333334259, 0.3333333333333334259, 1.000000000000000000),
 ( 1.000000000000000000, 0.3333333333333334259, 0.3333333333333334259, 1.000000000000000000),
 ( 1.000000000000000000, 0.3333333333333334259, 0.3333333333333334259, 1.000000000000000000),
 ( 1.000000000000000000, 0.3333333333333334259, 0.3333333333333334259, 1.000000000000000000),
 ( 1.000000000000000000, 0.3333333333333334259, 0.3333333333333334259, 1.000000000000000000),
 ( 1.000000000000000000, 0.3333333333333334259, 0.3333333333333334259, 1.000000000000000000),
 ( 1.000000000000000000, 0.3333333333333334259, 0.3333333333333334259, 1.000000000000000000),
 ( 1.000000000000000000, 0.3333333333333334259, 0.3333333333333334259, 1.000000000000000000),
 ( 1.000000000000000000, 0.3333333333333334259, 0.3333333333333334259, 1.000000000000000000),
 ( 1.000000000000000000, 0.3333333333333334259, 0.3333333333333334259, 1.000000000000000000),
 ( 1.000000000000000000, 0.3333333333333334259, 0.3333333333333334259, 1.000000000000000000),
 ( 1.000000000000000000, 0.3333333333333334259, 0.3333333333333334259, 1.000000000000000000),
 ( 1.000000000000000000, 0.3333333333333334259, 0.3333333333333334259, 1.000000000000000000),
 ( 1.000000000000000000, 0.3333333333333334259, 0.3333333333333334259, 1.000000000000000000),
 ( 1.000000000000000000, 0.3333333333333334259, 0.3333333333333334259, 1.000000000000000000),
 ( 1.000000000000000000, 0.3333333333333334259, 0.3333333333333334259, 1.000000000000000000),
 ( 1.000000000000000000, 0.3333333333333334259, 0.3333333333333334259, 1.000000000000000000),
 ( 1.000000000000000000, 0.3333333333333334259, 0.3333333333333334259, 1.000000000000000000),
 ( 1.000000000000000000, 0.3333333333333334259, 0.3333333333333334259, 1.000000000000000000),
 ( 1.000000000000000000, 0.3333333333333334259, 0.3333333333333334259, 1.000000000000000000),
 ( 1.000000000000000000, 0.3333333333333334259, 0.3333333333333334259, 1.000000000000000000),
 ( 1.000000000000000000, 0.3333333333333334259, 0.3333333333333334259, 1.000000000000000000),
 ( 1.000000000000000000, 0.3333333333333334259, 0.3333333333333334259, 1.000000000000000000),
 ( 1.000000000000000000, 0.3333333333333334259, 0.3333333333333334259, 1.000000000000000000),
 ( 1.000000000000000000, 0.3333333333333334259, 0.3333333333333334259, 1.000000000000000000),
 ( 1.000000000000000000, 0.3333333333333334259, 0.3333333333333334259, 1.000000000000000000),
 ( 1.000000000000000000, 0.3333333333333334259, 0.3333333333333334259, 1.000000000000000000),
 ( 1.000000000000000000, 0.3333333333333334259, 0.3333333333333334259, 1.000000000000000000),
 ( 1.000000000000000000, 0.3333333333333334259, 0.3333333333333334259, 1.000000000000000000),
 ( 1.000000000000000000, 0.3333333333333334259, 0.3333333333333334259, 1.000000000000000000),
 ( 1.000000000000000000, 0.3333333333333334259, 0.3333333333333334259, 1.000000000000000000),
 ( 1.000000000000000000, 0.3333333333333334259, 0.3333333333333334259, 1.000000000000000000),
 ( 1.000000000000000000, 0.3333333333333334259, 0.3333333333333334259, 1.000000000000000000),
 ( 1.000000000000000000, 0.3333333333333334259, 0.3333333333333334259, 1.000000000000000000),
 ( 1.000000000000000000, 0.3333333333333334259, 0.3333333333333334259, 1.000000000000000000),
 ( 1.000000000000000000, 0.3333333333333334259, 0.3333333333333334259, 1.000000000000000000),
 ( 1.000000000000000000, 0.3333333333333334259, 0.3333333333333334259, 1.000000000000000000),
 ( 1.000000000000000000, 0.3333333333333334259, 0.3333333333333334259, 1.000000000000000000),
 ( 1.000000000000000000, 0.3333333333333334259, 0.3333333333333334259, 1.000000000000000000),
 ( 1.000000000000000000, 0.3333333333333334259, 0.3333333333333334259, 1.000000000000000000),
 ( 1.000000000000000000, 0.3333333333333334259, 0.3333333333333334259, 1.000000000000000000),
 ( 1.000000000000000000, 0.3333333333333334259, 0.3333333333333334259, 1.000000000000000000),
 ( 1.000000000000000000, 0.3333333333333334259, 0.3333333333333334259, 1.000000000000000000),
 ( 1.000000000000000000, 0.3333333333333334259, 0.3333333333333334259, 1.000000000000000000),
 ( 1.000000000000000000, 0.3333333333333334259, 0.3333333333333334259, 1.000000000000000000),
 ( 1.000000000000000000, 0.3333333333333334259, 0.3333333333333334259, 1.000000000000000000),
 ( 1.000000000000000000, 0.3333333333333334259, 0.3333333333333334259, 1.000000000000000000),
 ( 1.000000000000000000, 0.3333333333333334259, 0.3333333333333334259, 1.000000000000000000),
 ( 1.000000000000000000, 0.3333333333333334259, 0.3333333333333334259, 1.000000000000000000),
 ( 1.000000000000000000, 0.3333333333333334259, 0.3333333333333334259, 1.000000000000000000),
 ( 1.000000000000000000, 0.3333333333333334259, 0.3333333333333334259, 1.000000000000000000),
 ( 1.000000000000000000, 0.3333333333333334259, 0.3333333333333334259, 1.000000000000000000),
 ( 1.000000000000000000, 0.3333333333333334259, 0.3333333333333334259, 1.000000000000000000),
 ( 1.000000000000000000, 0.3333333333333334259, 0.3333333333333334259, 1.000000000000000000),
 ( 1.000000000000000000, 0.3333333333333334259, 0.3333333333333334259, 1.000000000000000000),
 ( 1.000000000000000000, 0.3333333333333334259, 0.3333333333333334259, 1.000000000000000000),
 ( 1.000000000000000000, 0.3333333333333334259, 0.3333333333333334259, 1.000000000000000000),
 ( 1.000000000000000000, 0.3333333333333334259, 0.3333333333333334259, 1.000000000000000000),
 ( 1.000000000000000000, 0.3333333333333334259, 0.3333333333333334259, 1.000000000000000000),
 ( 1.000000000000000000, 0.3333333333333334259, 0.3333333333333334259, 1.000000000000000000),
 ( 1.000000000000000000, 0.3333333333333334259, 0.3333333333333334259, 1.000000000000000000),
 ( 1.000000000000000000, 0.3333333333333334259, 0.3333333333333334259, 1.000000000000000000),
 ( 1.000000000000000000, 0.3333333333333334259, 0.3333333333333334259, 1.000000000000000000),
 ( 1.000000000000000000, 0.3333333333333334259, 0.3333333333333334259, 1.000000000000000000),
 ( 1.000000000000000000, 0.3333333333333334259, 0.3333333333333334259, 1.000000000000000000),
 ( 1.000000000000000000, 0.3333333333333334259, 0.3333333333333334259, 1.000000000000000000),
 ( 1.000000000000000000, 0.3333333333333334259, 0.3333333333333334259, 1.000000000000000000),
 ( 1.000000000000000000, 0.3333333333333334259, 0.3333333333333334259, 1.000000000000000000),
 ( 1.000000000000000000, 0.3333333333333334259, 0.3333333333333334259, 1.000000000000000000),
 ( 1.000000000000000000, 0.3333333333333334259, 0.3333333333333334259, 1.000000000000000000),
 ( 1.000000000000000000, 0.3333333333333334259, 0.3333333333333334259, 1.000000000000000000),
 ( 1.000000000000000000, 0.3333333333333334259, 0.3333333333333334259, 1.000000000000000000),
 ( 1.000000000000000000, 0.3333333333333334259, 0.3333333333333334259, 1.000000000000000000),
 ( 1.000000000000000000, 0.3333333333333334259, 0.3333333333333334259, 1.000000000000000000),
 ( 1.000000000000000000, 0.3333333333333334259, 0.3333333333333334259, 1.000000000000000000),
 ( 1.000000000000000000, 0.3333333333333334259, 0.3333333333333334259, 1.000000000000000000),
 ( 1.000000000000000000, 0.3333333333333334259, 0.3333333333333334259, 1.000000000000000000),
 ( 1.000000000000000000, 0.3333333333333334259, 0.3333333333333334259, 1.000000000000000000),
 ( 1.000000000000000000, 0.3333333333333334259, 0.3333333333333334259, 1.000000000000000000),
 ( 1.000000000000000000, 0.3333333333333334259, 0.3333333333333334259, 1.000000000000000000),
 ( 1.000000000000000000, 0.3333333333333334259, 0.3333333333333334259, 1.000000000000000000),
 ( 1.000000000000000000, 0.3333333333333334259, 0.3333333333333334259, 1.000000000000000000) ) ) 
 REPRESENTATION_ITEM ( '' )  SURFACE ( )  );
#1255 = B_SPLINE_CURVE_WITH_KNOTS ( 'NONE', 3,
 ( #1589, #1431, #256, #1705, #1572, #1439, #672, #1456, #1194, #961, #1639, #1614, #713, #199, #1233, #57, #687, #1631, #456, #1241, #977, #1341, #1480, #561, #553, #943, #1472, #1488, #448, #1360, #969, #167, #1496, #65, #297, #586, #1082, #184, #423, #696, #841, #1368, #1225, #432, #1073, #578, #816, #1209, #1090, #38, #1605, #331, #720, #953, #1098, #314, #322, #1106, #1504, #1217, #176, #306, #705, #825, #46, #192, #1351, #848, #570, #833, #1376, #1622, #440, #473, #602, #993, #1149, #493, #1648, #349, #1685, #1540, #236, #756, #217, #1395, #1271, #730, #358, #367, #1403, #465, #1531, #739, #226, #1004, #864, #1281, #376, #245, #80, #107, #1263, #1513, #97, #873, #985, #1675, #594, #619, #88, #1140, #747, #341, #611, #765, #856, #1666, #73, #1520, #1114, #628, #1013, #882, #1131, #1251, #1413, #502, #483, #1022, #1551, #890, #1384, #1421, #207, #1122, #1656, #645, #1586, #1296, #521, #269, #1461, #654, #796, #1031, #413, #1288, #1323, #18, #781, #1184, #1305 ),
 .UNSPECIFIED., .F., .F.,
 ( 4, 1, 1, 1, 1, 1, 1, 1, 1, 1, 1, 1, 1, 1, 1, 1, 1, 1, 1, 1, 1, 1, 1, 1, 1, 1, 1, 1, 1, 1, 1, 1, 1, 1, 1, 1, 1, 1, 1, 1, 1, 1, 1, 1, 1, 1, 1, 1, 1, 1, 1, 1, 1, 1, 1, 1, 1, 1, 1, 1, 1, 1, 1, 1, 1, 1, 1, 1, 1, 1, 1, 1, 1, 1, 1, 1, 1, 1, 1, 1, 1, 1, 1, 1, 1, 1, 1, 1, 1, 1, 1, 1, 1, 1, 1, 1, 1, 1, 1, 1, 1, 1, 1, 1, 1, 1, 1, 1, 1, 1, 1, 1, 1, 1, 1, 1, 1, 1, 1, 1, 1, 1, 1, 1, 1, 1, 1, 1, 1, 1, 1, 1, 1, 1, 1, 1, 1, 1, 1, 1, 1, 1, 1, 1, 1, 1, 1, 1, 1, 1, 4 ),
 ( 0.000000000000000000, 0.002277749229351095760, 0.004565959766447082527, 0.006864756247051295723, 0.009174246143612046350, 0.02088613625002761973, 0.02326223587914924562, 0.02804914220265952718, 0.03046019074220096892, 0.03288314444285436733, 0.03531812874596911012, 0.03776527988038675537, 0.04022472245874707253, 0.04269659647985183520, 0.04518103400251482354, 0.04767817418537091678, 0.05018815188645629061, 0.05271111684573933504, 0.05779655149220144089, 0.06035932293956117189, 0.06293564959239418555, 0.06552569344498984649, 0.06812959928646875052, 0.07337961925342431635, 0.07868695451013288378, 0.08405290762508398072, 0.08947877827977354648, 0.09221461026734685540, 0.1005157552063244697, 0.1033146126935005904, 0.1061296689843731350, 0.1118091471152721367, 0.1146739347413249926, 0.1175556848758298328, 0.1204545827383960988, 0.1233708308837505180, 0.1263046247986561454, 0.1292561745623996561, 0.1322256751130788943, 0.1352133418281177002, 0.1442874476516400051, 0.1473499128880653153, 0.1504316224729453366, 0.1535328019770310637, 0.1566536960492965758, 0.1693390089221455952, 0.1725619810896070194, 0.1758060954682137134, 0.1790716305058624447, 0.1823588226563415959, 0.1856679279773009172, 0.1889992273819429414, 0.1923529853898539033, 0.1957294677956904483, 0.1991289519337409164, 0.2025517279995287800, 0.2059980784557695621, 0.2129626430013229488, 0.2164814599825418684, 0.2235936567659916885, 0.2271876504899790483, 0.2308073362434447384, 0.2344530441653962793, 0.2381250769080253959, 0.2418237857651291123, 0.2455494862804087908, 0.2493025465962464271, 0.2607292890745726011, 0.2684903493869925106, 0.2724149693290227603, 0.2763694752943643973, 0.2803542556877863245, 0.2843697252496961703, 0.2884162615944573238, 0.2924942688565306259, 0.2966041738492725677, 0.3049213544490680383, 0.3091294890384895799, 0.3133712384987045185, 0.3176470447695211030, 0.3219573740652594274, 0.3263026785219131920, 0.3351001240251608726, 0.3395532241015549735, 0.3440432324974342371, 0.3485706593760779515, 0.3531360127673262017, 0.3577398193467993259, 0.3623825979802018926, 0.3670648955141863068, 0.3717872447086577048, 0.3813543889367082551, 0.3862003239550723110, 0.3960198493652411500, 0.4009946460409263835, 0.4161866290317735584, 0.4213419640651324682, 0.4265440677576958772, 0.4317936104247863116, 0.4587775587009007006, 0.4699283641402510203, 0.4755833498355936384, 0.4812924719180980970, 0.4870565276562990875, 0.4928763462086315772, 0.5046866702043008024, 0.5228420090553429489, 0.5352494496299816662, 0.5479088588500585777, 0.5543355247775002548, 0.5608281926823491803, 0.5673879017470240260, 0.5807127331054057207, 0.5874800398987772843, 0.5943187756288882406, 0.6012301074868874329, 0.6082151961753459180, 0.6152752338806827259, 0.6224114695404103781, 0.6296251357425940443, 0.6369175176461588928, 0.6442899118638637512, 0.6517436576361367306, 0.6592801008480000391, 0.6669006323850580342, 0.6746066750308182813, 0.6902811069454130033, 0.6982524752427634596, 0.7227218236451603550, 0.7310687104157813643, 0.7395135858304913157, 0.7567042397735463943, 0.7654535639093248411, 0.7923396743590787050, 0.8015208284346598822, 0.8108148417407953223, 0.8202237703479237085, 0.8393948494126316495, 0.8491613467671050852, 0.8590514674497659042, 0.8690675012647167685, 0.8894868437997835997, 0.8998950430025618452, 0.9104389251588234089, 0.9211211154249231425, 0.9429110484243310442, 0.9540243042817142527, 0.9652868578505219288, 0.9767016596611077794, 0.9882716757793573725, 1.000000000000000000 ),
 .UNSPECIFIED. ) ;
#1256 = CARTESIAN_POINT ( 'NONE',  ( 361.8005201769573205, 135.2937921389014662, 0.000000000000000000 ) ) ;
#1257 = CARTESIAN_POINT ( 'NONE',  ( 370.1756294359867638, 159.5603708071235758, -740.3512588719735277 ) ) ;
#1258 = APPLICATION_CONTEXT ( 'automotive_design' ) ;
#1259 = CARTESIAN_POINT ( 'NONE',  ( 340.9869127854573208, 82.29395848161286153, -681.9738255709145278 ) ) ;
#1260 = CARTESIAN_POINT ( 'NONE',  ( -403.1983722761686408, 279.9750652625070302, 806.3967445523368269 ) ) ;
#1261 = CARTESIAN_POINT ( 'NONE',  ( -358.1964187570395097, 125.4177659414337285, 716.3928375140786784 ) ) ;
#1262 = CARTESIAN_POINT ( 'NONE',  ( -322.7860974928291284, 42.71414832770547321, -3.952989611038586458E-14 ) ) ;
#1263 = CARTESIAN_POINT ( 'NONE',  ( -418.9577540994333731, 360.4154257481341119, -5.130752725358349829E-14 ) ) ;
#1264 = CARTESIAN_POINT ( 'NONE',  ( 421.4840143380070572, 375.6663424120733907, 0.000000000000000000 ) ) ;
#1265 = CARTESIAN_POINT ( 'NONE',  ( -447.8445989116906958, 658.4874849921689020, 895.6891978233810505 ) ) ;
#1266 = CARTESIAN_POINT ( 'NONE',  ( 397.8665681703187147, 257.0469639075939767, 0.000000000000000000 ) ) ;
#1267 = CARTESIAN_POINT ( 'NONE',  ( -367.4916815328940061, 151.5697963697261912, -4.500475115025371232E-14 ) ) ;
#1268 = CARTESIAN_POINT ( 'NONE',  ( -397.0170197915578569, 253.5468137218142033, -4.862056224947527195E-14 ) ) ;
#1269 = CARTESIAN_POINT ( 'NONE',  ( 344.6192980268878046, 90.88747884202875582, 8.440738405060718881E-14 ) ) ;
#1270 = CARTESIAN_POINT ( 'NONE',  ( 321.5745169433251931, 40.26342875869720928, 0.000000000000000000 ) ) ;
#1271 = CARTESIAN_POINT ( 'NONE',  ( -398.7139109958060885, 260.5785224407547389, -4.882837148765366261E-14 ) ) ;
#1272 = CARTESIAN_POINT ( 'NONE',  ( 421.4840143380070572, 375.6663424120734476, -842.9680286760140007 ) ) ;
#1273 = CARTESIAN_POINT ( 'NONE',  ( -445.5668477091805926, 608.1933245365598850, 891.1336954183607304 ) ) ;
#1274 = CARTESIAN_POINT ( 'NONE',  ( 409.7802015244602671, 310.9180560347057849, 0.000000000000000000 ) ) ;
#1275 = CARTESIAN_POINT ( 'NONE',  ( 367.4916815328940061, 151.5697963697262196, -734.9833630657878984 ) ) ;
#1276 = CARTESIAN_POINT ( 'NONE',  ( -408.4268999919996759, 304.2839627190019769, -5.001786957608785541E-14 ) ) ;
#1277 = PRODUCT_DEFINITION_SHAPE ( 'NONE', 'NONE',  #482 ) ;
#1278 = CARTESIAN_POINT ( 'NONE',  ( -359.0982552046078240, 127.8588287399917078, 718.1965104092153069 ) ) ;
#1279 = CARTESIAN_POINT ( 'NONE',  ( -449.9929403194584552, 770.0573777774004611, -5.510824140011307773E-14 ) ) ;
#1280 = CARTESIAN_POINT ( 'NONE',  ( -335.8441033082118565, 70.53699269353106160, -671.6882066164237131 ) ) ;
#1281 = CARTESIAN_POINT ( 'NONE',  ( -411.1107046380582233, 317.6186867496140849, -5.034654085302108887E-14 ) ) ;
#1282 = CARTESIAN_POINT ( 'NONE',  ( 429.1454010115588176, 428.0305890460473961, -858.2908020231174078 ) ) ;
#1283 = CARTESIAN_POINT ( 'NONE',  ( 445.5668477091804789, 608.1933245365599987, 1.091324027706448141E-13 ) ) ;
#1284 = CARTESIAN_POINT ( 'NONE',  ( 385.7984560774565921, 210.7274455415858654, 0.000000000000000000 ) ) ;
#1285 = CARTESIAN_POINT ( 'NONE',  ( -372.5507607277673401, 166.8154655268651823, -745.1015214555349075 ) ) ;
#1286 = CARTESIAN_POINT ( 'NONE',  ( -413.8104715415254873, 331.5419608905357904, -5.067716694269861153E-14 ) ) ;
#1287 = CARTESIAN_POINT ( 'NONE',  ( -342.8035761609367000, 86.56030075998957329, -4.198133022817570877E-14 ) ) ;
#1288 = CARTESIAN_POINT ( 'NONE',  ( -449.8120155301597833, 742.5842558502625934, -5.508608450370296666E-14 ) ) ;
#1289 = CARTESIAN_POINT ( 'NONE',  ( 422.9880559101889617, 385.1158031279992429, 0.000000000000000000 ) ) ;
#1290 = CARTESIAN_POINT ( 'NONE',  ( -449.6723308264527645, 730.7759696732809971, -5.506897806117450352E-14 ) ) ;
#1291 = CARTESIAN_POINT ( 'NONE',  ( 346.4339913573395506, 95.27678869871407130, 0.000000000000000000 ) ) ;
#1292 = CARTESIAN_POINT ( 'NONE',  ( 365.3953039795923132, 145.4757905603304096, -730.7906079591845128 ) ) ;
#1293 = CARTESIAN_POINT ( 'NONE',  ( -427.5315438096263847, 416.0915530535465905, 855.0630876192522010 ) ) ;
#1294 = CARTESIAN_POINT ( 'NONE',  ( 347.9549089651766280, 98.99698716826654277, 0.000000000000000000 ) ) ;
#1295 = CARTESIAN_POINT ( 'NONE',  ( 368.6853711529063276, 155.0978969375238421, 9.030187193497213334E-14 ) ) ;
#1296 = CARTESIAN_POINT ( 'NONE',  ( -447.8445989116905821, 658.4874849921689020, -5.484514545726320902E-14 ) ) ;
#1297 = CARTESIAN_POINT ( 'NONE',  ( -435.0359602133069643, 477.0785012105251326, -870.0719204266139286 ) ) ;
#1298 = CARTESIAN_POINT ( 'NONE',  ( -448.7964368670165527, 688.1091717966068018, -5.496171198779290237E-14 ) ) ;
#1299 = CARTESIAN_POINT ( 'NONE',  ( 449.9550265261104300, 760.7757896238389321, 0.000000000000000000 ) ) ;
#1300 = CARTESIAN_POINT ( 'NONE',  ( -384.0479969164783256, 204.5532187515101157, -4.703231501427177717E-14 ) ) ;
#1301 = EDGE_CURVE ( 'NONE', #827, #1380, #671, .T. ) ;
#1302 = CARTESIAN_POINT ( 'NONE',  ( -428.4554098252302197, 422.8681554810327157, 856.9108196504600983 ) ) ;
#1303 = CARTESIAN_POINT ( 'NONE',  ( -350.9654965828472086, 106.5307582401473638, -701.9309931656946446 ) ) ;
#1304 = CARTESIAN_POINT ( 'NONE',  ( 370.1756294359865933, 159.5603708071235758, 740.3512588719735277 ) ) ;
#1305 = CARTESIAN_POINT ( 'NONE',  ( -450.0000000000000000, 779.4228600000000142, -5.510910596144861504E-14 ) ) ;
#1306 = CIRCLE ( 'NONE', #486, 450.0000000000000000 ) ;
#1307 = CARTESIAN_POINT ( 'NONE',  ( 433.1402902062902740, 460.1931075416540580, -866.2805804125803206 ) ) ;
#1308 = CARTESIAN_POINT ( 'NONE',  ( -450.0000000000001137, 779.4228600000001279, 899.9999999999997726 ) ) ;
#1309 = CARTESIAN_POINT ( 'NONE',  ( 0.000000000000000000, -10.00000000000000000, 0.000000000000000000 ) ) ;
#1310 = CARTESIAN_POINT ( 'NONE',  ( -376.1079033310898581, 178.0042312655833427, -752.2158066621797161 ) ) ;
#1311 = ORIENTED_EDGE ( 'NONE', *, *, #1690, .F. ) ;
#1312 = CARTESIAN_POINT ( 'NONE',  ( 430.9587546403483316, 442.0931473700276797, 861.9175092806970042 ) ) ;
#1313 = CARTESIAN_POINT ( 'NONE',  ( -358.1964187570392824, 125.4177659414337285, -716.3928375140786784 ) ) ;
#1314 = CARTESIAN_POINT ( 'NONE',  ( 368.6853711529061570, 155.0978969375238421, 737.3707423058126551 ) ) ;
#1315 = CARTESIAN_POINT ( 'NONE',  ( -300.0000000000000568, 0.000000000000000000, 599.9999999999998863 ) ) ;
#1316 = CARTESIAN_POINT ( 'NONE',  ( 434.4121444376619365, 471.3879647602099681, 0.000000000000000000 ) ) ;
#1317 = FACE_OUTER_BOUND ( 'NONE', #723, .T. ) ;
#1318 = CARTESIAN_POINT ( 'NONE',  ( 450.0000000000000000, 779.4228600000000142, 0.000000000000000000 ) ) ;
#1319 = CARTESIAN_POINT ( 'NONE',  ( 386.6715329730828898, 213.8538441077484720, -773.3430659461656660 ) ) ;
#1320 = CARTESIAN_POINT ( 'NONE',  ( -419.7193575649825448, 364.9314133420510871, -5.140079677821392970E-14 ) ) ;
#1321 = CARTESIAN_POINT ( 'NONE',  ( 362.7001555193986633, 137.8100614635042689, 725.4003110387976676 ) ) ;
#1322 = EDGE_CURVE ( 'NONE', #459, #152, #1588, .T. ) ;
#1323 = CARTESIAN_POINT ( 'NONE',  ( -449.8952350967213079, 751.6188656426776333, -5.509627596128456999E-14 ) ) ;
#1324 = CARTESIAN_POINT ( 'NONE',  ( -433.1402902062901603, 460.1931075416540580, -866.2805804125803206 ) ) ;
#1325 = CARTESIAN_POINT ( 'NONE',  ( 449.8952350967210805, 751.6188656426777470, 899.7904701934425020 ) ) ;
#1326 = CARTESIAN_POINT ( 'NONE',  ( 418.9577540994333731, 360.4154257481341119, 0.000000000000000000 ) ) ;
#1327 = CARTESIAN_POINT ( 'NONE',  ( -384.9239470663910652, 207.6273393096145128, -4.713958796900210204E-14 ) ) ;
#1328 = CARTESIAN_POINT ( 'NONE',  ( 441.9829908142966133, 552.8896276306601294, 1.082546109956604595E-13 ) ) ;
#1329 = CARTESIAN_POINT ( 'NONE',  ( 367.4916815328940061, 151.5697963697261912, 9.000950230050742465E-14 ) ) ;
#1330 = CARTESIAN_POINT ( 'NONE',  ( -313.6737810439703935, 24.81353330539207747, -3.841395919319460195E-14 ) ) ;
#1331 = CARTESIAN_POINT ( 'NONE',  ( 430.9587546403485021, 442.0931473700276797, -861.9175092806967768 ) ) ;
#1332 = DIRECTION ( 'NONE',  ( 0.000000000000000000, 1.000000000000000000, 0.000000000000000000 ) ) ;
#1333 = CARTESIAN_POINT ( 'NONE',  ( 426.3612789774197154, 407.7524543547235112, 0.000000000000000000 ) ) ;
#1334 = CARTESIAN_POINT ( 'NONE',  ( -388.7077009136847892, 221.2635917626708988, -4.760296417278707869E-14 ) ) ;
#1335 = CARTESIAN_POINT ( 'NONE',  ( -440.0731086445009055, 529.1955128393644827, 880.1462172890012425 ) ) ;
#1336 = CARTESIAN_POINT ( 'NONE',  ( -391.0134041849950677, 229.8919905193035618, 782.0268083699896806 ) ) ;
#1337 = CARTESIAN_POINT ( 'NONE',  ( -315.4964993456056277, 28.30190745701504440, -3.863717780657909682E-14 ) ) ;
#1338 = CARTESIAN_POINT ( 'NONE',  ( 321.5745169433250226, 40.26342875869720217, 643.1490338866503862 ) ) ;
#1339 = CARTESIAN_POINT ( 'NONE',  ( -444.8901589898526368, 596.2292258778895757, -889.7803179797052735 ) ) ;
#1340 = CARTESIAN_POINT ( 'NONE',  ( -449.9550265261104300, 760.7757896238389321, -5.510359829954634719E-14 ) ) ;
#1341 = CARTESIAN_POINT ( 'NONE',  ( -323.6970745146827539, 44.56916479616834437, -3.964145861977685462E-14 ) ) ;
#1342 = CARTESIAN_POINT ( 'NONE',  ( -395.8860376093155651, 248.9401151048739393, -791.7720752186311302 ) ) ;
#1343 = CARTESIAN_POINT ( 'NONE',  ( 307.0101319898756174, 12.41491455619447137, 0.000000000000000000 ) ) ;
#1344 = CARTESIAN_POINT ( 'NONE',  ( -433.7802019263358488, 465.7598224175169435, -5.312275358225797688E-14 ) ) ;
#1345 = CARTESIAN_POINT ( 'NONE',  ( -378.4819444270327722, 185.6895371984949747, -4.635067017776320879E-14 ) ) ;
#1346 = SHELL_BASED_SURFACE_MODEL ( 'NONE', ( #786, #1219 ) );
#1347 = CARTESIAN_POINT ( 'NONE',  ( 319.1416048498069813, 35.41449933499067981, 7.816714897081310447E-14 ) ) ;
#1348 = CARTESIAN_POINT ( 'NONE',  ( 327.3478490187358716, 52.12236227597237814, 654.6956980374720843 ) ) ;
#1349 = CARTESIAN_POINT ( 'NONE',  ( 448.1263041965327147, 666.4164073160579846, -896.2526083930650884 ) ) ;
#1350 = CARTESIAN_POINT ( 'NONE',  ( 320.3597055614799842, 37.83023825024509534, 0.000000000000000000 ) ) ;
#1351 = CARTESIAN_POINT ( 'NONE',  ( -376.9947208935075764, 180.8582793813422995, -4.616853782376838400E-14 ) ) ;
#1352 = CARTESIAN_POINT ( 'NONE',  ( 395.8860376093156219, 248.9401151048739393, -791.7720752186311302 ) ) ;
#1353 = ORIENTED_EDGE ( 'NONE', *, *, #284, .F. ) ;
#1354 = CARTESIAN_POINT ( 'NONE',  ( 383.1707033591762865, 201.5047507892917338, 9.384975507917105121E-14 ) ) ;
#1355 =( GEOMETRIC_REPRESENTATION_CONTEXT ( 3 ) GLOBAL_UNCERTAINTY_ASSIGNED_CONTEXT ( ( #1598 ) ) GLOBAL_UNIT_ASSIGNED_CONTEXT ( ( #1249, #737, #215 ) ) REPRESENTATION_CONTEXT ( 'NONE', 'WORKASPACE' ) );
#1356 = CARTESIAN_POINT ( 'NONE',  ( 313.6737810439701661, 24.81353330539207747, 627.3475620879406733 ) ) ;
#1357 = CARTESIAN_POINT ( 'NONE',  ( -442.7804639775552573, 563.8932347783251089, -5.422496779350929985E-14 ) ) ;
#1358 = CARTESIAN_POINT ( 'NONE',  ( -313.6737810439703935, 24.81353330539207747, -3.841395919319460195E-14 ) ) ;
#1359 = CARTESIAN_POINT ( 'NONE',  ( -343.7115661145068088, 88.71620200011015811, -687.4231322290137314 ) ) ;
#1360 = CARTESIAN_POINT ( 'NONE',  ( -335.8441033082119134, 70.53699269353106160, -4.112904061289147631E-14 ) ) ;
#1361 = CARTESIAN_POINT ( 'NONE',  ( 401.2420184519251620, 271.3658194168942828, 0.000000000000000000 ) ) ;
#1362 = CARTESIAN_POINT ( 'NONE',  ( 312.7624018460877551, 23.08594443283053366, 0.000000000000000000 ) ) ;
#1363 = CARTESIAN_POINT ( 'NONE',  ( 383.1707033591761160, 201.5047507892917338, 766.3414067183525731 ) ) ;
#1364 = CARTESIAN_POINT ( 'NONE',  ( -316.4078259143908554, 30.06290921049094322, 632.8156518287814833 ) ) ;
#1365 = CARTESIAN_POINT ( 'NONE',  ( 329.1690901697943445, 55.97078374784143051, 8.062317453093703670E-14 ) ) ;
#1366 = CARTESIAN_POINT ( 'NONE',  ( -447.8445989116905253, 658.4874849921689020, -895.6891978233810505 ) ) ;
#1367 = CARTESIAN_POINT ( 'NONE',  ( -302.7364988217340738, 4.781713348978889222, -605.4729976434681475 ) ) ;
#1368 = CARTESIAN_POINT ( 'NONE',  ( -349.4653909503969658, 102.7482751108939993, -4.279716724401820197E-14 ) ) ;
#1369 = CARTESIAN_POINT ( 'NONE',  ( 404.3067824704151576, 284.9700393952063564, 0.000000000000000000 ) ) ;
#1370 = CARTESIAN_POINT ( 'NONE',  ( 341.8953648610353753, 84.41960080176612280, 0.000000000000000000 ) ) ;
#1371 = CARTESIAN_POINT ( 'NONE',  ( -406.7826711626342444, 296.4365764434298285, 813.5653423252681478 ) ) ;
#1372 = CARTESIAN_POINT ( 'NONE',  ( -339.7789244861021416, 79.48781367673734621, -4.161091722896352454E-14 ) ) ;
#1373 = CARTESIAN_POINT ( 'NONE',  ( 449.8120155301597833, 742.5842558502625934, 0.000000000000000000 ) ) ;
#1374 = CARTESIAN_POINT ( 'NONE',  ( 314.5851598764550090, 26.55214560930205181, 0.000000000000000000 ) ) ;
#1375 = CARTESIAN_POINT ( 'NONE',  ( 342.8035761609367000, 86.56030075998957329, 0.000000000000000000 ) ) ;
#1376 = CARTESIAN_POINT ( 'NONE',  ( -383.1707033591762865, 201.5047507892917338, -4.692487753958552560E-14 ) ) ;
#1377 = CARTESIAN_POINT ( 'NONE',  ( -392.7382732127737199, 236.5032394561024773, -4.809656691926820002E-14 ) ) ;
#1378 = CARTESIAN_POINT ( 'NONE',  ( -441.1380501591767711, 542.0164723040693389, 882.2761003183532011 ) ) ;
#1379 =( BOUNDED_SURFACE ( )  B_SPLINE_SURFACE ( 3, 3, ( 
 ( #393, #1176, #1049, #408 ),
 ( #1579, #932, #916, #1446 ),
 ( #1463, #805, #313, #1383 ),
 ( #968, #183, #1495, #1081 ),
 ( #1503, #1216, #1367, #439 ),
 ( #455, #984, #1240, #1232 ),
 ( #175, #191, #832, #305 ),
 ( #321, #1613, #585, #1208 ),
 ( #704, #64, #840, #431 ),
 ( #686, #45, #447, #55 ),
 ( #37, #695, #712, #1621 ),
 ( #569, #1105, #976, #1358 ),
 ( #1374, #960, #560, #1511 ),
 ( #1224, #1638, #1089, #329 ),
 ( #1487, #577, #72, #847 ),
 ( #952, #339, #198, #1097 ),
 ( #1479, #855, #719, #593 ),
 ( #1113, #1629, #1646, #824 ),
 ( #1350, #463, #244, #348 ),
 ( #1270, #1420, #610, #889 ),
 ( #1002, #1402, #1655, #1262 ),
 ( #1550, #1250, #728, #863 ),
 ( #1139, #96, #601, #1012 ),
 ( #492, #1530, #1539, #618 ),
 ( #357, #206, #87, #1674 ),
 ( #375, #1121, #1394, #366 ),
 ( #627, #881, #1021, #79 ),
 ( #472, #1130, #1412, #992 ),
 ( #1519, #235, #216, #481 ),
 ( #872, #755, #1280, #738 ),
 ( #1684, #1664, #105, #225 ),
 ( #746, #1148, #501, #1556 ),
 ( #1408, #241, #231, #761 ),
 ( #222, #1259, #640, #998 ),
 ( #1691, #515, #1525, #330 ),
 ( #1375, #1647, #464, #1630 ),
 ( #1512, #729, #1359, #56 ),
 ( #1681, #1547, #397, #251 ),
 ( #661, #896, #1181, #642 ),
 ( #382, #903, #788, #1163 ),
 ( #1294, #1584, #652, #1708 ),
 ( #259, #771, #1029, #921 ),
 ( #390, #404, #1303, #1172 ),
 ( #1558, #911, #1575, #128 ),
 ( #120, #1434, #9, #1037 ),
 ( #779, #527, #535, #1427 ),
 ( #1053, #1700, #1045, #1451 ),
 ( #1442, #275, #1313, #517 ),
 ( #267, #1567, #138, #886 ),
 ( #1399, #1160, #1135, #894 ),
 ( #1545, #1670, #353, #1679 ),
 ( #249, #868, #362, #118 ),
 ( #769, #92, #1425, #1660 ),
 ( #760, #1389, #221, #371 ),
 ( #230, #380, #606, #1698 ),
 ( #488, #1292, #1126, #514 ),
 ( #734, #743, #639, #1689 ),
 ( #1035, #1275, #1565, #1267 ),
 ( #860, #1026, #1417, #997 ),
 ( #212, #1257, #84, #477 ),
 ( #1524, #615, #1008, #1535 ),
 ( #240, #497, #1285, #877 ),
 ( #1555, #1407, #751, #101 ),
 ( #623, #1144, #1153, #1017 ),
 ( #111, #632, #506, #15 ),
 ( #785, #909, #1310, #1465 ),
 ( #257, #658, #289, #1448 ),
 ( #6, #1074, #541, #666 ),
 ( #1188, #777, #264, #1195 ),
 ( #1059, #135, #1178, #151 ),
 ( #680, #554, #395, #808 ),
 ( #1706, #1590, #410, #1300 ),
 ( #901, #1582, #402, #1327 ),
 ( #673, #1440, #533, #1051 ),
 ( #927, #1319, #416, #126 ),
 ( #1457, #525, #649, #918 ),
 ( #934, #1170, #273, #1334 ),
 ( #1202, #30, #793, #160 ),
 ( #547, #388, #1067, #281 ),
 ( #800, #1432, #1043, #1573 ),
 ( #144, #22, #1597, #1377 ),
 ( #1632, #970, #706, #1497 ),
 ( #842, #587, #817, #1640 ),
 ( #200, #1352, #1342, #962 ),
 ( #579, #1481, #1107, #457 ),
 ( #978, #441, #688, #424 ),
 ( #74, #1210, #449, #315 ),
 ( #66, #1505, #48, #1218 ),
 ( #562, #185, #193, #1226 ),
 ( #1361, #571, #58, #834 ),
 ( #332, #721, #595, #1615 ),
 ( #1091, #39, #1099, #323 ),
 ( #1369, #944, #714, #1623 ),
 ( #1234, #298, #1489, #1606 ),
 ( #849, #1242, #1473, #168 ),
 ( #1083, #826, #433, #954 ),
 ( #307, #177, #697, #603 ),
 ( #466, #1422, #237, #1657 ),
 ( #865, #994, #883, #246 ),
 ( #1676, #108, #1123, #98 ),
 ( #731, #620, #227, #342 ),
 ( #1396, #1014, #1005, #1552 ),
 ( #1252, #1532, #115, #1141 ),
 ( #474, #766, #218, #1150 ),
 ( #494, #740, #1521, #748 ),
 ( #1264, #1272, #629, #350 ),
 ( #1289, #612, #1132, #368 ),
 ( #1414, #89, #1667, #484 ),
 ( #1541, #359, #1686, #986 ),
 ( #757, #81, #1514, #874 ),
 ( #503, #857, #1404, #377 ),
 ( #1115, #1282, #1023, #891 ),
 ( #1649, #1385, #208, #774 ),
 ( #544, #1331, #1064, #19 ),
 ( #1429, #898, #414, #1695 ),
 ( #1166, #1056, #804, #392 ),
 ( #530, #1307, #1324, #254 ),
 ( #931, #906, #385, #3 ),
 ( #1316, #522, #148, #670 ),
 ( #1192, #1175, #1297, #1157 ),
 ( #636, #123, #1185, #1048 ),
 ( #261, #511, #270, #915 ),
 ( #1445, #1032, #1040, #646 ),
 ( #1703, #1578, #1562, #1570 ),
 ( #1587, #1437, #782, #1594 ),
 ( #132, #1462, #655, #399 ),
 ( #790, #141, #663, #924 ),
 ( #12, #286, #538, #407 ),
 ( #1454, #278, #797, #1637 ),
 ( #1470, #703, #568, #1628 ),
 ( #320, #304, #1478, #1357 ),
 ( #551, #36, #967, #685 ),
 ( #1612, #559, #446, #454 ),
 ( #1223, #839, #1339, #831 ),
 ( #295, #182, #959, #1071 ),
 ( #677, #54, #174, #576 ),
 ( #1603, #694, #846, #1207 ),
 ( #1215, #63, #1199, #165 ),
 ( #1096, #951, #1080, #1486 ),
 ( #823, #312, #1366, #430 ),
 ( #975, #1349, #44, #1494 ),
 ( #190, #27, #1088, #711 ),
 ( #1620, #1231, #421, #1502 ),
 ( #438, #584, #940, #328 ),
 ( #1104, #156, #813, #347 ),
 ( #1549, #983, #1020, #234 ),
 ( #854, #1129, #480, #374 ),
 ( #1373, #600, #1393, #609 ),
 ( #1120, #991, #754, #1529 ),
 ( #1411, #1239, #197, #356 ),
 ( #71, #1654, #592, #1279 ),
 ( #626, #491, #500, #1683 ),
 ( #104, #727, #1538, #718 ) ),
 .UNSPECIFIED., .F., .F., .T. ) 
 B_SPLINE_SURFACE_WITH_KNOTS ( ( 4, 1, 1, 1, 1, 1, 1, 1, 1, 1, 1, 1, 1, 1, 1, 1, 1, 1, 1, 1, 1, 1, 1, 1, 1, 1, 1, 1, 1, 1, 1, 1, 1, 1, 1, 1, 1, 1, 1, 1, 1, 1, 1, 1, 1, 1, 1, 1, 1, 1, 1, 1, 1, 1, 1, 1, 1, 1, 1, 1, 1, 1, 1, 1, 1, 1, 1, 1, 1, 1, 1, 1, 1, 1, 1, 1, 1, 1, 1, 1, 1, 1, 1, 1, 1, 1, 1, 1, 1, 1, 1, 1, 1, 1, 1, 1, 1, 1, 1, 1, 1, 1, 1, 1, 1, 1, 1, 1, 1, 1, 1, 1, 1, 1, 1, 1, 1, 1, 1, 1, 1, 1, 1, 1, 1, 1, 1, 1, 1, 1, 1, 1, 1, 1, 1, 1, 1, 1, 1, 1, 1, 1, 1, 1, 1, 1, 1, 1, 1, 1, 4 ),
 ( 4, 4 ),
 ( 0.000000000000000000, 0.002277749229351095760, 0.004565959766447082527, 0.006864756247051295723, 0.009174246143612046350, 0.02088613625002761973, 0.02326223587914924562, 0.02804914220265952718, 0.03046019074220096892, 0.03288314444285436733, 0.03531812874596911012, 0.03776527988038675537, 0.04022472245874707253, 0.04269659647985183520, 0.04518103400251482354, 0.04767817418537091678, 0.05018815188645629061, 0.05271111684573933504, 0.05779655149220144089, 0.06035932293956117189, 0.06293564959239418555, 0.06552569344498984649, 0.06812959928646875052, 0.07337961925342431635, 0.07868695451013288378, 0.08405290762508398072, 0.08947877827977354648, 0.09221461026734685540, 0.1005157552063244697, 0.1033146126935005904, 0.1061296689843731350, 0.1118091471152721367, 0.1146739347413249926, 0.1175556848758298328, 0.1204545827383960988, 0.1233708308837505180, 0.1263046247986561454, 0.1292561745623996561, 0.1322256751130788943, 0.1352133418281177002, 0.1442874476516400051, 0.1473499128880653153, 0.1504316224729453366, 0.1535328019770310637, 0.1566536960492965758, 0.1693390089221455952, 0.1725619810896070194, 0.1758060954682137134, 0.1790716305058624447, 0.1823588226563415959, 0.1856679279773009172, 0.1889992273819429414, 0.1923529853898539033, 0.1957294677956904483, 0.1991289519337409164, 0.2025517279995287800, 0.2059980784557695621, 0.2129626430013229488, 0.2164814599825418684, 0.2235936567659916885, 0.2271876504899790483, 0.2308073362434447384, 0.2344530441653962793, 0.2381250769080253959, 0.2418237857651291123, 0.2455494862804087908, 0.2493025465962464271, 0.2607292890745726011, 0.2684903493869925106, 0.2724149693290227603, 0.2763694752943643973, 0.2803542556877863245, 0.2843697252496961703, 0.2884162615944573238, 0.2924942688565306259, 0.2966041738492725677, 0.3049213544490680383, 0.3091294890384895799, 0.3133712384987045185, 0.3176470447695211030, 0.3219573740652594274, 0.3263026785219131920, 0.3351001240251608726, 0.3395532241015549735, 0.3440432324974342371, 0.3485706593760779515, 0.3531360127673262017, 0.3577398193467993259, 0.3623825979802018926, 0.3670648955141863068, 0.3717872447086577048, 0.3813543889367082551, 0.3862003239550723110, 0.3960198493652411500, 0.4009946460409263835, 0.4161866290317735584, 0.4213419640651324682, 0.4265440677576958772, 0.4317936104247863116, 0.4587775587009007006, 0.4699283641402510203, 0.4755833498355936384, 0.4812924719180980970, 0.4870565276562990875, 0.4928763462086315772, 0.5046866702043008024, 0.5228420090553429489, 0.5352494496299816662, 0.5479088588500585777, 0.5543355247775002548, 0.5608281926823491803, 0.5673879017470240260, 0.5807127331054057207, 0.5874800398987772843, 0.5943187756288882406, 0.6012301074868874329, 0.6082151961753459180, 0.6152752338806827259, 0.6224114695404103781, 0.6296251357425940443, 0.6369175176461588928, 0.6442899118638637512, 0.6517436576361367306, 0.6592801008480000391, 0.6669006323850580342, 0.6746066750308182813, 0.6902811069454130033, 0.6982524752427634596, 0.7227218236451603550, 0.7310687104157813643, 0.7395135858304913157, 0.7567042397735463943, 0.7654535639093248411, 0.7923396743590787050, 0.8015208284346598822, 0.8108148417407953223, 0.8202237703479237085, 0.8393948494126316495, 0.8491613467671050852, 0.8590514674497659042, 0.8690675012647167685, 0.8894868437997835997, 0.8998950430025618452, 0.9104389251588234089, 0.9211211154249231425, 0.9429110484243310442, 0.9540243042817142527, 0.9652868578505219288, 0.9767016596611077794, 0.9882716757793573725, 1.000000000000000000 ),
 ( 0.000000000000000000, 1.000000000000000000 ),
 .UNSPECIFIED. ) 
 GEOMETRIC_REPRESENTATION_ITEM ( )  RATIONAL_B_SPLINE_SURFACE ( (
 ( 1.000000000000000000, 0.3333333333333334259, 0.3333333333333334259, 1.000000000000000000),
 ( 1.000000000000000000, 0.3333333333333334259, 0.3333333333333334259, 1.000000000000000000),
 ( 1.000000000000000000, 0.3333333333333334259, 0.3333333333333334259, 1.000000000000000000),
 ( 1.000000000000000000, 0.3333333333333334259, 0.3333333333333334259, 1.000000000000000000),
 ( 1.000000000000000000, 0.3333333333333334259, 0.3333333333333334259, 1.000000000000000000),
 ( 1.000000000000000000, 0.3333333333333334259, 0.3333333333333334259, 1.000000000000000000),
 ( 1.000000000000000000, 0.3333333333333334259, 0.3333333333333334259, 1.000000000000000000),
 ( 1.000000000000000000, 0.3333333333333334259, 0.3333333333333334259, 1.000000000000000000),
 ( 1.000000000000000000, 0.3333333333333334259, 0.3333333333333334259, 1.000000000000000000),
 ( 1.000000000000000000, 0.3333333333333334259, 0.3333333333333334259, 1.000000000000000000),
 ( 1.000000000000000000, 0.3333333333333334259, 0.3333333333333334259, 1.000000000000000000),
 ( 1.000000000000000000, 0.3333333333333334259, 0.3333333333333334259, 1.000000000000000000),
 ( 1.000000000000000000, 0.3333333333333334259, 0.3333333333333334259, 1.000000000000000000),
 ( 1.000000000000000000, 0.3333333333333334259, 0.3333333333333334259, 1.000000000000000000),
 ( 1.000000000000000000, 0.3333333333333334259, 0.3333333333333334259, 1.000000000000000000),
 ( 1.000000000000000000, 0.3333333333333334259, 0.3333333333333334259, 1.000000000000000000),
 ( 1.000000000000000000, 0.3333333333333334259, 0.3333333333333334259, 1.000000000000000000),
 ( 1.000000000000000000, 0.3333333333333334259, 0.3333333333333334259, 1.000000000000000000),
 ( 1.000000000000000000, 0.3333333333333334259, 0.3333333333333334259, 1.000000000000000000),
 ( 1.000000000000000000, 0.3333333333333334259, 0.3333333333333334259, 1.000000000000000000),
 ( 1.000000000000000000, 0.3333333333333334259, 0.3333333333333334259, 1.000000000000000000),
 ( 1.000000000000000000, 0.3333333333333334259, 0.3333333333333334259, 1.000000000000000000),
 ( 1.000000000000000000, 0.3333333333333334259, 0.3333333333333334259, 1.000000000000000000),
 ( 1.000000000000000000, 0.3333333333333334259, 0.3333333333333334259, 1.000000000000000000),
 ( 1.000000000000000000, 0.3333333333333334259, 0.3333333333333334259, 1.000000000000000000),
 ( 1.000000000000000000, 0.3333333333333334259, 0.3333333333333334259, 1.000000000000000000),
 ( 1.000000000000000000, 0.3333333333333334259, 0.3333333333333334259, 1.000000000000000000),
 ( 1.000000000000000000, 0.3333333333333334259, 0.3333333333333334259, 1.000000000000000000),
 ( 1.000000000000000000, 0.3333333333333334259, 0.3333333333333334259, 1.000000000000000000),
 ( 1.000000000000000000, 0.3333333333333334259, 0.3333333333333334259, 1.000000000000000000),
 ( 1.000000000000000000, 0.3333333333333334259, 0.3333333333333334259, 1.000000000000000000),
 ( 1.000000000000000000, 0.3333333333333334259, 0.3333333333333334259, 1.000000000000000000),
 ( 1.000000000000000000, 0.3333333333333334259, 0.3333333333333334259, 1.000000000000000000),
 ( 1.000000000000000000, 0.3333333333333334259, 0.3333333333333334259, 1.000000000000000000),
 ( 1.000000000000000000, 0.3333333333333334259, 0.3333333333333334259, 1.000000000000000000),
 ( 1.000000000000000000, 0.3333333333333334259, 0.3333333333333334259, 1.000000000000000000),
 ( 1.000000000000000000, 0.3333333333333334259, 0.3333333333333334259, 1.000000000000000000),
 ( 1.000000000000000000, 0.3333333333333334259, 0.3333333333333334259, 1.000000000000000000),
 ( 1.000000000000000000, 0.3333333333333334259, 0.3333333333333334259, 1.000000000000000000),
 ( 1.000000000000000000, 0.3333333333333334259, 0.3333333333333334259, 1.000000000000000000),
 ( 1.000000000000000000, 0.3333333333333334259, 0.3333333333333334259, 1.000000000000000000),
 ( 1.000000000000000000, 0.3333333333333334259, 0.3333333333333334259, 1.000000000000000000),
 ( 1.000000000000000000, 0.3333333333333334259, 0.3333333333333334259, 1.000000000000000000),
 ( 1.000000000000000000, 0.3333333333333334259, 0.3333333333333334259, 1.000000000000000000),
 ( 1.000000000000000000, 0.3333333333333334259, 0.3333333333333334259, 1.000000000000000000),
 ( 1.000000000000000000, 0.3333333333333334259, 0.3333333333333334259, 1.000000000000000000),
 ( 1.000000000000000000, 0.3333333333333334259, 0.3333333333333334259, 1.000000000000000000),
 ( 1.000000000000000000, 0.3333333333333334259, 0.3333333333333334259, 1.000000000000000000),
 ( 1.000000000000000000, 0.3333333333333334259, 0.3333333333333334259, 1.000000000000000000),
 ( 1.000000000000000000, 0.3333333333333334259, 0.3333333333333334259, 1.000000000000000000),
 ( 1.000000000000000000, 0.3333333333333334259, 0.3333333333333334259, 1.000000000000000000),
 ( 1.000000000000000000, 0.3333333333333334259, 0.3333333333333334259, 1.000000000000000000),
 ( 1.000000000000000000, 0.3333333333333334259, 0.3333333333333334259, 1.000000000000000000),
 ( 1.000000000000000000, 0.3333333333333334259, 0.3333333333333334259, 1.000000000000000000),
 ( 1.000000000000000000, 0.3333333333333334259, 0.3333333333333334259, 1.000000000000000000),
 ( 1.000000000000000000, 0.3333333333333334259, 0.3333333333333334259, 1.000000000000000000),
 ( 1.000000000000000000, 0.3333333333333334259, 0.3333333333333334259, 1.000000000000000000),
 ( 1.000000000000000000, 0.3333333333333334259, 0.3333333333333334259, 1.000000000000000000),
 ( 1.000000000000000000, 0.3333333333333334259, 0.3333333333333334259, 1.000000000000000000),
 ( 1.000000000000000000, 0.3333333333333334259, 0.3333333333333334259, 1.000000000000000000),
 ( 1.000000000000000000, 0.3333333333333334259, 0.3333333333333334259, 1.000000000000000000),
 ( 1.000000000000000000, 0.3333333333333334259, 0.3333333333333334259, 1.000000000000000000),
 ( 1.000000000000000000, 0.3333333333333334259, 0.3333333333333334259, 1.000000000000000000),
 ( 1.000000000000000000, 0.3333333333333334259, 0.3333333333333334259, 1.000000000000000000),
 ( 1.000000000000000000, 0.3333333333333334259, 0.3333333333333334259, 1.000000000000000000),
 ( 1.000000000000000000, 0.3333333333333334259, 0.3333333333333334259, 1.000000000000000000),
 ( 1.000000000000000000, 0.3333333333333334259, 0.3333333333333334259, 1.000000000000000000),
 ( 1.000000000000000000, 0.3333333333333334259, 0.3333333333333334259, 1.000000000000000000),
 ( 1.000000000000000000, 0.3333333333333334259, 0.3333333333333334259, 1.000000000000000000),
 ( 1.000000000000000000, 0.3333333333333334259, 0.3333333333333334259, 1.000000000000000000),
 ( 1.000000000000000000, 0.3333333333333334259, 0.3333333333333334259, 1.000000000000000000),
 ( 1.000000000000000000, 0.3333333333333334259, 0.3333333333333334259, 1.000000000000000000),
 ( 1.000000000000000000, 0.3333333333333334259, 0.3333333333333334259, 1.000000000000000000),
 ( 1.000000000000000000, 0.3333333333333334259, 0.3333333333333334259, 1.000000000000000000),
 ( 1.000000000000000000, 0.3333333333333334259, 0.3333333333333334259, 1.000000000000000000),
 ( 1.000000000000000000, 0.3333333333333334259, 0.3333333333333334259, 1.000000000000000000),
 ( 1.000000000000000000, 0.3333333333333334259, 0.3333333333333334259, 1.000000000000000000),
 ( 1.000000000000000000, 0.3333333333333334259, 0.3333333333333334259, 1.000000000000000000),
 ( 1.000000000000000000, 0.3333333333333334259, 0.3333333333333334259, 1.000000000000000000),
 ( 1.000000000000000000, 0.3333333333333334259, 0.3333333333333334259, 1.000000000000000000),
 ( 1.000000000000000000, 0.3333333333333334259, 0.3333333333333334259, 1.000000000000000000),
 ( 1.000000000000000000, 0.3333333333333334259, 0.3333333333333334259, 1.000000000000000000),
 ( 1.000000000000000000, 0.3333333333333334259, 0.3333333333333334259, 1.000000000000000000),
 ( 1.000000000000000000, 0.3333333333333334259, 0.3333333333333334259, 1.000000000000000000),
 ( 1.000000000000000000, 0.3333333333333334259, 0.3333333333333334259, 1.000000000000000000),
 ( 1.000000000000000000, 0.3333333333333334259, 0.3333333333333334259, 1.000000000000000000),
 ( 1.000000000000000000, 0.3333333333333334259, 0.3333333333333334259, 1.000000000000000000),
 ( 1.000000000000000000, 0.3333333333333334259, 0.3333333333333334259, 1.000000000000000000),
 ( 1.000000000000000000, 0.3333333333333334259, 0.3333333333333334259, 1.000000000000000000),
 ( 1.000000000000000000, 0.3333333333333334259, 0.3333333333333334259, 1.000000000000000000),
 ( 1.000000000000000000, 0.3333333333333334259, 0.3333333333333334259, 1.000000000000000000),
 ( 1.000000000000000000, 0.3333333333333334259, 0.3333333333333334259, 1.000000000000000000),
 ( 1.000000000000000000, 0.3333333333333334259, 0.3333333333333334259, 1.000000000000000000),
 ( 1.000000000000000000, 0.3333333333333334259, 0.3333333333333334259, 1.000000000000000000),
 ( 1.000000000000000000, 0.3333333333333334259, 0.3333333333333334259, 1.000000000000000000),
 ( 1.000000000000000000, 0.3333333333333334259, 0.3333333333333334259, 1.000000000000000000),
 ( 1.000000000000000000, 0.3333333333333334259, 0.3333333333333334259, 1.000000000000000000),
 ( 1.000000000000000000, 0.3333333333333334259, 0.3333333333333334259, 1.000000000000000000),
 ( 1.000000000000000000, 0.3333333333333334259, 0.3333333333333334259, 1.000000000000000000),
 ( 1.000000000000000000, 0.3333333333333334259, 0.3333333333333334259, 1.000000000000000000),
 ( 1.000000000000000000, 0.3333333333333334259, 0.3333333333333334259, 1.000000000000000000),
 ( 1.000000000000000000, 0.3333333333333334259, 0.3333333333333334259, 1.000000000000000000),
 ( 1.000000000000000000, 0.3333333333333334259, 0.3333333333333334259, 1.000000000000000000),
 ( 1.000000000000000000, 0.3333333333333334259, 0.3333333333333334259, 1.000000000000000000),
 ( 1.000000000000000000, 0.3333333333333334259, 0.3333333333333334259, 1.000000000000000000),
 ( 1.000000000000000000, 0.3333333333333334259, 0.3333333333333334259, 1.000000000000000000),
 ( 1.000000000000000000, 0.3333333333333334259, 0.3333333333333334259, 1.000000000000000000),
 ( 1.000000000000000000, 0.3333333333333334259, 0.3333333333333334259, 1.000000000000000000),
 ( 1.000000000000000000, 0.3333333333333334259, 0.3333333333333334259, 1.000000000000000000),
 ( 1.000000000000000000, 0.3333333333333334259, 0.3333333333333334259, 1.000000000000000000),
 ( 1.000000000000000000, 0.3333333333333334259, 0.3333333333333334259, 1.000000000000000000),
 ( 1.000000000000000000, 0.3333333333333334259, 0.3333333333333334259, 1.000000000000000000),
 ( 1.000000000000000000, 0.3333333333333334259, 0.3333333333333334259, 1.000000000000000000),
 ( 1.000000000000000000, 0.3333333333333334259, 0.3333333333333334259, 1.000000000000000000),
 ( 1.000000000000000000, 0.3333333333333334259, 0.3333333333333334259, 1.000000000000000000),
 ( 1.000000000000000000, 0.3333333333333334259, 0.3333333333333334259, 1.000000000000000000),
 ( 1.000000000000000000, 0.3333333333333334259, 0.3333333333333334259, 1.000000000000000000),
 ( 1.000000000000000000, 0.3333333333333334259, 0.3333333333333334259, 1.000000000000000000),
 ( 1.000000000000000000, 0.3333333333333334259, 0.3333333333333334259, 1.000000000000000000),
 ( 1.000000000000000000, 0.3333333333333334259, 0.3333333333333334259, 1.000000000000000000),
 ( 1.000000000000000000, 0.3333333333333334259, 0.3333333333333334259, 1.000000000000000000),
 ( 1.000000000000000000, 0.3333333333333334259, 0.3333333333333334259, 1.000000000000000000),
 ( 1.000000000000000000, 0.3333333333333334259, 0.3333333333333334259, 1.000000000000000000),
 ( 1.000000000000000000, 0.3333333333333334259, 0.3333333333333334259, 1.000000000000000000),
 ( 1.000000000000000000, 0.3333333333333334259, 0.3333333333333334259, 1.000000000000000000),
 ( 1.000000000000000000, 0.3333333333333334259, 0.3333333333333334259, 1.000000000000000000),
 ( 1.000000000000000000, 0.3333333333333334259, 0.3333333333333334259, 1.000000000000000000),
 ( 1.000000000000000000, 0.3333333333333334259, 0.3333333333333334259, 1.000000000000000000),
 ( 1.000000000000000000, 0.3333333333333334259, 0.3333333333333334259, 1.000000000000000000),
 ( 1.000000000000000000, 0.3333333333333334259, 0.3333333333333334259, 1.000000000000000000),
 ( 1.000000000000000000, 0.3333333333333334259, 0.3333333333333334259, 1.000000000000000000),
 ( 1.000000000000000000, 0.3333333333333334259, 0.3333333333333334259, 1.000000000000000000),
 ( 1.000000000000000000, 0.3333333333333334259, 0.3333333333333334259, 1.000000000000000000),
 ( 1.000000000000000000, 0.3333333333333334259, 0.3333333333333334259, 1.000000000000000000),
 ( 1.000000000000000000, 0.3333333333333334259, 0.3333333333333334259, 1.000000000000000000),
 ( 1.000000000000000000, 0.3333333333333334259, 0.3333333333333334259, 1.000000000000000000),
 ( 1.000000000000000000, 0.3333333333333334259, 0.3333333333333334259, 1.000000000000000000),
 ( 1.000000000000000000, 0.3333333333333334259, 0.3333333333333334259, 1.000000000000000000),
 ( 1.000000000000000000, 0.3333333333333334259, 0.3333333333333334259, 1.000000000000000000),
 ( 1.000000000000000000, 0.3333333333333334259, 0.3333333333333334259, 1.000000000000000000),
 ( 1.000000000000000000, 0.3333333333333334259, 0.3333333333333334259, 1.000000000000000000),
 ( 1.000000000000000000, 0.3333333333333334259, 0.3333333333333334259, 1.000000000000000000),
 ( 1.000000000000000000, 0.3333333333333334259, 0.3333333333333334259, 1.000000000000000000),
 ( 1.000000000000000000, 0.3333333333333334259, 0.3333333333333334259, 1.000000000000000000),
 ( 1.000000000000000000, 0.3333333333333334259, 0.3333333333333334259, 1.000000000000000000),
 ( 1.000000000000000000, 0.3333333333333334259, 0.3333333333333334259, 1.000000000000000000),
 ( 1.000000000000000000, 0.3333333333333334259, 0.3333333333333334259, 1.000000000000000000),
 ( 1.000000000000000000, 0.3333333333333334259, 0.3333333333333334259, 1.000000000000000000),
 ( 1.000000000000000000, 0.3333333333333334259, 0.3333333333333334259, 1.000000000000000000),
 ( 1.000000000000000000, 0.3333333333333334259, 0.3333333333333334259, 1.000000000000000000),
 ( 1.000000000000000000, 0.3333333333333334259, 0.3333333333333334259, 1.000000000000000000),
 ( 1.000000000000000000, 0.3333333333333334259, 0.3333333333333334259, 1.000000000000000000),
 ( 1.000000000000000000, 0.3333333333333334259, 0.3333333333333334259, 1.000000000000000000) ) ) 
 REPRESENTATION_ITEM ( '' )  SURFACE ( )  );
#1380 = VERTEX_POINT ( 'NONE', #545 ) ;
#1381 = CARTESIAN_POINT ( 'NONE',  ( 399.5589657608252878, 264.1419080078630373, 9.786372169792431871E-14 ) ) ;
#1382 = CARTESIAN_POINT ( 'NONE',  ( 343.7115661145069225, 88.71620200011015811, 8.418505385441094852E-14 ) ) ;
#1383 = CARTESIAN_POINT ( 'NONE',  ( -300.9137384971901383, 1.585417634694873179, -3.685130466700476045E-14 ) ) ;
#1384 = CARTESIAN_POINT ( 'NONE',  ( -444.0174820549967762, 582.1314791294200859, -5.437645881641192088E-14 ) ) ;
#1385 = CARTESIAN_POINT ( 'NONE',  ( 430.0613133062226439, 435.0236471967353964, -860.1226266124451740 ) ) ;
#1386 = CARTESIAN_POINT ( 'NONE',  ( -439.3463794696943410, 520.8441410688174074, -5.380441373345395557E-14 ) ) ;
#1387 = AXIS2_PLACEMENT_3D ( 'NONE', #1112, #1645, #338 ) ;
#1388 = CARTESIAN_POINT ( 'NONE',  ( 365.3953039795923701, 145.4757905603303811, 0.000000000000000000 ) ) ;
#1389 = CARTESIAN_POINT ( 'NONE',  ( 363.5991652731847239, 140.3456767027382739, -727.1983305463694478 ) ) ;
#1390 = AXIS2_PLACEMENT_3D ( 'NONE', #114, #773, #1047 ) ;
#1391 = CARTESIAN_POINT ( 'NONE',  ( 397.0170197915578569, 253.5468137218142033, 9.724112449895054391E-14 ) ) ;
#1392 = CARTESIAN_POINT ( 'NONE',  ( 356.4091451093202068, 120.6187752609291692, 8.729506374899470552E-14 ) ) ;
#1393 = CARTESIAN_POINT ( 'NONE',  ( -449.8120155301596128, 742.5842558502624797, -899.6240310603192256 ) ) ;
#1394 = CARTESIAN_POINT ( 'NONE',  ( -329.1690901697942877, 55.97078374784142341, -658.3381803395885754 ) ) ;
#1395 = CARTESIAN_POINT ( 'NONE',  ( -397.8665681703187147, 257.0469639075939767, -4.872460191975230183E-14 ) ) ;
#1396 = CARTESIAN_POINT ( 'NONE',  ( 417.9410316383499548, 354.4818267995210590, 0.000000000000000000 ) ) ;
#1397 = CARTESIAN_POINT ( 'NONE',  ( 449.0728099076725925, 699.1676817861263089, 1.099911158475078050E-13 ) ) ;
#1398 = CARTESIAN_POINT ( 'NONE',  ( 391.8767235079619695, 233.1832642944820861, 0.000000000000000000 ) ) ;
#1399 = CARTESIAN_POINT ( 'NONE',  ( 359.9995564071015792, 130.3183851932814719, 0.000000000000000000 ) ) ;
#1400 = CARTESIAN_POINT ( 'NONE',  ( 400.4016994804240994, 267.7375293107536436, 800.8033989608485399 ) ) ;
#1401 = CARTESIAN_POINT ( 'NONE',  ( 358.1964187570393960, 125.4177659414337285, 8.773281953937065553E-14 ) ) ;
#1402 = CARTESIAN_POINT ( 'NONE',  ( 322.7860974928291284, 42.71414832770547321, -645.5721949856581432 ) ) ;
#1403 = CARTESIAN_POINT ( 'NONE',  ( -402.0798610920011811, 275.0272048247903172, -4.924058148879316395E-14 ) ) ;
#1404 = CARTESIAN_POINT ( 'NONE',  ( -428.4554098252300491, 422.8681554810327157, -856.9108196504600983 ) ) ;
#1405 = CARTESIAN_POINT ( 'NONE',  ( 447.0175151232441522, 637.8691083281499914, 894.0350302464885317 ) ) ;
#1406 = CARTESIAN_POINT ( 'NONE',  ( 404.3067824704151576, 284.9700393952063564, 0.000000000000000000 ) ) ;
#1407 = CARTESIAN_POINT ( 'NONE',  ( 373.4414758489530755, 169.5790737046114032, -746.8829516979061509 ) ) ;
#1408 = CARTESIAN_POINT ( 'NONE',  ( 339.7789244861021416, 79.48781367673734621, 0.000000000000000000 ) ) ;
#1409 = CARTESIAN_POINT ( 'NONE',  ( 400.4016994804243836, 267.7375293107537004, 9.807013192837243361E-14 ) ) ;
#1410 = CARTESIAN_POINT ( 'NONE',  ( 359.9995564071015792, 130.3183851932814719, 8.817446088968479766E-14 ) ) ;
#1411 = CARTESIAN_POINT ( 'NONE',  ( 449.9550265261104300, 760.7757896238389321, 0.000000000000000000 ) ) ;
#1412 = CARTESIAN_POINT ( 'NONE',  ( -332.5027194375755926, 63.15685707199239829, -665.0054388751511851 ) ) ;
#1413 = CARTESIAN_POINT ( 'NONE',  ( -439.3463794696943410, 520.8441410688174074, -5.380441373345395557E-14 ) ) ;
#1414 = CARTESIAN_POINT ( 'NONE',  ( 424.6949770558659907, 396.3163579969668717, 0.000000000000000000 ) ) ;
#1415 = CARTESIAN_POINT ( 'NONE',  ( -448.4807600431413448, 677.1928808586594641, 896.9615200862823485 ) ) ;
#1416 = CARTESIAN_POINT ( 'NONE',  ( 358.1964187570393960, 125.4177659414337285, 0.000000000000000000 ) ) ;
#1417 = CARTESIAN_POINT ( 'NONE',  ( -368.6853711529062139, 155.0978969375238421, -737.3707423058125414 ) ) ;
#1418 = CARTESIAN_POINT ( 'NONE',  ( 411.9126884475712700, 321.7139196301515085, 823.8253768951428810 ) ) ;
#1419 = CARTESIAN_POINT ( 'NONE',  ( 349.4653909503969658, 102.7482751108939993, 8.559433448803640393E-14 ) ) ;
#1420 = CARTESIAN_POINT ( 'NONE',  ( 321.5745169433251931, 40.26342875869720217, -643.1490338866501588 ) ) ;
#1421 = CARTESIAN_POINT ( 'NONE',  ( -444.8901589898527504, 596.2292258778894620, -5.448333091790802134E-14 ) ) ;
#1422 = CARTESIAN_POINT ( 'NONE',  ( 411.1107046380581664, 317.6186867496140280, -822.2214092761162192 ) ) ;
#1423 = CARTESIAN_POINT ( 'NONE',  ( 449.4887438467521292, 719.1234511886842711, 898.9774876935045995 ) ) ;
#1424 = CARTESIAN_POINT ( 'NONE',  ( 401.2420184519251620, 271.3658194168942828, 0.000000000000000000 ) ) ;
#1425 = CARTESIAN_POINT ( 'NONE',  ( -362.7001555193987201, 137.8100614635042689, -725.4003110387975539 ) ) ;
#1426 = CARTESIAN_POINT ( 'NONE',  ( 420.4762685218282172, 369.4928716673780400, 1.029869832725359862E-13 ) ) ;
#1427 = CARTESIAN_POINT ( 'NONE',  ( -354.6022887968624104, 115.8622802326724468, -4.342625579454029023E-14 ) ) ;
#1428 = CARTESIAN_POINT ( 'NONE',  ( 360.9003284822536557, 132.7966332620568437, 721.8006569645076524 ) ) ;
#1429 = CARTESIAN_POINT ( 'NONE',  ( 431.8375084583946091, 449.2401505079229764, 0.000000000000000000 ) ) ;
#1430 = CARTESIAN_POINT ( 'NONE',  ( 448.4807600431411174, 677.1928808586594641, 896.9615200862823485 ) ) ;
#1431 = CARTESIAN_POINT ( 'NONE',  ( -300.3041139182103052, 0.5276647206716471583, -3.677664718807184237E-14 ) ) ;
#1432 = CARTESIAN_POINT ( 'NONE',  ( 391.8767235079619695, 233.1832642944820861, -783.7534470159237117 ) ) ;
#1433 = CARTESIAN_POINT ( 'NONE',  ( 430.0613133062224165, 435.0236471967353964, 860.1226266124451740 ) ) ;
#1434 = CARTESIAN_POINT ( 'NONE',  ( 352.7757028338581335, 111.1483052248220389, -705.5514056677161534 ) ) ;
#1435 = CARTESIAN_POINT ( 'NONE',  ( -371.3661445672398145, 163.1727682793019483, -4.547923602559634428E-14 ) ) ;
#1436 = DIRECTION ( 'NONE',  ( 0.000000000000000000, 1.000000000000000000, 0.000000000000000000 ) ) ;
#1437 = CARTESIAN_POINT ( 'NONE',  ( 438.0249037820116200, 506.5026513894743516, -876.0498075640230127 ) ) ;
#1438 = CARTESIAN_POINT ( 'NONE',  ( 449.8120155301595560, 742.5842558502624797, 899.6240310603194530 ) ) ;
#1439 = CARTESIAN_POINT ( 'NONE',  ( -304.8834228656065761, 8.580758996782185122, -3.733745079254540956E-14 ) ) ;
#1440 = CARTESIAN_POINT ( 'NONE',  ( 385.7984560774566489, 210.7274455415858654, -771.5969121549129568 ) ) ;
#1441 = CARTESIAN_POINT ( 'NONE',  ( -428.4554098252301060, 422.8681554810327157, -5.247065462198354491E-14 ) ) ;
#1442 = CARTESIAN_POINT ( 'NONE',  ( 358.1964187570393960, 125.4177659414337285, 0.000000000000000000 ) ) ;
#1443 = CARTESIAN_POINT ( 'NONE',  ( 361.8005201769573205, 135.2937921389014662, 8.861556979291163791E-14 ) ) ;
#1444 = CIRCLE ( 'NONE', #1390, 557.4274630006150346 ) ;
#1445 = CARTESIAN_POINT ( 'NONE',  ( 436.8562594613978263, 494.5345436354475055, 0.000000000000000000 ) ) ;
#1446 = CARTESIAN_POINT ( 'NONE',  ( -300.3041139182103052, 0.5276647206716471583, -3.677664718807184237E-14 ) ) ;
#1447 = CARTESIAN_POINT ( 'NONE',  ( 444.0174820549967762, 582.1314791294200859, 0.000000000000000000 ) ) ;
#1448 = CARTESIAN_POINT ( 'NONE',  ( -376.9947208935075764, 180.8582793813422995, -4.616853782376838400E-14 ) ) ;
#1449 = ADVANCED_FACE ( 'NONE', ( #1595 ), #1379, .T. ) ;
#1450 = CARTESIAN_POINT ( 'NONE',  ( -426.3612789774197154, 407.7524543547235112, -5.221419755800687740E-14 ) ) ;
#1451 = CARTESIAN_POINT ( 'NONE',  ( -356.4091451093202068, 120.6187752609291692, -4.364753187449735276E-14 ) ) ;
#1452 = CARTESIAN_POINT ( 'NONE',  ( -374.3312445001943161, 172.3648994261940288, -4.584235603980082407E-14 ) ) ;
#1453 = DIRECTION ( 'NONE',  ( 0.000000000000000000, 1.000000000000000000, 0.000000000000000000 ) ) ;
#1454 = CARTESIAN_POINT ( 'NONE',  ( 441.1380501591766574, 542.0164723040693389, 0.000000000000000000 ) ) ;
#1455 = PLANE ( 'NONE',  #1028 ) ;
#1456 = CARTESIAN_POINT ( 'NONE',  ( -309.4234766555369447, 16.84729338164315493, -3.789344702672491084E-14 ) ) ;
#1457 = CARTESIAN_POINT ( 'NONE',  ( 387.5430869811605703, 217.0068725582308105, 0.000000000000000000 ) ) ;
#1458 = UNCERTAINTY_MEASURE_WITH_UNIT (LENGTH_MEASURE( 1.000000000000000082E-05 ), #1561, 'distance_accuracy_value', 'NONE');
#1459 = CARTESIAN_POINT ( 'NONE',  ( -441.9829908142966701, 552.8896276306601294, 883.9659816285929992 ) ) ;
#1460 = CARTESIAN_POINT ( 'NONE',  ( 376.1079033310898012, 178.0042312655833427, 752.2158066621799435 ) ) ;
#1461 = CARTESIAN_POINT ( 'NONE',  ( -448.7964368670165527, 688.1091717966068018, -5.496171198779290237E-14 ) ) ;
#1462 = CARTESIAN_POINT ( 'NONE',  ( 438.5950524122861793, 512.5891588119555990, -877.1901048245722450 ) ) ;
#1463 = CARTESIAN_POINT ( 'NONE',  ( 300.9137384971901383, 1.585417634694873179, 0.000000000000000000 ) ) ;
#1464 = CARTESIAN_POINT ( 'NONE',  ( 438.0249037820116200, 506.5026513894743516, 0.000000000000000000 ) ) ;
#1465 = CARTESIAN_POINT ( 'NONE',  ( -376.1079033310899717, 178.0042312655833427, -4.605993399484415093E-14 ) ) ;
#1466 = CARTESIAN_POINT ( 'NONE',  ( -438.5950524122861793, 512.5891588119555990, -5.371240270585719005E-14 ) ) ;
#1467 = CARTESIAN_POINT ( 'NONE',  ( -384.9239470663910652, 207.6273393096145128, -4.713958796900210204E-14 ) ) ;
#1468 = CARTESIAN_POINT ( 'NONE',  ( 302.7364988217339601, 4.781713348978889222, 605.4729976434682612 ) ) ;
#1469 = CARTESIAN_POINT ( 'NONE',  ( -324.6080142609620793, 46.43644489156206845, -3.975301656422655961E-14 ) ) ;
#1470 = CARTESIAN_POINT ( 'NONE',  ( 441.9829908142966133, 552.8896276306601294, 0.000000000000000000 ) ) ;
#1471 = CARTESIAN_POINT ( 'NONE',  ( 0.000000000000000000, 0.000000000000000000, 0.000000000000000000 ) ) ;
#1472 = CARTESIAN_POINT ( 'NONE',  ( -330.9899787520518544, 59.87132512514246940, -4.053458180285507746E-14 ) ) ;
#1473 = CARTESIAN_POINT ( 'NONE',  ( -406.7826711626340739, 296.4365764434298285, -813.5653423252681478 ) ) ;
#1474 = CARTESIAN_POINT ( 'NONE',  ( 436.8562594613975989, 494.5345436354475055, 873.7125189227955389 ) ) ;
#1475 = CARTESIAN_POINT ( 'NONE',  ( 391.8767235079619695, 233.1832642944820861, 9.598211502087559721E-14 ) ) ;
#1476 = CARTESIAN_POINT ( 'NONE',  ( 304.8834228656065761, 8.580758996782185122, 7.467490158509081911E-14 ) ) ;
#1477 = CARTESIAN_POINT ( 'NONE',  ( -322.7860974928291284, 42.71414832770547321, 645.5721949856581432 ) ) ;
#1478 = CARTESIAN_POINT ( 'NONE',  ( -442.7804639775551436, 563.8932347783249952, -885.5609279551102873 ) ) ;
#1479 = CARTESIAN_POINT ( 'NONE',  ( 318.2303841646004798, 33.61909325602999132, 0.000000000000000000 ) ) ;
#1480 = CARTESIAN_POINT ( 'NONE',  ( -324.6080142609620793, 46.43644489156206845, -3.975301656422655961E-14 ) ) ;
#1481 = CARTESIAN_POINT ( 'NONE',  ( 397.0170197915578001, 253.5468137218142033, -794.0340395831154865 ) ) ;
#1482 = VERTEX_POINT ( 'NONE', #871 ) ;
#1483 = CARTESIAN_POINT ( 'NONE',  ( 378.4819444270326017, 185.6895371984949747, 756.9638888540653170 ) ) ;
#1484 = CARTESIAN_POINT ( 'NONE',  ( 312.7624018460877551, 23.08594443283053366, 7.660469486288993224E-14 ) ) ;
#1485 = CARTESIAN_POINT ( 'NONE',  ( 324.6080142609620793, 46.43644489156206845, 7.950603312845311921E-14 ) ) ;
#1486 = CARTESIAN_POINT ( 'NONE',  ( -447.4487051318388922, 648.1132192018490059, -5.479666245223343919E-14 ) ) ;
#1487 = CARTESIAN_POINT ( 'NONE',  ( 316.4078259143907985, 30.06290921049093967, 0.000000000000000000 ) ) ;
#1488 = CARTESIAN_POINT ( 'NONE',  ( -332.5027194375756494, 63.15685707199239829, -4.071983910670174218E-14 ) ) ;
#1489 = CARTESIAN_POINT ( 'NONE',  ( -405.6855383398696517, 291.3010017312274158, -811.3710766797393035 ) ) ;
#1490 = CARTESIAN_POINT ( 'NONE',  ( 319.1416048498069813, 35.41449933499067981, 0.000000000000000000 ) ) ;
#1491 = CARTESIAN_POINT ( 'NONE',  ( -394.7463458964658116, 244.3754196707895687, -4.834248489772207547E-14 ) ) ;
#1492 = CARTESIAN_POINT ( 'NONE',  ( 314.5851598764550090, 26.55214560930205181, 7.705114182039180198E-14 ) ) ;
#1493 = CARTESIAN_POINT ( 'NONE',  ( -334.3279653207378033, 67.16246444743731558, -4.094336725954888815E-14 ) ) ;
#1494 = CARTESIAN_POINT ( 'NONE',  ( -448.1263041965326579, 666.4164073160578710, -5.487964440480168558E-14 ) ) ;
#1495 = CARTESIAN_POINT ( 'NONE',  ( -301.8249599922348239, 3.178771945592374415, -603.6499199844696477 ) ) ;
#1496 = CARTESIAN_POINT ( 'NONE',  ( -339.7789244861021416, 79.48781367673734621, -4.161091722896352454E-14 ) ) ;
#1497 = CARTESIAN_POINT ( 'NONE',  ( -393.5979442021990735, 239.8522955714378497, -4.820184625182016044E-14 ) ) ;
#1498 = ORIENTED_EDGE ( 'NONE', *, *, #53, .F. ) ;
#1499 = CARTESIAN_POINT ( 'NONE',  ( -383.1707033591764571, 201.5047507892917338, 766.3414067183523457 ) ) ;
#1500 = CARTESIAN_POINT ( 'NONE',  ( -310.6387375854795891, 19.10038073009931026, 621.2774751709589509 ) ) ;
#1501 = CARTESIAN_POINT ( 'NONE',  ( 323.6970745146827539, 44.56916479616834437, 7.928291723955370924E-14 ) ) ;
#1502 = CARTESIAN_POINT ( 'NONE',  ( -448.7964368670165527, 688.1091717966068018, -5.496171198779290237E-14 ) ) ;
#1503 = CARTESIAN_POINT ( 'NONE',  ( 302.7364988217340738, 4.781713348978889222, 0.000000000000000000 ) ) ;
#1504 = CARTESIAN_POINT ( 'NONE',  ( -368.6853711529063276, 155.0978969375238421, -4.515093596748606667E-14 ) ) ;
#1505 = CARTESIAN_POINT ( 'NONE',  ( 399.5589657608252878, 264.1419080078630373, -799.1179315216504619 ) ) ;
#1506 = CARTESIAN_POINT ( 'NONE',  ( 432.4926789054150049, 454.6868587691545258, 1.059301549752360912E-13 ) ) ;
#1507 = ORIENTED_EDGE ( 'NONE', *, *, #53, .T. ) ;
#1508 = CARTESIAN_POINT ( 'NONE',  ( 406.7826711626339034, 296.4365764434298285, 813.5653423252681478 ) ) ;
#1509 = CARTESIAN_POINT ( 'NONE',  ( 350.9654965828473792, 106.5307582401473780, 8.596175440026907749E-14 ) ) ;
#1510 = DIRECTION ( 'NONE',  ( 0.000000000000000000, 0.000000000000000000, 1.000000000000000000 ) ) ;
#1511 = CARTESIAN_POINT ( 'NONE',  ( -314.5851598764550090, 26.55214560930205181, -3.852557091019590099E-14 ) ) ;
#1512 = CARTESIAN_POINT ( 'NONE',  ( 343.7115661145069225, 88.71620200011015811, 0.000000000000000000 ) ) ;
#1513 = CARTESIAN_POINT ( 'NONE',  ( -419.7193575649825448, 364.9314133420510871, -5.140079677821392970E-14 ) ) ;
#1514 = CARTESIAN_POINT ( 'NONE',  ( -427.5315438096261005, 416.0915530535465905, -855.0630876192522010 ) ) ;
#1515 = CARTESIAN_POINT ( 'NONE',  ( 431.8375084583946091, 449.2401505079229764, 1.057696844970682049E-13 ) ) ;
#1516 = CARTESIAN_POINT ( 'NONE',  ( 349.4653909503969658, 102.7482751108939993, 0.000000000000000000 ) ) ;
#1517 = CARTESIAN_POINT ( 'NONE',  ( -400.4016994804244405, 267.7375293107536436, 800.8033989608484262 ) ) ;
#1518 = CARTESIAN_POINT ( 'NONE',  ( -356.4091451093202068, 120.6187752609291692, -4.364753187449735276E-14 ) ) ;
#1519 = CARTESIAN_POINT ( 'NONE',  ( 334.3279653207378033, 67.16246444743731558, 0.000000000000000000 ) ) ;
#1520 = CARTESIAN_POINT ( 'NONE',  ( -435.0359602133070780, 477.0785012105251326, -5.327653961892218506E-14 ) ) ;
#1521 = CARTESIAN_POINT ( 'NONE',  ( -420.4762685218281035, 369.4928716673780400, -840.9525370436562071 ) ) ;
#1522 = CARTESIAN_POINT ( 'NONE',  ( 447.4487051318388922, 648.1132192018490059, 1.095933249044668784E-13 ) ) ;
#1523 = CARTESIAN_POINT ( 'NONE',  ( 363.5991652731847807, 140.3456767027382739, 0.000000000000000000 ) ) ;
#1524 = CARTESIAN_POINT ( 'NONE',  ( 371.3661445672398145, 163.1727682793019483, 0.000000000000000000 ) ) ;
#1525 = CARTESIAN_POINT ( 'NONE',  ( -341.8953648610353184, 84.41960080176612280, -683.7907297220706369 ) ) ;
#1526 = CIRCLE ( 'NONE', #129, 557.4274630006150346 ) ;
#1527 = CARTESIAN_POINT ( 'NONE',  ( -399.5589657608252878, 264.1419080078630373, -4.893186084896215936E-14 ) ) ;
#1528 = CARTESIAN_POINT ( 'NONE',  ( 351.8707807795599365, 108.8310705285144735, 703.7415615591202140 ) ) ;
#1529 = CARTESIAN_POINT ( 'NONE',  ( -449.8952350967213079, 751.6188656426776333, -5.509627596128456999E-14 ) ) ;
#1530 = CARTESIAN_POINT ( 'NONE',  ( 325.8257774722905538, 48.94946264521148294, -651.6515549445811075 ) ) ;
#1531 = CARTESIAN_POINT ( 'NONE',  ( -404.3067824704151576, 284.9700393952063564, -4.951330070259591169E-14 ) ) ;
#1532 = CARTESIAN_POINT ( 'NONE',  ( 418.9577540994333162, 360.4154257481341119, -837.9155081988664051 ) ) ;
#1533 = CARTESIAN_POINT ( 'NONE',  ( 449.2619049250030798, 707.6239942060778958, 898.5238098500065007 ) ) ;
#1534 = CARTESIAN_POINT ( 'NONE',  ( 406.7826711626341876, 296.4365764434297716, 0.000000000000000000 ) ) ;
#1535 = CARTESIAN_POINT ( 'NONE',  ( -371.3661445672398145, 163.1727682793019483, -4.547923602559634428E-14 ) ) ;
#1536 = CARTESIAN_POINT ( 'NONE',  ( -409.7802015244603808, 310.9180560347057849, 819.5604030489203069 ) ) ;
#1537 = CARTESIAN_POINT ( 'NONE',  ( 350.9654965828472086, 106.5307582401473638, 701.9309931656947583 ) ) ;
#1538 = CARTESIAN_POINT ( 'NONE',  ( -449.9999999999998863, 779.4228600000001279, -899.9999999999997726 ) ) ;
#1539 = CARTESIAN_POINT ( 'NONE',  ( -325.8257774722905538, 48.94946264521148294, -651.6515549445811075 ) ) ;
#1540 = CARTESIAN_POINT ( 'NONE',  ( -393.5979442021990735, 239.8522955714378497, -4.820184625182016044E-14 ) ) ;
#1541 = CARTESIAN_POINT ( 'NONE',  ( 426.3612789774197154, 407.7524543547235112, 0.000000000000000000 ) ) ;
#1542 = CARTESIAN_POINT ( 'NONE',  ( 443.4134236223972607, 572.9574389393143292, 886.8268472447948625 ) ) ;
#1543 = PRODUCT ( 'mycpc02', 'mycpc02', '', ( #1062 ) ) ;
#1544 = CARTESIAN_POINT ( 'NONE',  ( 397.0170197915578569, 253.5468137218142033, 0.000000000000000000 ) ) ;
#1545 = CARTESIAN_POINT ( 'NONE',  ( 360.9003284822538262, 132.7966332620568437, 0.000000000000000000 ) ) ;
#1546 = CARTESIAN_POINT ( 'NONE',  ( -403.1983722761685272, 279.9750652625069733, -4.937755960294326301E-14 ) ) ;
#1547 = CARTESIAN_POINT ( 'NONE',  ( 344.6192980268878046, 90.88747884202875582, -689.2385960537754954 ) ) ;
#1548 = CARTESIAN_POINT ( 'NONE',  ( 356.4091451093200362, 120.6187752609291550, 712.8182902186404135 ) ) ;
#1549 = CARTESIAN_POINT ( 'NONE',  ( 449.4887438467524134, 719.1234511886843848, 0.000000000000000000 ) ) ;
#1550 = CARTESIAN_POINT ( 'NONE',  ( 323.6970745146827539, 44.56916479616834437, 0.000000000000000000 ) ) ;
#1551 = CARTESIAN_POINT ( 'NONE',  ( -442.7804639775552573, 563.8932347783251089, -5.422496779350929985E-14 ) ) ;
#1552 = CARTESIAN_POINT ( 'NONE',  ( -417.9410316383499548, 354.4818267995210590, -5.118301466282479667E-14 ) ) ;
#1553 = CARTESIAN_POINT ( 'NONE',  ( -443.4134236223976018, 572.9574389393143292, 886.8268472447947488 ) ) ;
#1554 = CARTESIAN_POINT ( 'NONE',  ( 362.7001555193988338, 137.8100614635042689, 0.000000000000000000 ) ) ;
#1555 = CARTESIAN_POINT ( 'NONE',  ( 373.4414758489530755, 169.5790737046114316, 0.000000000000000000 ) ) ;
#1556 = CARTESIAN_POINT ( 'NONE',  ( -338.5669797427777326, 76.70280405492756870, -4.146249680389795041E-14 ) ) ;
#1557 = CARTESIAN_POINT ( 'NONE',  ( 426.3612789774194880, 407.7524543547234543, 852.7225579548393171 ) ) ;
#1558 = CARTESIAN_POINT ( 'NONE',  ( 351.8707807795600502, 108.8310705285145019, 0.000000000000000000 ) ) ;
#1559 = EDGE_CURVE ( 'NONE', #1179, #1084, #724, .T. ) ;
#1560 = CARTESIAN_POINT ( 'NONE',  ( 362.7001555193988338, 137.8100614635042689, 8.883591690141580011E-14 ) ) ;
#1561 =( LENGTH_UNIT ( ) NAMED_UNIT ( * ) SI_UNIT ( .MILLI., .METRE. ) );
#1562 = CARTESIAN_POINT ( 'NONE',  ( -437.4452497848477606, 500.4848101829228995, -874.8904995696955211 ) ) ;
#1563 = CARTESIAN_POINT ( 'NONE',  ( -448.1263041965327716, 666.4164073160579846, 896.2526083930650884 ) ) ;
#1564 = CARTESIAN_POINT ( 'NONE',  ( 449.2619049250033072, 707.6239942060777821, 0.000000000000000000 ) ) ;
#1565 = CARTESIAN_POINT ( 'NONE',  ( -367.4916815328939492, 151.5697963697262196, -734.9833630657878984 ) ) ;
#1566 = CARTESIAN_POINT ( 'NONE',  ( -415.9182375164572818, 342.9492738428660346, 831.8364750329142225 ) ) ;
#1567 = CARTESIAN_POINT ( 'NONE',  ( 359.0982552046077103, 127.8588287399917078, -718.1965104092153069 ) ) ;
#1568 = CARTESIAN_POINT ( 'NONE',  ( -373.4414758489530755, 169.5790737046114316, -4.573339080672840260E-14 ) ) ;
#1569 = CARTESIAN_POINT ( 'NONE',  ( 0.000000000000000000, 0.000000000000000000, 0.000000000000000000 ) ) ;
#1570 = CARTESIAN_POINT ( 'NONE',  ( -437.4452497848478743, 500.4848101829228995, -5.357159249512283235E-14 ) ) ;
#1571 = DIRECTION ( 'NONE',  ( 0.000000000000000000, -0.000000000000000000, 1.000000000000000000 ) ) ;
#1572 = CARTESIAN_POINT ( 'NONE',  ( -302.7364988217340738, 4.781713348978889222, -3.707452842671131506E-14 ) ) ;
#1573 = CARTESIAN_POINT ( 'NONE',  ( -391.8767235079619695, 233.1832642944820861, -4.799105751043779861E-14 ) ) ;
#1574 = CARTESIAN_POINT ( 'NONE',  ( -415.9182375164572250, 342.9492738428659777, -5.093529382815379283E-14 ) ) ;
#1575 = CARTESIAN_POINT ( 'NONE',  ( -351.8707807795599933, 108.8310705285144735, -703.7415615591199867 ) ) ;
#1576 = CARTESIAN_POINT ( 'NONE',  ( -375.2200847694672348, 175.1731919332814016, 750.4401695389339011 ) ) ;
#1577 = FILL_AREA_STYLE_COLOUR ( '', #1003 ) ;
#1578 = CARTESIAN_POINT ( 'NONE',  ( 437.4452497848478743, 500.4848101829228995, -874.8904995696955211 ) ) ;
#1579 = CARTESIAN_POINT ( 'NONE',  ( 300.3041139182103052, 0.5276647206716471583, 0.000000000000000000 ) ) ;
#1580 = PRODUCT_RELATED_PRODUCT_CATEGORY ( 'part', '', ( #1543 ) ) ;
#1581 = CARTESIAN_POINT ( 'NONE',  ( 438.5950524122861793, 512.5891588119555990, 0.000000000000000000 ) ) ;
#1582 = CARTESIAN_POINT ( 'NONE',  ( 384.9239470663911220, 207.6273393096145412, -769.8478941327819030 ) ) ;
#1583 = CARTESIAN_POINT ( 'NONE',  ( 421.4840143380068866, 375.6663424120734476, 842.9680286760141144 ) ) ;
#1584 = CARTESIAN_POINT ( 'NONE',  ( 347.9549089651766280, 98.99698716826654277, -695.9098179303531424 ) ) ;
#1585 = CARTESIAN_POINT ( 'NONE',  ( -362.7001555193989475, 137.8100614635042689, 725.4003110387975539 ) ) ;
#1586 = CARTESIAN_POINT ( 'NONE',  ( -447.4487051318388922, 648.1132192018490059, -5.479666245223343919E-14 ) ) ;
#1587 = CARTESIAN_POINT ( 'NONE',  ( 438.0249037820116200, 506.5026513894743516, 0.000000000000000000 ) ) ;
#1588 = LINE ( 'NONE', #287, #509 ) ;
#1589 = CARTESIAN_POINT ( 'NONE',  ( -300.0000000000000000, 0.000000000000000000, -4.592425496802574367E-14 ) ) ;
#1590 = CARTESIAN_POINT ( 'NONE',  ( 384.0479969164783256, 204.5532187515101157, -768.0959938329565375 ) ) ;
#1591 = CARTESIAN_POINT ( 'NONE',  ( -421.4840143380070572, 375.6663424120733907, -5.161690490508175099E-14 ) ) ;
#1592 = CARTESIAN_POINT ( 'NONE',  ( 364.4975707605393609, 142.9008396541610182, 8.927615666577607126E-14 ) ) ;
#1593 = CARTESIAN_POINT ( 'NONE',  ( 0.000000000000000000, -10.00000000000000000, 0.000000000000000000 ) ) ;
#1594 = CARTESIAN_POINT ( 'NONE',  ( -438.0249037820116200, 506.5026513894743516, -5.364257963634679316E-14 ) ) ;
#1595 = FACE_OUTER_BOUND ( 'NONE', #169, .T. ) ;
#1596 = CARTESIAN_POINT ( 'NONE',  ( 433.7802019263358488, 465.7598224175169435, 0.000000000000000000 ) ) ;
#1597 = CARTESIAN_POINT ( 'NONE',  ( -392.7382732127735494, 236.5032394561025058, -785.4765464255470988 ) ) ;
#1598 = UNCERTAINTY_MEASURE_WITH_UNIT (LENGTH_MEASURE( 1.000000000000000082E-05 ), #1249, 'distance_accuracy_value', 'NONE');
#1599 = CARTESIAN_POINT ( 'NONE',  ( -435.0359602133071348, 477.0785012105251326, 870.0719204266139286 ) ) ;
#1600 = CARTESIAN_POINT ( 'NONE',  ( 387.5430869811603998, 217.0068725582308105, 775.0861739623211406 ) ) ;
#1601 = CARTESIAN_POINT ( 'NONE',  ( 316.4078259143906280, 30.06290921049094322, 632.8156518287815970 ) ) ;
#1602 = CARTESIAN_POINT ( 'NONE',  ( 335.8441033082119134, 70.53699269353106160, 8.225808122578295262E-14 ) ) ;
#1603 = CARTESIAN_POINT ( 'NONE',  ( 446.5514839740760635, 627.7530158965082592, 0.000000000000000000 ) ) ;
#1604 = CARTESIAN_POINT ( 'NONE',  ( 449.9976361374017415, 776.2869230396704552, 899.9952722748038241 ) ) ;
#1605 = CARTESIAN_POINT ( 'NONE',  ( -360.9003284822538262, 132.7966332620568437, -4.419754320870204863E-14 ) ) ;
#1606 = CARTESIAN_POINT ( 'NONE',  ( -405.6855383398698223, 291.3010017312274158, -4.968214959882923633E-14 ) ) ;
#1607 = CARTESIAN_POINT ( 'NONE',  ( 440.0731086445007918, 529.1955128393644827, 1.077868247784626501E-13 ) ) ;
#1608 = CARTESIAN_POINT ( 'NONE',  ( 385.7984560774565921, 210.7274455415858654, 9.449336887024959952E-14 ) ) ;
#1609 = EDGE_CURVE ( 'NONE', #1482, #589, #204, .T. ) ;
#1610 = CARTESIAN_POINT ( 'NONE',  ( -307.0101319898756742, 12.41491455619447137, 614.0202639797511210 ) ) ;
#1611 = CARTESIAN_POINT ( 'NONE',  ( 339.7789244861019711, 79.48781367673734621, 679.5578489722042832 ) ) ;
#1612 = CARTESIAN_POINT ( 'NONE',  ( 444.0174820549967762, 582.1314791294200859, 0.000000000000000000 ) ) ;
#1613 = CARTESIAN_POINT ( 'NONE',  ( 309.4234766555369447, 16.84729338164315493, -618.8469533110736620 ) ) ;
#1614 = CARTESIAN_POINT ( 'NONE',  ( -313.6737810439703935, 24.81353330539207747, -3.841395919319460195E-14 ) ) ;
#1615 = CARTESIAN_POINT ( 'NONE',  ( -402.0798610920011811, 275.0272048247903172, -4.924058148879316395E-14 ) ) ;
#1616 = CARTESIAN_POINT ( 'NONE',  ( 301.8249599922348807, 3.178771945592374415, 0.000000000000000000 ) ) ;
#1617 = CARTESIAN_POINT ( 'NONE',  ( 391.0134041849949540, 229.8919905193035618, 9.577066277177287729E-14 ) ) ;
#1618 = CARTESIAN_POINT ( 'NONE',  ( 309.4234766555367742, 16.84729338164315493, 618.8469533110738894 ) ) ;
#1619 = CARTESIAN_POINT ( 'NONE',  ( 334.3279653207378033, 67.16246444743731558, 8.188673451909777630E-14 ) ) ;
#1620 = CARTESIAN_POINT ( 'NONE',  ( 448.7964368670165527, 688.1091717966068018, 0.000000000000000000 ) ) ;
#1621 = CARTESIAN_POINT ( 'NONE',  ( -312.7624018460877551, 23.08594443283053366, -3.830234743144496612E-14 ) ) ;
#1622 = CARTESIAN_POINT ( 'NONE',  ( -384.0479969164783256, 204.5532187515101157, -4.703231501427177717E-14 ) ) ;
#1623 = CARTESIAN_POINT ( 'NONE',  ( -404.3067824704151576, 284.9700393952063564, -4.951330070259591169E-14 ) ) ;
#1624 = CARTESIAN_POINT ( 'NONE',  ( 327.3478490187360421, 52.12236227597239235, 0.000000000000000000 ) ) ;
#1625 = CARTESIAN_POINT ( 'NONE',  ( 393.5979442021989598, 239.8522955714378497, 787.1958884043980333 ) ) ;
#1626 = CARTESIAN_POINT ( 'NONE',  ( 310.6387375854793618, 19.10038073009931026, 621.2774751709590646 ) ) ;
#1627 = CARTESIAN_POINT ( 'NONE',  ( 332.5027194375754789, 63.15685707199239829, 665.0054388751512988 ) ) ;
#1628 = CARTESIAN_POINT ( 'NONE',  ( -441.9829908142966133, 552.8896276306601294, -5.412730549783022977E-14 ) ) ;
#1629 = CARTESIAN_POINT ( 'NONE',  ( 319.1416048498069244, 35.41449933499067981, -638.2832096996138489 ) ) ;
#1630 = CARTESIAN_POINT ( 'NONE',  ( -342.8035761609367000, 86.56030075998957329, -4.198133022817570877E-14 ) ) ;
#1631 = CARTESIAN_POINT ( 'NONE',  ( -319.1416048498069813, 35.41449933499067981, -3.908357448540655224E-14 ) ) ;
#1632 = CARTESIAN_POINT ( 'NONE',  ( 393.5979442021990735, 239.8522955714378497, 0.000000000000000000 ) ) ;
#1633 = CARTESIAN_POINT ( 'NONE',  ( 322.7860974928291284, 42.71414832770547321, 0.000000000000000000 ) ) ;
#1634 = CARTESIAN_POINT ( 'NONE',  ( 384.9239470663909515, 207.6273393096145412, 769.8478941327820166 ) ) ;
#1635 = CARTESIAN_POINT ( 'NONE',  ( -314.5851598764551227, 26.55214560930204826, 629.1703197529099043 ) ) ;
#1636 = CARTESIAN_POINT ( 'NONE',  ( 330.9899787520516270, 59.87132512514246230, 661.9799575041035951 ) ) ;
#1637 = CARTESIAN_POINT ( 'NONE',  ( -441.1380501591766574, 542.0164723040693389, -5.402383011095402912E-14 ) ) ;
#1638 = CARTESIAN_POINT ( 'NONE',  ( 315.4964993456056277, 28.30190745701504440, -630.9929986912111417 ) ) ;
#1639 = CARTESIAN_POINT ( 'NONE',  ( -312.7624018460877551, 23.08594443283053366, -3.830234743144496612E-14 ) ) ;
#1640 = CARTESIAN_POINT ( 'NONE',  ( -394.7463458964658116, 244.3754196707895687, -4.834248489772207547E-14 ) ) ;
#1641 = CARTESIAN_POINT ( 'NONE',  ( 433.7802019263356783, 465.7598224175169435, 867.5604038526716977 ) ) ;
#1642 = CARTESIAN_POINT ( 'NONE',  ( 343.7115661145069225, 88.71620200011015811, 0.000000000000000000 ) ) ;
#1643 = CARTESIAN_POINT ( 'NONE',  ( 404.3067824704151576, 284.9700393952063564, 9.902660140519182338E-14 ) ) ;
#1644 = CARTESIAN_POINT ( 'NONE',  ( 341.8953648610352616, 84.41960080176612280, 683.7907297220708642 ) ) ;
#1645 = DIRECTION ( 'NONE',  ( 0.000000000000000000, 1.000000000000000000, 0.000000000000000000 ) ) ;
#1646 = CARTESIAN_POINT ( 'NONE',  ( -319.1416048498069244, 35.41449933499067981, -638.2832096996138489 ) ) ;
#1647 = CARTESIAN_POINT ( 'NONE',  ( 342.8035761609367000, 86.56030075998957329, -685.6071523218732864 ) ) ;
#1648 = CARTESIAN_POINT ( 'NONE',  ( -391.0134041849949540, 229.8919905193035618, -4.788533138588643864E-14 ) ) ;
#1649 = CARTESIAN_POINT ( 'NONE',  ( 430.0613133062226439, 435.0236471967354532, 0.000000000000000000 ) ) ;
#1650 = CARTESIAN_POINT ( 'NONE',  ( -437.4452497848480448, 500.4848101829228995, 874.8904995696955211 ) ) ;
#1651 = CARTESIAN_POINT ( 'NONE',  ( 317.3191178372485979, 31.83527050590881302, 0.000000000000000000 ) ) ;
#1652 = CARTESIAN_POINT ( 'NONE',  ( 398.7139109958060885, 260.5785224407547389, 9.765674297530732522E-14 ) ) ;
#1653 = CARTESIAN_POINT ( 'NONE',  ( 341.8953648610353753, 84.41960080176612280, 8.374021284407669222E-14 ) ) ;
#1654 = CARTESIAN_POINT ( 'NONE',  ( 449.9929403194584552, 770.0573777774004611, -899.9858806389167967 ) ) ;
#1655 = CARTESIAN_POINT ( 'NONE',  ( -322.7860974928290716, 42.71414832770547321, -645.5721949856581432 ) ) ;
#1656 = CARTESIAN_POINT ( 'NONE',  ( -446.5514839740760635, 627.7530158965082592, -5.468678455033528315E-14 ) ) ;
#1657 = CARTESIAN_POINT ( 'NONE',  ( -411.1107046380582233, 317.6186867496140849, -5.034654085302108887E-14 ) ) ;
#1658 = CARTESIAN_POINT ( 'NONE',  ( -449.0728099076726494, 699.1676817861264226, 898.1456198153449577 ) ) ;
#1659 = CARTESIAN_POINT ( 'NONE',  ( 371.3661445672398145, 163.1727682793019483, 0.000000000000000000 ) ) ;
#1660 = CARTESIAN_POINT ( 'NONE',  ( -362.7001555193988338, 137.8100614635042689, -4.441795845070790005E-14 ) ) ;
#1661 = CARTESIAN_POINT ( 'NONE',  ( -398.7139109958060885, 260.5785224407547389, -4.882837148765366261E-14 ) ) ;
#1662 = CARTESIAN_POINT ( 'NONE',  ( 344.6192980268876340, 90.88747884202875582, 689.2385960537756091 ) ) ;
#1663 = CARTESIAN_POINT ( 'NONE',  ( 0.000000000000000000, 0.000000000000000000, 0.000000000000000000 ) ) ;
#1664 = CARTESIAN_POINT ( 'NONE',  ( 337.3511553025019225, 73.93874234392640687, -674.7023106050038450 ) ) ;
#1665 = PRODUCT_DEFINITION_FORMATION_WITH_SPECIFIED_SOURCE ( 'ไป', '', #1543, .NOT_KNOWN. ) ;
#1666 = CARTESIAN_POINT ( 'NONE',  ( -433.7802019263358488, 465.7598224175169435, -5.312275358225797688E-14 ) ) ;
#1667 = CARTESIAN_POINT ( 'NONE',  ( -424.6949770558658770, 396.3163579969668717, -849.3899541117317540 ) ) ;
#1668 = CARTESIAN_POINT ( 'NONE',  ( -447.0175151232444364, 637.8691083281499914, 894.0350302464885317 ) ) ;
#1669 = CARTESIAN_POINT ( 'NONE',  ( 366.2923752197078784, 148.0707464742114894, 0.000000000000000000 ) ) ;
#1670 = CARTESIAN_POINT ( 'NONE',  ( 360.9003284822538262, 132.7966332620568437, -721.8006569645075388 ) ) ;
#1671 = STYLED_ITEM ( 'NONE', ( #510 ), #1346 ) ;
#1672 = CARTESIAN_POINT ( 'NONE',  ( -400.4016994804243836, 267.7375293107537004, -4.903506596418621680E-14 ) ) ;
#1673 = CARTESIAN_POINT ( 'NONE',  ( -359.9995564071015792, 130.3183851932814719, -4.408723044484239883E-14 ) ) ;
#1674 = CARTESIAN_POINT ( 'NONE',  ( -327.3478490187360421, 52.12236227597239235, -4.008854955085660854E-14 ) ) ;
#1675 = CARTESIAN_POINT ( 'NONE',  ( -424.6949770558659907, 396.3163579969668717, -5.201013442654249219E-14 ) ) ;
#1676 = CARTESIAN_POINT ( 'NONE',  ( 413.8104715415254873, 331.5419608905357904, 0.000000000000000000 ) ) ;
#1677 = CARTESIAN_POINT ( 'NONE',  ( 446.5514839740758362, 627.7530158965082592, 893.1029679481520134 ) ) ;
#1678 = CARTESIAN_POINT ( 'NONE',  ( 411.1107046380582233, 317.6186867496140849, 0.000000000000000000 ) ) ;
#1679 = CARTESIAN_POINT ( 'NONE',  ( -360.9003284822538262, 132.7966332620568437, -4.419754320870204863E-14 ) ) ;
#1680 = CARTESIAN_POINT ( 'NONE',  ( -401.2420184519253326, 271.3658194168942828, 802.4840369038500967 ) ) ;
#1681 = CARTESIAN_POINT ( 'NONE',  ( 344.6192980268878046, 90.88747884202875582, 0.000000000000000000 ) ) ;
#1682 = CARTESIAN_POINT ( 'NONE',  ( 351.8707807795600502, 108.8310705285145019, 8.618348507903365390E-14 ) ) ;
#1683 = CARTESIAN_POINT ( 'NONE',  ( -449.9976361374019120, 776.2869230396703415, -5.510881647195445480E-14 ) ) ;
#1684 = CARTESIAN_POINT ( 'NONE',  ( 337.3511553025019225, 73.93874234392640687, 0.000000000000000000 ) ) ;
#1685 = CARTESIAN_POINT ( 'NONE',  ( -392.7382732127737199, 236.5032394561024773, -4.809656691926820002E-14 ) ) ;
#1686 = CARTESIAN_POINT ( 'NONE',  ( -426.3612789774195448, 407.7524543547234543, -852.7225579548390897 ) ) ;
#1687 = CARTESIAN_POINT ( 'NONE',  ( 444.0174820549967762, 582.1314791294200859, 1.087529176328238418E-13 ) ) ;
#1688 = CARTESIAN_POINT ( 'NONE',  ( 386.6715329730828898, 213.8538441077485004, 0.000000000000000000 ) ) ;
#1689 = CARTESIAN_POINT ( 'NONE',  ( -366.2923752197078784, 148.0707464742114894, -4.485787848648965041E-14 ) ) ;
#1690 = EDGE_CURVE ( 'NONE', #459, #827, #425, .T. ) ;
#1691 = CARTESIAN_POINT ( 'NONE',  ( 341.8953648610353753, 84.41960080176612280, 0.000000000000000000 ) ) ;
#1692 = CARTESIAN_POINT ( 'NONE',  ( 419.7193575649825448, 364.9314133420510871, 1.028015935564278594E-13 ) ) ;
#1693 = CARTESIAN_POINT ( 'NONE',  ( -376.9947208935075764, 180.8582793813422995, -4.616853782376838400E-14 ) ) ;
#1694 = CARTESIAN_POINT ( 'NONE',  ( 0.000000000000000000, 0.000000000000000000, 0.000000000000000000 ) ) ;
#1695 = CARTESIAN_POINT ( 'NONE',  ( -431.8375084583946091, 449.2401505079229764, -5.288484224853410246E-14 ) ) ;
#1696 = CARTESIAN_POINT ( 'NONE',  ( 444.8901589898527504, 596.2292258778894620, 1.089666618358160427E-13 ) ) ;
#1697 = CARTESIAN_POINT ( 'NONE',  ( 382.0035811968404005, 197.4890174377773064, 0.000000000000000000 ) ) ;
#1698 = CARTESIAN_POINT ( 'NONE',  ( -364.4975707605393609, 142.9008396541610182, -4.463807833288803563E-14 ) ) ;
#1699 = CARTESIAN_POINT ( 'NONE',  ( 427.5315438096262142, 416.0915530535466473, 1.047150273321970265E-13 ) ) ;
#1700 = CARTESIAN_POINT ( 'NONE',  ( 356.4091451093202068, 120.6187752609291550, -712.8182902186402998 ) ) ;
#1701 = AXIS2_PLACEMENT_3D ( 'NONE', #1569, #1436, #147 ) ;
#1702 = CARTESIAN_POINT ( 'NONE',  ( 365.3953039795923701, 145.4757905603303811, 8.949603788841638606E-14 ) ) ;
#1703 = CARTESIAN_POINT ( 'NONE',  ( 437.4452497848478743, 500.4848101829228995, 0.000000000000000000 ) ) ;
#1704 = DIRECTION ( 'NONE',  ( 0.000000000000000000, 0.000000000000000000, 1.000000000000000000 ) ) ;
#1705 = CARTESIAN_POINT ( 'NONE',  ( -301.8249599922348807, 3.178771945592374415, -3.696289711572684469E-14 ) ) ;
#1706 = CARTESIAN_POINT ( 'NONE',  ( 384.0479969164783256, 204.5532187515101157, 0.000000000000000000 ) ) ;
#1707 = CARTESIAN_POINT ( 'NONE',  ( 429.1454010115588744, 428.0305890460474529, 1.051103083435225710E-13 ) ) ;
#1708 = CARTESIAN_POINT ( 'NONE',  ( -347.9549089651766280, 98.99698716826654277, -4.261218655118122152E-14 ) ) ;
ENDSEC;
END-ISO-10303-21;
