ISO-10303-21;
HEADER;
FILE_DESCRIPTION (( 'STEP AP214' ),
    '1' );
FILE_NAME ('myfresnel.STEP',
    '2026-05-06T13:01:23',
    ( '' ),
    ( '' ),
    'SwSTEP 2.0',
    'SolidWorks 2025',
    '' );
FILE_SCHEMA (( 'AUTOMOTIVE_DESIGN' ));
ENDSEC;

DATA;
#1 = CARTESIAN_POINT ( 'NONE',  ( 2.302338648993795986E-16, -1.880002177441506772, 0.05290831417342994891 ) ) ;
#2 = CARTESIAN_POINT ( 'NONE',  ( 0.000000000000000000, 3.920029871678627043, 0.1301418172253694105 ) ) ;
#3 = CARTESIAN_POINT ( 'NONE',  ( -2.106390714723744921E-16, 0.8599992733375436682, 0.01720629417725801774 ) ) ;
#4 = CARTESIAN_POINT ( 'NONE',  ( -3.879773723971049471, -1.939886861985525623, 0.05639225568730000387 ) ) ;
#5 = CARTESIAN_POINT ( 'NONE',  ( 1.999997365549988304, 0.9999986827749944851, 0.01002360122665234103 ) ) ;
#6 = CARTESIAN_POINT ( 'NONE',  ( 8.200015707202636506, -4.100007853601318253, 0.01831306800635097362 ) ) ;
#7 = CARTESIAN_POINT ( 'NONE',  ( 6.320001965152880707, -3.160000982576440354, 0.02262982988928384162 ) ) ;
#8 = CARTESIAN_POINT ( 'NONE',  ( 3.461669290571493765E-16, -2.826667487296453896, 0.08309889072462652015 ) ) ;
#9 = DIRECTION ( 'NONE',  ( 1.000000000000000000, 0.000000000000000000, 0.000000000000000000 ) ) ;
#10 = CARTESIAN_POINT ( 'NONE',  ( -2.024751347060694918E-16, 0.8266674719888238432, 0.01654096723673319225 ) ) ;
#11 = CARTESIAN_POINT ( 'NONE',  ( 2.422870049885653483E-16, -1.978423535318550863, 0.05724254227093707181 ) ) ;
#12 = CARTESIAN_POINT ( 'NONE',  ( 0.000000000000000000, 2.060113467991496083, 0.006155774431637004926 ) ) ;
#13 = CARTESIAN_POINT ( 'NONE',  ( 4.898415028122257363E-16, -3.999859413777690609, 0.08064937024737733884 ) ) ;
#14 = CARTESIAN_POINT ( 'NONE',  ( 3.829055360139284525E-16, -3.126660979153517594, 0.01790843272098607136 ) ) ;
#15 = CARTESIAN_POINT ( 'NONE',  ( 3.625462906963389810E-16, -2.960415124987529456, 0.09696141003629454858 ) ) ;
#16 = CARTESIAN_POINT ( 'NONE',  ( -2.204339466773295702E-16, 0.8999898861892436930, 0.01799680503027069681 ) ) ;
#17 = CARTESIAN_POINT ( 'NONE',  ( 0.000000000000000000, 1.833333799798603225, 0.05009970479264580501 ) ) ;
#18 = CARTESIAN_POINT ( 'NONE',  ( 0.000000000000000000, 4.953332952405827605, 0.1744887479591511192 ) ) ;
#19 = CARTESIAN_POINT ( 'NONE',  ( 0.000000000000000000, 3.160000982576441242, 0.02262982988928384162 ) ) ;
#20 = CIRCLE ( 'NONE', #557, 5.000000000000000000 ) ;
#21 = CARTESIAN_POINT ( 'NONE',  ( 2.522911364456138840E-16, -2.060113467991496083, 0.006155774431637004926 ) ) ;
#22 = CARTESIAN_POINT ( 'NONE',  ( 3.920844744263765058, 1.960422372131882751, 0.05816530021016143304 ) ) ;
#23 = CARTESIAN_POINT ( 'NONE',  ( 0.000000000000000000, 0.000000000000000000, 0.000000000000000000 ) ) ;
#24 = CARTESIAN_POINT ( 'NONE',  ( -6.003131979781372252, 3.001565989890685682, 0.02190660233656128997 ) ) ;
#25 = CARTESIAN_POINT ( 'NONE',  ( 3.927033883452387063E-16, -3.206666514938462775, 0.02922458077260838699 ) ) ;
#26 = CARTESIAN_POINT ( 'NONE',  ( 1.877792760641048954E-17, -0.1533334151486323294, 0.003063581008817442119 ) ) ;
#27 = CARTESIAN_POINT ( 'NONE',  ( 2.422870049885653483E-16, -1.978423535318550863, 0.05724254227093707181 ) ) ;
#28 = CARTESIAN_POINT ( 'NONE',  ( 0.000000000000000000, 0.8266674719888238432, 0.01654096723673319225 ) ) ;
#29 = CARTESIAN_POINT ( 'NONE',  ( 0.000000000000000000, 0.000000000000000000, 0.1830279999999999963 ) ) ;
#30 = CARTESIAN_POINT ( 'NONE',  ( -5.653334974592906015, -2.826667487296454340, 0.08309889072462652015 ) ) ;
#31 = CARTESIAN_POINT ( 'NONE',  ( 4.896689522389717625E-16, -3.998450431421519902, 0.1194346962539200446 ) ) ;
#32 = CARTESIAN_POINT ( 'NONE',  ( -4.884219196043460301E-16, 1.994133818601430130, -0.006500553879172944576 ) ) ;
#33 = CARTESIAN_POINT ( 'NONE',  ( 4.905659856850894432E-16, -4.005775265379703853, 0.1480704702071055645 ) ) ;
#34 = CARTESIAN_POINT ( 'NONE',  ( 4.680000503562890657, -2.340000251781445328, 0.03417509093049642122 ) ) ;
#35 = CARTESIAN_POINT ( 'NONE',  ( 0.000000000000000000, 0.9398591464995683653, 0.01866497635518359413 ) ) ;
#36 = DIRECTION ( 'NONE',  ( -1.000000000000000000, 0.000000000000000000, 0.000000000000000000 ) ) ;
#37 = CARTESIAN_POINT ( 'NONE',  ( -5.840059763223161227, 2.920029881611579281, 0.09251445599671227760 ) ) ;
#38 = CARTESIAN_POINT ( 'NONE',  ( 8.011550530759405930, -4.005775265379702965, 0.1480704702071055645 ) ) ;
#39 = CARTESIAN_POINT ( 'NONE',  ( 0.000000000000000000, 0.4133331528312617631, 0.008278680502871631555 ) ) ;
#40 = CARTESIAN_POINT ( 'NONE',  ( 2.571768349231669179E-16, -2.100008223613726521, 0.01006050203778115562 ) ) ;
#41 = CARTESIAN_POINT ( 'NONE',  ( 0.000000000000000000, 0.8800027101183035549, 0.01760972519811782391 ) ) ;
#42 = CARTESIAN_POINT ( 'NONE',  ( 6.106905496936575712E-16, -4.986666768890786194, 0.1805871081412128432 ) ) ;
#43 = CARTESIAN_POINT ( 'NONE',  ( 3.647550426583353685E-16, -2.978450953469130802, 0.09680184105483294332 ) ) ;
#44 = CARTESIAN_POINT ( 'NONE',  ( 3.672009170750406930E-16, -2.998423033732666720, 0.07867461601724909381 ) ) ;
#45 = CARTESIAN_POINT ( 'NONE',  ( -6.799999163011291259, -3.399999581505647850, 0.05657174563238588638 ) ) ;
#46 = CARTESIAN_POINT ( 'NONE',  ( 0.000000000000000000, 3.806666207122112233, 0.1140814044915397646 ) ) ;
#47 = CARTESIAN_POINT ( 'NONE',  ( 4.751632336895029707E-16, -3.880002250610789183, 0.1244529884150741700 ) ) ;
#48 = CARTESIAN_POINT ( 'NONE',  ( 4.559999846444810601, 2.279999923222405744, 0.02815001261869969421 ) ) ;
#49 = CARTESIAN_POINT ( 'NONE',  ( 0.000000000000000000, 2.021579333073921791, 0.003754239963340379183 ) ) ;
#50 = CARTESIAN_POINT ( 'NONE',  ( 5.584388807486084521E-16, -4.559999512818025735, 0.1024983444323635806 ) ) ;
#51 = CARTESIAN_POINT ( 'NONE',  ( 3.681022229132350724E-16, -3.005782754419659586, 0.1069158806749541807 ) ) ;
#52 = CARTESIAN_POINT ( 'NONE',  ( -7.102931675395000132E-16, 2.899991932506718939, 0.09046366333174163388 ) ) ;
#53 = CARTESIAN_POINT ( 'NONE',  ( -7.543750835430298587E-16, 3.079970012856993122, 0.01128008986203059283 ) ) ;
#54 = CARTESIAN_POINT ( 'NONE',  ( 0.000000000000000000, 3.939888832160189480, 0.1328094727199127245 ) ) ;
#55 = CARTESIAN_POINT ( 'NONE',  ( 0.3066668302972646032, 0.1533334151486323294, 0.003063581008817442119 ) ) ;
#56 = CARTESIAN_POINT ( 'NONE',  ( 0.000000000000000000, 1.899991915420796484, 0.05409900225266618679 ) ) ;
#57 = CARTESIAN_POINT ( 'NONE',  ( -9.786667869137598785, -4.893333934568801169, 0.1635017149632717604 ) ) ;
#58 = CARTESIAN_POINT ( 'NONE',  ( 5.160000642427613471, 2.580000321213807180, 0.05830113305439119098 ) ) ;
#59 = CARTESIAN_POINT ( 'NONE',  ( -5.293332529126658414, -2.646666264563330095, 0.06500966882615095976 ) ) ;
#60 = CARTESIAN_POINT ( 'NONE',  ( 4.327084782451282932E-16, -3.533332864189060896, 0.07542833010542988881 ) ) ;
#61 = CARTESIAN_POINT ( 'NONE',  ( 0.000000000000000000, 4.005775265379703853, 0.1480704702071055645 ) ) ;
#62 = CARTESIAN_POINT ( 'NONE',  ( 1.102169733386647851E-16, -0.8999898861892436930, 0.01799680503027069681 ) ) ;
#63 =( NAMED_UNIT ( * ) SI_UNIT ( $, .STERADIAN. ) SOLID_ANGLE_UNIT ( ) );
#64 = CARTESIAN_POINT ( 'NONE',  ( 0.000000000000000000, 1.978423535318550863, 0.05724254227093707181 ) ) ;
#65 = ORIENTED_EDGE ( 'NONE', *, *, #1225, .F. ) ;
#66 = CARTESIAN_POINT ( 'NONE',  ( 5.094534264557505036E-16, -4.160002923377187578, 0.02929030081240847905 ) ) ;
#67 = CARTESIAN_POINT ( 'NONE',  ( 3.551465837697500066E-16, -2.899991932506718939, 0.09046366333174163388 ) ) ;
#68 = CARTESIAN_POINT ( 'NONE',  ( -5.208816998198108425E-16, 2.126660928614148016, 0.01272794395549199480 ) ) ;
#69 = CARTESIAN_POINT ( 'NONE',  ( -7.739770177229459470E-16, 3.160000982576441242, 0.02262982988928384162 ) ) ;
#70 = CARTESIAN_POINT ( 'NONE',  ( 1.719998546675086892, -0.8599992733375434462, 0.01720629417725801774 ) ) ;
#71 = CARTESIAN_POINT ( 'NONE',  ( 0.000000000000000000, 2.999477265223983391, 0.03961325113027288486 ) ) ;
#72 = ORIENTED_EDGE ( 'NONE', *, *, #1070, .F. ) ;
#73 = CARTESIAN_POINT ( 'NONE',  ( -2.159924416370527567, 1.079962208185263339, 0.004770195502600959626 ) ) ;
#74 = CARTESIAN_POINT ( 'NONE',  ( -9.796149257677228424E-16, 3.999581456668849011, 0.03990426394356526296 ) ) ;
#75 = CARTESIAN_POINT ( 'NONE',  ( 0.000000000000000000, 2.880002222381303323, 0.08846287387587375983 ) ) ;
#76 = CARTESIAN_POINT ( 'NONE',  ( 2.653404289137658084E-16, -2.166669027335115683, 0.01675789129422766699 ) ) ;
#77 = CARTESIAN_POINT ( 'NONE',  ( 4.416893368992898710E-16, -3.606667140328225329, 0.08579264597929835146 ) ) ;
#78 = CARTESIAN_POINT ( 'NONE',  ( 1.053195357361872460E-16, -0.8599992733375436682, 0.01720629417725801774 ) ) ;
#79 = CARTESIAN_POINT ( 'NONE',  ( 1.012375673530347459E-16, -0.8266674719888238432, 0.01654096723673319225 ) ) ;
#80 = CARTESIAN_POINT ( 'NONE',  ( 0.000000000000000000, 1.994133818601430130, -0.006500553879172944576 ) ) ;
#81 = CARTESIAN_POINT ( 'NONE',  ( -1.266663276731748722, -0.6333316383658745830, 0.01267239122632485629 ) ) ;
#82 = CARTESIAN_POINT ( 'NONE',  ( -2.720000126938648233, -1.360000063469324783, 0.02163885403124055085 ) ) ;
#83 = CARTESIAN_POINT ( 'NONE',  ( -8.239996004146197706, -4.119998002073100629, 0.02195996465579681811 ) ) ;
#84 = CARTESIAN_POINT ( 'NONE',  ( 0.000000000000000000, 1.213332177810961809, 0.01282053067785118156 ) ) ;
#85 = CARTESIAN_POINT ( 'NONE',  ( 4.905659856850894432E-16, -4.005775265379703853, 0.1480704702071055645 ) ) ;
#86 = SURFACE_STYLE_FILL_AREA ( #1181 ) ;
#87 = ORIENTED_EDGE ( 'NONE', *, *, #983, .T. ) ;
#88 = CARTESIAN_POINT ( 'NONE',  ( -2.645144522908381358E-16, 1.079962208185263783, 0.004770195502600959626 ) ) ;
#89 = CARTESIAN_POINT ( 'NONE',  ( 0.000000000000000000, 1.726666436952790651, 0.04369116875449340770 ) ) ;
#90 = CARTESIAN_POINT ( 'NONE',  ( 5.094534264557505036E-16, -4.160002923377187578, 0.02929030081240847905 ) ) ;
#91 = CARTESIAN_POINT ( 'NONE',  ( -9.649944494602758791E-16, 3.939888832160189480, 0.1328094727199127245 ) ) ;
#92 = CARTESIAN_POINT ( 'NONE',  ( 1.845134704685372845E-16, -1.506666825055213765, 0.03045808037249523800 ) ) ;
#93 = CARTESIAN_POINT ( 'NONE',  ( 0.000000000000000000, 4.893333934568800281, 0.1635017149632717604 ) ) ;
#94 = EDGE_LOOP ( 'NONE', ( #414, #1099, #846, #536, #628 ) ) ;
#95 = CARTESIAN_POINT ( 'NONE',  ( -3.573333809596142441, -1.786666904798072331, 0.04729198496370290439 ) ) ;
#96 = CARTESIAN_POINT ( 'NONE',  ( 0.000000000000000000, 1.433333250445061990, 0.02605413941697539218 ) ) ;
#97 = CARTESIAN_POINT ( 'NONE',  ( 0.000000000000000000, 4.119998002073099741, 0.02195996465579681811 ) ) ;
#98 = CARTESIAN_POINT ( 'NONE',  ( -9.601304069826480671E-16, 3.920029871678627043, 0.1301418172253694105 ) ) ;
#99 = CARTESIAN_POINT ( 'NONE',  ( 2.442109598021730150E-16, -1.994133818601430130, -0.006500553879172944576 ) ) ;
#100 = CARTESIAN_POINT ( 'NONE',  ( 0.000000000000000000, 3.880002250610789183, 0.1244529884150741700 ) ) ;
#101 = CARTESIAN_POINT ( 'NONE',  ( 1.224645186011966221E-16, -0.9999986827749942631, 0.01002360122665234103 ) ) ;
#102 = CARTESIAN_POINT ( 'NONE',  ( -4.049499273053667315E-16, 1.653333547220752431, 0.03927508537421491724 ) ) ;
#103 = CARTESIAN_POINT ( 'NONE',  ( 2.720000126938648233, 1.360000063469324116, 0.02163885403124055085 ) ) ;
#104 = CARTESIAN_POINT ( 'NONE',  ( 0.000000000000000000, 4.001534394978765619, 0.02204369088268981133 ) ) ;
#105 = CARTESIAN_POINT ( 'NONE',  ( -7.996900862843039803, 3.998450431421517681, 0.1194346962539200585 ) ) ;
#106 = CARTESIAN_POINT ( 'NONE',  ( 3.673300231971808132E-16, -2.999477265223983391, 0.03961325113027288486 ) ) ;
#107 = CARTESIAN_POINT ( 'NONE',  ( -2.155385004374753103E-16, 0.8800027101183035549, 0.01760972519811782391 ) ) ;
#108 = CARTESIAN_POINT ( 'NONE',  ( -4.079153519573718967, -2.039576759786860816, 0.003553993911679771689 ) ) ;
#109 = CARTESIAN_POINT ( 'NONE',  ( 1.272988705700432891E-16, -1.039474162335407348, 0.001846016792939175494 ) ) ;
#110 = CARTESIAN_POINT ( 'NONE',  ( 8.573332874721099728, -4.286666437360549864, 0.05247197203524998216 ) ) ;
#111 = CARTESIAN_POINT ( 'NONE',  ( 6.320001965152880707, 3.160000982576441686, 0.02262982988928384162 ) ) ;
#112 = EDGE_CURVE ( 'NONE', #1091, #511, #1189, .T. ) ;
#113 = CARTESIAN_POINT ( 'NONE',  ( 2.400824983008171693E-16, -1.960422372131882973, 0.05816530021016143998 ) ) ;
#114 = CARTESIAN_POINT ( 'NONE',  ( 0.000000000000000000, 3.994265487868259079, -0.006922697092031676776 ) ) ;
#115 = CARTESIAN_POINT ( 'NONE',  ( -2.078948324670814696, 1.039474162335406904, 0.001846016792939175711 ) ) ;
#116 = CARTESIAN_POINT ( 'NONE',  ( -3.840060561504264669, 1.920030280752131668, 0.05534368408391255462 ) ) ;
#117 = CARTESIAN_POINT ( 'NONE',  ( 4.079153519573718967, -2.039576759786859483, 0.003553993911679771689 ) ) ;
#118 = CARTESIAN_POINT ( 'NONE',  ( 8.426665680926939572, -4.213332840463469786, 0.03904143923915678188 ) ) ;
#119 = CARTESIAN_POINT ( 'NONE',  ( 3.666895485791234894E-16, -2.994247393080413655, -0.006654079028067157349 ) ) ;
#120 = CARTESIAN_POINT ( 'NONE',  ( 3.722416602536964907E-16, -3.039583825416974694, 0.005178449241797977373 ) ) ;
#121 = CARTESIAN_POINT ( 'NONE',  ( -1.956076721007474317, 0.9780383605037368255, 0.01761087005838728875 ) ) ;
#122 = CARTESIAN_POINT ( 'NONE',  ( 0.000000000000000000, 1.998039909791150981, 0.03798056701360565113 ) ) ;
#123 = CARTESIAN_POINT ( 'NONE',  ( 0.000000000000000000, 1.060140932636241207, 0.003756448750937655713 ) ) ;
#124 = CARTESIAN_POINT ( 'NONE',  ( 6.799999163011291259, 3.399999581505646518, 0.05657174563238588638 ) ) ;
#125 = CARTESIAN_POINT ( 'NONE',  ( 2.245186369692013780E-16, -1.833333799798603225, 0.05009970479264580501 ) ) ;
#126 = CARTESIAN_POINT ( 'NONE',  ( 0.000000000000000000, 1.978423535318550863, 0.05724254227093707181 ) ) ;
#127 = CARTESIAN_POINT ( 'NONE',  ( 0.000000000000000000, 0.9200377518130171683, 0.01844505483034281773 ) ) ;
#128 = CARTESIAN_POINT ( 'NONE',  ( -5.559999343879939993, -2.779999671939971329, 0.07841175950733832167 ) ) ;
#129 = CARTESIAN_POINT ( 'NONE',  ( 5.998954530447965894, 2.999477265223983391, 0.03961325113027288486 ) ) ;
#130 = STYLED_ITEM ( 'NONE', ( #1212 ), #566 ) ;
#131 = CARTESIAN_POINT ( 'NONE',  ( 0.000000000000000000, 0.000000000000000000, 0.000000000000000000 ) ) ;
#132 = CARTESIAN_POINT ( 'NONE',  ( 3.840060561504264669, -1.920030280752132334, 0.05534368408391255462 ) ) ;
#133 = CARTESIAN_POINT ( 'NONE',  ( 6.123233995736766282E-16, -5.000000000000000000, 0.1830279999999999963 ) ) ;
#134 = UNCERTAINTY_MEASURE_WITH_UNIT (LENGTH_MEASURE( 1.000000000000000082E-05 ), #885, 'distance_accuracy_value', 'NONE');
#135 = CARTESIAN_POINT ( 'NONE',  ( -9.973333537781570612, -4.986666768890786194, 0.1805871081412128432 ) ) ;
#136 = CARTESIAN_POINT ( 'NONE',  ( -5.956901906938261604, 2.978450953469129470, 0.09680184105483292945 ) ) ;
#137 = CARTESIAN_POINT ( 'NONE',  ( 7.706663406516183201, 3.853331703258092933, 0.1206793930196753684 ) ) ;
#138 = CARTESIAN_POINT ( 'NONE',  ( -3.840060561504263781, -1.920030280752133001, 0.05534368408391255462 ) ) ;
#139 = CARTESIAN_POINT ( 'NONE',  ( 0.000000000000000000, 0.1533334151486323294, 0.003063581008817442119 ) ) ;
#140 = CARTESIAN_POINT ( 'NONE',  ( 0.000000000000000000, 1.880002177441506772, 0.05290831417342994891 ) ) ;
#141 = CARTESIAN_POINT ( 'NONE',  ( 9.386665354754637036, -4.693332677377318518, 0.1269029190099129345 ) ) ;
#142 = CARTESIAN_POINT ( 'NONE',  ( -8.853332310049227161, 4.426666155024611804, 0.07809505040055281233 ) ) ;
#143 = CARTESIAN_POINT ( 'NONE',  ( 3.551465837697500066E-16, -2.899991932506718939, 0.09046366333174163388 ) ) ;
#144 = CARTESIAN_POINT ( 'NONE',  ( 4.850108963916183832E-16, -3.960414518939680217, 0.1362422487190793619 ) ) ;
#145 = CARTESIAN_POINT ( 'NONE',  ( -4.011770511984559029, 2.005885255992278626, 0.06637312590011149038 ) ) ;
#146 = CARTESIAN_POINT ( 'NONE',  ( 1.266663276731748722, 0.6333316383658744719, 0.01267239122632485629 ) ) ;
#147 = CARTESIAN_POINT ( 'NONE',  ( 4.333338054670230477, -2.166669027335115238, 0.01675789129422766699 ) ) ;
#148 = CARTESIAN_POINT ( 'NONE',  ( 0.000000000000000000, 0.6333316383658744719, 0.01267239122632485802 ) ) ;
#149 = CARTESIAN_POINT ( 'NONE',  ( -8.853332310049225384, -4.426666155024614469, 0.07809505040055281233 ) ) ;
#150 = CARTESIAN_POINT ( 'NONE',  ( 5.039999359710753524, -2.519999679855376762, 0.05227586859974641537 ) ) ;
#151 = CARTESIAN_POINT ( 'NONE',  ( -6.809035399743952849E-16, 2.779999671939970440, 0.07841175950733833555 ) ) ;
#152 = CARTESIAN_POINT ( 'NONE',  ( -6.253321958307034301, 3.126660979153515818, 0.01790843272098607136 ) ) ;
#153 = CARTESIAN_POINT ( 'NONE',  ( 7.999718827555379441, -3.999859413777689721, 0.08064937024737732496 ) ) ;
#154 = CARTESIAN_POINT ( 'NONE',  ( 5.249652331525986924E-16, -4.286666437360550752, 0.05247197203524999604 ) ) ;
#155 = CARTESIAN_POINT ( 'NONE',  ( 4.439998927585761201, 2.219999463792881489, 0.02211162443390795457 ) ) ;
#156 = COLOUR_RGB ( '',0.7921568627450980005, 0.8196078431372548767, 0.9333333333333333481 ) ;
#157 = CARTESIAN_POINT ( 'NONE',  ( 0.000000000000000000, 2.005885255992279514, 0.06637312590011149038 ) ) ;
#158 = CARTESIAN_POINT ( 'NONE',  ( -1.133206671185749780E-15, 4.626667345943061171, 0.1146939484524958086 ) ) ;
#159 = CARTESIAN_POINT ( 'NONE',  ( 5.039999359710753524, 2.519999679855377206, 0.05227586859974641537 ) ) ;
#160 = CARTESIAN_POINT ( 'NONE',  ( -6.482462738617528094E-16, 2.646666264563329651, 0.06500966882615095976 ) ) ;
#161 = CARTESIAN_POINT ( 'NONE',  ( -7.493334330304023183, -3.746667165152013368, 0.1055914647727872885 ) ) ;
#162 = CARTESIAN_POINT ( 'NONE',  ( 4.776112611261296628E-16, -3.899991911616159879, 0.1272712903735715995 ) ) ;
#163 = CARTESIAN_POINT ( 'NONE',  ( 0.1200000162753415006, 0.06000000813767076419, 0.001199926957764589240 ) ) ;
#164 = CARTESIAN_POINT ( 'NONE',  ( 0.000000000000000000, 2.039576759786859927, 0.003553993911679771689 ) ) ;
#165 = CARTESIAN_POINT ( 'NONE',  ( -9.253334691886122343, 4.626667345943058507, 0.1146939484524958086 ) ) ;
#166 = CARTESIAN_POINT ( 'NONE',  ( 4.920000632130173912, -2.460000316065086956, 0.04623812896590288879 ) ) ;
#167 = CARTESIAN_POINT ( 'NONE',  ( -5.160000642427613471, -2.580000321213807624, 0.05830113305439119098 ) ) ;
#168 = CARTESIAN_POINT ( 'NONE',  ( -6.200016238645220668, -3.100008119322612554, 0.01415073452219330237 ) ) ;
#169 = CARTESIAN_POINT ( 'NONE',  ( 7.493334330304024071, -3.746667165152012036, 0.1055914647727872885 ) ) ;
#170 = CARTESIAN_POINT ( 'NONE',  ( 2.004882966243708875, 1.002441483121854882, 0.02582004121374778874 ) ) ;
#171 = CARTESIAN_POINT ( 'NONE',  ( 0.000000000000000000, 1.433333250445061990, 0.02605413941697539218 ) ) ;
#172 = CARTESIAN_POINT ( 'NONE',  ( -1.653334943977647464, 0.8266674719888233991, 0.01654096723673319225 ) ) ;
#173 = CARTESIAN_POINT ( 'NONE',  ( -7.999162913337698022, 3.999581456668847679, 0.03990426394356526296 ) ) ;
#174 = CARTESIAN_POINT ( 'NONE',  ( 5.559999343879939993, -2.779999671939969552, 0.07841175950733832167 ) ) ;
#175 = CARTESIAN_POINT ( 'NONE',  ( 2.792194608030529841E-16, -2.279999923222405744, 0.02815001261869969074 ) ) ;
#176 = CARTESIAN_POINT ( 'NONE',  ( 4.163798604593230372E-16, -3.399999581505646518, 0.05657174563238588638 ) ) ;
#177 = CARTESIAN_POINT ( 'NONE',  ( 7.999162913337696246, -3.999581456668848123, 0.03990426394356526296 ) ) ;
#178 = CARTESIAN_POINT ( 'NONE',  ( 1.799979772378486942, 0.8999898861892436930, 0.01799680503027070028 ) ) ;
#179 = DIRECTION ( 'NONE',  ( 1.000000000000000000, 0.000000000000000000, -0.000000000000000000 ) ) ;
#180 = CARTESIAN_POINT ( 'NONE',  ( 0.000000000000000000, 3.000524931843179477, 0.06090004020954543212 ) ) ;
#181 = CARTESIAN_POINT ( 'NONE',  ( -3.331039449135810361E-16, 1.360000063469324338, 0.02163885403124054738 ) ) ;
#182 = CARTESIAN_POINT ( 'NONE',  ( 4.898758386974516523E-16, -4.000139787557704274, 0.06077559769767195558 ) ) ;
#183 = CARTESIAN_POINT ( 'NONE',  ( 5.879777412968934414, 2.939888706484468539, 0.09437052888176981902 ) ) ;
#184 = CARTESIAN_POINT ( 'NONE',  ( -4.439998927585762978, 2.219999463792880157, 0.02211162443390795457 ) ) ;
#185 = CARTESIAN_POINT ( 'NONE',  ( -7.495111748912376866E-16, 3.060111598760869356, 0.008612874036581246243 ) ) ;
#186 = CARTESIAN_POINT ( 'NONE',  ( 1.921051243051010937, -0.9605256215255052465, 0.01974303830669252649 ) ) ;
#187 = CARTESIAN_POINT ( 'NONE',  ( 1.934941662049038826E-16, -1.579999770869625841, 0.03487358455599779555 ) ) ;
#188 = CARTESIAN_POINT ( 'NONE',  ( 0.000000000000000000, 3.039583825416974694, 0.005178449241797977373 ) ) ;
#189 = CARTESIAN_POINT ( 'NONE',  ( -1.012374245192576892E-16, 0.4133331528312617631, 0.008278680502871631555 ) ) ;
#190 = CARTESIAN_POINT ( 'NONE',  ( -2.694247732935874899E-16, 1.100010115084494311, 0.006022762330862291638 ) ) ;
#191 = CARTESIAN_POINT ( 'NONE',  ( 5.021061494391865464E-16, -4.100007853601319141, 0.01831306800635097015 ) ) ;
#192 = CARTESIAN_POINT ( 'NONE',  ( 2.866666500890123537, -1.433333250445061546, 0.02605413941697539565 ) ) ;
#193 = CARTESIAN_POINT ( 'NONE',  ( -4.120226935982990391, -2.060113467991496528, 0.006155774431637004926 ) ) ;
#194 = CARTESIAN_POINT ( 'NONE',  ( 4.899104654411604252E-16, -4.000422536377469029, 0.1015028973594672979 ) ) ;
#195 = DIRECTION ( 'NONE',  ( 0.000000000000000000, 0.000000000000000000, 1.000000000000000000 ) ) ;
#196 = CARTESIAN_POINT ( 'NONE',  ( 0.000000000000000000, 5.000000000000000000, 0.1830279999999999963 ) ) ;
#197 = CARTESIAN_POINT ( 'NONE',  ( 1.877792760641048954E-17, -0.1533334151486323294, 0.003063581008817442119 ) ) ;
#198 = CARTESIAN_POINT ( 'NONE',  ( 1.755326977269016616E-16, -1.433333250445061990, 0.02605413941697539218 ) ) ;
#199 = CARTESIAN_POINT ( 'NONE',  ( -9.800932576977572940E-16, 4.001534394978765619, 0.02204369088268981133 ) ) ;
#200 = CARTESIAN_POINT ( 'NONE',  ( 2.043924645442535049, -1.021962322721267524, 0.003289482911669366991 ) ) ;
#201 = CARTESIAN_POINT ( 'NONE',  ( 4.850108963916183832E-16, -3.960414518939680217, 0.1362422487190793619 ) ) ;
#202 = CARTESIAN_POINT ( 'NONE',  ( 1.371601146972380178E-16, -1.119997331416161979, 0.007210755109474342901 ) ) ;
#203 = CARTESIAN_POINT ( 'NONE',  ( 0.000000000000000000, 4.005775265379703853, 0.1480704702071055645 ) ) ;
#204 = ORIENTED_EDGE ( 'NONE', *, *, #859, .T. ) ;
#205 = CARTESIAN_POINT ( 'NONE',  ( 1.298298199798062596E-16, -1.060140932636241207, 0.003756448750937655713 ) ) ;
#206 = CARTESIAN_POINT ( 'NONE',  ( 1.665519724567905180E-16, -1.360000063469324338, 0.02163885403124054738 ) ) ;
#207 = CARTESIAN_POINT ( 'NONE',  ( 0.000000000000000000, 4.160002923377187578, 0.02929030081240847905 ) ) ;
#208 = AXIS2_PLACEMENT_3D ( 'NONE', #582, #1028, #36 ) ;
#209 = CARTESIAN_POINT ( 'NONE',  ( -7.799983823232319757, 3.899991911616158546, 0.1272712903735715995 ) ) ;
#210 = CARTESIAN_POINT ( 'NONE',  ( 0.000000000000000000, 3.746667165152012480, 0.1055914647727872885 ) ) ;
#211 = CARTESIAN_POINT ( 'NONE',  ( 1.221664133415988711E-16, -0.9975644686015257001, -0.005942426720707064992 ) ) ;
#212 = CARTESIAN_POINT ( 'NONE',  ( -2.720000126938648233, 1.360000063469323450, 0.02163885403124055085 ) ) ;
#213 = CARTESIAN_POINT ( 'NONE',  ( 2.159924416370527123, -1.079962208185263561, 0.004770195502600959626 ) ) ;
#214 = CARTESIAN_POINT ( 'NONE',  ( 0.000000000000000000, 4.100007853601319141, 0.01831306800635097015 ) ) ;
#215 = CARTESIAN_POINT ( 'NONE',  ( 4.896689522389717625E-16, -3.998450431421519902, 0.1194346962539200446 ) ) ;
#216 = CARTESIAN_POINT ( 'NONE',  ( 3.551465837697500066E-16, -2.899991932506718939, 0.09046366333174163388 ) ) ;
#217 = CARTESIAN_POINT ( 'NONE',  ( 0.000000000000000000, 3.853331703258092933, 0.1206793930196753545 ) ) ;
#218 = CARTESIAN_POINT ( 'NONE',  ( -2.395503095268453813E-16, 0.9780383605037371586, 0.01761087005838728875 ) ) ;
#219 = CARTESIAN_POINT ( 'NONE',  ( 2.475720659471419219E-16, -2.021579333073921791, 0.003754239963340379183 ) ) ;
#220 = CARTESIAN_POINT ( 'NONE',  ( 0.000000000000000000, 0.9975644686015257001, -0.005942426720707064992 ) ) ;
#221 = CARTESIAN_POINT ( 'NONE',  ( 8.573332874721099728, 4.286666437360550752, 0.05247197203524998216 ) ) ;
#222 = CARTESIAN_POINT ( 'NONE',  ( 0.000000000000000000, 3.060111598760869356, 0.008612874036581246243 ) ) ;
#223 = CARTESIAN_POINT ( 'NONE',  ( 4.082156553766527802E-16, -3.333333787838815621, 0.04713697354916616955 ) ) ;
#224 = CARTESIAN_POINT ( 'NONE',  ( 0.000000000000000000, 3.998450431421519902, 0.1194346962539200446 ) ) ;
#225 = CARTESIAN_POINT ( 'NONE',  ( -2.078948324670814252, -1.039474162335407570, 0.001846016792939175711 ) ) ;
#226 = CARTESIAN_POINT ( 'NONE',  ( -3.956847070637101726, 1.978423535318550197, 0.05724254227093706487 ) ) ;
#227 = CARTESIAN_POINT ( 'NONE',  ( 4.043158666147841807, 2.021579333073921347, 0.003754239963340379183 ) ) ;
#228 = CARTESIAN_POINT ( 'NONE',  ( 8.003068789957529461, 4.001534394978765619, 0.02204369088268981133 ) ) ;
#229 = CARTESIAN_POINT ( 'NONE',  ( 0.000000000000000000, 3.000524931843179477, 0.06090004020954543212 ) ) ;
#230 = CARTESIAN_POINT ( 'NONE',  ( 3.647550426583353685E-16, -2.978450953469130802, 0.09680184105483294332 ) ) ;
#231 = CARTESIAN_POINT ( 'NONE',  ( -1.921051243051010493, -0.9605256215255058017, 0.01974303830669252649 ) ) ;
#232 = CARTESIAN_POINT ( 'NONE',  ( 2.446893180094399264E-16, -1.998039909791150981, 0.03798056701360565113 ) ) ;
#233 = CARTESIAN_POINT ( 'NONE',  ( 3.799983830841592081, 1.899991915420796262, 0.05409900225266618679 ) ) ;
#234 = CARTESIAN_POINT ( 'NONE',  ( 0.000000000000000000, 0.06000000813767076419, 0.001199926957764589240 ) ) ;
#235 = CARTESIAN_POINT ( 'NONE',  ( 4.082156553766527802E-16, -3.333333787838815621, 0.04713697354916616955 ) ) ;
#236 = CARTESIAN_POINT ( 'NONE',  ( 4.718970336448042918E-16, -3.853331703258092933, 0.1206793930196753545 ) ) ;
#237 = CARTESIAN_POINT ( 'NONE',  ( 3.799983830841592525, -1.899991915420796040, 0.05409900225266618679 ) ) ;
#238 = CARTESIAN_POINT ( 'NONE',  ( 0.000000000000000000, 1.079962208185263783, 0.004770195502600959626 ) ) ;
#239 = CARTESIAN_POINT ( 'NONE',  ( 3.600325294245656522E-16, -2.939888706484468539, 0.09437052888176981902 ) ) ;
#240 = CARTESIAN_POINT ( 'NONE',  ( 6.933334293174425511, 3.466667146587213200, 0.06599355517678603955 ) ) ;
#241 = CARTESIAN_POINT ( 'NONE',  ( 3.322875439866864440E-16, -2.713333707466005329, 0.07170361551679702017 ) ) ;
#242 = CARTESIAN_POINT ( 'NONE',  ( 0.000000000000000000, 2.005885255992279514, 0.06637312590011149038 ) ) ;
#243 = CARTESIAN_POINT ( 'NONE',  ( 5.666033355928748898E-16, -4.626667345943061171, 0.1146939484524958086 ) ) ;
#244 = CARTESIAN_POINT ( 'NONE',  ( 5.331296064300950901E-16, -4.353333604442363836, 0.06466783893558912533 ) ) ;
#245 = CARTESIAN_POINT ( 'NONE',  ( 3.404517699871976425E-16, -2.779999671939970440, 0.07841175950733833555 ) ) ;
#246 = CARTESIAN_POINT ( 'NONE',  ( 0.000000000000000000, 3.039583825416974694, 0.005178449241797977373 ) ) ;
#247 = CARTESIAN_POINT ( 'NONE',  ( 5.584388807486084521E-16, -4.559999512818025735, 0.1024983444323635806 ) ) ;
#248 = CARTESIAN_POINT ( 'NONE',  ( 2.188035906103467558E-16, -1.786666904798071887, 0.04729198496370289745 ) ) ;
#249 = CARTESIAN_POINT ( 'NONE',  ( 9.999999999999998224, 5.000000000000000000, 0.1830279999999999963 ) ) ;
#250 = CARTESIAN_POINT ( 'NONE',  ( 6.123233995736766282E-16, -5.000000000000000000, 0.1830279999999999963 ) ) ;
#251 = CARTESIAN_POINT ( 'NONE',  ( -5.293332529126659303, 2.646666264563328319, 0.06500966882615095976 ) ) ;
#252 = CARTESIAN_POINT ( 'NONE',  ( 7.920829037879357770, 3.960414518939679773, 0.1362422487190793619 ) ) ;
#253 = CARTESIAN_POINT ( 'NONE',  ( -3.760004354883012212, -1.880002177441506994, 0.05290831417342994891 ) ) ;
#254 = FACE_OUTER_BOUND ( 'NONE', #955, .T. ) ;
#255 = CARTESIAN_POINT ( 'NONE',  ( 0.000000000000000000, 2.079969535741410080, 0.008008926834771647185 ) ) ;
#256 = CARTESIAN_POINT ( 'NONE',  ( 5.829319441637553094E-16, -4.760000553380902666, 0.1390983093802069248 ) ) ;
#257 = CARTESIAN_POINT ( 'NONE',  ( -9.520001106761807108, 4.760000553380900890, 0.1390983093802069248 ) ) ;
#258 = CARTESIAN_POINT ( 'NONE',  ( 5.920830249975058024, -2.960415124987529012, 0.09696141003629456245 ) ) ;
#259 = CARTESIAN_POINT ( 'NONE',  ( 3.647550426583353685E-16, -2.978450953469130802, 0.09680184105483294332 ) ) ;
#260 = CARTESIAN_POINT ( 'NONE',  ( 7.999718827555379441, 3.999859413777690609, 0.08064937024737732496 ) ) ;
#261 = CARTESIAN_POINT ( 'NONE',  ( 4.776112611261296628E-16, -3.899991911616159879, 0.1272712903735715995 ) ) ;
#262 = CARTESIAN_POINT ( 'NONE',  ( 4.200016447227452154, -2.100008223613726077, 0.01006050203778115562 ) ) ;
#263 = CARTESIAN_POINT ( 'NONE',  ( 0.000000000000000000, 3.160000982576441242, 0.02262982988928384162 ) ) ;
#264 = CARTESIAN_POINT ( 'NONE',  ( 5.421102537644815150E-16, -4.426666155024613580, 0.07809505040055282621 ) ) ;
#265 = CARTESIAN_POINT ( 'NONE',  ( 0.000000000000000000, 2.960415124987529456, 0.09696141003629454858 ) ) ;
#266 = CARTESIAN_POINT ( 'NONE',  ( -5.920830249975058024, 2.960415124987528124, 0.09696141003629456245 ) ) ;
#267 = CARTESIAN_POINT ( 'NONE',  ( 3.771875417715149293E-16, -3.079970012856993122, 0.01128008986203059283 ) ) ;
#268 = CARTESIAN_POINT ( 'NONE',  ( 0.000000000000000000, 3.673332865144897319, 0.09522731195050512798 ) ) ;
#269 = CARTESIAN_POINT ( 'NONE',  ( 0.000000000000000000, 0.06000000813767076419, 0.001199926957764589240 ) ) ;
#270 = CARTESIAN_POINT ( 'NONE',  ( 4.200016447227452154, 2.100008223613726521, 0.01006050203778115562 ) ) ;
#271 = CARTESIAN_POINT ( 'NONE',  ( 0.000000000000000000, 2.920029881611580613, 0.09251445599671229147 ) ) ;
#272 = CARTESIAN_POINT ( 'NONE',  ( -1.149534968136762072E-15, 4.693332677377318518, 0.1269029190099129623 ) ) ;
#273 = CARTESIAN_POINT ( 'NONE',  ( 5.996846067465332553, -2.998423033732666276, 0.07867461601724907994 ) ) ;
#274 = CARTESIAN_POINT ( 'NONE',  ( 3.086109541787242333E-16, -2.519999679855377206, 0.05227586859974641537 ) ) ;
#275 = CARTESIAN_POINT ( 'NONE',  ( -6.799999163011293035, 3.399999581505645185, 0.05657174563238588638 ) ) ;
#276 = CARTESIAN_POINT ( 'NONE',  ( 0.000000000000000000, 3.899991911616159879, 0.1272712903735715995 ) ) ;
#277 = CARTESIAN_POINT ( 'NONE',  ( 1.956076721007473873, 0.9780383605037371586, 0.01761087005838728875 ) ) ;
#278 = B_SPLINE_CURVE_WITH_KNOTS ( 'NONE', 3,
 ( #23, #234, #924, #354, #148, #28, #1359, #41, #696, #127, #35, #1372, #473, #1366, #679, #595, #367, #1128, #123, #238, #575, #912, #279, #1159, #495, #718, #171, #734, #726, #1173, #389, #1166, #1056, #617, #1182, #56, #962, #1063, #510, #64, #157, #1285, #627, #80, #49, #164, #405, #502, #488, #938, #830, #1277, #1405, #1193, #1388, #945, #837, #853, #287, #296, #1381, #954, #845, #1397, #1073, #271, #970, #397, #1293, #1268, #519, #180, #71, #1302, #610, #743, #188, #636, #1082, #373, #822, #263, #381, #710, #603, #1049, #1220, #877, #552, #326, #210, #870, #217, #100, #992, #2, #1316, #1323, #440, #203, #224, #1090, #670, #1119, #1213, #1098, #114, #561, #1418, #1228, #1105, #535, #1336, #863, #528, #1412, #413, #778, #1309, #319, #893, #1200, #765, #657, #93, #432, #305, #977 ),
 .UNSPECIFIED., .F., .F.,
 ( 4, 1, 1, 1, 1, 1, 1, 1, 1, 1, 1, 1, 1, 1, 1, 1, 1, 1, 1, 1, 1, 1, 1, 1, 1, 1, 1, 1, 1, 1, 1, 1, 1, 1, 1, 1, 1, 1, 1, 1, 1, 1, 1, 1, 1, 1, 1, 1, 1, 1, 1, 1, 1, 1, 1, 1, 1, 1, 1, 1, 1, 1, 1, 1, 1, 1, 1, 1, 1, 1, 1, 1, 1, 1, 1, 1, 1, 1, 1, 1, 1, 1, 1, 1, 1, 1, 1, 1, 1, 1, 1, 1, 1, 1, 1, 1, 1, 1, 1, 1, 1, 1, 1, 1, 1, 1, 1, 1, 1, 1, 1, 1, 1, 1, 1, 1, 1, 1, 1, 1, 1, 1, 1, 1, 1, 4 ),
 ( 0.000000000000000000, 0.03361589120801544012, 0.05229138798503306373, 0.1456688681318507317, 0.1568741676933693985, 0.1606092663011188526, 0.1643443649088683345, 0.1680794635166177609, 0.1718145621243672427, 0.1755496644703869735, 0.1792847630781364276, 0.1830198616858858818, 0.1867549602936353637, 0.1886228830700273640, 0.1904908058464193643, 0.1942318958374149585, 0.1979729970345687484, 0.2017140870255642870, 0.2054551882227180770, 0.2091962782137136712, 0.2129373682047092653, 0.2166784694018629998, 0.2316428405720035166, 0.2428661329573066907, 0.2578305041274471798, 0.2727948865037458925, 0.2840181676828908430, 0.2989825500591895557, 0.3139469212293300449, 0.3251702136146331634, 0.3401345847847737081, 0.3476167759729230644, 0.3513578771700768821, 0.3550989671610724208, 0.3588400571520680149, 0.3625811583492217216, 0.3663222483402173157, 0.3700633495373710780, 0.3738044395283666166, 0.3775455295193622107, 0.3812873500350454359, 0.3850291705507286610, 0.3887709910664118862, 0.3925241544408846206, 0.3962773364910189278, 0.4000304998654916622, 0.4037836819156259693, 0.4075368452900987037, 0.4112900273402329554, 0.4187963727648399970, 0.4300558815639197729, 0.4413154090386610662, 0.4525749178377407866, 0.4638344453124820799, 0.4750939541115618558, 0.4863534815863032046, 0.4976129903853829806, 0.5088725178601242183, 0.5238851900336767287, 0.5351447175084180774, 0.5464042263074977424, 0.5501574083576320495, 0.5539105717321047839, 0.5576637537822390911, 0.5614169171567118255, 0.5651700992068461327, 0.5689232625813188671, 0.5726764446314531742, 0.5764296080059259086, 0.5801835651649983605, 0.5839373356064802012, 0.5876912927655526531, 0.5914452499246249939, 0.5951992070836974458, 0.5989707063737992332, 0.6027422318102537702, 0.6065137311003554466, 0.6102852565368100946, 0.6140567558269116599, 0.6178282812633663079, 0.6253713059899225213, 0.6329143045701259851, 0.6442288547331368465, 0.6593148780398964126, 0.6706294282029072740, 0.6819439522195653858, 0.6970300016726779235, 0.7083445256893358133, 0.7234305751424484621, 0.7347450991591065739, 0.7498311486122191116, 0.7573741733387753250, 0.7611456726288771124, 0.7649171980653317604, 0.7686886973554335478, 0.7724602227918880848, 0.7762317220819898722, 0.7800032213720916596, 0.7837747468085463076, 0.7875470022914977664, 0.7913192577744493361, 0.7950915132574009059, 0.7988639554579430868, 0.8026362109408945456, 0.8064084664238461153, 0.8101807219067976851, 0.8139771222595231226, 0.8177734889966543630, 0.8215698893493799115, 0.8253662560865111519, 0.8291626564392367005, 0.8329590231763679409, 0.8367554235290934894, 0.8519409577088069563, 0.8633301251513894048, 0.8785156593311028717, 0.8899048267736853202, 0.9050903609533986760, 0.9164795283959811245, 0.9278686622229690428, 0.9430542300182770399, 0.9544433638452648472, 0.9658325312878474067, 0.9810180654675608736, 0.9924072329101432111, 1.000000000000000000 ),
 .UNSPECIFIED. ) ;
#279 = CARTESIAN_POINT ( 'NONE',  ( 0.000000000000000000, 1.160004026646760389, 0.009625693684403729272 ) ) ;
#280 = CARTESIAN_POINT ( 'NONE',  ( -8.239996004146199482, 4.119998002073097965, 0.02195996465579681811 ) ) ;
#281 = CARTESIAN_POINT ( 'NONE',  ( 5.653334974592906015, 2.826667487296453452, 0.08309889072462652015 ) ) ;
#282 = CARTESIAN_POINT ( 'NONE',  ( -4.559999846444810601, -2.279999923222406188, 0.02815001261869969421 ) ) ;
#283 = CARTESIAN_POINT ( 'NONE',  ( -6.079167650833947611, -3.039583825416976026, 0.005178449241797977373 ) ) ;
#284 = CARTESIAN_POINT ( 'NONE',  ( 4.245442824777319949E-16, -3.466667146587213644, 0.06599355517678603955 ) ) ;
#285 = CARTESIAN_POINT ( 'NONE',  ( 1.840075503626033671, 0.9200377518130171683, 0.01844505483034282120 ) ) ;
#286 = CARTESIAN_POINT ( 'NONE',  ( 1.575712561847166672E-16, -1.286666949968137130, 0.01723875121984944428 ) ) ;
#287 = CARTESIAN_POINT ( 'NONE',  ( 0.000000000000000000, 2.646666264563329651, 0.06500966882615095976 ) ) ;
#288 = EDGE_LOOP ( 'NONE', ( #72, #204, #1183, #1406 ) ) ;
#289 = CARTESIAN_POINT ( 'NONE',  ( -3.719998749600265775, 1.859999374800132221, 0.05170374103975021451 ) ) ;
#290 = CARTESIAN_POINT ( 'NONE',  ( 5.045542365732312307E-16, -4.119998002073099741, 0.02195996465579681811 ) ) ;
#291 = CARTESIAN_POINT ( 'NONE',  ( 3.012631512970586720E-16, -2.460000316065087844, 0.04623812896590288879 ) ) ;
#292 = CARTESIAN_POINT ( 'NONE',  ( 2.939151948379975807E-16, -2.399999698220195654, 0.04021287948577149246 ) ) ;
#293 = CARTESIAN_POINT ( 'NONE',  ( -6.666667575677628577, -3.333333787838816509, 0.04713697354916616955 ) ) ;
#294 = CARTESIAN_POINT ( 'NONE',  ( 0.000000000000000000, 0.8999898861892436930, 0.01799680503027069681 ) ) ;
#295 = CARTESIAN_POINT ( 'NONE',  ( 1.755326977269016616E-16, -1.433333250445061990, 0.02605413941697539218 ) ) ;
#296 = CARTESIAN_POINT ( 'NONE',  ( 0.000000000000000000, 2.713333707466005329, 0.07170361551679702017 ) ) ;
#297 = AXIS2_PLACEMENT_3D ( 'NONE', #306, #752, #426 ) ;
#298 = CARTESIAN_POINT ( 'NONE',  ( 0.000000000000000000, 0.000000000000000000, 0.000000000000000000 ) ) ;
#299 = CARTESIAN_POINT ( 'NONE',  ( 1.347123866467937450E-16, -1.100010115084494311, 0.006022762330862291638 ) ) ;
#300 = CARTESIAN_POINT ( 'NONE',  ( -9.796830056244514726E-16, 3.999859413777690609, 0.08064937024737733884 ) ) ;
#301 = CARTESIAN_POINT ( 'NONE',  ( 2.200020230168987734, 1.100010115084494311, 0.006022762330862292506 ) ) ;
#302 = CARTESIAN_POINT ( 'NONE',  ( -6.319178270347264045E-16, 2.580000321213807180, 0.05830113305439119098 ) ) ;
#303 = CARTESIAN_POINT ( 'NONE',  ( -7.658110720278569050E-16, 3.126660979153517594, 0.01790843272098607136 ) ) ;
#304 = PLANE ( 'NONE',  #577 ) ;
#305 = CARTESIAN_POINT ( 'NONE',  ( 0.000000000000000000, 4.986666768890786194, 0.1805871081412128432 ) ) ;
#306 = CARTESIAN_POINT ( 'NONE',  ( 0.000000000000000000, 0.000000000000000000, 0.1830279999999999963 ) ) ;
#307 = CARTESIAN_POINT ( 'NONE',  ( 1.665519724567905180E-16, -1.360000063469324338, 0.02163885403124054738 ) ) ;
#308 = CARTESIAN_POINT ( 'NONE',  ( -8.159940576325189099, -4.079970288162596326, 0.01460570905275300133 ) ) ;
#309 = CARTESIAN_POINT ( 'NONE',  ( 0.000000000000000000, 1.579999770869625841, 0.03487358455599779555 ) ) ;
#310 = CARTESIAN_POINT ( 'NONE',  ( -7.799983823232317093, -3.899991911616161211, 0.1272712903735715995 ) ) ;
#311 = ADVANCED_FACE ( 'NONE', ( #1201 ), #1013, .T. ) ;
#312 = CARTESIAN_POINT ( 'NONE',  ( 1.224645186011966221E-16, -0.9999986827749942631, 0.01002360122665234103 ) ) ;
#313 = APPLICATION_PROTOCOL_DEFINITION ( 'draft international standard', 'automotive_design', 1998, #779 ) ;
#314 = ORIENTED_EDGE ( 'NONE', *, *, #983, .F. ) ;
#315 = CARTESIAN_POINT ( 'NONE',  ( 2.188035906103467558E-16, -1.786666904798071887, 0.04729198496370289745 ) ) ;
#316 = CARTESIAN_POINT ( 'NONE',  ( 0.000000000000000000, 1.160004026646760389, 0.009625693684403729272 ) ) ;
#317 = CARTESIAN_POINT ( 'NONE',  ( 0.000000000000000000, 3.999581456668849011, 0.03990426394356526296 ) ) ;
#318 = CARTESIAN_POINT ( 'NONE',  ( -7.706663406516183201, -3.853331703258093821, 0.1206793930196753684 ) ) ;
#319 = CARTESIAN_POINT ( 'NONE',  ( 0.000000000000000000, 4.559999512818025735, 0.1024983444323635806 ) ) ;
#320 = CARTESIAN_POINT ( 'NONE',  ( 1.012375673530347459E-16, -0.8266674719888238432, 0.01654096723673319225 ) ) ;
#321 = CARTESIAN_POINT ( 'NONE',  ( -2.971806735717363248E-16, 1.213332177810961809, 0.01282053067785118156 ) ) ;
#322 = CARTESIAN_POINT ( 'NONE',  ( 2.239994662832323513, -1.119997331416161757, 0.007210755109474342034 ) ) ;
#323 = CARTESIAN_POINT ( 'NONE',  ( 8.000279575115406772, -4.000139787557703386, 0.06077559769767195558 ) ) ;
#324 = CARTESIAN_POINT ( 'NONE',  ( -7.613332414244224466, 3.806666207122110901, 0.1140814044915397923 ) ) ;
#325 = CARTESIAN_POINT ( 'NONE',  ( 3.502489041951737547E-16, -2.859999343802888117, 0.08645085780441820467 ) ) ;
#326 = CARTESIAN_POINT ( 'NONE',  ( 0.000000000000000000, 3.673332865144897319, 0.09522731195050512798 ) ) ;
#327 = CARTESIAN_POINT ( 'NONE',  ( -1.719998546675086892, 0.8599992733375432241, 0.01720629417725801774 ) ) ;
#328 = CARTESIAN_POINT ( 'NONE',  ( -3.988267637202859373, -1.994133818601430574, -0.006500553879172944576 ) ) ;
#329 = CARTESIAN_POINT ( 'NONE',  ( 0.000000000000000000, 1.506666825055213765, 0.03045808037249523800 ) ) ;
#330 = CARTESIAN_POINT ( 'NONE',  ( 8.239996004146197706, -4.119998002073098853, 0.02195996465579681811 ) ) ;
#331 = CARTESIAN_POINT ( 'NONE',  ( 3.672009170750406930E-16, -2.998423033732666720, 0.07867461601724909381 ) ) ;
#332 = CARTESIAN_POINT ( 'NONE',  ( 4.000512515284015700E-16, -3.266666371127845636, 0.03771634060165437313 ) ) ;
#333 = CARTESIAN_POINT ( 'NONE',  ( -5.000000000000000000, 0.000000000000000000, 0.000000000000000000 ) ) ;
#334 = CARTESIAN_POINT ( 'NONE',  ( 1.176304627900232484E-16, -0.9605256215255055796, 0.01974303830669252996 ) ) ;
#335 = CARTESIAN_POINT ( 'NONE',  ( 2.456500958207814623E-16, -2.005885255992279514, 0.06637312590011149038 ) ) ;
#336 = CARTESIAN_POINT ( 'NONE',  ( 3.719998749600265775, -1.859999374800132665, 0.05170374103975021451 ) ) ;
#337 = CARTESIAN_POINT ( 'NONE',  ( 4.900466288488786470E-16, -4.001534394978765619, 0.02204369088268981133 ) ) ;
#338 = CARTESIAN_POINT ( 'NONE',  ( 6.001049863686357178, -3.000524931843178589, 0.06090004020954543212 ) ) ;
#339 = CARTESIAN_POINT ( 'NONE',  ( 2.188035906103467558E-16, -1.786666904798071887, 0.04729198496370289745 ) ) ;
#340 = APPLICATION_PROTOCOL_DEFINITION ( 'draft international standard', 'automotive_design', 1998, #1275 ) ;
#341 = CARTESIAN_POINT ( 'NONE',  ( -1.999997365549988970, 0.9999986827749939300, 0.01002360122665234103 ) ) ;
#342 = CARTESIAN_POINT ( 'NONE',  ( -4.751352472477153144E-16, 1.939886861985525401, 0.05639225568729999694 ) ) ;
#343 = CARTESIAN_POINT ( 'NONE',  ( 3.760004354883012656, 1.880002177441506772, 0.05290831417342994891 ) ) ;
#344 = CARTESIAN_POINT ( 'NONE',  ( 8.043103902560568841, 4.021551951280285309, 0.005523340545675854175 ) ) ;
#345 = CARTESIAN_POINT ( 'NONE',  ( 6.079167650833947611, -3.039583825416973806, 0.005178449241797977373 ) ) ;
#346 = CARTESIAN_POINT ( 'NONE',  ( 4.588343951273899926E-16, -3.746667165152012480, 0.1055914647727872885 ) ) ;
#347 = CARTESIAN_POINT ( 'NONE',  ( 2.451687285892201686E-16, -2.001954594254573561, 0.02218275820918632138 ) ) ;
#348 = CARTESIAN_POINT ( 'NONE',  ( 5.584388807486084521E-16, -4.559999512818025735, 0.1024983444323635806 ) ) ;
#349 = CARTESIAN_POINT ( 'NONE',  ( -6.001049863686357178, -3.000524931843180365, 0.06090004020954543212 ) ) ;
#350 = CARTESIAN_POINT ( 'NONE',  ( 4.163798604593230372E-16, -3.399999581505646518, 0.05657174563238588638 ) ) ;
#351 = CARTESIAN_POINT ( 'NONE',  ( 2.604408499099054213E-16, -2.126660928614148016, 0.01272794395549199480 ) ) ;
#352 = EDGE_CURVE ( 'NONE', #511, #1324, #1211, .T. ) ;
#353 = CARTESIAN_POINT ( 'NONE',  ( 4.003909188509146233, 2.001954594254573561, 0.02218275820918632138 ) ) ;
#354 = CARTESIAN_POINT ( 'NONE',  ( 0.000000000000000000, 0.4133331528312617631, 0.008278680502871631555 ) ) ;
#355 = CARTESIAN_POINT ( 'NONE',  ( -1.182192224660865522E-15, 4.826666045605777278, 0.1513063934946973776 ) ) ;
#356 = CARTESIAN_POINT ( 'NONE',  ( 3.576005247930247272E-16, -2.920029881611580613, 0.09251445599671229147 ) ) ;
#357 = CARTESIAN_POINT ( 'NONE',  ( 3.722416602536964907E-16, -3.039583825416974694, 0.005178449241797977373 ) ) ;
#358 = CARTESIAN_POINT ( 'NONE',  ( 1.266663276731748722, -0.6333316383658743609, 0.01267239122632485629 ) ) ;
#359 = CARTESIAN_POINT ( 'NONE',  ( 3.666667599597205562, 1.833333799798603003, 0.05009970479264580501 ) ) ;
#360 = DIRECTION ( 'NONE',  ( -0.000000000000000000, -0.000000000000000000, -1.000000000000000000 ) ) ;
#361 = CARTESIAN_POINT ( 'NONE',  ( 5.000000000000000000, 6.123233995736766282E-16, 0.000000000000000000 ) ) ;
#362 = CARTESIAN_POINT ( 'NONE',  ( -5.988494786160825534, -2.994247393080414099, -0.006654079028067157349 ) ) ;
#363 = CARTESIAN_POINT ( 'NONE',  ( 0.000000000000000000, 3.978453086333693545, 0.1368115257866065471 ) ) ;
#364 = CARTESIAN_POINT ( 'NONE',  ( 2.497761150488308326E-16, -2.039576759786859927, 0.003553993911679771689 ) ) ;
#365 = CARTESIAN_POINT ( 'NONE',  ( 6.106905496936575712E-16, -4.986666768890786194, 0.1805871081412128432 ) ) ;
#366 = CARTESIAN_POINT ( 'NONE',  ( 4.799999396440390420, -2.399999698220195210, 0.04021287948577148552 ) ) ;
#367 = CARTESIAN_POINT ( 'NONE',  ( 0.000000000000000000, 1.021962322721267746, 0.003289482911669367425 ) ) ;
#368 = CARTESIAN_POINT ( 'NONE',  ( -5.000000000000000000, 0.000000000000000000, 0.1830279999999999963 ) ) ;
#369 = CARTESIAN_POINT ( 'NONE',  ( -7.349166507087159211E-16, 3.000524931843179477, 0.06090004020954543212 ) ) ;
#370 = CARTESIAN_POINT ( 'NONE',  ( 4.899104654411604252E-16, -4.000422536377469029, 0.1015028973594672979 ) ) ;
#371 = CARTESIAN_POINT ( 'NONE',  ( 4.872199837736466576E-16, -3.978453086333693545, 0.1368115257866065471 ) ) ;
#372 = CARTESIAN_POINT ( 'NONE',  ( 2.604408499099054213E-16, -2.126660928614148016, 0.01272794395549199480 ) ) ;
#373 = CARTESIAN_POINT ( 'NONE',  ( 0.000000000000000000, 3.100008119322611666, 0.01415073452219330064 ) ) ;
#374 = CARTESIAN_POINT ( 'NONE',  ( -5.000000000000000000, 0.000000000000000000, 0.5500948670501166760 ) ) ;
#375 = CARTESIAN_POINT ( 'NONE',  ( 3.600325294245656522E-16, -2.939888706484468539, 0.09437052888176981902 ) ) ;
#376 = CARTESIAN_POINT ( 'NONE',  ( 3.461669290571493765E-16, -2.826667487296453896, 0.08309889072462652015 ) ) ;
#377 = CARTESIAN_POINT ( 'NONE',  ( -7.213334280656448882, 3.606667140328223109, 0.08579264597929836533 ) ) ;
#378 = CARTESIAN_POINT ( 'NONE',  ( 4.327084782451282932E-16, -3.533332864189060896, 0.07542833010542988881 ) ) ;
#379 = CARTESIAN_POINT ( 'NONE',  ( 4.924980724740194259E-16, -4.021551951280285309, 0.005523340545675854175 ) ) ;
#380 = CARTESIAN_POINT ( 'NONE',  ( 0.000000000000000000, 2.126660928614148016, 0.01272794395549199480 ) ) ;
#381 = CARTESIAN_POINT ( 'NONE',  ( 0.000000000000000000, 3.206666514938462775, 0.02922458077260838699 ) ) ;
#382 = CARTESIAN_POINT ( 'NONE',  ( -9.653332091211554555, 4.826666045605774613, 0.1513063934946973776 ) ) ;
#383 = CARTESIAN_POINT ( 'NONE',  ( 5.719998687605775345, -2.859999343802887228, 0.08645085780441820467 ) ) ;
#384 = CARTESIAN_POINT ( 'NONE',  ( -5.306808578275316167E-16, 2.166669027335115683, 0.01675789129422766699 ) ) ;
#385 = CARTESIAN_POINT ( 'NONE',  ( -7.592830041318484521E-16, 3.100008119322611666, 0.01415073452219330064 ) ) ;
#386 = CARTESIAN_POINT ( 'NONE',  ( 4.498535335502474596E-16, -3.673332865144897319, 0.09522731195050512798 ) ) ;
#387 = CARTESIAN_POINT ( 'NONE',  ( 5.021061494391865464E-16, -4.100007853601319141, 0.01831306800635097015 ) ) ;
#388 =( GEOMETRIC_REPRESENTATION_CONTEXT ( 3 ) GLOBAL_UNCERTAINTY_ASSIGNED_CONTEXT ( ( #547 ) ) GLOBAL_UNIT_ASSIGNED_CONTEXT ( ( #1322, #953, #63 ) ) REPRESENTATION_CONTEXT ( 'NONE', 'WORKASPACE' ) );
#389 = CARTESIAN_POINT ( 'NONE',  ( 0.000000000000000000, 1.726666436952790651, 0.04369116875449340770 ) ) ;
#390 = CARTESIAN_POINT ( 'NONE',  ( -8.079168522552082621, -4.039584261276043087, 0.006821637958787194790 ) ) ;
#391 = CARTESIAN_POINT ( 'NONE',  ( 3.404517699871976425E-16, -2.779999671939970440, 0.07841175950733833555 ) ) ;
#392 = CARTESIAN_POINT ( 'NONE',  ( 2.604408499099054213E-16, -2.126660928614148016, 0.01272794395549199480 ) ) ;
#393 = CARTESIAN_POINT ( 'NONE',  ( -8.833786737985797419E-16, 3.606667140328225329, 0.08579264597929835146 ) ) ;
#394 = CARTESIAN_POINT ( 'NONE',  ( 7.879777664320378072, -3.939888832160189036, 0.1328094727199127245 ) ) ;
#395 = CARTESIAN_POINT ( 'NONE',  ( 1.879718292999136064, 0.9398591464995683653, 0.01866497635518359413 ) ) ;
#396 = CARTESIAN_POINT ( 'NONE',  ( 1.102169733386647851E-16, -0.8999898861892436930, 0.01799680503027069681 ) ) ;
#397 = CARTESIAN_POINT ( 'NONE',  ( 0.000000000000000000, 2.960415124987529456, 0.09696141003629454858 ) ) ;
#398 = VERTEX_POINT ( 'NONE', #474 ) ;
#399 = CARTESIAN_POINT ( 'NONE',  ( -9.849961449480388518E-16, 4.021551951280285309, 0.005523340545675854175 ) ) ;
#400 = CARTESIAN_POINT ( 'NONE',  ( 5.840059763223161227, 2.920029881611580613, 0.09251445599671227760 ) ) ;
#401 = CARTESIAN_POINT ( 'NONE',  ( -4.559999846444811489, 2.279999923222404412, 0.02815001261869969421 ) ) ;
#402 = CARTESIAN_POINT ( 'NONE',  ( -6.320001965152882484, 3.160000982576439910, 0.02262982988928384162 ) ) ;
#403 = CARTESIAN_POINT ( 'NONE',  ( 0.000000000000000000, 0.9605256215255055796, 0.01974303830669252996 ) ) ;
#404 = DIRECTION ( 'NONE',  ( -1.000000000000000000, 0.000000000000000000, 0.000000000000000000 ) ) ;
#405 = CARTESIAN_POINT ( 'NONE',  ( 0.000000000000000000, 2.060113467991496083, 0.006155774431637004926 ) ) ;
#406 = VERTEX_POINT ( 'NONE', #374 ) ;
#407 = CARTESIAN_POINT ( 'NONE',  ( 1.420595218230996058E-16, -1.160004026646760389, 0.009625693684403729272 ) ) ;
#408 = CARTESIAN_POINT ( 'NONE',  ( -8.320005846754375156, 4.160002923377185802, 0.02929030081240847558 ) ) ;
#409 = CARTESIAN_POINT ( 'NONE',  ( 5.760004444762605758, -2.880002222381302879, 0.08846287387587375983 ) ) ;
#410 = CARTESIAN_POINT ( 'NONE',  ( 2.865673818348148026E-16, -2.340000251781445773, 0.03417509093049642122 ) ) ;
#411 = CARTESIAN_POINT ( 'NONE',  ( 3.796415020659242260E-16, -3.100008119322611666, 0.01415073452219330064 ) ) ;
#412 = CARTESIAN_POINT ( 'NONE',  ( 1.877792760641048954E-17, -0.1533334151486323294, 0.003063581008817442119 ) ) ;
#413 = CARTESIAN_POINT ( 'NONE',  ( 0.000000000000000000, 4.353333604442363836, 0.06466783893558912533 ) ) ;
#414 = ORIENTED_EDGE ( 'NONE', *, *, #550, .F. ) ;
#415 = CARTESIAN_POINT ( 'NONE',  ( -2.426664355621923175, -1.213332177810962031, 0.01282053067785118156 ) ) ;
#416 = CARTESIAN_POINT ( 'NONE',  ( -7.999162913337696246, -3.999581456668850343, 0.03990426394356526296 ) ) ;
#417 = CARTESIAN_POINT ( 'NONE',  ( 3.013333650110427087, -1.506666825055213543, 0.03045808037249523800 ) ) ;
#418 = CARTESIAN_POINT ( 'NONE',  ( -7.999718827555379441, -3.999859413777691053, 0.08064937024737732496 ) ) ;
#419 = CARTESIAN_POINT ( 'NONE',  ( 0.000000000000000000, 0.000000000000000000, 0.5500948670501166760 ) ) ;
#420 = CARTESIAN_POINT ( 'NONE',  ( -0.3066668302972646032, -0.1533334151486323571, 0.003063581008817442119 ) ) ;
#421 = CARTESIAN_POINT ( 'NONE',  ( -3.306667094441504418, 1.653333547220751543, 0.03927508537421491724 ) ) ;
#422 = CARTESIAN_POINT ( 'NONE',  ( 1.224645186011966221E-16, -0.9999986827749942631, 0.01002360122665234103 ) ) ;
#423 = CARTESIAN_POINT ( 'NONE',  ( 8.853332310049225384, 4.426666155024613580, 0.07809505040055281233 ) ) ;
#424 = CARTESIAN_POINT ( 'NONE',  ( -7.493334330304024071, 3.746667165152010703, 0.1055914647727872885 ) ) ;
#425 = CARTESIAN_POINT ( 'NONE',  ( 0.000000000000000000, 0.000000000000000000, 0.000000000000000000 ) ) ;
#426 = DIRECTION ( 'NONE',  ( -1.000000000000000000, 0.000000000000000000, 0.000000000000000000 ) ) ;
#427 = CARTESIAN_POINT ( 'NONE',  ( -2.841190436461992115E-16, 1.160004026646760389, 0.009625693684403729272 ) ) ;
#428 = CARTESIAN_POINT ( 'NONE',  ( 1.995128937203050956, 0.9975644686015257001, -0.005942426720707065860 ) ) ;
#429 = CARTESIAN_POINT ( 'NONE',  ( 8.120222576279195081, -4.060111288139597541, 0.01111614888771755502 ) ) ;
#430 = CARTESIAN_POINT ( 'NONE',  ( -7.613332414244221802, -3.806666207122113565, 0.1140814044915397923 ) ) ;
#431 = CARTESIAN_POINT ( 'NONE',  ( 3.600325294245656522E-16, -2.939888706484468539, 0.09437052888176981902 ) ) ;
#432 = CARTESIAN_POINT ( 'NONE',  ( 0.000000000000000000, 4.953332952405827605, 0.1744887479591511192 ) ) ;
#433 = CARTESIAN_POINT ( 'NONE',  ( -2.043924645442535049, -1.021962322721268190, 0.003289482911669366991 ) ) ;
#434 = CARTESIAN_POINT ( 'NONE',  ( 2.277842280765061599E-16, -1.859999374800133110, 0.05170374103975021451 ) ) ;
#435 = CARTESIAN_POINT ( 'NONE',  ( 1.251542887369795197E-16, -1.021962322721267746, 0.003289482911669367425 ) ) ;
#436 = CARTESIAN_POINT ( 'NONE',  ( 8.159940576325189099, -4.079970288162594549, 0.01460570905275300133 ) ) ;
#437 = CARTESIAN_POINT ( 'NONE',  ( 4.872199837736466576E-16, -3.978453086333693545, 0.1368115257866065471 ) ) ;
#438 = CARTESIAN_POINT ( 'NONE',  ( 5.988494786160825534, 2.994247393080413655, -0.006654079028067157349 ) ) ;
#439 = CARTESIAN_POINT ( 'NONE',  ( 3.796415020659242260E-16, -3.100008119322611666, 0.01415073452219330064 ) ) ;
#440 = CARTESIAN_POINT ( 'NONE',  ( 0.000000000000000000, 3.978453086333693545, 0.1368115257866065471 ) ) ;
#441 = CARTESIAN_POINT ( 'NONE',  ( -1.799979772378486942, 0.8999898861892431379, 0.01799680503027070028 ) ) ;
#442 = CARTESIAN_POINT ( 'NONE',  ( -4.653638035251854278E-16, 1.899991915420796484, 0.05409900225266618679 ) ) ;
#443 = CARTESIAN_POINT ( 'NONE',  ( 2.442109598021730150E-16, -1.994133818601430130, -0.006500553879172944576 ) ) ;
#444 = CARTESIAN_POINT ( 'NONE',  ( 8.986667350217206973, 4.493333675108604375, 0.09029206889969022820 ) ) ;
#445 = CARTESIAN_POINT ( 'NONE',  ( 3.869885088614729735E-16, -3.160000982576441242, 0.02262982988928384162 ) ) ;
#446 = CARTESIAN_POINT ( 'NONE',  ( 4.245442824777319949E-16, -3.466667146587213644, 0.06599355517678603955 ) ) ;
#447 = CARTESIAN_POINT ( 'NONE',  ( 0.000000000000000000, 0.000000000000000000, 0.000000000000000000 ) ) ;
#448 = CARTESIAN_POINT ( 'NONE',  ( -2.545977411400865782E-16, 1.039474162335407348, 0.001846016792939175494 ) ) ;
#449 = CARTESIAN_POINT ( 'NONE',  ( -3.760004354883012656, 1.880002177441505662, 0.05290831417342994891 ) ) ;
#450 = CARTESIAN_POINT ( 'NONE',  ( 3.573333809596143329, -1.786666904798071220, 0.04729198496370290439 ) ) ;
#451 = CARTESIAN_POINT ( 'NONE',  ( 8.003068789957529461, -4.001534394978764730, 0.02204369088268981133 ) ) ;
#452 = CARTESIAN_POINT ( 'NONE',  ( 3.700335059041490115E-16, -3.021552876811344657, 0.004615305901623967429 ) ) ;
#453 = CARTESIAN_POINT ( 'NONE',  ( 2.475720659471419219E-16, -2.021579333073921791, 0.003754239963340379183 ) ) ;
#454 = CARTESIAN_POINT ( 'NONE',  ( -2.004882966243708875, -1.002441483121854882, 0.02582004121374778874 ) ) ;
#455 = CARTESIAN_POINT ( 'NONE',  ( 0.000000000000000000, 1.994133818601430130, -0.006500553879172944576 ) ) ;
#456 = CARTESIAN_POINT ( 'NONE',  ( 9.906665904811653434, -4.953332952405826717, 0.1744887479591511470 ) ) ;
#457 = CARTESIAN_POINT ( 'NONE',  ( 6.799999163011291259, -3.399999581505645629, 0.05657174563238588638 ) ) ;
#458 = CARTESIAN_POINT ( 'NONE',  ( 3.927033883452387063E-16, -3.206666514938462775, 0.02922458077260838699 ) ) ;
#459 = CARTESIAN_POINT ( 'NONE',  ( 3.453332873905579969, 1.726666436952790651, 0.04369116875449341464 ) ) ;
#460 = CARTESIAN_POINT ( 'NONE',  ( 0.000000000000000000, 4.693332677377318518, 0.1269029190099129623 ) ) ;
#461 = CARTESIAN_POINT ( 'NONE',  ( -5.426667414932010658, 2.713333707466003997, 0.07170361551679703405 ) ) ;
#462 = CARTESIAN_POINT ( 'NONE',  ( 6.200016238645220668, 3.100008119322611666, 0.01415073452219330237 ) ) ;
#463 = CARTESIAN_POINT ( 'NONE',  ( 0.000000000000000000, 0.6333316383658744719, 0.01267239122632485802 ) ) ;
#464 = CARTESIAN_POINT ( 'NONE',  ( 0.000000000000000000, 2.001954594254573561, 0.02218275820918632138 ) ) ;
#465 = CARTESIAN_POINT ( 'NONE',  ( 9.973333537781570612, 4.986666768890786194, 0.1805871081412128432 ) ) ;
#466 = PRODUCT_DEFINITION_CONTEXT ( 'detailed design', #1275, 'design' ) ;
#467 = CARTESIAN_POINT ( 'NONE',  ( -9.999999999999998224, -5.000000000000000888, 0.1830279999999999963 ) ) ;
#468 = CARTESIAN_POINT ( 'NONE',  ( -7.351716363898372055E-16, 3.001565989890686570, 0.02190660233656128997 ) ) ;
#469 = CARTESIAN_POINT ( 'NONE',  ( 7.840059743357252309, -3.920029871678626154, 0.1301418172253694105 ) ) ;
#470 = CARTESIAN_POINT ( 'NONE',  ( -4.702717875178186137E-16, 1.920030280752132557, 0.05534368408391256156 ) ) ;
#471 = CARTESIAN_POINT ( 'NONE',  ( 4.898758386974516523E-16, -4.000139787557704274, 0.06077559769767195558 ) ) ;
#472 = CARTESIAN_POINT ( 'NONE',  ( 2.865673818348148026E-16, -2.340000251781445773, 0.03417509093049642122 ) ) ;
#473 = CARTESIAN_POINT ( 'NONE',  ( 0.000000000000000000, 0.9780383605037371586, 0.01761087005838728875 ) ) ;
#474 = CARTESIAN_POINT ( 'NONE',  ( 5.000000000000000000, 6.123233995736766282E-16, 0.5500948670501166760 ) ) ;
#475 = CARTESIAN_POINT ( 'NONE',  ( 3.681022229132350724E-16, -3.005782754419659586, 0.1069158806749541807 ) ) ;
#476 = CARTESIAN_POINT ( 'NONE',  ( 7.493334330304024071, 3.746667165152012924, 0.1055914647727872885 ) ) ;
#477 = CLOSED_SHELL ( 'NONE', ( #311, #1041, #990, #719, #683 ) ) ;
#478 = CARTESIAN_POINT ( 'NONE',  ( 0.000000000000000000, 0.8266674719888238432, 0.01654096723673319225 ) ) ;
#479 = CARTESIAN_POINT ( 'NONE',  ( 4.253321857228295144, -2.126660928614147572, 0.01272794395549199133 ) ) ;
#480 = CARTESIAN_POINT ( 'NONE',  ( 6.106905496936575712E-16, -4.986666768890786194, 0.1805871081412128432 ) ) ;
#481 = CARTESIAN_POINT ( 'NONE',  ( 5.666033355928748898E-16, -4.626667345943061171, 0.1146939484524958086 ) ) ;
#482 = CARTESIAN_POINT ( 'NONE',  ( 0.000000000000000000, 3.005782754419659586, 0.1069158806749541807 ) ) ;
#483 = CARTESIAN_POINT ( 'NONE',  ( -6.001049863686358066, 3.000524931843177701, 0.06090004020954543212 ) ) ;
#484 = CARTESIAN_POINT ( 'NONE',  ( -8.327597209186460743E-16, 3.399999581505646518, 0.05657174563238588638 ) ) ;
#485 = CARTESIAN_POINT ( 'NONE',  ( 7.706663406516184978, -3.853331703258091601, 0.1206793930196753684 ) ) ;
#486 = CARTESIAN_POINT ( 'NONE',  ( 5.829319441637553094E-16, -4.760000553380902666, 0.1390983093802069248 ) ) ;
#487 = CARTESIAN_POINT ( 'NONE',  ( 2.653404289137658084E-16, -2.166669027335115683, 0.01675789129422766699 ) ) ;
#488 = CARTESIAN_POINT ( 'NONE',  ( 0.000000000000000000, 2.100008223613726521, 0.01006050203778115562 ) ) ;
#489 = CARTESIAN_POINT ( 'NONE',  ( -9.386665354754637036, -4.693332677377320294, 0.1269029190099129345 ) ) ;
#490 = CARTESIAN_POINT ( 'NONE',  ( 0.000000000000000000, 2.998423033732666720, 0.07867461601724909381 ) ) ;
#491 = CARTESIAN_POINT ( 'NONE',  ( -5.879777412968936190, 2.939888706484467207, 0.09437052888176981902 ) ) ;
#492 = CARTESIAN_POINT ( 'NONE',  ( -6.120223197521737823, 3.060111598760867579, 0.008612874036581246243 ) ) ;
#493 = CARTESIAN_POINT ( 'NONE',  ( 7.879777664320378072, 3.939888832160189924, 0.1328094727199127245 ) ) ;
#494 = CARTESIAN_POINT ( 'NONE',  ( 4.972202293202197038E-16, -4.060111288139599317, 0.01111614888771755502 ) ) ;
#495 = CARTESIAN_POINT ( 'NONE',  ( 0.000000000000000000, 1.286666949968137130, 0.01723875121984944428 ) ) ;
#496 = CARTESIAN_POINT ( 'NONE',  ( -8.573332874721101504, 4.286666437360548976, 0.05247197203524998216 ) ) ;
#497 = CARTESIAN_POINT ( 'NONE',  ( 0.000000000000000000, 2.460000316065087844, 0.04623812896590288879 ) ) ;
#498 = CARTESIAN_POINT ( 'NONE',  ( -4.253321857228296032, 2.126660928614147128, 0.01272794395549199133 ) ) ;
#499 = CARTESIAN_POINT ( 'NONE',  ( -7.066665728378120903, -3.533332864189061784, 0.07542833010542988881 ) ) ;
#500 = CARTESIAN_POINT ( 'NONE',  ( 8.011550530759405930, 4.005775265379703853, 0.1480704702071055645 ) ) ;
#501 = CARTESIAN_POINT ( 'NONE',  ( 1.227636753637705116E-16, -1.002441483121854660, 0.02582004121374779221 ) ) ;
#502 = CARTESIAN_POINT ( 'NONE',  ( 0.000000000000000000, 2.079969535741410080, 0.008008926834771647185 ) ) ;
#503 = CARTESIAN_POINT ( 'NONE',  ( -0.1200000162753415006, 0.06000000813767072949, 0.001199926957764589240 ) ) ;
#504 = CARTESIAN_POINT ( 'NONE',  ( -1.018906852911501007E-15, 4.160002923377187578, 0.02929030081240847905 ) ) ;
#505 = CARTESIAN_POINT ( 'NONE',  ( 3.526985503176526982E-16, -2.880002222381303323, 0.08846287387587375983 ) ) ;
#506 = CARTESIAN_POINT ( 'NONE',  ( -5.039999359710754412, 2.519999679855375874, 0.05227586859974641537 ) ) ;
#507 = CARTESIAN_POINT ( 'NONE',  ( 3.829055360139284525E-16, -3.126660979153517594, 0.01790843272098607136 ) ) ;
#508 = CARTESIAN_POINT ( 'NONE',  ( 0.000000000000000000, 0.9200377518130171683, 0.01844505483034281773 ) ) ;
#509 = FACE_OUTER_BOUND ( 'NONE', #1294, .T. ) ;
#510 = CARTESIAN_POINT ( 'NONE',  ( 0.000000000000000000, 1.960422372131882973, 0.05816530021016143998 ) ) ;
#511 = VERTEX_POINT ( 'NONE', #368 ) ;
#512 = CARTESIAN_POINT ( 'NONE',  ( -3.306667094441503973, -1.653333547220752875, 0.03927508537421491724 ) ) ;
#513 = CARTESIAN_POINT ( 'NONE',  ( -9.797516773949033046E-16, 4.000139787557704274, 0.06077559769767195558 ) ) ;
#514 = CARTESIAN_POINT ( 'NONE',  ( 0.000000000000000000, 2.646666264563329651, 0.06500966882615095976 ) ) ;
#515 = CARTESIAN_POINT ( 'NONE',  ( 3.159589135173632023E-16, -2.580000321213807180, 0.05830113305439119098 ) ) ;
#516 = CARTESIAN_POINT ( 'NONE',  ( 4.498535335502474596E-16, -3.673332865144897319, 0.09522731195050512798 ) ) ;
#517 = CARTESIAN_POINT ( 'NONE',  ( 1.760005420236606666, 0.8800027101183035549, 0.01760972519811782391 ) ) ;
#518 = DIRECTION ( 'NONE',  ( -0.000000000000000000, -0.000000000000000000, -1.000000000000000000 ) ) ;
#519 = CARTESIAN_POINT ( 'NONE',  ( 0.000000000000000000, 2.998423033732666720, 0.07867461601724909381 ) ) ;
#520 = CARTESIAN_POINT ( 'NONE',  ( -1.551215127447034380E-16, 0.6333316383658744719, 0.01267239122632485802 ) ) ;
#521 = CARTESIAN_POINT ( 'NONE',  ( -2.596596399596125192E-16, 1.060140932636241207, 0.003756448750937655713 ) ) ;
#522 = CARTESIAN_POINT ( 'NONE',  ( -8.320005846754373380, -4.160002923377188466, 0.02929030081240847558 ) ) ;
#523 = CARTESIAN_POINT ( 'NONE',  ( 2.078948324670814252, 1.039474162335407348, 0.001846016792939175711 ) ) ;
#524 = EDGE_CURVE ( 'NONE', #1324, #971, #20, .T. ) ;
#525 = CARTESIAN_POINT ( 'NONE',  ( -9.798209308823208504E-16, 4.000422536377469029, 0.1015028973594672979 ) ) ;
#526 = SURFACE_STYLE_USAGE ( .BOTH. , #763 ) ;
#527 =( GEOMETRIC_REPRESENTATION_CONTEXT ( 3 ) GLOBAL_UNCERTAINTY_ASSIGNED_CONTEXT ( ( #134 ) ) GLOBAL_UNIT_ASSIGNED_CONTEXT ( ( #885, #643, #1112 ) ) REPRESENTATION_CONTEXT ( 'NONE', 'WORKASPACE' ) );
#528 = CARTESIAN_POINT ( 'NONE',  ( 0.000000000000000000, 4.213332840463470674, 0.03904143923915678188 ) ) ;
#529 = CARTESIAN_POINT ( 'NONE',  ( -1.469576358292272888E-17, 0.06000000813767076419, 0.001199926957764589240 ) ) ;
#530 = CARTESIAN_POINT ( 'NONE',  ( 1.934941662049038826E-16, -1.579999770869625841, 0.03487358455599779555 ) ) ;
#531 = CARTESIAN_POINT ( 'NONE',  ( 1.995128937203050956, -0.9975644686015254781, -0.005942426720707065860 ) ) ;
#532 = CARTESIAN_POINT ( 'NONE',  ( 8.706667208884725895, 4.353333604442364724, 0.06466783893558912533 ) ) ;
#533 = CARTESIAN_POINT ( 'NONE',  ( -9.437940672896085837E-16, 3.853331703258092933, 0.1206793930196753545 ) ) ;
#534 = DIRECTION ( 'NONE',  ( -1.000000000000000000, 0.000000000000000000, 0.000000000000000000 ) ) ;
#535 = CARTESIAN_POINT ( 'NONE',  ( 0.000000000000000000, 4.100007853601319141, 0.01831306800635097015 ) ) ;
#536 = ORIENTED_EDGE ( 'NONE', *, *, #112, .F. ) ;
#537 = CARTESIAN_POINT ( 'NONE',  ( -4.376071812206935116E-16, 1.786666904798071887, 0.04729198496370289745 ) ) ;
#538 = CARTESIAN_POINT ( 'NONE',  ( 2.573333899936273816, 1.286666949968137130, 0.01723875121984944428 ) ) ;
#539 = CARTESIAN_POINT ( 'NONE',  ( 8.079168522552082621, 4.039584261276042199, 0.006821637958787194790 ) ) ;
#540 = CARTESIAN_POINT ( 'NONE',  ( -9.552225222522593256E-16, 3.899991911616159879, 0.1272712903735715995 ) ) ;
#541 = CARTESIAN_POINT ( 'NONE',  ( 2.571768349231669179E-16, -2.100008223613726521, 0.01006050203778115562 ) ) ;
#542 = CARTESIAN_POINT ( 'NONE',  ( 6.123233995736766282E-16, -5.000000000000000000, 0.1830279999999999963 ) ) ;
#543 = CARTESIAN_POINT ( 'NONE',  ( -1.840075503626033671, -0.9200377518130173904, 0.01844505483034282120 ) ) ;
#544 = CARTESIAN_POINT ( 'NONE',  ( -3.453332873905580858, 1.726666436952789763, 0.04369116875449341464 ) ) ;
#545 = CARTESIAN_POINT ( 'NONE',  ( 2.866666500890123537, 1.433333250445061990, 0.02605413941697539565 ) ) ;
#546 = CARTESIAN_POINT ( 'NONE',  ( 4.972202293202197038E-16, -4.060111288139599317, 0.01111614888771755502 ) ) ;
#547 = UNCERTAINTY_MEASURE_WITH_UNIT (LENGTH_MEASURE( 1.000000000000000082E-05 ), #1322, 'distance_accuracy_value', 'NONE');
#548 = CARTESIAN_POINT ( 'NONE',  ( 4.800652034913240336E-16, -3.920029871678627043, 0.1301418172253694105 ) ) ;
#549 = CARTESIAN_POINT ( 'NONE',  ( 0.000000000000000000, 3.079970012856993122, 0.01128008986203059283 ) ) ;
#550 = EDGE_CURVE ( 'NONE', #398, #971, #817, .T. ) ;
#551 = CARTESIAN_POINT ( 'NONE',  ( 3.700335059041490115E-16, -3.021552876811344657, 0.004615305901623967429 ) ) ;
#552 = CARTESIAN_POINT ( 'NONE',  ( 0.000000000000000000, 3.606667140328225329, 0.08579264597929835146 ) ) ;
#553 = CARTESIAN_POINT ( 'NONE',  ( 1.077692502187376551E-16, -0.8800027101183035549, 0.01760972519811782391 ) ) ;
#554 = CARTESIAN_POINT ( 'NONE',  ( -3.799983830841592525, 1.899991915420795596, 0.05409900225266618679 ) ) ;
#555 = CARTESIAN_POINT ( 'NONE',  ( 2.200020230168987734, -1.100010115084493867, 0.006022762330862292506 ) ) ;
#556 = CARTESIAN_POINT ( 'NONE',  ( 8.706667208884725895, -4.353333604442362947, 0.06466783893558912533 ) ) ;
#557 = AXIS2_PLACEMENT_3D ( 'NONE', #29, #823, #1269 ) ;
#558 = CARTESIAN_POINT ( 'NONE',  ( 6.043105753622687537, 3.021552876811344213, 0.004615305901623968296 ) ) ;
#559 = CARTESIAN_POINT ( 'NONE',  ( 2.456500958207814623E-16, -2.005885255992279514, 0.06637312590011149038 ) ) ;
#560 = PRODUCT_DEFINITION ( 'ๆ', '', #861, #466 ) ;
#561 = CARTESIAN_POINT ( 'NONE',  ( 0.000000000000000000, 4.021551951280285309, 0.005523340545675854175 ) ) ;
#562 = CARTESIAN_POINT ( 'NONE',  ( -1.879718292999136064, -0.9398591464995685874, 0.01866497635518359413 ) ) ;
#563 = CARTESIAN_POINT ( 'NONE',  ( 2.302338648993795986E-16, -1.880002177441506772, 0.05290831417342994891 ) ) ;
#564 = CARTESIAN_POINT ( 'NONE',  ( 2.475720659471419219E-16, -2.021579333073921791, 0.003754239963340379183 ) ) ;
#565 = CARTESIAN_POINT ( 'NONE',  ( 4.898074628838614212E-16, -3.999581456668849011, 0.03990426394356526296 ) ) ;
#566 = MANIFOLD_SOLID_BREP ( '\X2\65cb8f6c\X0\6', #477 ) ;
#567 = CARTESIAN_POINT ( 'NONE',  ( 0.000000000000000000, 3.100008119322611666, 0.01415073452219330064 ) ) ;
#568 = CARTESIAN_POINT ( 'NONE',  ( 3.747555874456188433E-16, -3.060111598760869356, 0.008612874036581246243 ) ) ;
#569 = CARTESIAN_POINT ( 'NONE',  ( 1.227636753637705116E-16, -1.002441483121854660, 0.02582004121374779221 ) ) ;
#570 = CARTESIAN_POINT ( 'NONE',  ( 3.996079819582301074, 1.998039909791150759, 0.03798056701360565113 ) ) ;
#571 = CARTESIAN_POINT ( 'NONE',  ( 0.000000000000000000, 4.626667345943061171, 0.1146939484524958086 ) ) ;
#572 = CARTESIAN_POINT ( 'NONE',  ( 0.000000000000000000, 3.333333787838815621, 0.04713697354916616955 ) ) ;
#573 = CARTESIAN_POINT ( 'NONE',  ( 3.526985503176526982E-16, -2.880002222381303323, 0.08846287387587375983 ) ) ;
#574 = CARTESIAN_POINT ( 'NONE',  ( 3.879773723971049915, -1.939886861985524957, 0.05639225568730000387 ) ) ;
#575 = CARTESIAN_POINT ( 'NONE',  ( 0.000000000000000000, 1.100010115084494311, 0.006022762330862291638 ) ) ;
#576 = CARTESIAN_POINT ( 'NONE',  ( -5.996846067465332553, -2.998423033732667609, 0.07867461601724907994 ) ) ;
#577 = AXIS2_PLACEMENT_3D ( 'NONE', #656, #195, #179 ) ;
#578 = CARTESIAN_POINT ( 'NONE',  ( 5.988494786160825534, -2.994247393080412767, -0.006654079028067157349 ) ) ;
#579 = CARTESIAN_POINT ( 'NONE',  ( 5.992605740128804955E-16, -4.893333934568800281, 0.1635017149632717604 ) ) ;
#580 = CARTESIAN_POINT ( 'NONE',  ( 4.003909188509146233, -2.001954594254573117, 0.02218275820918632138 ) ) ;
#581 = CARTESIAN_POINT ( 'NONE',  ( 5.992605740128804955E-16, -4.893333934568800281, 0.1635017149632717604 ) ) ;
#582 = CARTESIAN_POINT ( 'NONE',  ( 0.000000000000000000, 0.000000000000000000, 0.1830279999999999963 ) ) ;
#583 = CARTESIAN_POINT ( 'NONE',  ( 3.674583253543579606E-16, -3.000524931843179477, 0.06090004020954543212 ) ) ;
#584 = CARTESIAN_POINT ( 'NONE',  ( 7.799983823232319757, -3.899991911616158990, 0.1272712903735715995 ) ) ;
#585 = CARTESIAN_POINT ( 'NONE',  ( -3.879773723971049915, 1.939886861985524291, 0.05639225568730000387 ) ) ;
#586 = CARTESIAN_POINT ( 'NONE',  ( 5.666033355928748898E-16, -4.626667345943061171, 0.1146939484524958086 ) ) ;
#587 = CARTESIAN_POINT ( 'NONE',  ( 3.840060561504264669, 1.920030280752132557, 0.05534368408391255462 ) ) ;
#588 = CARTESIAN_POINT ( 'NONE',  ( 9.253334691886120567, -4.626667345943060283, 0.1146939484524958086 ) ) ;
#589 = CARTESIAN_POINT ( 'NONE',  ( -1.165863888327510619E-15, 4.760000553380902666, 0.1390983093802069248 ) ) ;
#590 = CARTESIAN_POINT ( 'NONE',  ( 3.322875439866864440E-16, -2.713333707466005329, 0.07170361551679702017 ) ) ;
#591 = CARTESIAN_POINT ( 'NONE',  ( 7.760004501221576589, 3.880002250610789183, 0.1244529884150741700 ) ) ;
#592 = CARTESIAN_POINT ( 'NONE',  ( -4.801649966016343385E-16, 1.960422372131882973, 0.05816530021016143998 ) ) ;
#593 = CARTESIAN_POINT ( 'NONE',  ( 4.898415028122257363E-16, -3.999859413777690609, 0.08064937024737733884 ) ) ;
#594 = CARTESIAN_POINT ( 'NONE',  ( 4.120226935982990391, -2.060113467991495195, 0.006155774431637004926 ) ) ;
#595 = CARTESIAN_POINT ( 'NONE',  ( 0.000000000000000000, 0.9975644686015257001, -0.005942426720707064992 ) ) ;
#596 = CARTESIAN_POINT ( 'NONE',  ( 5.502746702722765377E-16, -4.493333675108604375, 0.09029206889969022820 ) ) ;
#597 = CARTESIAN_POINT ( 'NONE',  ( 0.000000000000000000, 2.978450953469130802, 0.09680184105483294332 ) ) ;
#598 = CARTESIAN_POINT ( 'NONE',  ( -5.996846067465332553, 2.998423033732665388, 0.07867461601724907994 ) ) ;
#599 = CARTESIAN_POINT ( 'NONE',  ( -6.320001965152880707, -3.160000982576442574, 0.02262982988928384162 ) ) ;
#600 = CARTESIAN_POINT ( 'NONE',  ( 7.613332414244224466, -3.806666207122111345, 0.1140814044915397923 ) ) ;
#601 = CARTESIAN_POINT ( 'NONE',  ( 5.747674840683810358E-16, -4.693332677377318518, 0.1269029190099129623 ) ) ;
#602 = CARTESIAN_POINT ( 'NONE',  ( 2.718715237442792200E-16, -2.219999463792881045, 0.02211162443390795457 ) ) ;
#603 = CARTESIAN_POINT ( 'NONE',  ( 0.000000000000000000, 3.333333787838815621, 0.04713697354916616955 ) ) ;
#604 = CARTESIAN_POINT ( 'NONE',  ( 6.066083345274905742E-16, -4.953332952405827605, 0.1744887479591511192 ) ) ;
#605 = CARTESIAN_POINT ( 'NONE',  ( 5.426667414932009770, -2.713333707466004441, 0.07170361551679703405 ) ) ;
#606 = CARTESIAN_POINT ( 'NONE',  ( -5.840059763223161227, -2.920029881611581946, 0.09251445599671227760 ) ) ;
#607 = CARTESIAN_POINT ( 'NONE',  ( -6.043105753622688425, 3.021552876811342880, 0.004615305901623968296 ) ) ;
#608 = CARTESIAN_POINT ( 'NONE',  ( 4.751632336895029707E-16, -3.880002250610789183, 0.1244529884150741700 ) ) ;
#609 = CARTESIAN_POINT ( 'NONE',  ( 0.000000000000000000, 0.000000000000000000, 0.5500948670501166760 ) ) ;
#610 = CARTESIAN_POINT ( 'NONE',  ( 0.000000000000000000, 2.994247393080413655, -0.006654079028067157349 ) ) ;
#611 = CARTESIAN_POINT ( 'NONE',  ( -1.066259212860190180E-15, 4.353333604442363836, 0.06466783893558912533 ) ) ;
#612 = CARTESIAN_POINT ( 'NONE',  ( 5.293332529126658414, -2.646666264563329207, 0.06500966882615095976 ) ) ;
#613 = CARTESIAN_POINT ( 'NONE',  ( 2.718715237442792200E-16, -2.219999463792881045, 0.02211162443390795457 ) ) ;
#614 = CARTESIAN_POINT ( 'NONE',  ( -8.490885649554639898E-16, 3.466667146587213644, 0.06599355517678603955 ) ) ;
#615 = CARTESIAN_POINT ( 'NONE',  ( 0.000000000000000000, 3.960414518939680217, 0.1362422487190793619 ) ) ;
#616 = CARTESIAN_POINT ( 'NONE',  ( 2.004882966243708875, -1.002441483121854437, 0.02582004121374778874 ) ) ;
#617 = CARTESIAN_POINT ( 'NONE',  ( 0.000000000000000000, 1.859999374800133110, 0.05170374103975021451 ) ) ;
#618 = CARTESIAN_POINT ( 'NONE',  ( -3.755585521282097908E-17, 0.1533334151486323294, 0.003063581008817442119 ) ) ;
#619 = CARTESIAN_POINT ( 'NONE',  ( -8.120222576279195081, -4.060111288139599317, 0.01111614888771755502 ) ) ;
#620 = CARTESIAN_POINT ( 'NONE',  ( 0.000000000000000000, 2.899991932506718939, 0.09046366333174163388 ) ) ;
#621 = CARTESIAN_POINT ( 'NONE',  ( -4.920000632130174800, 2.460000316065086512, 0.04623812896590288879 ) ) ;
#622 = CARTESIAN_POINT ( 'NONE',  ( -7.066665728378120903, 3.533332864189059119, 0.07542833010542988881 ) ) ;
#623 = CARTESIAN_POINT ( 'NONE',  ( 4.891564444662604526E-16, -3.994265487868259079, -0.006922697092031676776 ) ) ;
#624 = CARTESIAN_POINT ( 'NONE',  ( 1.012375673530347459E-16, -0.8266674719888238432, 0.01654096723673319225 ) ) ;
#625 = CIRCLE ( 'NONE', #1021, 5.000000000000000000 ) ;
#626 = DIRECTION ( 'NONE',  ( -0.000000000000000000, -0.000000000000000000, -1.000000000000000000 ) ) ;
#627 = CARTESIAN_POINT ( 'NONE',  ( 0.000000000000000000, 2.001954594254573561, 0.02218275820918632138 ) ) ;
#628 = ORIENTED_EDGE ( 'NONE', *, *, #786, .F. ) ;
#629 = CARTESIAN_POINT ( 'NONE',  ( -2.200020230168987734, -1.100010115084494533, 0.006022762330862292506 ) ) ;
#630 = CARTESIAN_POINT ( 'NONE',  ( 4.891564444662604526E-16, -3.994265487868259079, -0.006922697092031676776 ) ) ;
#631 = CARTESIAN_POINT ( 'NONE',  ( 5.920830249975058024, 2.960415124987529456, 0.09696141003629456245 ) ) ;
#632 = CARTESIAN_POINT ( 'NONE',  ( -4.920000632130173912, -2.460000316065087844, 0.04623812896590288879 ) ) ;
#633 = CARTESIAN_POINT ( 'NONE',  ( 3.869885088614729735E-16, -3.160000982576441242, 0.02262982988928384162 ) ) ;
#634 = CARTESIAN_POINT ( 'NONE',  ( 0.000000000000000000, 0.9780383605037371586, 0.01761087005838728875 ) ) ;
#635 = FILL_AREA_STYLE_COLOUR ( '', #156 ) ;
#636 = CARTESIAN_POINT ( 'NONE',  ( 0.000000000000000000, 3.060111598760869356, 0.008612874036581246243 ) ) ;
#637 = CARTESIAN_POINT ( 'NONE',  ( -2.239994662832323513, -1.119997331416162423, 0.007210755109474342034 ) ) ;
#638 = CARTESIAN_POINT ( 'NONE',  ( -8.200015707202636506, -4.100007853601320029, 0.01831306800635097362 ) ) ;
#639 = CARTESIAN_POINT ( 'NONE',  ( 2.720000126938648233, -1.360000063469323894, 0.02163885403124055085 ) ) ;
#640 = CARTESIAN_POINT ( 'NONE',  ( 2.547228034269724181E-16, -2.079969535741410080, 0.008008926834771647185 ) ) ;
#641 = CARTESIAN_POINT ( 'NONE',  ( -8.000845072754938059, 4.000422536377467253, 0.1015028973594672979 ) ) ;
#642 = CARTESIAN_POINT ( 'NONE',  ( 5.061871225962884462E-17, -0.4133331528312617631, 0.008278680502871631555 ) ) ;
#643 =( NAMED_UNIT ( * ) PLANE_ANGLE_UNIT ( ) SI_UNIT ( $, .RADIAN. ) );
#644 = ORIENTED_EDGE ( 'NONE', *, *, #784, .F. ) ;
#645 = CARTESIAN_POINT ( 'NONE',  ( -3.013333650110427975, 1.506666825055213321, 0.03045808037249523800 ) ) ;
#646 = CARTESIAN_POINT ( 'NONE',  ( -8.000279575115408548, 4.000139787557703386, 0.06077559769767195558 ) ) ;
#647 = CARTESIAN_POINT ( 'NONE',  ( 3.013333650110427087, 1.506666825055213987, 0.03045808037249523800 ) ) ;
#648 = CARTESIAN_POINT ( 'NONE',  ( 4.661821585974490131E-16, -3.806666207122112233, 0.1140814044915397646 ) ) ;
#649 = DIRECTION ( 'NONE',  ( -0.000000000000000000, -0.000000000000000000, -1.000000000000000000 ) ) ;
#650 = AXIS2_PLACEMENT_3D ( 'NONE', #1308, #518, #1081 ) ;
#651 = CARTESIAN_POINT ( 'NONE',  ( 0.000000000000000000, 0.000000000000000000, 0.000000000000000000 ) ) ;
#652 = CARTESIAN_POINT ( 'NONE',  ( 1.322572261454190679E-16, -1.079962208185263783, 0.004770195502600959626 ) ) ;
#653 = CARTESIAN_POINT ( 'NONE',  ( 1.420595218230996058E-16, -1.160004026646760389, 0.009625693684403729272 ) ) ;
#654 = CARTESIAN_POINT ( 'NONE',  ( 8.320005846754373380, 4.160002923377187578, 0.02929030081240847558 ) ) ;
#655 = CARTESIAN_POINT ( 'NONE',  ( 4.751632336895029707E-16, -3.880002250610789183, 0.1244529884150741700 ) ) ;
#656 = CARTESIAN_POINT ( 'NONE',  ( 0.000000000000000000, 0.000000000000000000, 0.5500948670501166760 ) ) ;
#657 = CARTESIAN_POINT ( 'NONE',  ( 0.000000000000000000, 4.826666045605777278, 0.1513063934946973776 ) ) ;
#658 = CARTESIAN_POINT ( 'NONE',  ( 1.251542887369795197E-16, -1.021962322721267746, 0.003289482911669367425 ) ) ;
#659 = CARTESIAN_POINT ( 'NONE',  ( -3.159999541739250795, -1.579999770869626063, 0.03487358455599779555 ) ) ;
#660 = CARTESIAN_POINT ( 'NONE',  ( 0.000000000000000000, 1.286666949968137130, 0.01723875121984944428 ) ) ;
#661 = CARTESIAN_POINT ( 'NONE',  ( 8.200015707202636506, 4.100007853601319141, 0.01831306800635097362 ) ) ;
#662 = CARTESIAN_POINT ( 'NONE',  ( 4.824972247301379396E-16, -3.939888832160189480, 0.1328094727199127245 ) ) ;
#663 = CARTESIAN_POINT ( 'NONE',  ( 2.326819017625927139E-16, -1.899991915420796484, 0.05409900225266618679 ) ) ;
#664 = CARTESIAN_POINT ( 'NONE',  ( -2.004882966243709763, 1.002441483121854215, 0.02582004121374778874 ) ) ;
#665 = CARTESIAN_POINT ( 'NONE',  ( -4.951441318942838438E-16, 2.021579333073921791, 0.003754239963340379183 ) ) ;
#666 = CARTESIAN_POINT ( 'NONE',  ( 0.000000000000000000, 1.653333547220752431, 0.03927508537421491724 ) ) ;
#667 = CARTESIAN_POINT ( 'NONE',  ( 0.000000000000000000, 4.353333604442363836, 0.06466783893558912533 ) ) ;
#668 = CARTESIAN_POINT ( 'NONE',  ( 6.253321958307034301, -3.126660979153517150, 0.01790843272098607136 ) ) ;
#669 = CARTESIAN_POINT ( 'NONE',  ( 3.674583253543579606E-16, -3.000524931843179477, 0.06090004020954543212 ) ) ;
#670 = CARTESIAN_POINT ( 'NONE',  ( 0.000000000000000000, 3.999859413777690609, 0.08064937024737733884 ) ) ;
#671 = CARTESIAN_POINT ( 'NONE',  ( 1.053195357361872460E-16, -0.8599992733375436682, 0.01720629417725801774 ) ) ;
#672 = CARTESIAN_POINT ( 'NONE',  ( -4.845740099771306965E-16, 1.978423535318550863, 0.05724254227093707181 ) ) ;
#673 = CARTESIAN_POINT ( 'NONE',  ( 0.000000000000000000, 1.939886861985525401, 0.05639225568729999694 ) ) ;
#674 = CARTESIAN_POINT ( 'NONE',  ( 8.320005846754373380, -4.160002923377186690, 0.02929030081240847558 ) ) ;
#675 = CARTESIAN_POINT ( 'NONE',  ( 3.674583253543579606E-16, -3.000524931843179477, 0.06090004020954543212 ) ) ;
#676 = CARTESIAN_POINT ( 'NONE',  ( 4.416893368992898710E-16, -3.606667140328225329, 0.08579264597929835146 ) ) ;
#677 = CARTESIAN_POINT ( 'NONE',  ( -2.352609255800464968E-16, 0.9605256215255055796, 0.01974303830669252996 ) ) ;
#678 = CARTESIAN_POINT ( 'NONE',  ( 2.375676236238576572E-16, -1.939886861985525401, 0.05639225568729999694 ) ) ;
#679 = CARTESIAN_POINT ( 'NONE',  ( 0.000000000000000000, 0.9999986827749942631, 0.01002360122665234103 ) ) ;
#680 = CARTESIAN_POINT ( 'NONE',  ( 0.000000000000000000, 3.399999581505646518, 0.05657174563238588638 ) ) ;
#681 = CARTESIAN_POINT ( 'NONE',  ( 2.653404289137658084E-16, -2.166669027335115683, 0.01675789129422766699 ) ) ;
#682 = CARTESIAN_POINT ( 'NONE',  ( 2.456500958207814623E-16, -2.005885255992279514, 0.06637312590011149038 ) ) ;
#683 = ADVANCED_FACE ( 'NONE', ( #750 ), #969, .T. ) ;
#684 = CARTESIAN_POINT ( 'NONE',  ( 9.520001106761803555, 4.760000553380903554, 0.1390983093802069248 ) ) ;
#685 = CARTESIAN_POINT ( 'NONE',  ( -7.200650588491313045E-16, 2.939888706484468539, 0.09437052888176981902 ) ) ;
#686 = CARTESIAN_POINT ( 'NONE',  ( 6.933334293174425511, -3.466667146587212756, 0.06599355517678603955 ) ) ;
#687 = CARTESIAN_POINT ( 'NONE',  ( 5.000000000000000000, 6.123233995736766282E-16, 0.1830279999999999963 ) ) ;
#688 = CARTESIAN_POINT ( 'NONE',  ( 4.011770511984558141, -2.005885255992279070, 0.06637312590011149038 ) ) ;
#689 = CARTESIAN_POINT ( 'NONE',  ( 9.520001106761803555, -4.760000553380901778, 0.1390983093802069248 ) ) ;
#690 = CARTESIAN_POINT ( 'NONE',  ( -9.119999025636049694, -4.559999512818026624, 0.1024983444323635806 ) ) ;
#691 = CARTESIAN_POINT ( 'NONE',  ( -6.645750879733728879E-16, 2.713333707466005329, 0.07170361551679702017 ) ) ;
#692 = CARTESIAN_POINT ( 'NONE',  ( 6.120223197521736935, 3.060111598760868912, 0.008612874036581246243 ) ) ;
#693 = CARTESIAN_POINT ( 'NONE',  ( -3.996079819582301074, -1.998039909791151425, 0.03798056701360565113 ) ) ;
#694 = CARTESIAN_POINT ( 'NONE',  ( 1.653334943977647020, 0.8266674719888238432, 0.01654096723673319225 ) ) ;
#695 = CARTESIAN_POINT ( 'NONE',  ( 3.573333809596142441, 1.786666904798071887, 0.04729198496370290439 ) ) ;
#696 = CARTESIAN_POINT ( 'NONE',  ( 0.000000000000000000, 0.8999898861892436930, 0.01799680503027069681 ) ) ;
#697 = CARTESIAN_POINT ( 'NONE',  ( -1.100549340544553075E-15, 4.493333675108604375, 0.09029206889969022820 ) ) ;
#698 = CARTESIAN_POINT ( 'NONE',  ( -5.719998687605775345, -2.859999343802889005, 0.08645085780441820467 ) ) ;
#699 = CARTESIAN_POINT ( 'NONE',  ( 8.000845072754936282, -4.000422536377468141, 0.1015028973594672979 ) ) ;
#700 = CARTESIAN_POINT ( 'NONE',  ( -3.988267637202859817, 1.994133818601429242, -0.006500553879172944576 ) ) ;
#701 = CARTESIAN_POINT ( 'NONE',  ( 0.8266663056625231931, 0.4133331528312616521, 0.008278680502871631555 ) ) ;
#702 = CARTESIAN_POINT ( 'NONE',  ( 0.000000000000000000, 2.100008223613726521, 0.01006050203778115562 ) ) ;
#703 = CARTESIAN_POINT ( 'NONE',  ( 9.906665904811653434, 4.953332952405827605, 0.1744887479591511470 ) ) ;
#704 = CARTESIAN_POINT ( 'NONE',  ( -8.706667208884725895, -4.353333604442364724, 0.06466783893558912533 ) ) ;
#705 = CARTESIAN_POINT ( 'NONE',  ( 3.086109541787242333E-16, -2.519999679855377206, 0.05227586859974641537 ) ) ;
#706 = CARTESIAN_POINT ( 'NONE',  ( 3.673300231971808132E-16, -2.999477265223983391, 0.03961325113027288486 ) ) ;
#707 = CARTESIAN_POINT ( 'NONE',  ( 4.661821585974490131E-16, -3.806666207122112233, 0.1140814044915397646 ) ) ;
#708 = CARTESIAN_POINT ( 'NONE',  ( 4.896689522389717625E-16, -3.998450431421519902, 0.1194346962539200446 ) ) ;
#709 = CARTESIAN_POINT ( 'NONE',  ( 4.159939071482819273, -2.079969535741409636, 0.008008926834771647185 ) ) ;
#710 = CARTESIAN_POINT ( 'NONE',  ( 0.000000000000000000, 3.266666371127845636, 0.03771634060165437313 ) ) ;
#711 = DIRECTION ( 'NONE',  ( -0.000000000000000000, -0.000000000000000000, -1.000000000000000000 ) ) ;
#712 = CARTESIAN_POINT ( 'NONE',  ( 6.011565508839317395, 3.005782754419659586, 0.1069158806749541807 ) ) ;
#713 = CARTESIAN_POINT ( 'NONE',  ( 3.502489041951737547E-16, -2.859999343802888117, 0.08645085780441820467 ) ) ;
#714 = CARTESIAN_POINT ( 'NONE',  ( -6.159940025713986245, -3.079970012856993566, 0.01128008986203059283 ) ) ;
#715 = CIRCLE ( 'NONE', #1389, 5.000000000000000000 ) ;
#716 = CARTESIAN_POINT ( 'NONE',  ( 4.588343951273899926E-16, -3.746667165152012480, 0.1055914647727872885 ) ) ;
#717 = CARTESIAN_POINT ( 'NONE',  ( 6.066083345274905742E-16, -4.953332952405827605, 0.1744887479591511192 ) ) ;
#718 = CARTESIAN_POINT ( 'NONE',  ( 0.000000000000000000, 1.360000063469324338, 0.02163885403124054738 ) ) ;
#719 = ADVANCED_FACE ( 'NONE', ( #509 ), #304, .T. ) ;
#720 = CARTESIAN_POINT ( 'NONE',  ( -9.786667869137600562, 4.893333934568797616, 0.1635017149632717604 ) ) ;
#721 = CARTESIAN_POINT ( 'NONE',  ( 0.000000000000000000, 2.920029881611580613, 0.09251445599671229147 ) ) ;
#722 = CARTESIAN_POINT ( 'NONE',  ( -5.039999359710753524, -2.519999679855377206, 0.05227586859974641537 ) ) ;
#723 = CARTESIAN_POINT ( 'NONE',  ( -6.933334293174426399, 3.466667146587211867, 0.06599355517678603955 ) ) ;
#724 = CARTESIAN_POINT ( 'NONE',  ( 7.956906172667385313, -3.978453086333692656, 0.1368115257866065471 ) ) ;
#725 = CARTESIAN_POINT ( 'NONE',  ( 1.956076721007473873, -0.9780383605037369366, 0.01761087005838728875 ) ) ;
#726 = CARTESIAN_POINT ( 'NONE',  ( 0.000000000000000000, 1.579999770869625841, 0.03487358455599779555 ) ) ;
#727 = CARTESIAN_POINT ( 'NONE',  ( 4.996522554014627846E-16, -4.079970288162595438, 0.01460570905275300133 ) ) ;
#728 = CARTESIAN_POINT ( 'NONE',  ( 0.000000000000000000, 2.859999343802888117, 0.08645085780441820467 ) ) ;
#729 = CARTESIAN_POINT ( 'NONE',  ( -5.731347636696296053E-16, 2.340000251781445773, 0.03417509093049642122 ) ) ;
#730 = CARTESIAN_POINT ( 'NONE',  ( -6.666667575677630353, 3.333333787838813844, 0.04713697354916616955 ) ) ;
#731 = CARTESIAN_POINT ( 'NONE',  ( 7.066665728378120903, 3.533332864189060896, 0.07542833010542988881 ) ) ;
#732 = CARTESIAN_POINT ( 'NONE',  ( 1.840075503626034115, -0.9200377518130168353, 0.01844505483034282120 ) ) ;
#733 = CARTESIAN_POINT ( 'NONE',  ( 1.665519724567905180E-16, -1.360000063469324338, 0.02163885403124054738 ) ) ;
#734 = CARTESIAN_POINT ( 'NONE',  ( 0.000000000000000000, 1.506666825055213765, 0.03045808037249523800 ) ) ;
#735 = ORIENTED_EDGE ( 'NONE', *, *, #524, .T. ) ;
#736 = CARTESIAN_POINT ( 'NONE',  ( -4.555684561530123197E-16, 1.859999374800133110, 0.05170374103975021451 ) ) ;
#737 = CARTESIAN_POINT ( 'NONE',  ( -8.043103902560570617, 4.021551951280283532, 0.005523340545675854175 ) ) ;
#738 = CARTESIAN_POINT ( 'NONE',  ( 5.160000642427613471, -2.580000321213806735, 0.05830113305439119098 ) ) ;
#739 = CARTESIAN_POINT ( 'NONE',  ( -5.878303896759951614E-16, 2.399999698220195654, 0.04021287948577149246 ) ) ;
#740 = CARTESIAN_POINT ( 'NONE',  ( -6.413333029876923774, -3.206666514938463219, 0.02922458077260838699 ) ) ;
#741 = CARTESIAN_POINT ( 'NONE',  ( 1.879718292999136509, -0.9398591464995680322, 0.01866497635518359413 ) ) ;
#742 = CIRCLE ( 'NONE', #1068, 5.000000000000000000 ) ;
#743 = CARTESIAN_POINT ( 'NONE',  ( 0.000000000000000000, 3.021552876811344657, 0.004615305901623967429 ) ) ;
#744 = ORIENTED_EDGE ( 'NONE', *, *, #786, .T. ) ;
#745 = CARTESIAN_POINT ( 'NONE',  ( -2.320008053293520334, -1.160004026646760611, 0.009625693684403729272 ) ) ;
#746 = CARTESIAN_POINT ( 'NONE',  ( -9.783128889325209051E-16, 3.994265487868259079, -0.006922697092031676776 ) ) ;
#747 = CARTESIAN_POINT ( 'NONE',  ( 1.298298199798062596E-16, -1.060140932636241207, 0.003756448750937655713 ) ) ;
#748 = CARTESIAN_POINT ( 'NONE',  ( 3.241231369308764047E-16, -2.646666264563329651, 0.06500966882615095976 ) ) ;
#749 = CARTESIAN_POINT ( 'NONE',  ( -5.988494786160826422, 2.994247393080412767, -0.006654079028067157349 ) ) ;
#750 = FACE_OUTER_BOUND ( 'NONE', #94, .T. ) ;
#751 = DIRECTION ( 'NONE',  ( -0.000000000000000000, -0.000000000000000000, -1.000000000000000000 ) ) ;
#752 = DIRECTION ( 'NONE',  ( -0.000000000000000000, -0.000000000000000000, -1.000000000000000000 ) ) ;
#753 = CARTESIAN_POINT ( 'NONE',  ( 1.845134704685372845E-16, -1.506666825055213765, 0.03045808037249523800 ) ) ;
#754 = CARTESIAN_POINT ( 'NONE',  ( -8.200015707202638282, 4.100007853601317365, 0.01831306800635097362 ) ) ;
#755 = CARTESIAN_POINT ( 'NONE',  ( 3.159999541739250795, 1.579999770869625841, 0.03487358455599779555 ) ) ;
#756 = CARTESIAN_POINT ( 'NONE',  ( -7.840059743357252309, -3.920029871678627487, 0.1301418172253694105 ) ) ;
#757 = CARTESIAN_POINT ( 'NONE',  ( 1.221664133415988711E-16, -0.9975644686015257001, -0.005942426720707064992 ) ) ;
#758 = CARTESIAN_POINT ( 'NONE',  ( 0.000000000000000000, 0.000000000000000000, 0.000000000000000000 ) ) ;
#759 = CARTESIAN_POINT ( 'NONE',  ( -3.573333809596143329, 1.786666904798070998, 0.04729198496370290439 ) ) ;
#760 = CARTESIAN_POINT ( 'NONE',  ( 0.000000000000000000, 1.100010115084494311, 0.006022762330862291638 ) ) ;
#761 = CARTESIAN_POINT ( 'NONE',  ( 8.853332310049225384, -4.426666155024612692, 0.07809505040055281233 ) ) ;
#762 = CARTESIAN_POINT ( 'NONE',  ( -7.760004501221576589, 3.880002250610787851, 0.1244529884150741700 ) ) ;
#763 = SURFACE_SIDE_STYLE ('',( #86 ) ) ;
#764 = VECTOR ( 'NONE', #751, 1000.000000000000000 ) ;
#765 = CARTESIAN_POINT ( 'NONE',  ( 0.000000000000000000, 4.760000553380902666, 0.1390983093802069248 ) ) ;
#766 = CARTESIAN_POINT ( 'NONE',  ( -2.301990990820119695E-16, 0.9398591464995683653, 0.01866497635518359413 ) ) ;
#767 = CARTESIAN_POINT ( 'NONE',  ( -2.866666500890123981, 1.433333250445061324, 0.02605413941697539565 ) ) ;
#768 = CARTESIAN_POINT ( 'NONE',  ( 1.371601146972380178E-16, -1.119997331416161979, 0.007210755109474342901 ) ) ;
#769 = CARTESIAN_POINT ( 'NONE',  ( 0.000000000000000000, 4.021551951280285309, 0.005523340545675854175 ) ) ;
#770 = CARTESIAN_POINT ( 'NONE',  ( -8.011550530759407707, 4.005775265379702077, 0.1480704702071055645 ) ) ;
#771 = CARTESIAN_POINT ( 'NONE',  ( 2.939151948379975807E-16, -2.399999698220195654, 0.04021287948577149246 ) ) ;
#772 = CARTESIAN_POINT ( 'NONE',  ( -1.799979772378486720, -0.8999898861892438040, 0.01799680503027070028 ) ) ;
#773 = CARTESIAN_POINT ( 'NONE',  ( -4.003909188509146233, -2.001954594254574005, 0.02218275820918632138 ) ) ;
#774 = CARTESIAN_POINT ( 'NONE',  ( 3.159999541739250795, -1.579999770869625397, 0.03487358455599779555 ) ) ;
#775 = CARTESIAN_POINT ( 'NONE',  ( 8.426665680926939572, 4.213332840463470674, 0.03904143923915678188 ) ) ;
#776 = CARTESIAN_POINT ( 'NONE',  ( 0.000000000000000000, 2.994247393080413655, -0.006654079028067157349 ) ) ;
#777 = CARTESIAN_POINT ( 'NONE',  ( 2.451687285892201686E-16, -2.001954594254573561, 0.02218275820918632138 ) ) ;
#778 = CARTESIAN_POINT ( 'NONE',  ( 0.000000000000000000, 4.426666155024613580, 0.07809505040055282621 ) ) ;
#779 = APPLICATION_CONTEXT ( 'automotive_design' ) ;
#780 = CARTESIAN_POINT ( 'NONE',  ( -1.995128937203051400, 0.9975644686015253670, -0.005942426720707065860 ) ) ;
#781 = CARTESIAN_POINT ( 'NONE',  ( -4.995522300976616652E-16, 2.039576759786859927, 0.003553993911679771689 ) ) ;
#782 = CARTESIAN_POINT ( 'NONE',  ( 2.302338648993795986E-16, -1.880002177441506772, 0.05290831417342994891 ) ) ;
#783 = CARTESIAN_POINT ( 'NONE',  ( 8.159940576325189099, 4.079970288162596326, 0.01460570905275300133 ) ) ;
#784 = EDGE_CURVE ( 'NONE', #398, #406, #625, .T. ) ;
#785 = CARTESIAN_POINT ( 'NONE',  ( 6.533332742255689496, 3.266666371127845192, 0.03771634060165436619 ) ) ;
#786 = EDGE_CURVE ( 'NONE', #971, #1091, #742, .T. ) ;
#787 = CARTESIAN_POINT ( 'NONE',  ( 2.865673818348148026E-16, -2.340000251781445773, 0.03417509093049642122 ) ) ;
#788 = CARTESIAN_POINT ( 'NONE',  ( -1.719998546675086892, -0.8599992733375437792, 0.01720629417725801774 ) ) ;
#789 = CARTESIAN_POINT ( 'NONE',  ( -4.011770511984558141, -2.005885255992279959, 0.06637312590011149038 ) ) ;
#790 = CARTESIAN_POINT ( 'NONE',  ( 3.760004354883012656, -1.880002177441506328, 0.05290831417342994891 ) ) ;
#791 = MECHANICAL_DESIGN_GEOMETRIC_PRESENTATION_REPRESENTATION (  '', ( #130 ), #388 ) ;
#792 = ADVANCED_BREP_SHAPE_REPRESENTATION ( 'myfresnel', ( #566, #950 ), #527 ) ;
#793 = CARTESIAN_POINT ( 'NONE',  ( 9.973333537781570612, -4.986666768890785306, 0.1805871081412128432 ) ) ;
#794 = CARTESIAN_POINT ( 'NONE',  ( 3.675858181949186027E-16, -3.001565989890686570, 0.02190660233656128997 ) ) ;
#795 = CARTESIAN_POINT ( 'NONE',  ( 4.163798604593230372E-16, -3.399999581505646518, 0.05657174563238588638 ) ) ;
#796 = CARTESIAN_POINT ( 'NONE',  ( 2.277842280765061599E-16, -1.859999374800133110, 0.05170374103975021451 ) ) ;
#797 = CARTESIAN_POINT ( 'NONE',  ( 5.747674840683810358E-16, -4.693332677377318518, 0.1269029190099129623 ) ) ;
#798 = CARTESIAN_POINT ( 'NONE',  ( -5.653334974592906903, 2.826667487296452119, 0.08309889072462652015 ) ) ;
#799 = CARTESIAN_POINT ( 'NONE',  ( 0.000000000000000000, 3.001565989890686570, 0.02190660233656128997 ) ) ;
#800 = PRODUCT_DEFINITION_SHAPE ( 'NONE', 'NONE',  #560 ) ;
#801 = CARTESIAN_POINT ( 'NONE',  ( 3.012631512970586720E-16, -2.460000316065087844, 0.04623812896590288879 ) ) ;
#802 = CARTESIAN_POINT ( 'NONE',  ( 2.400824983008171693E-16, -1.960422372131882973, 0.05816530021016143998 ) ) ;
#803 = CARTESIAN_POINT ( 'NONE',  ( 0.000000000000000000, 4.893333934568800281, 0.1635017149632717604 ) ) ;
#804 = CARTESIAN_POINT ( 'NONE',  ( -1.049930466305197385E-15, 4.286666437360550752, 0.05247197203524999604 ) ) ;
#805 = CARTESIAN_POINT ( 'NONE',  ( 3.526985503176526982E-16, -2.880002222381303323, 0.08846287387587375983 ) ) ;
#806 = CARTESIAN_POINT ( 'NONE',  ( 5.998954530447965894, -2.999477265223982947, 0.03961325113027288486 ) ) ;
#807 = CARTESIAN_POINT ( 'NONE',  ( 5.421102537644815150E-16, -4.426666155024613580, 0.07809505040055282621 ) ) ;
#808 = CARTESIAN_POINT ( 'NONE',  ( 3.879773723971049915, 1.939886861985525401, 0.05639225568730000387 ) ) ;
#809 = CARTESIAN_POINT ( 'NONE',  ( 9.653332091211552779, -4.826666045605776389, 0.1513063934946973776 ) ) ;
#810 = CARTESIAN_POINT ( 'NONE',  ( -1.198521148025760991E-15, 4.893333934568800281, 0.1635017149632717604 ) ) ;
#811 = CARTESIAN_POINT ( 'NONE',  ( -5.559999343879940881, 2.779999671939969108, 0.07841175950733832167 ) ) ;
#812 = CARTESIAN_POINT ( 'NONE',  ( 8.000845072754936282, 4.000422536377469029, 0.1015028973594672979 ) ) ;
#813 = CARTESIAN_POINT ( 'NONE',  ( -3.996079819582301518, 1.998039909791150093, 0.03798056701360565113 ) ) ;
#814 = CARTESIAN_POINT ( 'NONE',  ( 0.8266663056625231931, -0.4133331528312615966, 0.008278680502871631555 ) ) ;
#815 = CARTESIAN_POINT ( 'NONE',  ( 0.000000000000000000, 2.219999463792881045, 0.02211162443390795457 ) ) ;
#816 = CARTESIAN_POINT ( 'NONE',  ( 0.000000000000000000, 4.760000553380902666, 0.1390983093802069248 ) ) ;
#817 = LINE ( 'NONE', #361, #1096 ) ;
#818 = CARTESIAN_POINT ( 'NONE',  ( -5.998954530447965894, 2.999477265223982059, 0.03961325113027288486 ) ) ;
#819 = CARTESIAN_POINT ( 'NONE',  ( 0.000000000000000000, 3.999859413777690609, 0.08064937024737733884 ) ) ;
#820 = CARTESIAN_POINT ( 'NONE',  ( 4.898074628838614212E-16, -3.999581456668849011, 0.03990426394356526296 ) ) ;
#821 = CARTESIAN_POINT ( 'NONE',  ( 0.000000000000000000, 2.166669027335115683, 0.01675789129422766699 ) ) ;
#822 = CARTESIAN_POINT ( 'NONE',  ( 0.000000000000000000, 3.126660979153517594, 0.01790843272098607136 ) ) ;
#823 = DIRECTION ( 'NONE',  ( -0.000000000000000000, -0.000000000000000000, -1.000000000000000000 ) ) ;
#824 = CARTESIAN_POINT ( 'NONE',  ( 5.799983865013436990, 2.899991932506718939, 0.09046366333174163388 ) ) ;
#825 = CARTESIAN_POINT ( 'NONE',  ( -5.426667414932009770, -2.713333707466006217, 0.07170361551679703405 ) ) ;
#826 = CARTESIAN_POINT ( 'NONE',  ( -7.346665730289793750, 3.673332865144895543, 0.09522731195050512798 ) ) ;
#827 = CARTESIAN_POINT ( 'NONE',  ( 0.000000000000000000, 3.880002250610789183, 0.1244529884150741700 ) ) ;
#828 = CARTESIAN_POINT ( 'NONE',  ( 0.000000000000000000, 0.000000000000000000, 0.000000000000000000 ) ) ;
#829 = CARTESIAN_POINT ( 'NONE',  ( 0.000000000000000000, 2.340000251781445773, 0.03417509093049642122 ) ) ;
#830 = CARTESIAN_POINT ( 'NONE',  ( 0.000000000000000000, 2.166669027335115683, 0.01675789129422766699 ) ) ;
#831 = CARTESIAN_POINT ( 'NONE',  ( -8.706667208884729448, 4.353333604442362059, 0.06466783893558912533 ) ) ;
#832 = CARTESIAN_POINT ( 'NONE',  ( 3.625462906963389810E-16, -2.960415124987529456, 0.09696141003629454858 ) ) ;
#833 = CARTESIAN_POINT ( 'NONE',  ( -4.159939071482820161, 2.079969535741409192, 0.008008926834771647185 ) ) ;
#834 = CARTESIAN_POINT ( 'NONE',  ( -6.413333029876925551, 3.206666514938461443, 0.02922458077260838699 ) ) ;
#835 = CARTESIAN_POINT ( 'NONE',  ( 0.000000000000000000, 3.606667140328225329, 0.08579264597929835146 ) ) ;
#836 = CARTESIAN_POINT ( 'NONE',  ( 4.900466288488786470E-16, -4.001534394978765619, 0.02204369088268981133 ) ) ;
#837 = CARTESIAN_POINT ( 'NONE',  ( 0.000000000000000000, 2.519999679855377206, 0.05227586859974641537 ) ) ;
#838 = CARTESIAN_POINT ( 'NONE',  ( 4.972202293202197038E-16, -4.060111288139599317, 0.01111614888771755502 ) ) ;
#839 = CARTESIAN_POINT ( 'NONE',  ( 0.000000000000000000, 2.779999671939970440, 0.07841175950733833555 ) ) ;
#840 = CARTESIAN_POINT ( 'NONE',  ( -4.680000503562890657, 2.340000251781443996, 0.03417509093049642122 ) ) ;
#841 = CARTESIAN_POINT ( 'NONE',  ( -7.346665730289791085, -3.673332865144898207, 0.09522731195050512798 ) ) ;
#842 = CARTESIAN_POINT ( 'NONE',  ( 0.000000000000000000, 3.998450431421519902, 0.1194346962539200446 ) ) ;
#843 = CARTESIAN_POINT ( 'NONE',  ( 0.000000000000000000, 0.9999986827749942631, 0.01002360122665234103 ) ) ;
#844 = CARTESIAN_POINT ( 'NONE',  ( 1.251542887369795197E-16, -1.021962322721267746, 0.003289482911669367425 ) ) ;
#845 = CARTESIAN_POINT ( 'NONE',  ( 0.000000000000000000, 2.859999343802888117, 0.08645085780441820467 ) ) ;
#846 = ORIENTED_EDGE ( 'NONE', *, *, #1225, .T. ) ;
#847 = CARTESIAN_POINT ( 'NONE',  ( -8.043103902560568841, -4.021551951280286197, 0.005523340545675854175 ) ) ;
#848 = CARTESIAN_POINT ( 'NONE',  ( 3.159589135173632023E-16, -2.580000321213807180, 0.05830113305439119098 ) ) ;
#849 = CARTESIAN_POINT ( 'NONE',  ( -4.253321857228295144, -2.126660928614148460, 0.01272794395549199133 ) ) ;
#850 = CARTESIAN_POINT ( 'NONE',  ( -6.043105753622687537, -3.021552876811345545, 0.004615305901623968296 ) ) ;
#851 = CARTESIAN_POINT ( 'NONE',  ( 1.126721287852538497E-16, -0.9200377518130171683, 0.01844505483034281773 ) ) ;
#852 = CARTESIAN_POINT ( 'NONE',  ( 1.227636753637705116E-16, -1.002441483121854660, 0.02582004121374779221 ) ) ;
#853 = CARTESIAN_POINT ( 'NONE',  ( 0.000000000000000000, 2.580000321213807180, 0.05830113305439119098 ) ) ;
#854 = VERTEX_POINT ( 'NONE', #425 ) ;
#855 = CARTESIAN_POINT ( 'NONE',  ( -3.159999541739250795, 1.579999770869624731, 0.03487358455599779555 ) ) ;
#856 = CARTESIAN_POINT ( 'NONE',  ( -8.120222576279198634, 4.060111288139596653, 0.01111614888771755502 ) ) ;
#857 = CARTESIAN_POINT ( 'NONE',  ( 2.573333899936273816, -1.286666949968136908, 0.01723875121984944428 ) ) ;
#858 = CARTESIAN_POINT ( 'NONE',  ( 2.571768349231669179E-16, -2.100008223613726521, 0.01006050203778115562 ) ) ;
#859 = EDGE_CURVE ( 'NONE', #854, #1091, #1373, .T. ) ;
#860 = CARTESIAN_POINT ( 'NONE',  ( 3.700335059041490115E-16, -3.021552876811344657, 0.004615305901623967429 ) ) ;
#861 = PRODUCT_DEFINITION_FORMATION_WITH_SPECIFIED_SOURCE ( 'ไป', '', #1244, .NOT_KNOWN. ) ;
#862 = CARTESIAN_POINT ( 'NONE',  ( 7.756075637235171899E-17, -0.6333316383658744719, 0.01267239122632485802 ) ) ;
#863 = CARTESIAN_POINT ( 'NONE',  ( 0.000000000000000000, 4.160002923377187578, 0.02929030081240847905 ) ) ;
#864 = CARTESIAN_POINT ( 'NONE',  ( 0.000000000000000000, 0.000000000000000000, 0.000000000000000000 ) ) ;
#865 = CARTESIAN_POINT ( 'NONE',  ( 1.485903367858681624E-16, -1.213332177810961809, 0.01282053067785118156 ) ) ;
#866 = CARTESIAN_POINT ( 'NONE',  ( 4.947063935457730473E-16, -4.039584261276042199, 0.006821637958787194790 ) ) ;
#867 = CARTESIAN_POINT ( 'NONE',  ( 1.322572261454190679E-16, -1.079962208185263783, 0.004770195502600959626 ) ) ;
#868 = CARTESIAN_POINT ( 'NONE',  ( -7.999718827555381218, 3.999859413777688388, 0.08064937024737732496 ) ) ;
#869 = CARTESIAN_POINT ( 'NONE',  ( 1.176304627900232484E-16, -0.9605256215255055796, 0.01974303830669252996 ) ) ;
#870 = CARTESIAN_POINT ( 'NONE',  ( 0.000000000000000000, 3.806666207122112233, 0.1140814044915397646 ) ) ;
#871 = CARTESIAN_POINT ( 'NONE',  ( -0.1200000162753414867, -0.06000000813767077112, 0.001199926957764589240 ) ) ;
#872 = CARTESIAN_POINT ( 'NONE',  ( 2.114556525209400242E-16, -1.726666436952790651, 0.04369116875449340770 ) ) ;
#873 = CARTESIAN_POINT ( 'NONE',  ( 0.000000000000000000, 1.079962208185263783, 0.004770195502600959626 ) ) ;
#874 = CARTESIAN_POINT ( 'NONE',  ( 5.045542365732312307E-16, -4.119998002073099741, 0.02195996465579681811 ) ) ;
#875 = CARTESIAN_POINT ( 'NONE',  ( 4.718970336448042918E-16, -3.853331703258092933, 0.1206793930196753545 ) ) ;
#876 = CARTESIAN_POINT ( 'NONE',  ( 1.272988705700432891E-16, -1.039474162335407348, 0.001846016792939175494 ) ) ;
#877 = CARTESIAN_POINT ( 'NONE',  ( 0.000000000000000000, 3.533332864189060896, 0.07542833010542988881 ) ) ;
#878 = CARTESIAN_POINT ( 'NONE',  ( 7.347881791461364439E-18, -0.06000000813767076419, 0.001199926957764589240 ) ) ;
#879 = CARTESIAN_POINT ( 'NONE',  ( -2.866666500890123537, -1.433333250445062435, 0.02605413941697539565 ) ) ;
#880 = CARTESIAN_POINT ( 'NONE',  ( 1.999997365549988304, -0.9999986827749941520, 0.01002360122665234103 ) ) ;
#881 = CARTESIAN_POINT ( 'NONE',  ( 0.000000000000000000, 4.079970288162595438, 0.01460570905275300133 ) ) ;
#882 = CARTESIAN_POINT ( 'NONE',  ( -9.176687902547799853E-16, 3.746667165152012480, 0.1055914647727872885 ) ) ;
#883 = CARTESIAN_POINT ( 'NONE',  ( 2.375676236238576572E-16, -1.939886861985525401, 0.05639225568729999694 ) ) ;
#884 = PRESENTATION_LAYER_ASSIGNMENT (  '', '', ( #130 ) ) ;
#885 =( LENGTH_UNIT ( ) NAMED_UNIT ( * ) SI_UNIT ( .MILLI., .METRE. ) );
#886 = CARTESIAN_POINT ( 'NONE',  ( -2.043924645442535493, 1.021962322721267524, 0.003289482911669366991 ) ) ;
#887 = CARTESIAN_POINT ( 'NONE',  ( 2.451687285892201686E-16, -2.001954594254573561, 0.02218275820918632138 ) ) ;
#888 = CARTESIAN_POINT ( 'NONE',  ( 1.347123866467937450E-16, -1.100010115084494311, 0.006022762330862291638 ) ) ;
#889 = CARTESIAN_POINT ( 'NONE',  ( 8.000279575115406772, 4.000139787557704274, 0.06077559769767195558 ) ) ;
#890 = CARTESIAN_POINT ( 'NONE',  ( -7.760004501221576589, -3.880002250610789627, 0.1244529884150741700 ) ) ;
#891 = CARTESIAN_POINT ( 'NONE',  ( 6.003131979781372252, -3.001565989890686126, 0.02190660233656128997 ) ) ;
#892 = CARTESIAN_POINT ( 'NONE',  ( 3.829055360139284525E-16, -3.126660979153517594, 0.01790843272098607136 ) ) ;
#893 = CARTESIAN_POINT ( 'NONE',  ( 0.000000000000000000, 4.626667345943061171, 0.1146939484524958086 ) ) ;
#894 = CARTESIAN_POINT ( 'NONE',  ( 1.102169733386647851E-16, -0.8999898861892436930, 0.01799680503027069681 ) ) ;
#895 = CARTESIAN_POINT ( 'NONE',  ( -3.799983830841591192, -1.899991915420796929, 0.05409900225266618679 ) ) ;
#896 = CARTESIAN_POINT ( 'NONE',  ( 0.000000000000000000, 1.859999374800133110, 0.05170374103975021451 ) ) ;
#897 = CARTESIAN_POINT ( 'NONE',  ( 8.986667350217206973, -4.493333675108603487, 0.09029206889969022820 ) ) ;
#898 = CARTESIAN_POINT ( 'NONE',  ( 0.000000000000000000, 2.999477265223983391, 0.03961325113027288486 ) ) ;
#899 = CARTESIAN_POINT ( 'NONE',  ( 2.718715237442792200E-16, -2.219999463792881045, 0.02211162443390795457 ) ) ;
#900 = DIRECTION ( 'NONE',  ( 0.000000000000000000, 0.000000000000000000, 1.000000000000000000 ) ) ;
#901 = CARTESIAN_POINT ( 'NONE',  ( -1.760005420236607110, 0.8800027101183032219, 0.01760972519811782391 ) ) ;
#902 = CARTESIAN_POINT ( 'NONE',  ( -4.604677297987591972E-16, 1.880002177441506772, 0.05290831417342994891 ) ) ;
#903 = CARTESIAN_POINT ( 'NONE',  ( 4.043158666147841807, -2.021579333073920903, 0.003754239963340379183 ) ) ;
#904 = CARTESIAN_POINT ( 'NONE',  ( 7.988530975736516382, 3.994265487868259079, -0.006922697092031676776 ) ) ;
#905 = CARTESIAN_POINT ( 'NONE',  ( 6.666667575677628577, 3.333333787838815176, 0.04713697354916616955 ) ) ;
#906 = CARTESIAN_POINT ( 'NONE',  ( 2.422870049885653483E-16, -1.978423535318550863, 0.05724254227093707181 ) ) ;
#907 = CARTESIAN_POINT ( 'NONE',  ( 3.988267637202859373, 1.994133818601429908, -0.006500553879172944576 ) ) ;
#908 = CARTESIAN_POINT ( 'NONE',  ( 9.119999025636049694, 4.559999512818025735, 0.1024983444323635806 ) ) ;
#909 = CARTESIAN_POINT ( 'NONE',  ( 6.413333029876923774, 3.206666514938462775, 0.02922458077260838699 ) ) ;
#910 = CARTESIAN_POINT ( 'NONE',  ( 2.024749636526833658E-16, -1.653333547220752431, 0.03927508537421491724 ) ) ;
#911 = CARTESIAN_POINT ( 'NONE',  ( 3.453332873905579969, -1.726666436952789985, 0.04369116875449341464 ) ) ;
#912 = CARTESIAN_POINT ( 'NONE',  ( 0.000000000000000000, 1.119997331416161979, 0.007210755109474342901 ) ) ;
#913 = CARTESIAN_POINT ( 'NONE',  ( -7.053971006353053964E-16, 2.880002222381303323, 0.08846287387587375983 ) ) ;
#914 = CARTESIAN_POINT ( 'NONE',  ( 6.043105753622687537, -3.021552876811343769, 0.004615305901623968296 ) ) ;
#915 = CARTESIAN_POINT ( 'NONE',  ( 5.910961123304327612E-16, -4.826666045605777278, 0.1513063934946973776 ) ) ;
#916 = CARTESIAN_POINT ( 'NONE',  ( 3.988267637202859373, -1.994133818601429686, -0.006500553879172944576 ) ) ;
#917 = CARTESIAN_POINT ( 'NONE',  ( 0.000000000000000000, 0.000000000000000000, 0.000000000000000000 ) ) ;
#918 = CARTESIAN_POINT ( 'NONE',  ( -8.573332874721099728, -4.286666437360551640, 0.05247197203524998216 ) ) ;
#919 = CARTESIAN_POINT ( 'NONE',  ( -7.152010495860494544E-16, 2.920029881611580613, 0.09251445599671229147 ) ) ;
#920 = CARTESIAN_POINT ( 'NONE',  ( 0.000000000000000000, 4.000422536377469029, 0.1015028973594672979 ) ) ;
#921 = CARTESIAN_POINT ( 'NONE',  ( 2.400824983008171693E-16, -1.960422372131882973, 0.05816530021016143998 ) ) ;
#922 = DIRECTION ( 'NONE',  ( -1.000000000000000000, 0.000000000000000000, 0.000000000000000000 ) ) ;
#923 = CARTESIAN_POINT ( 'NONE',  ( 4.799999396440390420, 2.399999698220195654, 0.04021287948577148552 ) ) ;
#924 = CARTESIAN_POINT ( 'NONE',  ( 0.000000000000000000, 0.1533334151486323294, 0.003063581008817442119 ) ) ;
#925 = CARTESIAN_POINT ( 'NONE',  ( -9.653332091211552779, -4.826666045605778166, 0.1513063934946973776 ) ) ;
#926 = CARTESIAN_POINT ( 'NONE',  ( -5.998954530447965894, -2.999477265223984279, 0.03961325113027288486 ) ) ;
#927 = CARTESIAN_POINT ( 'NONE',  ( 7.920829037879357770, -3.960414518939678885, 0.1362422487190793619 ) ) ;
#928 = CARTESIAN_POINT ( 'NONE',  ( 4.996522554014627846E-16, -4.079970288162595438, 0.01460570905275300133 ) ) ;
#929 = CARTESIAN_POINT ( 'NONE',  ( 4.120226935982990391, 2.060113467991496083, 0.006155774431637004926 ) ) ;
#930 = CARTESIAN_POINT ( 'NONE',  ( 9.786667869137598785, -4.893333934568799393, 0.1635017149632717604 ) ) ;
#931 = CARTESIAN_POINT ( 'NONE',  ( -9.906665904811655210, 4.953332952405824940, 0.1744887479591511470 ) ) ;
#932 = CARTESIAN_POINT ( 'NONE',  ( 3.576005247930247272E-16, -2.920029881611580613, 0.09251445599671229147 ) ) ;
#933 = CARTESIAN_POINT ( 'NONE',  ( -7.295100853166707371E-16, 2.978450953469130802, 0.09680184105483294332 ) ) ;
#934 = CARTESIAN_POINT ( 'NONE',  ( -8.654169564902565865E-16, 3.533332864189060896, 0.07542833010542988881 ) ) ;
#935 = CARTESIAN_POINT ( 'NONE',  ( 7.213334280656448882, 3.606667140328225329, 0.08579264597929836533 ) ) ;
#936 = DIRECTION ( 'NONE',  ( -0.000000000000000000, -0.000000000000000000, -1.000000000000000000 ) ) ;
#937 = CARTESIAN_POINT ( 'NONE',  ( 4.559999846444810601, -2.279999923222405300, 0.02815001261869969421 ) ) ;
#938 = CARTESIAN_POINT ( 'NONE',  ( 0.000000000000000000, 2.126660928614148016, 0.01272794395549199480 ) ) ;
#939 = CARTESIAN_POINT ( 'NONE',  ( -1.084220507528963030E-15, 4.426666155024613580, 0.07809505040055282621 ) ) ;
#940 = CARTESIAN_POINT ( 'NONE',  ( 5.956901906938260716, 2.978450953469130802, 0.09680184105483292945 ) ) ;
#941 = CARTESIAN_POINT ( 'NONE',  ( -7.250925813926779620E-16, 2.960415124987529456, 0.09696141003629454858 ) ) ;
#942 = CARTESIAN_POINT ( 'NONE',  ( -6.533332742255689496, -3.266666371127846080, 0.03771634060165436619 ) ) ;
#943 = CARTESIAN_POINT ( 'NONE',  ( 4.824972247301379396E-16, -3.939888832160189480, 0.1328094727199127245 ) ) ;
#944 = CARTESIAN_POINT ( 'NONE',  ( 5.094534264557505036E-16, -4.160002923377187578, 0.02929030081240847905 ) ) ;
#945 = CARTESIAN_POINT ( 'NONE',  ( 0.000000000000000000, 2.460000316065087844, 0.04623812896590288879 ) ) ;
#946 = CARTESIAN_POINT ( 'NONE',  ( 5.910961123304327612E-16, -4.826666045605777278, 0.1513063934946973776 ) ) ;
#947 = CARTESIAN_POINT ( 'NONE',  ( 5.559999343879939993, 2.779999671939970440, 0.07841175950733832167 ) ) ;
#948 = CARTESIAN_POINT ( 'NONE',  ( -4.200016447227453043, 2.100008223613725633, 0.01006050203778115562 ) ) ;
#949 = CARTESIAN_POINT ( 'NONE',  ( 3.722416602536964907E-16, -3.039583825416974694, 0.005178449241797977373 ) ) ;
#950 = AXIS2_PLACEMENT_3D ( 'NONE', #447, #900, #9 ) ;
#951 = CARTESIAN_POINT ( 'NONE',  ( 4.905659856850894432E-16, -4.005775265379703853, 0.1480704702071055645 ) ) ;
#952 = CARTESIAN_POINT ( 'NONE',  ( 0.000000000000000000, 1.002441483121854660, 0.02582004121374779221 ) ) ;
#953 =( NAMED_UNIT ( * ) PLANE_ANGLE_UNIT ( ) SI_UNIT ( $, .RADIAN. ) );
#954 = CARTESIAN_POINT ( 'NONE',  ( 0.000000000000000000, 2.826667487296453896, 0.08309889072462652015 ) ) ;
#955 = EDGE_LOOP ( 'NONE', ( #963, #1419, #735, #744 ) ) ;
#956 = CARTESIAN_POINT ( 'NONE',  ( -8.003068789957531237, 4.001534394978763842, 0.02204369088268981133 ) ) ;
#957 = CARTESIAN_POINT ( 'NONE',  ( 5.293332529126658414, 2.646666264563329651, 0.06500966882615095976 ) ) ;
#958 = CARTESIAN_POINT ( 'NONE',  ( -4.799999396440390420, -2.399999698220196098, 0.04021287948577148552 ) ) ;
#959 = CARTESIAN_POINT ( 'NONE',  ( 4.082156553766527802E-16, -3.333333787838815621, 0.04713697354916616955 ) ) ;
#960 = CARTESIAN_POINT ( 'NONE',  ( 1.150995495410059848E-16, -0.9398591464995683653, 0.01866497635518359413 ) ) ;
#961 = CARTESIAN_POINT ( 'NONE',  ( 0.000000000000000000, 0.000000000000000000, 0.000000000000000000 ) ) ;
#962 = CARTESIAN_POINT ( 'NONE',  ( 0.000000000000000000, 1.920030280752132557, 0.05534368408391256156 ) ) ;
#963 = ORIENTED_EDGE ( 'NONE', *, *, #859, .F. ) ;
#964 = CARTESIAN_POINT ( 'NONE',  ( 1.371601146972380178E-16, -1.119997331416161979, 0.007210755109474342901 ) ) ;
#965 = CARTESIAN_POINT ( 'NONE',  ( -8.159940576325192652, 4.079970288162593661, 0.01460570905275300133 ) ) ;
#966 = CARTESIAN_POINT ( 'NONE',  ( 5.653334974592906015, -2.826667487296453007, 0.08309889072462652015 ) ) ;
#967 = CARTESIAN_POINT ( 'NONE',  ( -4.120226935982992167, 2.060113467991495195, 0.006155774431637004926 ) ) ;
#968 = CARTESIAN_POINT ( 'NONE',  ( -7.400670118082980230E-16, 3.021552876811344657, 0.004615305901623967429 ) ) ;
#969 = CYLINDRICAL_SURFACE ( 'NONE', #650, 5.000000000000000000 ) ;
#970 = CARTESIAN_POINT ( 'NONE',  ( 0.000000000000000000, 2.939888706484468539, 0.09437052888176981902 ) ) ;
#971 = VERTEX_POINT ( 'NONE', #687 ) ;
#972 = CARTESIAN_POINT ( 'NONE',  ( -2.159924416370527123, -1.079962208185264005, 0.004770195502600959626 ) ) ;
#973 = CARTESIAN_POINT ( 'NONE',  ( -8.426665680926941349, 4.213332840463468898, 0.03904143923915678188 ) ) ;
#974 = CARTESIAN_POINT ( 'NONE',  ( 2.426664355621923175, -1.213332177810961587, 0.01282053067785118156 ) ) ;
#975 = CARTESIAN_POINT ( 'NONE',  ( 4.898415028122257363E-16, -3.999859413777690609, 0.08064937024737733884 ) ) ;
#976 = CARTESIAN_POINT ( 'NONE',  ( 1.126721287852538497E-16, -0.9200377518130171683, 0.01844505483034281773 ) ) ;
#977 = CARTESIAN_POINT ( 'NONE',  ( 0.000000000000000000, 5.000000000000000000, 0.1830279999999999963 ) ) ;
#978 = ORIENTED_EDGE ( 'NONE', *, *, #550, .T. ) ;
#979 = CARTESIAN_POINT ( 'NONE',  ( 2.024749636526833658E-16, -1.653333547220752431, 0.03927508537421491724 ) ) ;
#980 = CARTESIAN_POINT ( 'NONE',  ( 0.000000000000000000, 1.021962322721267746, 0.003289482911669367425 ) ) ;
#981 = CARTESIAN_POINT ( 'NONE',  ( 5.331296064300950901E-16, -4.353333604442363836, 0.06466783893558912533 ) ) ;
#982 = CARTESIAN_POINT ( 'NONE',  ( -7.920829037879357770, -3.960414518939681106, 0.1362422487190793619 ) ) ;
#983 = EDGE_CURVE ( 'NONE', #406, #398, #715, .T. ) ;
#984 = CARTESIAN_POINT ( 'NONE',  ( 1.485903367858681624E-16, -1.213332177810961809, 0.01282053067785118156 ) ) ;
#985 = CARTESIAN_POINT ( 'NONE',  ( -0.8266663056625233041, 0.4133331528312614855, 0.008278680502871631555 ) ) ;
#986 = CARTESIAN_POINT ( 'NONE',  ( -3.666667599597204674, -1.833333799798603447, 0.05009970479264580501 ) ) ;
#987 = CARTESIAN_POINT ( 'NONE',  ( 1.934941662049038826E-16, -1.579999770869625841, 0.03487358455599779555 ) ) ;
#988 = CARTESIAN_POINT ( 'NONE',  ( 8.120222576279195081, 4.060111288139599317, 0.01111614888771755502 ) ) ;
#989 = CARTESIAN_POINT ( 'NONE',  ( -7.956906172667385313, -3.978453086333694877, 0.1368115257866065471 ) ) ;
#990 = ADVANCED_FACE ( 'NONE', ( #254 ), #1143, .T. ) ;
#991 = CARTESIAN_POINT ( 'NONE',  ( 3.681022229132350724E-16, -3.005782754419659586, 0.1069158806749541807 ) ) ;
#992 = CARTESIAN_POINT ( 'NONE',  ( 0.000000000000000000, 3.899991911616159879, 0.1272712903735715995 ) ) ;
#993 = CARTESIAN_POINT ( 'NONE',  ( -2.253442575705076994E-16, 0.9200377518130171683, 0.01844505483034281773 ) ) ;
#994 = CARTESIAN_POINT ( 'NONE',  ( 2.245186369692013780E-16, -1.833333799798603225, 0.05009970479264580501 ) ) ;
#995 = CARTESIAN_POINT ( 'NONE',  ( 1.845134704685372845E-16, -1.506666825055213765, 0.03045808037249523800 ) ) ;
#996 = CARTESIAN_POINT ( 'NONE',  ( 4.924980724740194259E-16, -4.021551951280285309, 0.005523340545675854175 ) ) ;
#997 = CARTESIAN_POINT ( 'NONE',  ( -7.840059743357254085, 3.920029871678624822, 0.1301418172253694105 ) ) ;
#998 = CARTESIAN_POINT ( 'NONE',  ( 6.159940025713986245, 3.079970012856993566, 0.01128008986203059283 ) ) ;
#999 = CARTESIAN_POINT ( 'NONE',  ( 2.351358937589093069E-16, -1.920030280752132557, 0.05534368408391256156 ) ) ;
#1000 = LINE ( 'NONE', #333, #764 ) ;
#1001 = CARTESIAN_POINT ( 'NONE',  ( -1.760005420236606666, -0.8800027101183038880, 0.01760972519811782391 ) ) ;
#1002 = CARTESIAN_POINT ( 'NONE',  ( -4.079153519573719855, 2.039576759786859483, 0.003553993911679771689 ) ) ;
#1003 = CARTESIAN_POINT ( 'NONE',  ( 2.320008053293520334, -1.160004026646760167, 0.009625693684403729272 ) ) ;
#1004 = CARTESIAN_POINT ( 'NONE',  ( 0.000000000000000000, 4.493333675108604375, 0.09029206889969022820 ) ) ;
#1005 = CARTESIAN_POINT ( 'NONE',  ( 6.159940025713986245, -3.079970012856993122, 0.01128008986203059283 ) ) ;
#1006 = CARTESIAN_POINT ( 'NONE',  ( 2.547228034269724181E-16, -2.079969535741410080, 0.008008926834771647185 ) ) ;
#1007 = SHAPE_DEFINITION_REPRESENTATION ( #800, #792 ) ;
#1008 = CARTESIAN_POINT ( 'NONE',  ( -2.443328266831977421E-16, 0.9975644686015257001, -0.005942426720707064992 ) ) ;
#1009 = CARTESIAN_POINT ( 'NONE',  ( -3.920844744263765502, 1.960422372131882085, 0.05816530021016143304 ) ) ;
#1010 = CARTESIAN_POINT ( 'NONE',  ( 2.245186369692013780E-16, -1.833333799798603225, 0.05009970479264580501 ) ) ;
#1011 = CARTESIAN_POINT ( 'NONE',  ( 0.000000000000000000, 4.000139787557704274, 0.06077559769767195558 ) ) ;
#1012 = CARTESIAN_POINT ( 'NONE',  ( 4.000512515284015700E-16, -3.266666371127845636, 0.03771634060165437313 ) ) ;
#1013 =( BOUNDED_SURFACE ( )  B_SPLINE_SURFACE ( 3, 3, ( 
 ( #298, #864, #651, #758 ),
 ( #878, #871, #503, #529 ),
 ( #197, #420, #1317, #618 ),
 ( #1194, #1398, #985, #189 ),
 ( #1083, #81, #1424, #520 ),
 ( #320, #1174, #172, #10 ),
 ( #671, #788, #327, #3 ),
 ( #553, #1001, #901, #107 ),
 ( #894, #772, #441, #16 ),
 ( #1337, #543, #1235, #993 ),
 ( #1106, #562, #1229, #766 ),
 ( #334, #231, #1015, #677 ),
 ( #1221, #1126, #121, #218 ),
 ( #569, #454, #664, #1214 ),
 ( #101, #1344, #341, #1120 ),
 ( #211, #1430, #780, #1008 ),
 ( #658, #433, #886, #1330 ),
 ( #1113, #225, #115, #448 ),
 ( #205, #1303, #1184, #521 ),
 ( #652, #972, #73, #88 ),
 ( #299, #629, #1414, #190 ),
 ( #964, #637, #1325, #1420 ),
 ( #407, #745, #1195, #427 ),
 ( #865, #415, #1311, #321 ),
 ( #1215, #1407, #1084, #1207 ),
 ( #307, #82, #212, #181 ),
 ( #198, #879, #767, #1075 ),
 ( #753, #1202, #645, #1107 ),
 ( #530, #659, #855, #1092 ),
 ( #979, #512, #421, #102 ),
 ( #872, #1318, #544, #1100 ),
 ( #315, #95, #759, #537 ),
 ( #994, #986, #1425, #1431 ),
 ( #434, #1295, #289, #736 ),
 ( #563, #253, #449, #902 ),
 ( #1114, #895, #554, #442 ),
 ( #1121, #138, #116, #470 ),
 ( #1345, #4, #585, #342 ),
 ( #921, #1338, #1009, #592 ),
 ( #11, #1031, #226, #672 ),
 ( #335, #789, #145, #1236 ),
 ( #232, #693, #813, #1331 ),
 ( #887, #773, #1149, #1222 ),
 ( #1258, #328, #700, #32 ),
 ( #219, #1141, #1363, #665 ),
 ( #364, #108, #1002, #781 ),
 ( #1230, #193, #967, #1384 ),
 ( #640, #1288, #833, #1410 ),
 ( #858, #1177, #948, #1087 ),
 ( #392, #849, #498, #68 ),
 ( #76, #1198, #1401, #384 ),
 ( #613, #1298, #184, #1392 ),
 ( #175, #282, #401, #1281 ),
 ( #410, #1306, #840, #729 ),
 ( #292, #958, #1066, #739 ),
 ( #1187, #632, #621, #1078 ),
 ( #274, #722, #506, #1169 ),
 ( #515, #167, #1059, #302 ),
 ( #748, #59, #251, #160 ),
 ( #590, #825, #461, #691 ),
 ( #245, #128, #811, #151 ),
 ( #376, #30, #798, #1155 ),
 ( #713, #698, #1243, #1052 ),
 ( #805, #1368, #1271, #913 ),
 ( #143, #1256, #1264, #52 ),
 ( #356, #606, #37, #919 ),
 ( #239, #1356, #491, #685 ),
 ( #1133, #1147, #266, #941 ),
 ( #259, #1036, #136, #933 ),
 ( #475, #1162, #1376, #1139 ),
 ( #44, #576, #598, #1044 ),
 ( #583, #349, #483, #369 ),
 ( #706, #926, #818, #1023 ),
 ( #1029, #1250, #24, #468 ),
 ( #1361, #362, #749, #1411 ),
 ( #860, #850, #607, #968 ),
 ( #949, #283, #1170, #1060 ),
 ( #1307, #1272, #492, #185 ),
 ( #267, #714, #1053, #53 ),
 ( #411, #168, #1282, #385 ),
 ( #507, #1289, #152, #303 ),
 ( #633, #599, #402, #69 ),
 ( #1385, #740, #834, #1393 ),
 ( #1188, #942, #1045, #1299 ),
 ( #959, #293, #730, #1178 ),
 ( #176, #45, #275, #484 ),
 ( #1163, #1079, #723, #614 ),
 ( #60, #499, #622, #934 ),
 ( #77, #1377, #377, #393 ),
 ( #516, #841, #826, #1402 ),
 ( #1067, #161, #424, #882 ),
 ( #648, #430, #324, #1314 ),
 ( #875, #318, #1321, #533 ),
 ( #655, #890, #762, #1095 ),
 ( #1210, #310, #209, #540 ),
 ( #548, #756, #997, #98 ),
 ( #662, #1434, #1103, #91 ),
 ( #201, #982, #1205, #1423 ),
 ( #437, #989, #1417, #1328 ),
 ( #85, #1428, #770, #1218 ),
 ( #215, #1110, #105, #1199 ),
 ( #194, #1088, #641, #525 ),
 ( #975, #418, #868, #300 ),
 ( #182, #1076, #646, #513 ),
 ( #1175, #416, #173, #74 ),
 ( #1390, #1203, #956, #199 ),
 ( #630, #1312, #1093, #746 ),
 ( #1185, #847, #737, #399 ),
 ( #866, #390, #1196, #1064 ),
 ( #838, #619, #856, #1085 ),
 ( #727, #308, #965, #1286 ),
 ( #191, #638, #754, #1296 ),
 ( #290, #83, #280, #1408 ),
 ( #66, #522, #408, #504 ),
 ( #1304, #1399, #973, #1415 ),
 ( #1249, #918, #496, #804 ),
 ( #244, #704, #831, #611 ),
 ( #264, #149, #142, #939 ),
 ( #596, #1279, #1382, #697 ),
 ( #50, #690, #1160, #1050 ),
 ( #481, #1146, #165, #158 ),
 ( #1138, #489, #1360, #272 ),
 ( #1255, #1057, #257, #589 ),
 ( #946, #925, #382, #355 ),
 ( #1042, #57, #720, #810 ),
 ( #604, #1153, #931, #1367 ),
 ( #42, #135, #1035, #1167 ),
 ( #250, #467, #1262, #1374 ) ),
 .UNSPECIFIED., .F., .F., .T. ) 
 B_SPLINE_SURFACE_WITH_KNOTS ( ( 4, 1, 1, 1, 1, 1, 1, 1, 1, 1, 1, 1, 1, 1, 1, 1, 1, 1, 1, 1, 1, 1, 1, 1, 1, 1, 1, 1, 1, 1, 1, 1, 1, 1, 1, 1, 1, 1, 1, 1, 1, 1, 1, 1, 1, 1, 1, 1, 1, 1, 1, 1, 1, 1, 1, 1, 1, 1, 1, 1, 1, 1, 1, 1, 1, 1, 1, 1, 1, 1, 1, 1, 1, 1, 1, 1, 1, 1, 1, 1, 1, 1, 1, 1, 1, 1, 1, 1, 1, 1, 1, 1, 1, 1, 1, 1, 1, 1, 1, 1, 1, 1, 1, 1, 1, 1, 1, 1, 1, 1, 1, 1, 1, 1, 1, 1, 1, 1, 1, 1, 1, 1, 1, 1, 1, 4 ),
 ( 4, 4 ),
 ( 0.000000000000000000, 0.03361589120801544012, 0.05229138798503306373, 0.1456688681318507317, 0.1568741676933693985, 0.1606092663011188526, 0.1643443649088683345, 0.1680794635166177609, 0.1718145621243672427, 0.1755496644703869735, 0.1792847630781364276, 0.1830198616858858818, 0.1867549602936353637, 0.1886228830700273640, 0.1904908058464193643, 0.1942318958374149585, 0.1979729970345687484, 0.2017140870255642870, 0.2054551882227180770, 0.2091962782137136712, 0.2129373682047092653, 0.2166784694018629998, 0.2316428405720035166, 0.2428661329573066907, 0.2578305041274471798, 0.2727948865037458925, 0.2840181676828908430, 0.2989825500591895557, 0.3139469212293300449, 0.3251702136146331634, 0.3401345847847737081, 0.3476167759729230644, 0.3513578771700768821, 0.3550989671610724208, 0.3588400571520680149, 0.3625811583492217216, 0.3663222483402173157, 0.3700633495373710780, 0.3738044395283666166, 0.3775455295193622107, 0.3812873500350454359, 0.3850291705507286610, 0.3887709910664118862, 0.3925241544408846206, 0.3962773364910189278, 0.4000304998654916622, 0.4037836819156259693, 0.4075368452900987037, 0.4112900273402329554, 0.4187963727648399970, 0.4300558815639197729, 0.4413154090386610662, 0.4525749178377407866, 0.4638344453124820799, 0.4750939541115618558, 0.4863534815863032046, 0.4976129903853829806, 0.5088725178601242183, 0.5238851900336767287, 0.5351447175084180774, 0.5464042263074977424, 0.5501574083576320495, 0.5539105717321047839, 0.5576637537822390911, 0.5614169171567118255, 0.5651700992068461327, 0.5689232625813188671, 0.5726764446314531742, 0.5764296080059259086, 0.5801835651649983605, 0.5839373356064802012, 0.5876912927655526531, 0.5914452499246249939, 0.5951992070836974458, 0.5989707063737992332, 0.6027422318102537702, 0.6065137311003554466, 0.6102852565368100946, 0.6140567558269116599, 0.6178282812633663079, 0.6253713059899225213, 0.6329143045701259851, 0.6442288547331368465, 0.6593148780398964126, 0.6706294282029072740, 0.6819439522195653858, 0.6970300016726779235, 0.7083445256893358133, 0.7234305751424484621, 0.7347450991591065739, 0.7498311486122191116, 0.7573741733387753250, 0.7611456726288771124, 0.7649171980653317604, 0.7686886973554335478, 0.7724602227918880848, 0.7762317220819898722, 0.7800032213720916596, 0.7837747468085463076, 0.7875470022914977664, 0.7913192577744493361, 0.7950915132574009059, 0.7988639554579430868, 0.8026362109408945456, 0.8064084664238461153, 0.8101807219067976851, 0.8139771222595231226, 0.8177734889966543630, 0.8215698893493799115, 0.8253662560865111519, 0.8291626564392367005, 0.8329590231763679409, 0.8367554235290934894, 0.8519409577088069563, 0.8633301251513894048, 0.8785156593311028717, 0.8899048267736853202, 0.9050903609533986760, 0.9164795283959811245, 0.9278686622229690428, 0.9430542300182770399, 0.9544433638452648472, 0.9658325312878474067, 0.9810180654675608736, 0.9924072329101432111, 1.000000000000000000 ),
 ( 0.000000000000000000, 1.000000000000000000 ),
 .UNSPECIFIED. ) 
 GEOMETRIC_REPRESENTATION_ITEM ( )  RATIONAL_B_SPLINE_SURFACE ( (
 ( 1.000000000000000000, 0.3333333333333334259, 0.3333333333333334259, 1.000000000000000000),
 ( 1.000000000000000000, 0.3333333333333334259, 0.3333333333333334259, 1.000000000000000000),
 ( 1.000000000000000000, 0.3333333333333334259, 0.3333333333333334259, 1.000000000000000000),
 ( 1.000000000000000000, 0.3333333333333334259, 0.3333333333333334259, 1.000000000000000000),
 ( 1.000000000000000000, 0.3333333333333334259, 0.3333333333333334259, 1.000000000000000000),
 ( 1.000000000000000000, 0.3333333333333334259, 0.3333333333333334259, 1.000000000000000000),
 ( 1.000000000000000000, 0.3333333333333334259, 0.3333333333333334259, 1.000000000000000000),
 ( 1.000000000000000000, 0.3333333333333334259, 0.3333333333333334259, 1.000000000000000000),
 ( 1.000000000000000000, 0.3333333333333334259, 0.3333333333333334259, 1.000000000000000000),
 ( 1.000000000000000000, 0.3333333333333334259, 0.3333333333333334259, 1.000000000000000000),
 ( 1.000000000000000000, 0.3333333333333334259, 0.3333333333333334259, 1.000000000000000000),
 ( 1.000000000000000000, 0.3333333333333334259, 0.3333333333333334259, 1.000000000000000000),
 ( 1.000000000000000000, 0.3333333333333334259, 0.3333333333333334259, 1.000000000000000000),
 ( 1.000000000000000000, 0.3333333333333334259, 0.3333333333333334259, 1.000000000000000000),
 ( 1.000000000000000000, 0.3333333333333334259, 0.3333333333333334259, 1.000000000000000000),
 ( 1.000000000000000000, 0.3333333333333334259, 0.3333333333333334259, 1.000000000000000000),
 ( 1.000000000000000000, 0.3333333333333334259, 0.3333333333333334259, 1.000000000000000000),
 ( 1.000000000000000000, 0.3333333333333334259, 0.3333333333333334259, 1.000000000000000000),
 ( 1.000000000000000000, 0.3333333333333334259, 0.3333333333333334259, 1.000000000000000000),
 ( 1.000000000000000000, 0.3333333333333334259, 0.3333333333333334259, 1.000000000000000000),
 ( 1.000000000000000000, 0.3333333333333334259, 0.3333333333333334259, 1.000000000000000000),
 ( 1.000000000000000000, 0.3333333333333334259, 0.3333333333333334259, 1.000000000000000000),
 ( 1.000000000000000000, 0.3333333333333334259, 0.3333333333333334259, 1.000000000000000000),
 ( 1.000000000000000000, 0.3333333333333334259, 0.3333333333333334259, 1.000000000000000000),
 ( 1.000000000000000000, 0.3333333333333334259, 0.3333333333333334259, 1.000000000000000000),
 ( 1.000000000000000000, 0.3333333333333334259, 0.3333333333333334259, 1.000000000000000000),
 ( 1.000000000000000000, 0.3333333333333334259, 0.3333333333333334259, 1.000000000000000000),
 ( 1.000000000000000000, 0.3333333333333334259, 0.3333333333333334259, 1.000000000000000000),
 ( 1.000000000000000000, 0.3333333333333334259, 0.3333333333333334259, 1.000000000000000000),
 ( 1.000000000000000000, 0.3333333333333334259, 0.3333333333333334259, 1.000000000000000000),
 ( 1.000000000000000000, 0.3333333333333334259, 0.3333333333333334259, 1.000000000000000000),
 ( 1.000000000000000000, 0.3333333333333334259, 0.3333333333333334259, 1.000000000000000000),
 ( 1.000000000000000000, 0.3333333333333334259, 0.3333333333333334259, 1.000000000000000000),
 ( 1.000000000000000000, 0.3333333333333334259, 0.3333333333333334259, 1.000000000000000000),
 ( 1.000000000000000000, 0.3333333333333334259, 0.3333333333333334259, 1.000000000000000000),
 ( 1.000000000000000000, 0.3333333333333334259, 0.3333333333333334259, 1.000000000000000000),
 ( 1.000000000000000000, 0.3333333333333334259, 0.3333333333333334259, 1.000000000000000000),
 ( 1.000000000000000000, 0.3333333333333334259, 0.3333333333333334259, 1.000000000000000000),
 ( 1.000000000000000000, 0.3333333333333334259, 0.3333333333333334259, 1.000000000000000000),
 ( 1.000000000000000000, 0.3333333333333334259, 0.3333333333333334259, 1.000000000000000000),
 ( 1.000000000000000000, 0.3333333333333334259, 0.3333333333333334259, 1.000000000000000000),
 ( 1.000000000000000000, 0.3333333333333334259, 0.3333333333333334259, 1.000000000000000000),
 ( 1.000000000000000000, 0.3333333333333334259, 0.3333333333333334259, 1.000000000000000000),
 ( 1.000000000000000000, 0.3333333333333334259, 0.3333333333333334259, 1.000000000000000000),
 ( 1.000000000000000000, 0.3333333333333334259, 0.3333333333333334259, 1.000000000000000000),
 ( 1.000000000000000000, 0.3333333333333334259, 0.3333333333333334259, 1.000000000000000000),
 ( 1.000000000000000000, 0.3333333333333334259, 0.3333333333333334259, 1.000000000000000000),
 ( 1.000000000000000000, 0.3333333333333334259, 0.3333333333333334259, 1.000000000000000000),
 ( 1.000000000000000000, 0.3333333333333334259, 0.3333333333333334259, 1.000000000000000000),
 ( 1.000000000000000000, 0.3333333333333334259, 0.3333333333333334259, 1.000000000000000000),
 ( 1.000000000000000000, 0.3333333333333334259, 0.3333333333333334259, 1.000000000000000000),
 ( 1.000000000000000000, 0.3333333333333334259, 0.3333333333333334259, 1.000000000000000000),
 ( 1.000000000000000000, 0.3333333333333334259, 0.3333333333333334259, 1.000000000000000000),
 ( 1.000000000000000000, 0.3333333333333334259, 0.3333333333333334259, 1.000000000000000000),
 ( 1.000000000000000000, 0.3333333333333334259, 0.3333333333333334259, 1.000000000000000000),
 ( 1.000000000000000000, 0.3333333333333334259, 0.3333333333333334259, 1.000000000000000000),
 ( 1.000000000000000000, 0.3333333333333334259, 0.3333333333333334259, 1.000000000000000000),
 ( 1.000000000000000000, 0.3333333333333334259, 0.3333333333333334259, 1.000000000000000000),
 ( 1.000000000000000000, 0.3333333333333334259, 0.3333333333333334259, 1.000000000000000000),
 ( 1.000000000000000000, 0.3333333333333334259, 0.3333333333333334259, 1.000000000000000000),
 ( 1.000000000000000000, 0.3333333333333334259, 0.3333333333333334259, 1.000000000000000000),
 ( 1.000000000000000000, 0.3333333333333334259, 0.3333333333333334259, 1.000000000000000000),
 ( 1.000000000000000000, 0.3333333333333334259, 0.3333333333333334259, 1.000000000000000000),
 ( 1.000000000000000000, 0.3333333333333334259, 0.3333333333333334259, 1.000000000000000000),
 ( 1.000000000000000000, 0.3333333333333334259, 0.3333333333333334259, 1.000000000000000000),
 ( 1.000000000000000000, 0.3333333333333334259, 0.3333333333333334259, 1.000000000000000000),
 ( 1.000000000000000000, 0.3333333333333334259, 0.3333333333333334259, 1.000000000000000000),
 ( 1.000000000000000000, 0.3333333333333334259, 0.3333333333333334259, 1.000000000000000000),
 ( 1.000000000000000000, 0.3333333333333334259, 0.3333333333333334259, 1.000000000000000000),
 ( 1.000000000000000000, 0.3333333333333334259, 0.3333333333333334259, 1.000000000000000000),
 ( 1.000000000000000000, 0.3333333333333334259, 0.3333333333333334259, 1.000000000000000000),
 ( 1.000000000000000000, 0.3333333333333334259, 0.3333333333333334259, 1.000000000000000000),
 ( 1.000000000000000000, 0.3333333333333334259, 0.3333333333333334259, 1.000000000000000000),
 ( 1.000000000000000000, 0.3333333333333334259, 0.3333333333333334259, 1.000000000000000000),
 ( 1.000000000000000000, 0.3333333333333334259, 0.3333333333333334259, 1.000000000000000000),
 ( 1.000000000000000000, 0.3333333333333334259, 0.3333333333333334259, 1.000000000000000000),
 ( 1.000000000000000000, 0.3333333333333334259, 0.3333333333333334259, 1.000000000000000000),
 ( 1.000000000000000000, 0.3333333333333334259, 0.3333333333333334259, 1.000000000000000000),
 ( 1.000000000000000000, 0.3333333333333334259, 0.3333333333333334259, 1.000000000000000000),
 ( 1.000000000000000000, 0.3333333333333334259, 0.3333333333333334259, 1.000000000000000000),
 ( 1.000000000000000000, 0.3333333333333334259, 0.3333333333333334259, 1.000000000000000000),
 ( 1.000000000000000000, 0.3333333333333334259, 0.3333333333333334259, 1.000000000000000000),
 ( 1.000000000000000000, 0.3333333333333334259, 0.3333333333333334259, 1.000000000000000000),
 ( 1.000000000000000000, 0.3333333333333334259, 0.3333333333333334259, 1.000000000000000000),
 ( 1.000000000000000000, 0.3333333333333334259, 0.3333333333333334259, 1.000000000000000000),
 ( 1.000000000000000000, 0.3333333333333334259, 0.3333333333333334259, 1.000000000000000000),
 ( 1.000000000000000000, 0.3333333333333334259, 0.3333333333333334259, 1.000000000000000000),
 ( 1.000000000000000000, 0.3333333333333334259, 0.3333333333333334259, 1.000000000000000000),
 ( 1.000000000000000000, 0.3333333333333334259, 0.3333333333333334259, 1.000000000000000000),
 ( 1.000000000000000000, 0.3333333333333334259, 0.3333333333333334259, 1.000000000000000000),
 ( 1.000000000000000000, 0.3333333333333334259, 0.3333333333333334259, 1.000000000000000000),
 ( 1.000000000000000000, 0.3333333333333334259, 0.3333333333333334259, 1.000000000000000000),
 ( 1.000000000000000000, 0.3333333333333334259, 0.3333333333333334259, 1.000000000000000000),
 ( 1.000000000000000000, 0.3333333333333334259, 0.3333333333333334259, 1.000000000000000000),
 ( 1.000000000000000000, 0.3333333333333334259, 0.3333333333333334259, 1.000000000000000000),
 ( 1.000000000000000000, 0.3333333333333334259, 0.3333333333333334259, 1.000000000000000000),
 ( 1.000000000000000000, 0.3333333333333334259, 0.3333333333333334259, 1.000000000000000000),
 ( 1.000000000000000000, 0.3333333333333334259, 0.3333333333333334259, 1.000000000000000000),
 ( 1.000000000000000000, 0.3333333333333334259, 0.3333333333333334259, 1.000000000000000000),
 ( 1.000000000000000000, 0.3333333333333334259, 0.3333333333333334259, 1.000000000000000000),
 ( 1.000000000000000000, 0.3333333333333334259, 0.3333333333333334259, 1.000000000000000000),
 ( 1.000000000000000000, 0.3333333333333334259, 0.3333333333333334259, 1.000000000000000000),
 ( 1.000000000000000000, 0.3333333333333334259, 0.3333333333333334259, 1.000000000000000000),
 ( 1.000000000000000000, 0.3333333333333334259, 0.3333333333333334259, 1.000000000000000000),
 ( 1.000000000000000000, 0.3333333333333334259, 0.3333333333333334259, 1.000000000000000000),
 ( 1.000000000000000000, 0.3333333333333334259, 0.3333333333333334259, 1.000000000000000000),
 ( 1.000000000000000000, 0.3333333333333334259, 0.3333333333333334259, 1.000000000000000000),
 ( 1.000000000000000000, 0.3333333333333334259, 0.3333333333333334259, 1.000000000000000000),
 ( 1.000000000000000000, 0.3333333333333334259, 0.3333333333333334259, 1.000000000000000000),
 ( 1.000000000000000000, 0.3333333333333334259, 0.3333333333333334259, 1.000000000000000000),
 ( 1.000000000000000000, 0.3333333333333334259, 0.3333333333333334259, 1.000000000000000000),
 ( 1.000000000000000000, 0.3333333333333334259, 0.3333333333333334259, 1.000000000000000000),
 ( 1.000000000000000000, 0.3333333333333334259, 0.3333333333333334259, 1.000000000000000000),
 ( 1.000000000000000000, 0.3333333333333334259, 0.3333333333333334259, 1.000000000000000000),
 ( 1.000000000000000000, 0.3333333333333334259, 0.3333333333333334259, 1.000000000000000000),
 ( 1.000000000000000000, 0.3333333333333334259, 0.3333333333333334259, 1.000000000000000000),
 ( 1.000000000000000000, 0.3333333333333334259, 0.3333333333333334259, 1.000000000000000000),
 ( 1.000000000000000000, 0.3333333333333334259, 0.3333333333333334259, 1.000000000000000000),
 ( 1.000000000000000000, 0.3333333333333334259, 0.3333333333333334259, 1.000000000000000000),
 ( 1.000000000000000000, 0.3333333333333334259, 0.3333333333333334259, 1.000000000000000000),
 ( 1.000000000000000000, 0.3333333333333334259, 0.3333333333333334259, 1.000000000000000000),
 ( 1.000000000000000000, 0.3333333333333334259, 0.3333333333333334259, 1.000000000000000000),
 ( 1.000000000000000000, 0.3333333333333334259, 0.3333333333333334259, 1.000000000000000000),
 ( 1.000000000000000000, 0.3333333333333334259, 0.3333333333333334259, 1.000000000000000000),
 ( 1.000000000000000000, 0.3333333333333334259, 0.3333333333333334259, 1.000000000000000000),
 ( 1.000000000000000000, 0.3333333333333334259, 0.3333333333333334259, 1.000000000000000000),
 ( 1.000000000000000000, 0.3333333333333334259, 0.3333333333333334259, 1.000000000000000000),
 ( 1.000000000000000000, 0.3333333333333334259, 0.3333333333333334259, 1.000000000000000000) ) ) 
 REPRESENTATION_ITEM ( '' )  SURFACE ( )  );
#1014 = CARTESIAN_POINT ( 'NONE',  ( 3.771875417715149293E-16, -3.079970012856993122, 0.01128008986203059283 ) ) ;
#1015 = CARTESIAN_POINT ( 'NONE',  ( -1.921051243051010937, 0.9605256215255051355, 0.01974303830669252649 ) ) ;
#1016 = CARTESIAN_POINT ( 'NONE',  ( 2.114556525209400242E-16, -1.726666436952790651, 0.04369116875449340770 ) ) ;
#1017 = CARTESIAN_POINT ( 'NONE',  ( 9.999999999999998224, -4.999999999999999112, 0.1830279999999999963 ) ) ;
#1018 = CARTESIAN_POINT ( 'NONE',  ( 3.673300231971808132E-16, -2.999477265223983391, 0.03961325113027288486 ) ) ;
#1019 = CARTESIAN_POINT ( 'NONE',  ( 3.869885088614729735E-16, -3.160000982576441242, 0.02262982988928384162 ) ) ;
#1020 = CARTESIAN_POINT ( 'NONE',  ( 3.996079819582301074, -1.998039909791150537, 0.03798056701360565113 ) ) ;
#1021 = AXIS2_PLACEMENT_3D ( 'NONE', #419, #649, #534 ) ;
#1022 = CARTESIAN_POINT ( 'NONE',  ( 6.066083345274905742E-16, -4.953332952405827605, 0.1744887479591511192 ) ) ;
#1023 = CARTESIAN_POINT ( 'NONE',  ( -7.346600463943616264E-16, 2.999477265223983391, 0.03961325113027288486 ) ) ;
#1024 = CARTESIAN_POINT ( 'NONE',  ( 6.079167650833947611, 3.039583825416974694, 0.005178449241797977373 ) ) ;
#1025 = CARTESIAN_POINT ( 'NONE',  ( 0.3066668302972646032, -0.1533334151486323016, 0.003063581008817442119 ) ) ;
#1026 = CARTESIAN_POINT ( 'NONE',  ( 0.000000000000000000, 1.899991915420796484, 0.05409900225266618679 ) ) ;
#1027 = CARTESIAN_POINT ( 'NONE',  ( 5.502746702722765377E-16, -4.493333675108604375, 0.09029206889969022820 ) ) ;
#1028 = DIRECTION ( 'NONE',  ( -0.000000000000000000, -0.000000000000000000, -1.000000000000000000 ) ) ;
#1029 = CARTESIAN_POINT ( 'NONE',  ( 3.675858181949186027E-16, -3.001565989890686570, 0.02190660233656128997 ) ) ;
#1030 = CARTESIAN_POINT ( 'NONE',  ( 4.800652034913240336E-16, -3.920029871678627043, 0.1301418172253694105 ) ) ;
#1031 = CARTESIAN_POINT ( 'NONE',  ( -3.956847070637100838, -1.978423535318551529, 0.05724254227093706487 ) ) ;
#1032 = CARTESIAN_POINT ( 'NONE',  ( 5.502746702722765377E-16, -4.493333675108604375, 0.09029206889969022820 ) ) ;
#1033 = CARTESIAN_POINT ( 'NONE',  ( 4.011770511984558141, 2.005885255992279514, 0.06637312590011149038 ) ) ;
#1034 = CYLINDRICAL_SURFACE ( 'NONE', #1278, 5.000000000000000000 ) ;
#1035 = CARTESIAN_POINT ( 'NONE',  ( -9.973333537781572389, 4.986666768890783530, 0.1805871081412128432 ) ) ;
#1036 = CARTESIAN_POINT ( 'NONE',  ( -5.956901906938260716, -2.978450953469132134, 0.09680184105483292945 ) ) ;
#1037 = CARTESIAN_POINT ( 'NONE',  ( 7.799983823232317981, 3.899991911616159879, 0.1272712903735715995 ) ) ;
#1038 = CARTESIAN_POINT ( 'NONE',  ( 5.045542365732312307E-16, -4.119998002073099741, 0.02195996465579681811 ) ) ;
#1039 = CARTESIAN_POINT ( 'NONE',  ( 2.547228034269724181E-16, -2.079969535741410080, 0.008008926834771647185 ) ) ;
#1040 = CARTESIAN_POINT ( 'NONE',  ( 0.000000000000000000, 4.826666045605777278, 0.1513063934946973776 ) ) ;
#1041 = ADVANCED_FACE ( 'NONE', ( #1351 ), #1034, .T. ) ;
#1042 = CARTESIAN_POINT ( 'NONE',  ( 5.992605740128804955E-16, -4.893333934568800281, 0.1635017149632717604 ) ) ;
#1043 = CARTESIAN_POINT ( 'NONE',  ( 5.956901906938260716, -2.978450953469130358, 0.09680184105483292945 ) ) ;
#1044 = CARTESIAN_POINT ( 'NONE',  ( -7.344018341500813859E-16, 2.998423033732666720, 0.07867461601724909381 ) ) ;
#1045 = CARTESIAN_POINT ( 'NONE',  ( -6.533332742255689496, 3.266666371127843416, 0.03771634060165436619 ) ) ;
#1046 = CARTESIAN_POINT ( 'NONE',  ( 7.346665730289793750, -3.673332865144896431, 0.09522731195050512798 ) ) ;
#1047 = CARTESIAN_POINT ( 'NONE',  ( 4.824972247301379396E-16, -3.939888832160189480, 0.1328094727199127245 ) ) ;
#1048 = CARTESIAN_POINT ( 'NONE',  ( 0.000000000000000000, 2.279999923222405744, 0.02815001261869969074 ) ) ;
#1049 = CARTESIAN_POINT ( 'NONE',  ( 0.000000000000000000, 3.399999581505646518, 0.05657174563238588638 ) ) ;
#1050 = CARTESIAN_POINT ( 'NONE',  ( -1.116877761497216904E-15, 4.559999512818025735, 0.1024983444323635806 ) ) ;
#1051 = CARTESIAN_POINT ( 'NONE',  ( 0.000000000000000000, 2.580000321213807180, 0.05830113305439119098 ) ) ;
#1052 = CARTESIAN_POINT ( 'NONE',  ( -7.004978083903475094E-16, 2.859999343802888117, 0.08645085780441820467 ) ) ;
#1053 = CARTESIAN_POINT ( 'NONE',  ( -6.159940025713986245, 3.079970012856992234, 0.01128008986203059283 ) ) ;
#1054 = CARTESIAN_POINT ( 'NONE',  ( 7.213334280656448882, -3.606667140328224441, 0.08579264597929836533 ) ) ;
#1055 = CARTESIAN_POINT ( 'NONE',  ( 7.347881791461364439E-18, -0.06000000813767076419, 0.001199926957764589240 ) ) ;
#1056 = CARTESIAN_POINT ( 'NONE',  ( 0.000000000000000000, 1.833333799798603225, 0.05009970479264580501 ) ) ;
#1057 = CARTESIAN_POINT ( 'NONE',  ( -9.520001106761803555, -4.760000553380903554, 0.1390983093802069248 ) ) ;
#1058 = CARTESIAN_POINT ( 'NONE',  ( 2.939151948379975807E-16, -2.399999698220195654, 0.04021287948577149246 ) ) ;
#1059 = CARTESIAN_POINT ( 'NONE',  ( -5.160000642427614359, 2.580000321213805847, 0.05830113305439119098 ) ) ;
#1060 = CARTESIAN_POINT ( 'NONE',  ( -7.444833205073929814E-16, 3.039583825416974694, 0.005178449241797977373 ) ) ;
#1061 = CARTESIAN_POINT ( 'NONE',  ( 7.840059743357252309, 3.920029871678627043, 0.1301418172253694105 ) ) ;
#1062 = CARTESIAN_POINT ( 'NONE',  ( 0.000000000000000000, 0.9398591464995683653, 0.01866497635518359413 ) ) ;
#1063 = CARTESIAN_POINT ( 'NONE',  ( 0.000000000000000000, 1.939886861985525401, 0.05639225568729999694 ) ) ;
#1064 = CARTESIAN_POINT ( 'NONE',  ( -9.894127870915460946E-16, 4.039584261276042199, 0.006821637958787194790 ) ) ;
#1065 = CARTESIAN_POINT ( 'NONE',  ( 5.799983865013436990, -2.899991932506717607, 0.09046366333174163388 ) ) ;
#1066 = CARTESIAN_POINT ( 'NONE',  ( -4.799999396440391308, 2.399999698220194322, 0.04021287948577148552 ) ) ;
#1067 = CARTESIAN_POINT ( 'NONE',  ( 4.588343951273899926E-16, -3.746667165152012480, 0.1055914647727872885 ) ) ;
#1068 = AXIS2_PLACEMENT_3D ( 'NONE', #1396, #626, #404 ) ;
#1069 = CARTESIAN_POINT ( 'NONE',  ( 5.021061494391865464E-16, -4.100007853601319141, 0.01831306800635097015 ) ) ;
#1070 = EDGE_CURVE ( 'NONE', #854, #1324, #278, .T. ) ;
#1071 = CARTESIAN_POINT ( 'NONE',  ( 1.077692502187376551E-16, -0.8800027101183035549, 0.01760972519811782391 ) ) ;
#1072 = CARTESIAN_POINT ( 'NONE',  ( 7.347881791461364439E-18, -0.06000000813767076419, 0.001199926957764589240 ) ) ;
#1073 = CARTESIAN_POINT ( 'NONE',  ( 0.000000000000000000, 2.899991932506718939, 0.09046366333174163388 ) ) ;
#1074 = EDGE_LOOP ( 'NONE', ( #87, #978, #1413, #1310, #65 ) ) ;
#1075 = CARTESIAN_POINT ( 'NONE',  ( -3.510653954538033232E-16, 1.433333250445061990, 0.02605413941697539218 ) ) ;
#1076 = CARTESIAN_POINT ( 'NONE',  ( -8.000279575115406772, -4.000139787557706050, 0.06077559769767195558 ) ) ;
#1077 = CARTESIAN_POINT ( 'NONE',  ( 3.322875439866864440E-16, -2.713333707466005329, 0.07170361551679702017 ) ) ;
#1078 = CARTESIAN_POINT ( 'NONE',  ( -6.025263025941173440E-16, 2.460000316065087844, 0.04623812896590288879 ) ) ;
#1079 = CARTESIAN_POINT ( 'NONE',  ( -6.933334293174425511, -3.466667146587214532, 0.06599355517678603955 ) ) ;
#1080 = CARTESIAN_POINT ( 'NONE',  ( 1.760005420236606666, -0.8800027101183033329, 0.01760972519811782391 ) ) ;
#1081 = DIRECTION ( 'NONE',  ( -1.000000000000000000, 0.000000000000000000, 0.000000000000000000 ) ) ;
#1082 = CARTESIAN_POINT ( 'NONE',  ( 0.000000000000000000, 3.079970012856993122, 0.01128008986203059283 ) ) ;
#1083 = CARTESIAN_POINT ( 'NONE',  ( 7.756075637235171899E-17, -0.6333316383658744719, 0.01267239122632485802 ) ) ;
#1084 = CARTESIAN_POINT ( 'NONE',  ( -2.573333899936274261, 1.286666949968136464, 0.01723875121984944428 ) ) ;
#1085 = CARTESIAN_POINT ( 'NONE',  ( -9.944404586404394076E-16, 4.060111288139599317, 0.01111614888771755502 ) ) ;
#1086 = CARTESIAN_POINT ( 'NONE',  ( 2.120281865272481969, -1.060140932636240985, 0.003756448750937656147 ) ) ;
#1087 = CARTESIAN_POINT ( 'NONE',  ( -5.143536698463338358E-16, 2.100008223613726521, 0.01006050203778115562 ) ) ;
#1088 = CARTESIAN_POINT ( 'NONE',  ( -8.000845072754936282, -4.000422536377469918, 0.1015028973594672979 ) ) ;
#1089 = CARTESIAN_POINT ( 'NONE',  ( 1.077692502187376551E-16, -0.8800027101183035549, 0.01760972519811782391 ) ) ;
#1090 = CARTESIAN_POINT ( 'NONE',  ( 0.000000000000000000, 4.000422536377469029, 0.1015028973594672979 ) ) ;
#1091 = VERTEX_POINT ( 'NONE', #542 ) ;
#1092 = CARTESIAN_POINT ( 'NONE',  ( -3.869883324098077653E-16, 1.579999770869625841, 0.03487358455599779555 ) ) ;
#1093 = CARTESIAN_POINT ( 'NONE',  ( -7.988530975736518158, 3.994265487868256859, -0.006922697092031676776 ) ) ;
#1094 = CARTESIAN_POINT ( 'NONE',  ( 1.485903367858681624E-16, -1.213332177810961809, 0.01282053067785118156 ) ) ;
#1095 = CARTESIAN_POINT ( 'NONE',  ( -9.503264673790059415E-16, 3.880002250610789183, 0.1244529884150741700 ) ) ;
#1096 = VECTOR ( 'NONE', #711, 1000.000000000000000 ) ;
#1097 = CARTESIAN_POINT ( 'NONE',  ( 1.420595218230996058E-16, -1.160004026646760389, 0.009625693684403729272 ) ) ;
#1098 = CARTESIAN_POINT ( 'NONE',  ( 0.000000000000000000, 4.001534394978765619, 0.02204369088268981133 ) ) ;
#1099 = ORIENTED_EDGE ( 'NONE', *, *, #784, .T. ) ;
#1100 = CARTESIAN_POINT ( 'NONE',  ( -4.229113050418800484E-16, 1.726666436952790651, 0.04369116875449340770 ) ) ;
#1101 = CARTESIAN_POINT ( 'NONE',  ( 0.000000000000000000, 1.060140932636241207, 0.003756448750937655713 ) ) ;
#1102 = CARTESIAN_POINT ( 'NONE',  ( 5.421102537644815150E-16, -4.426666155024613580, 0.07809505040055282621 ) ) ;
#1103 = CARTESIAN_POINT ( 'NONE',  ( -7.879777664320379849, 3.939888832160188592, 0.1328094727199127245 ) ) ;
#1104 = CARTESIAN_POINT ( 'NONE',  ( 3.404517699871976425E-16, -2.779999671939970440, 0.07841175950733833555 ) ) ;
#1105 = CARTESIAN_POINT ( 'NONE',  ( 0.000000000000000000, 4.079970288162595438, 0.01460570905275300133 ) ) ;
#1106 = CARTESIAN_POINT ( 'NONE',  ( 1.150995495410059848E-16, -0.9398591464995683653, 0.01866497635518359413 ) ) ;
#1107 = CARTESIAN_POINT ( 'NONE',  ( -3.690269409370745690E-16, 1.506666825055213765, 0.03045808037249523800 ) ) ;
#1108 = CARTESIAN_POINT ( 'NONE',  ( 2.078948324670814252, -1.039474162335407126, 0.001846016792939175711 ) ) ;
#1109 = CARTESIAN_POINT ( 'NONE',  ( 0.000000000000000000, 4.039584261276042199, 0.006821637958787194790 ) ) ;
#1110 = CARTESIAN_POINT ( 'NONE',  ( -7.996900862843038027, -3.998450431421520346, 0.1194346962539200585 ) ) ;
#1111 = CARTESIAN_POINT ( 'NONE',  ( 2.497761150488308326E-16, -2.039576759786859927, 0.003553993911679771689 ) ) ;
#1112 =( NAMED_UNIT ( * ) SI_UNIT ( $, .STERADIAN. ) SOLID_ANGLE_UNIT ( ) );
#1113 = CARTESIAN_POINT ( 'NONE',  ( 1.272988705700432891E-16, -1.039474162335407348, 0.001846016792939175494 ) ) ;
#1114 = CARTESIAN_POINT ( 'NONE',  ( 2.326819017625927139E-16, -1.899991915420796484, 0.05409900225266618679 ) ) ;
#1115 = CARTESIAN_POINT ( 'NONE',  ( 0.000000000000000000, 1.119997331416161979, 0.007210755109474342901 ) ) ;
#1116 = CARTESIAN_POINT ( 'NONE',  ( 5.159844576816015399E-16, -4.213332840463470674, 0.03904143923915678188 ) ) ;
#1117 = CARTESIAN_POINT ( 'NONE',  ( 3.796415020659242260E-16, -3.100008119322611666, 0.01415073452219330064 ) ) ;
#1118 = CARTESIAN_POINT ( 'NONE',  ( 4.327084782451282932E-16, -3.533332864189060896, 0.07542833010542988881 ) ) ;
#1119 = CARTESIAN_POINT ( 'NONE',  ( 0.000000000000000000, 4.000139787557704274, 0.06077559769767195558 ) ) ;
#1120 = CARTESIAN_POINT ( 'NONE',  ( -2.449290372023932442E-16, 0.9999986827749942631, 0.01002360122665234103 ) ) ;
#1121 = CARTESIAN_POINT ( 'NONE',  ( 2.351358937589093069E-16, -1.920030280752132557, 0.05534368408391256156 ) ) ;
#1122 = CARTESIAN_POINT ( 'NONE',  ( 0.000000000000000000, 2.039576759786859927, 0.003553993911679771689 ) ) ;
#1123 = CARTESIAN_POINT ( 'NONE',  ( 4.898758386974516523E-16, -4.000139787557704274, 0.06077559769767195558 ) ) ;
#1124 = CARTESIAN_POINT ( 'NONE',  ( 6.001049863686357178, 3.000524931843179033, 0.06090004020954543212 ) ) ;
#1125 = CARTESIAN_POINT ( 'NONE',  ( 3.675858181949186027E-16, -3.001565989890686570, 0.02190660233656128997 ) ) ;
#1126 = CARTESIAN_POINT ( 'NONE',  ( -1.956076721007473873, -0.9780383605037374917, 0.01761087005838728875 ) ) ;
#1127 = CARTESIAN_POINT ( 'NONE',  ( 3.956847070637100838, 1.978423535318550863, 0.05724254227093706487 ) ) ;
#1128 = CARTESIAN_POINT ( 'NONE',  ( 0.000000000000000000, 1.039474162335407348, 0.001846016792939175494 ) ) ;
#1129 = CARTESIAN_POINT ( 'NONE',  ( 0.000000000000000000, 3.206666514938462775, 0.02922458077260838699 ) ) ;
#1130 = CARTESIAN_POINT ( 'NONE',  ( 2.446893180094399264E-16, -1.998039909791150981, 0.03798056701360565113 ) ) ;
#1131 = CARTESIAN_POINT ( 'NONE',  ( 3.920844744263765058, -1.960422372131882529, 0.05816530021016143304 ) ) ;
#1132 = CARTESIAN_POINT ( 'NONE',  ( 9.119999025636049694, -4.559999512818024847, 0.1024983444323635806 ) ) ;
#1133 = CARTESIAN_POINT ( 'NONE',  ( 3.625462906963389810E-16, -2.960415124987529456, 0.09696141003629454858 ) ) ;
#1134 = CARTESIAN_POINT ( 'NONE',  ( 6.413333029876923774, -3.206666514938461887, 0.02922458077260838699 ) ) ;
#1135 = CARTESIAN_POINT ( 'NONE',  ( 6.123233995736766282E-16, -5.000000000000000000, 0.1830279999999999963 ) ) ;
#1136 = CARTESIAN_POINT ( 'NONE',  ( 2.446893180094399264E-16, -1.998039909791150981, 0.03798056701360565113 ) ) ;
#1137 = CARTESIAN_POINT ( 'NONE',  ( 9.786667869137598785, 4.893333934568800281, 0.1635017149632717604 ) ) ;
#1138 = CARTESIAN_POINT ( 'NONE',  ( 5.747674840683810358E-16, -4.693332677377318518, 0.1269029190099129623 ) ) ;
#1139 = CARTESIAN_POINT ( 'NONE',  ( -7.362044458264701448E-16, 3.005782754419659586, 0.1069158806749541807 ) ) ;
#1140 = CARTESIAN_POINT ( 'NONE',  ( 6.120223197521736935, -3.060111598760868468, 0.008612874036581246243 ) ) ;
#1141 = CARTESIAN_POINT ( 'NONE',  ( -4.043158666147841807, -2.021579333073922236, 0.003754239963340379183 ) ) ;
#1142 = CARTESIAN_POINT ( 'NONE',  ( 1.653334943977647020, -0.8266674719888235101, 0.01654096723673319225 ) ) ;
#1143 =( BOUNDED_SURFACE ( )  B_SPLINE_SURFACE ( 3, 3, ( 
 ( #131, #1379, #828, #1274 ),
 ( #269, #163, #1364, #1055 ),
 ( #139, #55, #1025, #26 ),
 ( #39, #701, #814, #1150 ),
 ( #463, #146, #358, #1252 ),
 ( #478, #694, #1142, #624 ),
 ( #1180, #1395, #70, #78 ),
 ( #1300, #517, #1080, #1071 ),
 ( #294, #178, #1403, #62 ),
 ( #508, #285, #732, #851 ),
 ( #1062, #395, #741, #960 ),
 ( #403, #1191, #186, #1291 ),
 ( #634, #277, #725, #1172 ),
 ( #952, #170, #616, #501 ),
 ( #843, #5, #880, #422 ),
 ( #220, #428, #531, #1421 ),
 ( #980, #1204, #200, #435 ),
 ( #1326, #523, #1108, #109 ),
 ( #1101, #1216, #1086, #747 ),
 ( #873, #1305, #213, #867 ),
 ( #760, #301, #555, #888 ),
 ( #1115, #1319, #322, #768 ),
 ( #316, #1208, #1003, #653 ),
 ( #84, #1332, #974, #1094 ),
 ( #660, #538, #857, #1197 ),
 ( #1313, #103, #639, #206 ),
 ( #96, #545, #192, #1416 ),
 ( #329, #647, #417, #995 ),
 ( #309, #755, #774, #987 ),
 ( #666, #1432, #1223, #1426 ),
 ( #89, #459, #911, #1016 ),
 ( #1144, #695, #450, #248 ),
 ( #17, #359, #1339, #1010 ),
 ( #896, #1253, #336, #796 ),
 ( #140, #343, #790, #782 ),
 ( #1026, #233, #237, #1358 ),
 ( #1237, #587, #132, #1241 ),
 ( #673, #808, #574, #678 ),
 ( #1247, #22, #1131, #802 ),
 ( #126, #1127, #1354, #27 ),
 ( #242, #1033, #688, #682 ),
 ( #122, #570, #1020, #1136 ),
 ( #464, #353, #580, #347 ),
 ( #455, #907, #916, #443 ),
 ( #1231, #227, #903, #564 ),
 ( #1122, #1350, #117, #1346 ),
 ( #12, #929, #594, #1267 ),
 ( #255, #1371, #709, #1039 ),
 ( #702, #270, #262, #40 ),
 ( #380, #1158, #479, #372 ),
 ( #821, #1151, #147, #487 ),
 ( #815, #155, #1260, #602 ),
 ( #1048, #48, #937, #1380 ),
 ( #829, #1276, #34, #472 ),
 ( #1365, #923, #366, #1058 ),
 ( #497, #1154, #166, #291 ),
 ( #1161, #159, #150, #705 ),
 ( #1051, #58, #738, #848 ),
 ( #514, #957, #612, #1270 ),
 ( #1186, #1391, #605, #1077 ),
 ( #839, #947, #174, #391 ),
 ( #1287, #281, #966, #1168 ),
 ( #728, #1409, #383, #1400 ),
 ( #75, #1176, #409, #505 ),
 ( #620, #824, #1065, #67 ),
 ( #721, #400, #1263, #932 ),
 ( #1297, #183, #1375, #375 ),
 ( #265, #631, #258, #832 ),
 ( #597, #940, #1043, #43 ),
 ( #482, #712, #1383, #51 ),
 ( #490, #1280, #273, #331 ),
 ( #229, #1124, #338, #675 ),
 ( #898, #129, #806, #1018 ),
 ( #799, #1251, #891, #794 ),
 ( #776, #438, #578, #119 ),
 ( #1352, #558, #914, #452 ),
 ( #246, #1024, #345, #357 ),
 ( #222, #692, #1140, #1239 ),
 ( #549, #998, #1005, #1435 ),
 ( #567, #462, #1334, #1117 ),
 ( #1226, #1357, #668, #14 ),
 ( #19, #111, #7, #445 ),
 ( #1129, #909, #1134, #25 ),
 ( #1341, #785, #1233, #1012 ),
 ( #572, #905, #1348, #235 ),
 ( #680, #124, #457, #350 ),
 ( #1245, #240, #686, #284 ),
 ( #1283, #731, #1394, #378 ),
 ( #835, #935, #1054, #1148 ),
 ( #268, #1156, #1046, #386 ),
 ( #1257, #476, #169, #716 ),
 ( #46, #1378, #600, #707 ),
 ( #1164, #137, #485, #1265 ),
 ( #827, #591, #1273, #608 ),
 ( #276, #1037, #584, #162 ),
 ( #1362, #1061, #469, #1030 ),
 ( #54, #493, #394, #943 ),
 ( #615, #252, #927, #144 ),
 ( #363, #1386, #724, #1171 ),
 ( #61, #500, #38, #951 ),
 ( #842, #1290, #1369, #31 ),
 ( #920, #812, #699, #370 ),
 ( #819, #260, #153, #13 ),
 ( #1011, #889, #323, #1123 ),
 ( #317, #1347, #177, #565 ),
 ( #104, #228, #451, #337 ),
 ( #1224, #904, #1427, #623 ),
 ( #769, #344, #1433, #996 ),
 ( #1109, #539, #1333, #1179 ),
 ( #1217, #988, #429, #546 ),
 ( #881, #783, #436, #1340 ),
 ( #214, #661, #6, #1069 ),
 ( #97, #1232, #330, #874 ),
 ( #207, #654, #674, #90 ),
 ( #1327, #775, #118, #1116 ),
 ( #1320, #221, #110, #1209 ),
 ( #667, #532, #556, #981 ),
 ( #1422, #423, #761, #1102 ),
 ( #1004, #444, #897, #1027 ),
 ( #1261, #908, #1132, #348 ),
 ( #571, #1248, #588, #243 ),
 ( #460, #1238, #141, #797 ),
 ( #816, #684, #689, #256 ),
 ( #1040, #1355, #809, #1254 ),
 ( #803, #1137, #930, #581 ),
 ( #18, #703, #456, #1022 ),
 ( #1145, #465, #793, #480 ),
 ( #1242, #249, #1017, #133 ) ),
 .UNSPECIFIED., .F., .F., .F. ) 
 B_SPLINE_SURFACE_WITH_KNOTS ( ( 4, 1, 1, 1, 1, 1, 1, 1, 1, 1, 1, 1, 1, 1, 1, 1, 1, 1, 1, 1, 1, 1, 1, 1, 1, 1, 1, 1, 1, 1, 1, 1, 1, 1, 1, 1, 1, 1, 1, 1, 1, 1, 1, 1, 1, 1, 1, 1, 1, 1, 1, 1, 1, 1, 1, 1, 1, 1, 1, 1, 1, 1, 1, 1, 1, 1, 1, 1, 1, 1, 1, 1, 1, 1, 1, 1, 1, 1, 1, 1, 1, 1, 1, 1, 1, 1, 1, 1, 1, 1, 1, 1, 1, 1, 1, 1, 1, 1, 1, 1, 1, 1, 1, 1, 1, 1, 1, 1, 1, 1, 1, 1, 1, 1, 1, 1, 1, 1, 1, 1, 1, 1, 1, 1, 1, 4 ),
 ( 4, 4 ),
 ( 0.000000000000000000, 0.03361589120801544012, 0.05229138798503306373, 0.1456688681318507317, 0.1568741676933693985, 0.1606092663011188526, 0.1643443649088683345, 0.1680794635166177609, 0.1718145621243672427, 0.1755496644703869735, 0.1792847630781364276, 0.1830198616858858818, 0.1867549602936353637, 0.1886228830700273640, 0.1904908058464193643, 0.1942318958374149585, 0.1979729970345687484, 0.2017140870255642870, 0.2054551882227180770, 0.2091962782137136712, 0.2129373682047092653, 0.2166784694018629998, 0.2316428405720035166, 0.2428661329573066907, 0.2578305041274471798, 0.2727948865037458925, 0.2840181676828908430, 0.2989825500591895557, 0.3139469212293300449, 0.3251702136146331634, 0.3401345847847737081, 0.3476167759729230644, 0.3513578771700768821, 0.3550989671610724208, 0.3588400571520680149, 0.3625811583492217216, 0.3663222483402173157, 0.3700633495373710780, 0.3738044395283666166, 0.3775455295193622107, 0.3812873500350454359, 0.3850291705507286610, 0.3887709910664118862, 0.3925241544408846206, 0.3962773364910189278, 0.4000304998654916622, 0.4037836819156259693, 0.4075368452900987037, 0.4112900273402329554, 0.4187963727648399970, 0.4300558815639197729, 0.4413154090386610662, 0.4525749178377407866, 0.4638344453124820799, 0.4750939541115618558, 0.4863534815863032046, 0.4976129903853829806, 0.5088725178601242183, 0.5238851900336767287, 0.5351447175084180774, 0.5464042263074977424, 0.5501574083576320495, 0.5539105717321047839, 0.5576637537822390911, 0.5614169171567118255, 0.5651700992068461327, 0.5689232625813188671, 0.5726764446314531742, 0.5764296080059259086, 0.5801835651649983605, 0.5839373356064802012, 0.5876912927655526531, 0.5914452499246249939, 0.5951992070836974458, 0.5989707063737992332, 0.6027422318102537702, 0.6065137311003554466, 0.6102852565368100946, 0.6140567558269116599, 0.6178282812633663079, 0.6253713059899225213, 0.6329143045701259851, 0.6442288547331368465, 0.6593148780398964126, 0.6706294282029072740, 0.6819439522195653858, 0.6970300016726779235, 0.7083445256893358133, 0.7234305751424484621, 0.7347450991591065739, 0.7498311486122191116, 0.7573741733387753250, 0.7611456726288771124, 0.7649171980653317604, 0.7686886973554335478, 0.7724602227918880848, 0.7762317220819898722, 0.7800032213720916596, 0.7837747468085463076, 0.7875470022914977664, 0.7913192577744493361, 0.7950915132574009059, 0.7988639554579430868, 0.8026362109408945456, 0.8064084664238461153, 0.8101807219067976851, 0.8139771222595231226, 0.8177734889966543630, 0.8215698893493799115, 0.8253662560865111519, 0.8291626564392367005, 0.8329590231763679409, 0.8367554235290934894, 0.8519409577088069563, 0.8633301251513894048, 0.8785156593311028717, 0.8899048267736853202, 0.9050903609533986760, 0.9164795283959811245, 0.9278686622229690428, 0.9430542300182770399, 0.9544433638452648472, 0.9658325312878474067, 0.9810180654675608736, 0.9924072329101432111, 1.000000000000000000 ),
 ( 0.000000000000000000, 1.000000000000000000 ),
 .UNSPECIFIED. ) 
 GEOMETRIC_REPRESENTATION_ITEM ( )  RATIONAL_B_SPLINE_SURFACE ( (
 ( 1.000000000000000000, 0.3333333333333334259, 0.3333333333333334259, 1.000000000000000000),
 ( 1.000000000000000000, 0.3333333333333334259, 0.3333333333333334259, 1.000000000000000000),
 ( 1.000000000000000000, 0.3333333333333334259, 0.3333333333333334259, 1.000000000000000000),
 ( 1.000000000000000000, 0.3333333333333334259, 0.3333333333333334259, 1.000000000000000000),
 ( 1.000000000000000000, 0.3333333333333334259, 0.3333333333333334259, 1.000000000000000000),
 ( 1.000000000000000000, 0.3333333333333334259, 0.3333333333333334259, 1.000000000000000000),
 ( 1.000000000000000000, 0.3333333333333334259, 0.3333333333333334259, 1.000000000000000000),
 ( 1.000000000000000000, 0.3333333333333334259, 0.3333333333333334259, 1.000000000000000000),
 ( 1.000000000000000000, 0.3333333333333334259, 0.3333333333333334259, 1.000000000000000000),
 ( 1.000000000000000000, 0.3333333333333334259, 0.3333333333333334259, 1.000000000000000000),
 ( 1.000000000000000000, 0.3333333333333334259, 0.3333333333333334259, 1.000000000000000000),
 ( 1.000000000000000000, 0.3333333333333334259, 0.3333333333333334259, 1.000000000000000000),
 ( 1.000000000000000000, 0.3333333333333334259, 0.3333333333333334259, 1.000000000000000000),
 ( 1.000000000000000000, 0.3333333333333334259, 0.3333333333333334259, 1.000000000000000000),
 ( 1.000000000000000000, 0.3333333333333334259, 0.3333333333333334259, 1.000000000000000000),
 ( 1.000000000000000000, 0.3333333333333334259, 0.3333333333333334259, 1.000000000000000000),
 ( 1.000000000000000000, 0.3333333333333334259, 0.3333333333333334259, 1.000000000000000000),
 ( 1.000000000000000000, 0.3333333333333334259, 0.3333333333333334259, 1.000000000000000000),
 ( 1.000000000000000000, 0.3333333333333334259, 0.3333333333333334259, 1.000000000000000000),
 ( 1.000000000000000000, 0.3333333333333334259, 0.3333333333333334259, 1.000000000000000000),
 ( 1.000000000000000000, 0.3333333333333334259, 0.3333333333333334259, 1.000000000000000000),
 ( 1.000000000000000000, 0.3333333333333334259, 0.3333333333333334259, 1.000000000000000000),
 ( 1.000000000000000000, 0.3333333333333334259, 0.3333333333333334259, 1.000000000000000000),
 ( 1.000000000000000000, 0.3333333333333334259, 0.3333333333333334259, 1.000000000000000000),
 ( 1.000000000000000000, 0.3333333333333334259, 0.3333333333333334259, 1.000000000000000000),
 ( 1.000000000000000000, 0.3333333333333334259, 0.3333333333333334259, 1.000000000000000000),
 ( 1.000000000000000000, 0.3333333333333334259, 0.3333333333333334259, 1.000000000000000000),
 ( 1.000000000000000000, 0.3333333333333334259, 0.3333333333333334259, 1.000000000000000000),
 ( 1.000000000000000000, 0.3333333333333334259, 0.3333333333333334259, 1.000000000000000000),
 ( 1.000000000000000000, 0.3333333333333334259, 0.3333333333333334259, 1.000000000000000000),
 ( 1.000000000000000000, 0.3333333333333334259, 0.3333333333333334259, 1.000000000000000000),
 ( 1.000000000000000000, 0.3333333333333334259, 0.3333333333333334259, 1.000000000000000000),
 ( 1.000000000000000000, 0.3333333333333334259, 0.3333333333333334259, 1.000000000000000000),
 ( 1.000000000000000000, 0.3333333333333334259, 0.3333333333333334259, 1.000000000000000000),
 ( 1.000000000000000000, 0.3333333333333334259, 0.3333333333333334259, 1.000000000000000000),
 ( 1.000000000000000000, 0.3333333333333334259, 0.3333333333333334259, 1.000000000000000000),
 ( 1.000000000000000000, 0.3333333333333334259, 0.3333333333333334259, 1.000000000000000000),
 ( 1.000000000000000000, 0.3333333333333334259, 0.3333333333333334259, 1.000000000000000000),
 ( 1.000000000000000000, 0.3333333333333334259, 0.3333333333333334259, 1.000000000000000000),
 ( 1.000000000000000000, 0.3333333333333334259, 0.3333333333333334259, 1.000000000000000000),
 ( 1.000000000000000000, 0.3333333333333334259, 0.3333333333333334259, 1.000000000000000000),
 ( 1.000000000000000000, 0.3333333333333334259, 0.3333333333333334259, 1.000000000000000000),
 ( 1.000000000000000000, 0.3333333333333334259, 0.3333333333333334259, 1.000000000000000000),
 ( 1.000000000000000000, 0.3333333333333334259, 0.3333333333333334259, 1.000000000000000000),
 ( 1.000000000000000000, 0.3333333333333334259, 0.3333333333333334259, 1.000000000000000000),
 ( 1.000000000000000000, 0.3333333333333334259, 0.3333333333333334259, 1.000000000000000000),
 ( 1.000000000000000000, 0.3333333333333334259, 0.3333333333333334259, 1.000000000000000000),
 ( 1.000000000000000000, 0.3333333333333334259, 0.3333333333333334259, 1.000000000000000000),
 ( 1.000000000000000000, 0.3333333333333334259, 0.3333333333333334259, 1.000000000000000000),
 ( 1.000000000000000000, 0.3333333333333334259, 0.3333333333333334259, 1.000000000000000000),
 ( 1.000000000000000000, 0.3333333333333334259, 0.3333333333333334259, 1.000000000000000000),
 ( 1.000000000000000000, 0.3333333333333334259, 0.3333333333333334259, 1.000000000000000000),
 ( 1.000000000000000000, 0.3333333333333334259, 0.3333333333333334259, 1.000000000000000000),
 ( 1.000000000000000000, 0.3333333333333334259, 0.3333333333333334259, 1.000000000000000000),
 ( 1.000000000000000000, 0.3333333333333334259, 0.3333333333333334259, 1.000000000000000000),
 ( 1.000000000000000000, 0.3333333333333334259, 0.3333333333333334259, 1.000000000000000000),
 ( 1.000000000000000000, 0.3333333333333334259, 0.3333333333333334259, 1.000000000000000000),
 ( 1.000000000000000000, 0.3333333333333334259, 0.3333333333333334259, 1.000000000000000000),
 ( 1.000000000000000000, 0.3333333333333334259, 0.3333333333333334259, 1.000000000000000000),
 ( 1.000000000000000000, 0.3333333333333334259, 0.3333333333333334259, 1.000000000000000000),
 ( 1.000000000000000000, 0.3333333333333334259, 0.3333333333333334259, 1.000000000000000000),
 ( 1.000000000000000000, 0.3333333333333334259, 0.3333333333333334259, 1.000000000000000000),
 ( 1.000000000000000000, 0.3333333333333334259, 0.3333333333333334259, 1.000000000000000000),
 ( 1.000000000000000000, 0.3333333333333334259, 0.3333333333333334259, 1.000000000000000000),
 ( 1.000000000000000000, 0.3333333333333334259, 0.3333333333333334259, 1.000000000000000000),
 ( 1.000000000000000000, 0.3333333333333334259, 0.3333333333333334259, 1.000000000000000000),
 ( 1.000000000000000000, 0.3333333333333334259, 0.3333333333333334259, 1.000000000000000000),
 ( 1.000000000000000000, 0.3333333333333334259, 0.3333333333333334259, 1.000000000000000000),
 ( 1.000000000000000000, 0.3333333333333334259, 0.3333333333333334259, 1.000000000000000000),
 ( 1.000000000000000000, 0.3333333333333334259, 0.3333333333333334259, 1.000000000000000000),
 ( 1.000000000000000000, 0.3333333333333334259, 0.3333333333333334259, 1.000000000000000000),
 ( 1.000000000000000000, 0.3333333333333334259, 0.3333333333333334259, 1.000000000000000000),
 ( 1.000000000000000000, 0.3333333333333334259, 0.3333333333333334259, 1.000000000000000000),
 ( 1.000000000000000000, 0.3333333333333334259, 0.3333333333333334259, 1.000000000000000000),
 ( 1.000000000000000000, 0.3333333333333334259, 0.3333333333333334259, 1.000000000000000000),
 ( 1.000000000000000000, 0.3333333333333334259, 0.3333333333333334259, 1.000000000000000000),
 ( 1.000000000000000000, 0.3333333333333334259, 0.3333333333333334259, 1.000000000000000000),
 ( 1.000000000000000000, 0.3333333333333334259, 0.3333333333333334259, 1.000000000000000000),
 ( 1.000000000000000000, 0.3333333333333334259, 0.3333333333333334259, 1.000000000000000000),
 ( 1.000000000000000000, 0.3333333333333334259, 0.3333333333333334259, 1.000000000000000000),
 ( 1.000000000000000000, 0.3333333333333334259, 0.3333333333333334259, 1.000000000000000000),
 ( 1.000000000000000000, 0.3333333333333334259, 0.3333333333333334259, 1.000000000000000000),
 ( 1.000000000000000000, 0.3333333333333334259, 0.3333333333333334259, 1.000000000000000000),
 ( 1.000000000000000000, 0.3333333333333334259, 0.3333333333333334259, 1.000000000000000000),
 ( 1.000000000000000000, 0.3333333333333334259, 0.3333333333333334259, 1.000000000000000000),
 ( 1.000000000000000000, 0.3333333333333334259, 0.3333333333333334259, 1.000000000000000000),
 ( 1.000000000000000000, 0.3333333333333334259, 0.3333333333333334259, 1.000000000000000000),
 ( 1.000000000000000000, 0.3333333333333334259, 0.3333333333333334259, 1.000000000000000000),
 ( 1.000000000000000000, 0.3333333333333334259, 0.3333333333333334259, 1.000000000000000000),
 ( 1.000000000000000000, 0.3333333333333334259, 0.3333333333333334259, 1.000000000000000000),
 ( 1.000000000000000000, 0.3333333333333334259, 0.3333333333333334259, 1.000000000000000000),
 ( 1.000000000000000000, 0.3333333333333334259, 0.3333333333333334259, 1.000000000000000000),
 ( 1.000000000000000000, 0.3333333333333334259, 0.3333333333333334259, 1.000000000000000000),
 ( 1.000000000000000000, 0.3333333333333334259, 0.3333333333333334259, 1.000000000000000000),
 ( 1.000000000000000000, 0.3333333333333334259, 0.3333333333333334259, 1.000000000000000000),
 ( 1.000000000000000000, 0.3333333333333334259, 0.3333333333333334259, 1.000000000000000000),
 ( 1.000000000000000000, 0.3333333333333334259, 0.3333333333333334259, 1.000000000000000000),
 ( 1.000000000000000000, 0.3333333333333334259, 0.3333333333333334259, 1.000000000000000000),
 ( 1.000000000000000000, 0.3333333333333334259, 0.3333333333333334259, 1.000000000000000000),
 ( 1.000000000000000000, 0.3333333333333334259, 0.3333333333333334259, 1.000000000000000000),
 ( 1.000000000000000000, 0.3333333333333334259, 0.3333333333333334259, 1.000000000000000000),
 ( 1.000000000000000000, 0.3333333333333334259, 0.3333333333333334259, 1.000000000000000000),
 ( 1.000000000000000000, 0.3333333333333334259, 0.3333333333333334259, 1.000000000000000000),
 ( 1.000000000000000000, 0.3333333333333334259, 0.3333333333333334259, 1.000000000000000000),
 ( 1.000000000000000000, 0.3333333333333334259, 0.3333333333333334259, 1.000000000000000000),
 ( 1.000000000000000000, 0.3333333333333334259, 0.3333333333333334259, 1.000000000000000000),
 ( 1.000000000000000000, 0.3333333333333334259, 0.3333333333333334259, 1.000000000000000000),
 ( 1.000000000000000000, 0.3333333333333334259, 0.3333333333333334259, 1.000000000000000000),
 ( 1.000000000000000000, 0.3333333333333334259, 0.3333333333333334259, 1.000000000000000000),
 ( 1.000000000000000000, 0.3333333333333334259, 0.3333333333333334259, 1.000000000000000000),
 ( 1.000000000000000000, 0.3333333333333334259, 0.3333333333333334259, 1.000000000000000000),
 ( 1.000000000000000000, 0.3333333333333334259, 0.3333333333333334259, 1.000000000000000000),
 ( 1.000000000000000000, 0.3333333333333334259, 0.3333333333333334259, 1.000000000000000000),
 ( 1.000000000000000000, 0.3333333333333334259, 0.3333333333333334259, 1.000000000000000000),
 ( 1.000000000000000000, 0.3333333333333334259, 0.3333333333333334259, 1.000000000000000000),
 ( 1.000000000000000000, 0.3333333333333334259, 0.3333333333333334259, 1.000000000000000000),
 ( 1.000000000000000000, 0.3333333333333334259, 0.3333333333333334259, 1.000000000000000000),
 ( 1.000000000000000000, 0.3333333333333334259, 0.3333333333333334259, 1.000000000000000000),
 ( 1.000000000000000000, 0.3333333333333334259, 0.3333333333333334259, 1.000000000000000000),
 ( 1.000000000000000000, 0.3333333333333334259, 0.3333333333333334259, 1.000000000000000000),
 ( 1.000000000000000000, 0.3333333333333334259, 0.3333333333333334259, 1.000000000000000000),
 ( 1.000000000000000000, 0.3333333333333334259, 0.3333333333333334259, 1.000000000000000000),
 ( 1.000000000000000000, 0.3333333333333334259, 0.3333333333333334259, 1.000000000000000000),
 ( 1.000000000000000000, 0.3333333333333334259, 0.3333333333333334259, 1.000000000000000000),
 ( 1.000000000000000000, 0.3333333333333334259, 0.3333333333333334259, 1.000000000000000000),
 ( 1.000000000000000000, 0.3333333333333334259, 0.3333333333333334259, 1.000000000000000000),
 ( 1.000000000000000000, 0.3333333333333334259, 0.3333333333333334259, 1.000000000000000000),
 ( 1.000000000000000000, 0.3333333333333334259, 0.3333333333333334259, 1.000000000000000000) ) ) 
 REPRESENTATION_ITEM ( '' )  SURFACE ( )  );
#1144 = CARTESIAN_POINT ( 'NONE',  ( 0.000000000000000000, 1.786666904798071887, 0.04729198496370289745 ) ) ;
#1145 = CARTESIAN_POINT ( 'NONE',  ( 0.000000000000000000, 4.986666768890786194, 0.1805871081412128432 ) ) ;
#1146 = CARTESIAN_POINT ( 'NONE',  ( -9.253334691886120567, -4.626667345943062060, 0.1146939484524958086 ) ) ;
#1147 = CARTESIAN_POINT ( 'NONE',  ( -5.920830249975058024, -2.960415124987530344, 0.09696141003629456245 ) ) ;
#1148 = CARTESIAN_POINT ( 'NONE',  ( 4.416893368992898710E-16, -3.606667140328225329, 0.08579264597929835146 ) ) ;
#1149 = CARTESIAN_POINT ( 'NONE',  ( -4.003909188509147121, 2.001954594254572672, 0.02218275820918632138 ) ) ;
#1150 = CARTESIAN_POINT ( 'NONE',  ( 5.061871225962884462E-17, -0.4133331528312617631, 0.008278680502871631555 ) ) ;
#1151 = CARTESIAN_POINT ( 'NONE',  ( 4.333338054670230477, 2.166669027335115238, 0.01675789129422766699 ) ) ;
#1152 = DIRECTION ( 'NONE',  ( -1.000000000000000000, 0.000000000000000000, 0.000000000000000000 ) ) ;
#1153 = CARTESIAN_POINT ( 'NONE',  ( -9.906665904811653434, -4.953332952405827605, 0.1744887479591511470 ) ) ;
#1154 = CARTESIAN_POINT ( 'NONE',  ( 4.920000632130173912, 2.460000316065087400, 0.04623812896590288879 ) ) ;
#1155 = CARTESIAN_POINT ( 'NONE',  ( -6.923338581142987531E-16, 2.826667487296453896, 0.08309889072462652015 ) ) ;
#1156 = CARTESIAN_POINT ( 'NONE',  ( 7.346665730289792862, 3.673332865144896875, 0.09522731195050512798 ) ) ;
#1157 = CARTESIAN_POINT ( 'NONE',  ( 5.159844576816015399E-16, -4.213332840463470674, 0.03904143923915678188 ) ) ;
#1158 = CARTESIAN_POINT ( 'NONE',  ( 4.253321857228295144, 2.126660928614148016, 0.01272794395549199133 ) ) ;
#1159 = CARTESIAN_POINT ( 'NONE',  ( 0.000000000000000000, 1.213332177810961809, 0.01282053067785118156 ) ) ;
#1160 = CARTESIAN_POINT ( 'NONE',  ( -9.119999025636051471, 4.559999512818023071, 0.1024983444323635806 ) ) ;
#1161 = CARTESIAN_POINT ( 'NONE',  ( 0.000000000000000000, 2.519999679855377206, 0.05227586859974641537 ) ) ;
#1162 = CARTESIAN_POINT ( 'NONE',  ( -6.011565508839317395, -3.005782754419660918, 0.1069158806749541807 ) ) ;
#1163 = CARTESIAN_POINT ( 'NONE',  ( 4.245442824777319949E-16, -3.466667146587213644, 0.06599355517678603955 ) ) ;
#1164 = CARTESIAN_POINT ( 'NONE',  ( 0.000000000000000000, 3.853331703258092933, 0.1206793930196753545 ) ) ;
#1165 = CARTESIAN_POINT ( 'NONE',  ( 5.331296064300950901E-16, -4.353333604442363836, 0.06466783893558912533 ) ) ;
#1166 = CARTESIAN_POINT ( 'NONE',  ( 0.000000000000000000, 1.786666904798071887, 0.04729198496370289745 ) ) ;
#1167 = CARTESIAN_POINT ( 'NONE',  ( -1.221381099387315142E-15, 4.986666768890786194, 0.1805871081412128432 ) ) ;
#1168 = CARTESIAN_POINT ( 'NONE',  ( 3.461669290571493765E-16, -2.826667487296453896, 0.08309889072462652015 ) ) ;
#1169 = CARTESIAN_POINT ( 'NONE',  ( -6.172219083574484667E-16, 2.519999679855377206, 0.05227586859974641537 ) ) ;
#1170 = CARTESIAN_POINT ( 'NONE',  ( -6.079167650833949388, 3.039583825416973362, 0.005178449241797977373 ) ) ;
#1171 = CARTESIAN_POINT ( 'NONE',  ( 4.872199837736466576E-16, -3.978453086333693545, 0.1368115257866065471 ) ) ;
#1172 = CARTESIAN_POINT ( 'NONE',  ( 1.197751547634226907E-16, -0.9780383605037371586, 0.01761087005838728875 ) ) ;
#1173 = CARTESIAN_POINT ( 'NONE',  ( 0.000000000000000000, 1.653333547220752431, 0.03927508537421491724 ) ) ;
#1174 = CARTESIAN_POINT ( 'NONE',  ( -1.653334943977647020, -0.8266674719888240652, 0.01654096723673319225 ) ) ;
#1175 = CARTESIAN_POINT ( 'NONE',  ( 4.898074628838614212E-16, -3.999581456668849011, 0.03990426394356526296 ) ) ;
#1176 = CARTESIAN_POINT ( 'NONE',  ( 5.760004444762605758, 2.880002222381303323, 0.08846287387587375983 ) ) ;
#1177 = CARTESIAN_POINT ( 'NONE',  ( -4.200016447227452154, -2.100008223613726965, 0.01006050203778115562 ) ) ;
#1178 = CARTESIAN_POINT ( 'NONE',  ( -8.164313107533055604E-16, 3.333333787838815621, 0.04713697354916616955 ) ) ;
#1179 = CARTESIAN_POINT ( 'NONE',  ( 4.947063935457730473E-16, -4.039584261276042199, 0.006821637958787194790 ) ) ;
#1180 = CARTESIAN_POINT ( 'NONE',  ( 0.000000000000000000, 0.8599992733375436682, 0.01720629417725801774 ) ) ;
#1181 = FILL_AREA_STYLE ('',( #635 ) ) ;
#1182 = CARTESIAN_POINT ( 'NONE',  ( 0.000000000000000000, 1.880002177441506772, 0.05290831417342994891 ) ) ;
#1183 = ORIENTED_EDGE ( 'NONE', *, *, #112, .T. ) ;
#1184 = CARTESIAN_POINT ( 'NONE',  ( -2.120281865272482413, 1.060140932636240763, 0.003756448750937656147 ) ) ;
#1185 = CARTESIAN_POINT ( 'NONE',  ( 4.924980724740194259E-16, -4.021551951280285309, 0.005523340545675854175 ) ) ;
#1186 = CARTESIAN_POINT ( 'NONE',  ( 0.000000000000000000, 2.713333707466005329, 0.07170361551679702017 ) ) ;
#1187 = CARTESIAN_POINT ( 'NONE',  ( 3.012631512970586720E-16, -2.460000316065087844, 0.04623812896590288879 ) ) ;
#1188 = CARTESIAN_POINT ( 'NONE',  ( 4.000512515284015700E-16, -3.266666371127845636, 0.03771634060165437313 ) ) ;
#1189 = CIRCLE ( 'NONE', #297, 5.000000000000000000 ) ;
#1190 = PRODUCT_RELATED_PRODUCT_CATEGORY ( 'part', '', ( #1244 ) ) ;
#1191 = CARTESIAN_POINT ( 'NONE',  ( 1.921051243051010493, 0.9605256215255055796, 0.01974303830669252649 ) ) ;
#1192 = CARTESIAN_POINT ( 'NONE',  ( 1.150995495410059848E-16, -0.9398591464995683653, 0.01866497635518359413 ) ) ;
#1193 = CARTESIAN_POINT ( 'NONE',  ( 0.000000000000000000, 2.340000251781445773, 0.03417509093049642122 ) ) ;
#1194 = CARTESIAN_POINT ( 'NONE',  ( 5.061871225962884462E-17, -0.4133331528312617631, 0.008278680502871631555 ) ) ;
#1195 = CARTESIAN_POINT ( 'NONE',  ( -2.320008053293520778, 1.160004026646759723, 0.009625693684403729272 ) ) ;
#1196 = CARTESIAN_POINT ( 'NONE',  ( -8.079168522552084397, 4.039584261276040422, 0.006821637958787194790 ) ) ;
#1197 = CARTESIAN_POINT ( 'NONE',  ( 1.575712561847166672E-16, -1.286666949968137130, 0.01723875121984944428 ) ) ;
#1198 = CARTESIAN_POINT ( 'NONE',  ( -4.333338054670230477, -2.166669027335116127, 0.01675789129422766699 ) ) ;
#1199 = CARTESIAN_POINT ( 'NONE',  ( -9.793379044779435250E-16, 3.998450431421519902, 0.1194346962539200446 ) ) ;
#1200 = CARTESIAN_POINT ( 'NONE',  ( 0.000000000000000000, 4.693332677377318518, 0.1269029190099129623 ) ) ;
#1201 = FACE_OUTER_BOUND ( 'NONE', #288, .T. ) ;
#1202 = CARTESIAN_POINT ( 'NONE',  ( -3.013333650110427087, -1.506666825055214654, 0.03045808037249523800 ) ) ;
#1203 = CARTESIAN_POINT ( 'NONE',  ( -8.003068789957529461, -4.001534394978766507, 0.02204369088268981133 ) ) ;
#1204 = CARTESIAN_POINT ( 'NONE',  ( 2.043924645442535049, 1.021962322721267746, 0.003289482911669366991 ) ) ;
#1205 = CARTESIAN_POINT ( 'NONE',  ( -7.920829037879359547, 3.960414518939678441, 0.1362422487190793619 ) ) ;
#1206 = CARTESIAN_POINT ( 'NONE',  ( 1.347123866467937450E-16, -1.100010115084494311, 0.006022762330862291638 ) ) ;
#1207 = CARTESIAN_POINT ( 'NONE',  ( -3.151425123694333344E-16, 1.286666949968137130, 0.01723875121984944428 ) ) ;
#1208 = CARTESIAN_POINT ( 'NONE',  ( 2.320008053293520334, 1.160004026646760389, 0.009625693684403729272 ) ) ;
#1209 = CARTESIAN_POINT ( 'NONE',  ( 5.249652331525986924E-16, -4.286666437360550752, 0.05247197203524999604 ) ) ;
#1210 = CARTESIAN_POINT ( 'NONE',  ( 4.776112611261296628E-16, -3.899991911616159879, 0.1272712903735715995 ) ) ;
#1211 = CIRCLE ( 'NONE', #208, 5.000000000000000000 ) ;
#1212 = PRESENTATION_STYLE_ASSIGNMENT (( #526 ) ) ;
#1213 = CARTESIAN_POINT ( 'NONE',  ( 0.000000000000000000, 3.999581456668849011, 0.03990426394356526296 ) ) ;
#1214 = CARTESIAN_POINT ( 'NONE',  ( -2.455273507275410233E-16, 1.002441483121854660, 0.02582004121374779221 ) ) ;
#1215 = CARTESIAN_POINT ( 'NONE',  ( 1.575712561847166672E-16, -1.286666949968137130, 0.01723875121984944428 ) ) ;
#1216 = CARTESIAN_POINT ( 'NONE',  ( 2.120281865272481969, 1.060140932636241207, 0.003756448750937656147 ) ) ;
#1217 = CARTESIAN_POINT ( 'NONE',  ( 0.000000000000000000, 4.060111288139599317, 0.01111614888771755502 ) ) ;
#1218 = CARTESIAN_POINT ( 'NONE',  ( -9.811319713701788863E-16, 4.005775265379703853, 0.1480704702071055645 ) ) ;
#1219 = CARTESIAN_POINT ( 'NONE',  ( 2.277842280765061599E-16, -1.859999374800133110, 0.05170374103975021451 ) ) ;
#1220 = CARTESIAN_POINT ( 'NONE',  ( 0.000000000000000000, 3.466667146587213644, 0.06599355517678603955 ) ) ;
#1221 = CARTESIAN_POINT ( 'NONE',  ( 1.197751547634226907E-16, -0.9780383605037371586, 0.01761087005838728875 ) ) ;
#1222 = CARTESIAN_POINT ( 'NONE',  ( -4.903374571784403373E-16, 2.001954594254573561, 0.02218275820918632138 ) ) ;
#1223 = CARTESIAN_POINT ( 'NONE',  ( 3.306667094441503973, -1.653333547220751987, 0.03927508537421491724 ) ) ;
#1224 = CARTESIAN_POINT ( 'NONE',  ( 0.000000000000000000, 3.994265487868259079, -0.006922697092031676776 ) ) ;
#1225 = EDGE_CURVE ( 'NONE', #406, #511, #1000, .T. ) ;
#1226 = CARTESIAN_POINT ( 'NONE',  ( 0.000000000000000000, 3.126660979153517594, 0.01790843272098607136 ) ) ;
#1227 = CARTESIAN_POINT ( 'NONE',  ( 3.241231369308764047E-16, -2.646666264563329651, 0.06500966882615095976 ) ) ;
#1228 = CARTESIAN_POINT ( 'NONE',  ( 0.000000000000000000, 4.060111288139599317, 0.01111614888771755502 ) ) ;
#1229 = CARTESIAN_POINT ( 'NONE',  ( -1.879718292999136509, 0.9398591464995679212, 0.01866497635518359413 ) ) ;
#1230 = CARTESIAN_POINT ( 'NONE',  ( 2.522911364456138840E-16, -2.060113467991496083, 0.006155774431637004926 ) ) ;
#1231 = CARTESIAN_POINT ( 'NONE',  ( 0.000000000000000000, 2.021579333073921791, 0.003754239963340379183 ) ) ;
#1232 = CARTESIAN_POINT ( 'NONE',  ( 8.239996004146197706, 4.119998002073099741, 0.02195996465579681811 ) ) ;
#1233 = CARTESIAN_POINT ( 'NONE',  ( 6.533332742255689496, -3.266666371127844748, 0.03771634060165436619 ) ) ;
#1234 = CARTESIAN_POINT ( 'NONE',  ( 3.159589135173632023E-16, -2.580000321213807180, 0.05830113305439119098 ) ) ;
#1235 = CARTESIAN_POINT ( 'NONE',  ( -1.840075503626034115, 0.9200377518130167243, 0.01844505483034282120 ) ) ;
#1236 = CARTESIAN_POINT ( 'NONE',  ( -4.913001916415629246E-16, 2.005885255992279514, 0.06637312590011149038 ) ) ;
#1237 = CARTESIAN_POINT ( 'NONE',  ( 0.000000000000000000, 1.920030280752132557, 0.05534368408391256156 ) ) ;
#1238 = CARTESIAN_POINT ( 'NONE',  ( 9.386665354754637036, 4.693332677377318518, 0.1269029190099129345 ) ) ;
#1239 = CARTESIAN_POINT ( 'NONE',  ( 3.747555874456188433E-16, -3.060111598760869356, 0.008612874036581246243 ) ) ;
#1240 = CARTESIAN_POINT ( 'NONE',  ( 4.661821585974490131E-16, -3.806666207122112233, 0.1140814044915397646 ) ) ;
#1241 = CARTESIAN_POINT ( 'NONE',  ( 2.351358937589093069E-16, -1.920030280752132557, 0.05534368408391256156 ) ) ;
#1242 = CARTESIAN_POINT ( 'NONE',  ( 0.000000000000000000, 5.000000000000000000, 0.1830279999999999963 ) ) ;
#1243 = CARTESIAN_POINT ( 'NONE',  ( -5.719998687605776233, 2.859999343802886784, 0.08645085780441820467 ) ) ;
#1244 = PRODUCT ( 'myfresnel', 'myfresnel', '', ( #1343 ) ) ;
#1245 = CARTESIAN_POINT ( 'NONE',  ( 0.000000000000000000, 3.466667146587213644, 0.06599355517678603955 ) ) ;
#1246 = CARTESIAN_POINT ( 'NONE',  ( 3.086109541787242333E-16, -2.519999679855377206, 0.05227586859974641537 ) ) ;
#1247 = CARTESIAN_POINT ( 'NONE',  ( 0.000000000000000000, 1.960422372131882973, 0.05816530021016143998 ) ) ;
#1248 = CARTESIAN_POINT ( 'NONE',  ( 9.253334691886120567, 4.626667345943061171, 0.1146939484524958086 ) ) ;
#1249 = CARTESIAN_POINT ( 'NONE',  ( 5.249652331525986924E-16, -4.286666437360550752, 0.05247197203524999604 ) ) ;
#1250 = CARTESIAN_POINT ( 'NONE',  ( -6.003131979781372252, -3.001565989890687458, 0.02190660233656128997 ) ) ;
#1251 = CARTESIAN_POINT ( 'NONE',  ( 6.003131979781372252, 3.001565989890687014, 0.02190660233656128997 ) ) ;
#1252 = CARTESIAN_POINT ( 'NONE',  ( 7.756075637235171899E-17, -0.6333316383658744719, 0.01267239122632485802 ) ) ;
#1253 = CARTESIAN_POINT ( 'NONE',  ( 3.719998749600265331, 1.859999374800133332, 0.05170374103975021451 ) ) ;
#1254 = CARTESIAN_POINT ( 'NONE',  ( 5.910961123304327612E-16, -4.826666045605777278, 0.1513063934946973776 ) ) ;
#1255 = CARTESIAN_POINT ( 'NONE',  ( 5.829319441637553094E-16, -4.760000553380902666, 0.1390983093802069248 ) ) ;
#1256 = CARTESIAN_POINT ( 'NONE',  ( -5.799983865013436990, -2.899991932506719827, 0.09046366333174163388 ) ) ;
#1257 = CARTESIAN_POINT ( 'NONE',  ( 0.000000000000000000, 3.746667165152012480, 0.1055914647727872885 ) ) ;
#1258 = CARTESIAN_POINT ( 'NONE',  ( 2.442109598021730150E-16, -1.994133818601430130, -0.006500553879172944576 ) ) ;
#1259 = CARTESIAN_POINT ( 'NONE',  ( 4.891564444662604526E-16, -3.994265487868259079, -0.006922697092031676776 ) ) ;
#1260 = CARTESIAN_POINT ( 'NONE',  ( 4.439998927585761201, -2.219999463792880601, 0.02211162443390795457 ) ) ;
#1261 = CARTESIAN_POINT ( 'NONE',  ( 0.000000000000000000, 4.559999512818025735, 0.1024983444323635806 ) ) ;
#1262 = CARTESIAN_POINT ( 'NONE',  ( -10.00000000000000000, 4.999999999999997335, 0.1830279999999999963 ) ) ;
#1263 = CARTESIAN_POINT ( 'NONE',  ( 5.840059763223161227, -2.920029881611579725, 0.09251445599671227760 ) ) ;
#1264 = CARTESIAN_POINT ( 'NONE',  ( -5.799983865013437878, 2.899991932506717607, 0.09046366333174163388 ) ) ;
#1265 = CARTESIAN_POINT ( 'NONE',  ( 4.718970336448042918E-16, -3.853331703258092933, 0.1206793930196753545 ) ) ;
#1266 = CARTESIAN_POINT ( 'NONE',  ( 4.850108963916183832E-16, -3.960414518939680217, 0.1362422487190793619 ) ) ;
#1267 = CARTESIAN_POINT ( 'NONE',  ( 2.522911364456138840E-16, -2.060113467991496083, 0.006155774431637004926 ) ) ;
#1268 = CARTESIAN_POINT ( 'NONE',  ( 0.000000000000000000, 3.005782754419659586, 0.1069158806749541807 ) ) ;
#1269 = DIRECTION ( 'NONE',  ( -1.000000000000000000, 0.000000000000000000, 0.000000000000000000 ) ) ;
#1270 = CARTESIAN_POINT ( 'NONE',  ( 3.241231369308764047E-16, -2.646666264563329651, 0.06500966882615095976 ) ) ;
#1271 = CARTESIAN_POINT ( 'NONE',  ( -5.760004444762606646, 2.880002222381301991, 0.08846287387587375983 ) ) ;
#1272 = CARTESIAN_POINT ( 'NONE',  ( -6.120223197521736935, -3.060111598760870244, 0.008612874036581246243 ) ) ;
#1273 = CARTESIAN_POINT ( 'NONE',  ( 7.760004501221576589, -3.880002250610788295, 0.1244529884150741700 ) ) ;
#1274 = CARTESIAN_POINT ( 'NONE',  ( 0.000000000000000000, 0.000000000000000000, 0.000000000000000000 ) ) ;
#1275 = APPLICATION_CONTEXT ( 'automotive_design' ) ;
#1276 = CARTESIAN_POINT ( 'NONE',  ( 4.680000503562890657, 2.340000251781445328, 0.03417509093049642122 ) ) ;
#1277 = CARTESIAN_POINT ( 'NONE',  ( 0.000000000000000000, 2.219999463792881045, 0.02211162443390795457 ) ) ;
#1278 = AXIS2_PLACEMENT_3D ( 'NONE', #917, #360, #1152 ) ;
#1279 = CARTESIAN_POINT ( 'NONE',  ( -8.986667350217206973, -4.493333675108605263, 0.09029206889969022820 ) ) ;
#1280 = CARTESIAN_POINT ( 'NONE',  ( 5.996846067465332553, 2.998423033732666720, 0.07867461601724907994 ) ) ;
#1281 = CARTESIAN_POINT ( 'NONE',  ( -5.584389216061059681E-16, 2.279999923222405744, 0.02815001261869969074 ) ) ;
#1282 = CARTESIAN_POINT ( 'NONE',  ( -6.200016238645222444, 3.100008119322609890, 0.01415073452219330237 ) ) ;
#1283 = CARTESIAN_POINT ( 'NONE',  ( 0.000000000000000000, 3.533332864189060896, 0.07542833010542988881 ) ) ;
#1284 = CARTESIAN_POINT ( 'NONE',  ( 4.947063935457730473E-16, -4.039584261276042199, 0.006821637958787194790 ) ) ;
#1285 = CARTESIAN_POINT ( 'NONE',  ( 0.000000000000000000, 1.998039909791150981, 0.03798056701360565113 ) ) ;
#1286 = CARTESIAN_POINT ( 'NONE',  ( -9.993045108029255692E-16, 4.079970288162595438, 0.01460570905275300133 ) ) ;
#1287 = CARTESIAN_POINT ( 'NONE',  ( 0.000000000000000000, 2.826667487296453896, 0.08309889072462652015 ) ) ;
#1288 = CARTESIAN_POINT ( 'NONE',  ( -4.159939071482819273, -2.079969535741410525, 0.008008926834771647185 ) ) ;
#1289 = CARTESIAN_POINT ( 'NONE',  ( -6.253321958307034301, -3.126660979153518483, 0.01790843272098607136 ) ) ;
#1290 = CARTESIAN_POINT ( 'NONE',  ( 7.996900862843038027, 3.998450431421519902, 0.1194346962539200585 ) ) ;
#1291 = CARTESIAN_POINT ( 'NONE',  ( 1.176304627900232484E-16, -0.9605256215255055796, 0.01974303830669252996 ) ) ;
#1292 = CARTESIAN_POINT ( 'NONE',  ( 1.322572261454190679E-16, -1.079962208185263783, 0.004770195502600959626 ) ) ;
#1293 = CARTESIAN_POINT ( 'NONE',  ( 0.000000000000000000, 2.978450953469130802, 0.09680184105483294332 ) ) ;
#1294 = EDGE_LOOP ( 'NONE', ( #314, #644 ) ) ;
#1295 = CARTESIAN_POINT ( 'NONE',  ( -3.719998749600265331, -1.859999374800133554, 0.05170374103975021451 ) ) ;
#1296 = CARTESIAN_POINT ( 'NONE',  ( -1.004212298878373093E-15, 4.100007853601319141, 0.01831306800635097015 ) ) ;
#1297 = CARTESIAN_POINT ( 'NONE',  ( 0.000000000000000000, 2.939888706484468539, 0.09437052888176981902 ) ) ;
#1298 = CARTESIAN_POINT ( 'NONE',  ( -4.439998927585761201, -2.219999463792881489, 0.02211162443390795457 ) ) ;
#1299 = CARTESIAN_POINT ( 'NONE',  ( -8.001025030568031401E-16, 3.266666371127845636, 0.03771634060165437313 ) ) ;
#1300 = CARTESIAN_POINT ( 'NONE',  ( 0.000000000000000000, 0.8800027101183035549, 0.01760972519811782391 ) ) ;
#1301 = CARTESIAN_POINT ( 'NONE',  ( 1.298298199798062596E-16, -1.060140932636241207, 0.003756448750937655713 ) ) ;
#1302 = CARTESIAN_POINT ( 'NONE',  ( 0.000000000000000000, 3.001565989890686570, 0.02190660233656128997 ) ) ;
#1303 = CARTESIAN_POINT ( 'NONE',  ( -2.120281865272481969, -1.060140932636241429, 0.003756448750937656147 ) ) ;
#1304 = CARTESIAN_POINT ( 'NONE',  ( 5.159844576816015399E-16, -4.213332840463470674, 0.03904143923915678188 ) ) ;
#1305 = CARTESIAN_POINT ( 'NONE',  ( 2.159924416370527123, 1.079962208185263783, 0.004770195502600959626 ) ) ;
#1306 = CARTESIAN_POINT ( 'NONE',  ( -4.680000503562890657, -2.340000251781445773, 0.03417509093049642122 ) ) ;
#1307 = CARTESIAN_POINT ( 'NONE',  ( 3.747555874456188433E-16, -3.060111598760869356, 0.008612874036581246243 ) ) ;
#1308 = CARTESIAN_POINT ( 'NONE',  ( 0.000000000000000000, 0.000000000000000000, 0.000000000000000000 ) ) ;
#1309 = CARTESIAN_POINT ( 'NONE',  ( 0.000000000000000000, 4.493333675108604375, 0.09029206889969022820 ) ) ;
#1310 = ORIENTED_EDGE ( 'NONE', *, *, #352, .F. ) ;
#1311 = CARTESIAN_POINT ( 'NONE',  ( -2.426664355621923175, 1.213332177810960921, 0.01282053067785118156 ) ) ;
#1312 = CARTESIAN_POINT ( 'NONE',  ( -7.988530975736516382, -3.994265487868259523, -0.006922697092031676776 ) ) ;
#1313 = CARTESIAN_POINT ( 'NONE',  ( 0.000000000000000000, 1.360000063469324338, 0.02163885403124054738 ) ) ;
#1314 = CARTESIAN_POINT ( 'NONE',  ( -9.323643171948980262E-16, 3.806666207122112233, 0.1140814044915397646 ) ) ;
#1315 = CARTESIAN_POINT ( 'NONE',  ( 1.197751547634226907E-16, -0.9780383605037371586, 0.01761087005838728875 ) ) ;
#1316 = CARTESIAN_POINT ( 'NONE',  ( 0.000000000000000000, 3.939888832160189480, 0.1328094727199127245 ) ) ;
#1317 = CARTESIAN_POINT ( 'NONE',  ( -0.3066668302972646587, 0.1533334151486322738, 0.003063581008817442119 ) ) ;
#1318 = CARTESIAN_POINT ( 'NONE',  ( -3.453332873905579969, -1.726666436952791095, 0.04369116875449341464 ) ) ;
#1319 = CARTESIAN_POINT ( 'NONE',  ( 2.239994662832323513, 1.119997331416161979, 0.007210755109474342034 ) ) ;
#1320 = CARTESIAN_POINT ( 'NONE',  ( 0.000000000000000000, 4.286666437360550752, 0.05247197203524999604 ) ) ;
#1321 = CARTESIAN_POINT ( 'NONE',  ( -7.706663406516184978, 3.853331703258091157, 0.1206793930196753684 ) ) ;
#1322 =( LENGTH_UNIT ( ) NAMED_UNIT ( * ) SI_UNIT ( .MILLI., .METRE. ) );
#1323 = CARTESIAN_POINT ( 'NONE',  ( 0.000000000000000000, 3.960414518939680217, 0.1362422487190793619 ) ) ;
#1324 = VERTEX_POINT ( 'NONE', #196 ) ;
#1325 = CARTESIAN_POINT ( 'NONE',  ( -2.239994662832323957, 1.119997331416161312, 0.007210755109474342034 ) ) ;
#1326 = CARTESIAN_POINT ( 'NONE',  ( 0.000000000000000000, 1.039474162335407348, 0.001846016792939175494 ) ) ;
#1327 = CARTESIAN_POINT ( 'NONE',  ( 0.000000000000000000, 4.213332840463470674, 0.03904143923915678188 ) ) ;
#1328 = CARTESIAN_POINT ( 'NONE',  ( -9.744399675472933152E-16, 3.978453086333693545, 0.1368115257866065471 ) ) ;
#1329 = CARTESIAN_POINT ( 'NONE',  ( 3.666895485791234894E-16, -2.994247393080413655, -0.006654079028067157349 ) ) ;
#1330 = CARTESIAN_POINT ( 'NONE',  ( -2.503085774739590394E-16, 1.021962322721267746, 0.003289482911669367425 ) ) ;
#1331 = CARTESIAN_POINT ( 'NONE',  ( -4.893786360188798529E-16, 1.998039909791150981, 0.03798056701360565113 ) ) ;
#1332 = CARTESIAN_POINT ( 'NONE',  ( 2.426664355621923175, 1.213332177810961587, 0.01282053067785118156 ) ) ;
#1333 = CARTESIAN_POINT ( 'NONE',  ( 8.079168522552082621, -4.039584261276041310, 0.006821637958787194790 ) ) ;
#1334 = CARTESIAN_POINT ( 'NONE',  ( 6.200016238645220668, -3.100008119322610334, 0.01415073452219330237 ) ) ;
#1335 = CARTESIAN_POINT ( 'NONE',  ( 3.576005247930247272E-16, -2.920029881611580613, 0.09251445599671229147 ) ) ;
#1336 = CARTESIAN_POINT ( 'NONE',  ( 0.000000000000000000, 4.119998002073099741, 0.02195996465579681811 ) ) ;
#1337 = CARTESIAN_POINT ( 'NONE',  ( 1.126721287852538497E-16, -0.9200377518130171683, 0.01844505483034281773 ) ) ;
#1338 = CARTESIAN_POINT ( 'NONE',  ( -3.920844744263765058, -1.960422372131883417, 0.05816530021016143304 ) ) ;
#1339 = CARTESIAN_POINT ( 'NONE',  ( 3.666667599597205562, -1.833333799798602781, 0.05009970479264580501 ) ) ;
#1340 = CARTESIAN_POINT ( 'NONE',  ( 4.996522554014627846E-16, -4.079970288162595438, 0.01460570905275300133 ) ) ;
#1341 = CARTESIAN_POINT ( 'NONE',  ( 0.000000000000000000, 3.266666371127845636, 0.03771634060165437313 ) ) ;
#1342 = CARTESIAN_POINT ( 'NONE',  ( 2.114556525209400242E-16, -1.726666436952790651, 0.04369116875449340770 ) ) ;
#1343 = PRODUCT_CONTEXT ( 'NONE', #779, 'mechanical' ) ;
#1344 = CARTESIAN_POINT ( 'NONE',  ( -1.999997365549988304, -0.9999986827749944851, 0.01002360122665234103 ) ) ;
#1345 = CARTESIAN_POINT ( 'NONE',  ( 2.375676236238576572E-16, -1.939886861985525401, 0.05639225568729999694 ) ) ;
#1346 = CARTESIAN_POINT ( 'NONE',  ( 2.497761150488308326E-16, -2.039576759786859927, 0.003553993911679771689 ) ) ;
#1347 = CARTESIAN_POINT ( 'NONE',  ( 7.999162913337696246, 3.999581456668849011, 0.03990426394356526296 ) ) ;
#1348 = CARTESIAN_POINT ( 'NONE',  ( 6.666667575677628577, -3.333333787838814288, 0.04713697354916616955 ) ) ;
#1349 = CARTESIAN_POINT ( 'NONE',  ( 4.498535335502474596E-16, -3.673332865144897319, 0.09522731195050512798 ) ) ;
#1350 = CARTESIAN_POINT ( 'NONE',  ( 4.079153519573718967, 2.039576759786859927, 0.003553993911679771689 ) ) ;
#1351 = FACE_OUTER_BOUND ( 'NONE', #1074, .T. ) ;
#1352 = CARTESIAN_POINT ( 'NONE',  ( 0.000000000000000000, 3.021552876811344657, 0.004615305901623967429 ) ) ;
#1353 = CARTESIAN_POINT ( 'NONE',  ( 2.792194608030529841E-16, -2.279999923222405744, 0.02815001261869969074 ) ) ;
#1354 = CARTESIAN_POINT ( 'NONE',  ( 3.956847070637100838, -1.978423535318550419, 0.05724254227093706487 ) ) ;
#1355 = CARTESIAN_POINT ( 'NONE',  ( 9.653332091211552779, 4.826666045605777278, 0.1513063934946973776 ) ) ;
#1356 = CARTESIAN_POINT ( 'NONE',  ( -5.879777412968934414, -2.939888706484469427, 0.09437052888176981902 ) ) ;
#1357 = CARTESIAN_POINT ( 'NONE',  ( 6.253321958307034301, 3.126660979153518038, 0.01790843272098607136 ) ) ;
#1358 = CARTESIAN_POINT ( 'NONE',  ( 2.326819017625927139E-16, -1.899991915420796484, 0.05409900225266618679 ) ) ;
#1359 = CARTESIAN_POINT ( 'NONE',  ( 0.000000000000000000, 0.8599992733375436682, 0.01720629417725801774 ) ) ;
#1360 = CARTESIAN_POINT ( 'NONE',  ( -9.386665354754637036, 4.693332677377315854, 0.1269029190099129345 ) ) ;
#1361 = CARTESIAN_POINT ( 'NONE',  ( 3.666895485791234894E-16, -2.994247393080413655, -0.006654079028067157349 ) ) ;
#1362 = CARTESIAN_POINT ( 'NONE',  ( 0.000000000000000000, 3.920029871678627043, 0.1301418172253694105 ) ) ;
#1363 = CARTESIAN_POINT ( 'NONE',  ( -4.043158666147842695, 2.021579333073920903, 0.003754239963340379183 ) ) ;
#1364 = CARTESIAN_POINT ( 'NONE',  ( 0.1200000162753415006, -0.06000000813767075031, 0.001199926957764589240 ) ) ;
#1365 = CARTESIAN_POINT ( 'NONE',  ( 0.000000000000000000, 2.399999698220195654, 0.04021287948577149246 ) ) ;
#1366 = CARTESIAN_POINT ( 'NONE',  ( 0.000000000000000000, 1.002441483121854660, 0.02582004121374779221 ) ) ;
#1367 = CARTESIAN_POINT ( 'NONE',  ( -1.213216669054981148E-15, 4.953332952405827605, 0.1744887479591511192 ) ) ;
#1368 = CARTESIAN_POINT ( 'NONE',  ( -5.760004444762605758, -2.880002222381304211, 0.08846287387587375983 ) ) ;
#1369 = CARTESIAN_POINT ( 'NONE',  ( 7.996900862843038027, -3.998450431421519013, 0.1194346962539200585 ) ) ;
#1370 = CARTESIAN_POINT ( 'NONE',  ( 4.800652034913240336E-16, -3.920029871678627043, 0.1301418172253694105 ) ) ;
#1371 = CARTESIAN_POINT ( 'NONE',  ( 4.159939071482819273, 2.079969535741410080, 0.008008926834771647185 ) ) ;
#1372 = CARTESIAN_POINT ( 'NONE',  ( 0.000000000000000000, 0.9605256215255055796, 0.01974303830669252996 ) ) ;
#1373 = B_SPLINE_CURVE_WITH_KNOTS ( 'NONE', 3,
 ( #961, #1072, #412, #642, #862, #79, #1404, #1089, #396, #976, #1192, #869, #1315, #852, #312, #757, #844, #876, #1301, #1292, #1206, #202, #1097, #984, #286, #733, #295, #92, #187, #910, #1342, #339, #125, #1219, #1, #663, #999, #883, #113, #906, #559, #1130, #777, #99, #453, #1111, #21, #1006, #541, #351, #681, #899, #1353, #787, #771, #801, #1246, #1234, #1227, #241, #1104, #8, #325, #573, #216, #1335, #431, #15, #230, #991, #1429, #669, #106, #1125, #1329, #551, #120, #568, #1014, #439, #892, #1019, #458, #332, #223, #795, #446, #1118, #676, #1349, #346, #1240, #236, #47, #261, #1370, #1047, #1266, #371, #33, #708, #1387, #593, #471, #820, #836, #1259, #379, #1284, #494, #928, #387, #1038, #944, #1157, #154, #1165, #807, #1032, #247, #586, #601, #486, #915, #579, #717, #365, #1135 ),
 .UNSPECIFIED., .F., .F.,
 ( 4, 1, 1, 1, 1, 1, 1, 1, 1, 1, 1, 1, 1, 1, 1, 1, 1, 1, 1, 1, 1, 1, 1, 1, 1, 1, 1, 1, 1, 1, 1, 1, 1, 1, 1, 1, 1, 1, 1, 1, 1, 1, 1, 1, 1, 1, 1, 1, 1, 1, 1, 1, 1, 1, 1, 1, 1, 1, 1, 1, 1, 1, 1, 1, 1, 1, 1, 1, 1, 1, 1, 1, 1, 1, 1, 1, 1, 1, 1, 1, 1, 1, 1, 1, 1, 1, 1, 1, 1, 1, 1, 1, 1, 1, 1, 1, 1, 1, 1, 1, 1, 1, 1, 1, 1, 1, 1, 1, 1, 1, 1, 1, 1, 1, 1, 1, 1, 1, 1, 1, 1, 1, 1, 1, 1, 4 ),
 ( 0.000000000000000000, 0.03361589120801544012, 0.05229138798503306373, 0.1456688681318507317, 0.1568741676933693985, 0.1606092663011188526, 0.1643443649088683345, 0.1680794635166177609, 0.1718145621243672427, 0.1755496644703869735, 0.1792847630781364276, 0.1830198616858858818, 0.1867549602936353637, 0.1886228830700273640, 0.1904908058464193643, 0.1942318958374149585, 0.1979729970345687484, 0.2017140870255642870, 0.2054551882227180770, 0.2091962782137136712, 0.2129373682047092653, 0.2166784694018629998, 0.2316428405720035166, 0.2428661329573066907, 0.2578305041274471798, 0.2727948865037458925, 0.2840181676828908430, 0.2989825500591895557, 0.3139469212293300449, 0.3251702136146331634, 0.3401345847847737081, 0.3476167759729230644, 0.3513578771700768821, 0.3550989671610724208, 0.3588400571520680149, 0.3625811583492217216, 0.3663222483402173157, 0.3700633495373710780, 0.3738044395283666166, 0.3775455295193622107, 0.3812873500350454359, 0.3850291705507286610, 0.3887709910664118862, 0.3925241544408846206, 0.3962773364910189278, 0.4000304998654916622, 0.4037836819156259693, 0.4075368452900987037, 0.4112900273402329554, 0.4187963727648399970, 0.4300558815639197729, 0.4413154090386610662, 0.4525749178377407866, 0.4638344453124820799, 0.4750939541115618558, 0.4863534815863032046, 0.4976129903853829806, 0.5088725178601242183, 0.5238851900336767287, 0.5351447175084180774, 0.5464042263074977424, 0.5501574083576320495, 0.5539105717321047839, 0.5576637537822390911, 0.5614169171567118255, 0.5651700992068461327, 0.5689232625813188671, 0.5726764446314531742, 0.5764296080059259086, 0.5801835651649983605, 0.5839373356064802012, 0.5876912927655526531, 0.5914452499246249939, 0.5951992070836974458, 0.5989707063737992332, 0.6027422318102537702, 0.6065137311003554466, 0.6102852565368100946, 0.6140567558269116599, 0.6178282812633663079, 0.6253713059899225213, 0.6329143045701259851, 0.6442288547331368465, 0.6593148780398964126, 0.6706294282029072740, 0.6819439522195653858, 0.6970300016726779235, 0.7083445256893358133, 0.7234305751424484621, 0.7347450991591065739, 0.7498311486122191116, 0.7573741733387753250, 0.7611456726288771124, 0.7649171980653317604, 0.7686886973554335478, 0.7724602227918880848, 0.7762317220819898722, 0.7800032213720916596, 0.7837747468085463076, 0.7875470022914977664, 0.7913192577744493361, 0.7950915132574009059, 0.7988639554579430868, 0.8026362109408945456, 0.8064084664238461153, 0.8101807219067976851, 0.8139771222595231226, 0.8177734889966543630, 0.8215698893493799115, 0.8253662560865111519, 0.8291626564392367005, 0.8329590231763679409, 0.8367554235290934894, 0.8519409577088069563, 0.8633301251513894048, 0.8785156593311028717, 0.8899048267736853202, 0.9050903609533986760, 0.9164795283959811245, 0.9278686622229690428, 0.9430542300182770399, 0.9544433638452648472, 0.9658325312878474067, 0.9810180654675608736, 0.9924072329101432111, 1.000000000000000000 ),
 .UNSPECIFIED. ) ;
#1374 = CARTESIAN_POINT ( 'NONE',  ( -1.224646799147353256E-15, 5.000000000000000000, 0.1830279999999999963 ) ) ;
#1375 = CARTESIAN_POINT ( 'NONE',  ( 5.879777412968934414, -2.939888706484467207, 0.09437052888176981902 ) ) ;
#1376 = CARTESIAN_POINT ( 'NONE',  ( -6.011565508839319172, 3.005782754419658254, 0.1069158806749541807 ) ) ;
#1377 = CARTESIAN_POINT ( 'NONE',  ( -7.213334280656447994, -3.606667140328225774, 0.08579264597929836533 ) ) ;
#1378 = CARTESIAN_POINT ( 'NONE',  ( 7.613332414244222690, 3.806666207122112233, 0.1140814044915397923 ) ) ;
#1379 = CARTESIAN_POINT ( 'NONE',  ( 0.000000000000000000, 0.000000000000000000, 0.000000000000000000 ) ) ;
#1380 = CARTESIAN_POINT ( 'NONE',  ( 2.792194608030529841E-16, -2.279999923222405744, 0.02815001261869969074 ) ) ;
#1381 = CARTESIAN_POINT ( 'NONE',  ( 0.000000000000000000, 2.779999671939970440, 0.07841175950733833555 ) ) ;
#1382 = CARTESIAN_POINT ( 'NONE',  ( -8.986667350217208750, 4.493333675108601710, 0.09029206889969022820 ) ) ;
#1383 = CARTESIAN_POINT ( 'NONE',  ( 6.011565508839317395, -3.005782754419658698, 0.1069158806749541807 ) ) ;
#1384 = CARTESIAN_POINT ( 'NONE',  ( -5.045822728912277680E-16, 2.060113467991496083, 0.006155774431637004926 ) ) ;
#1385 = CARTESIAN_POINT ( 'NONE',  ( 3.927033883452387063E-16, -3.206666514938462775, 0.02922458077260838699 ) ) ;
#1386 = CARTESIAN_POINT ( 'NONE',  ( 7.956906172667385313, 3.978453086333693989, 0.1368115257866065471 ) ) ;
#1387 = CARTESIAN_POINT ( 'NONE',  ( 4.899104654411604252E-16, -4.000422536377469029, 0.1015028973594672979 ) ) ;
#1388 = CARTESIAN_POINT ( 'NONE',  ( 0.000000000000000000, 2.399999698220195654, 0.04021287948577149246 ) ) ;
#1389 = AXIS2_PLACEMENT_3D ( 'NONE', #609, #936, #922 ) ;
#1390 = CARTESIAN_POINT ( 'NONE',  ( 4.900466288488786470E-16, -4.001534394978765619, 0.02204369088268981133 ) ) ;
#1391 = CARTESIAN_POINT ( 'NONE',  ( 5.426667414932009770, 2.713333707466005329, 0.07170361551679703405 ) ) ;
#1392 = CARTESIAN_POINT ( 'NONE',  ( -5.437430474885584401E-16, 2.219999463792881045, 0.02211162443390795457 ) ) ;
#1393 = CARTESIAN_POINT ( 'NONE',  ( -7.854067766904774126E-16, 3.206666514938462775, 0.02922458077260838699 ) ) ;
#1394 = CARTESIAN_POINT ( 'NONE',  ( 7.066665728378120903, -3.533332864189060452, 0.07542833010542988881 ) ) ;
#1395 = CARTESIAN_POINT ( 'NONE',  ( 1.719998546675086892, 0.8599992733375435572, 0.01720629417725801774 ) ) ;
#1396 = CARTESIAN_POINT ( 'NONE',  ( 0.000000000000000000, 0.000000000000000000, 0.1830279999999999963 ) ) ;
#1397 = CARTESIAN_POINT ( 'NONE',  ( 0.000000000000000000, 2.880002222381303323, 0.08846287387587375983 ) ) ;
#1398 = CARTESIAN_POINT ( 'NONE',  ( -0.8266663056625231931, -0.4133331528312618186, 0.008278680502871631555 ) ) ;
#1399 = CARTESIAN_POINT ( 'NONE',  ( -8.426665680926939572, -4.213332840463471562, 0.03904143923915678188 ) ) ;
#1400 = CARTESIAN_POINT ( 'NONE',  ( 3.502489041951737547E-16, -2.859999343802888117, 0.08645085780441820467 ) ) ;
#1401 = CARTESIAN_POINT ( 'NONE',  ( -4.333338054670230477, 2.166669027335114794, 0.01675789129422766699 ) ) ;
#1402 = CARTESIAN_POINT ( 'NONE',  ( -8.997070671004949191E-16, 3.673332865144897319, 0.09522731195050512798 ) ) ;
#1403 = CARTESIAN_POINT ( 'NONE',  ( 1.799979772378486942, -0.8999898861892434709, 0.01799680503027070028 ) ) ;
#1404 = CARTESIAN_POINT ( 'NONE',  ( 1.053195357361872460E-16, -0.8599992733375436682, 0.01720629417725801774 ) ) ;
#1405 = CARTESIAN_POINT ( 'NONE',  ( 0.000000000000000000, 2.279999923222405744, 0.02815001261869969074 ) ) ;
#1406 = ORIENTED_EDGE ( 'NONE', *, *, #352, .T. ) ;
#1407 = CARTESIAN_POINT ( 'NONE',  ( -2.573333899936273816, -1.286666949968137130, 0.01723875121984944428 ) ) ;
#1408 = CARTESIAN_POINT ( 'NONE',  ( -1.009108473146462461E-15, 4.119998002073099741, 0.02195996465579681811 ) ) ;
#1409 = CARTESIAN_POINT ( 'NONE',  ( 5.719998687605775345, 2.859999343802888117, 0.08645085780441820467 ) ) ;
#1410 = CARTESIAN_POINT ( 'NONE',  ( -5.094456068539448363E-16, 2.079969535741410080, 0.008008926834771647185 ) ) ;
#1411 = CARTESIAN_POINT ( 'NONE',  ( -7.333790971582469788E-16, 2.994247393080413655, -0.006654079028067157349 ) ) ;
#1412 = CARTESIAN_POINT ( 'NONE',  ( 0.000000000000000000, 4.286666437360550752, 0.05247197203524999604 ) ) ;
#1413 = ORIENTED_EDGE ( 'NONE', *, *, #524, .F. ) ;
#1414 = CARTESIAN_POINT ( 'NONE',  ( -2.200020230168988622, 1.100010115084493867, 0.006022762330862292506 ) ) ;
#1415 = CARTESIAN_POINT ( 'NONE',  ( -1.031968915363203080E-15, 4.213332840463470674, 0.03904143923915678188 ) ) ;
#1416 = CARTESIAN_POINT ( 'NONE',  ( 1.755326977269016616E-16, -1.433333250445061990, 0.02605413941697539218 ) ) ;
#1417 = CARTESIAN_POINT ( 'NONE',  ( -7.956906172667387978, 3.978453086333692212, 0.1368115257866065471 ) ) ;
#1418 = CARTESIAN_POINT ( 'NONE',  ( 0.000000000000000000, 4.039584261276042199, 0.006821637958787194790 ) ) ;
#1419 = ORIENTED_EDGE ( 'NONE', *, *, #1070, .T. ) ;
#1420 = CARTESIAN_POINT ( 'NONE',  ( -2.743202293944760356E-16, 1.119997331416161979, 0.007210755109474342901 ) ) ;
#1421 = CARTESIAN_POINT ( 'NONE',  ( 1.221664133415988711E-16, -0.9975644686015257001, -0.005942426720707064992 ) ) ;
#1422 = CARTESIAN_POINT ( 'NONE',  ( 0.000000000000000000, 4.426666155024613580, 0.07809505040055282621 ) ) ;
#1423 = CARTESIAN_POINT ( 'NONE',  ( -9.700217927832367663E-16, 3.960414518939680217, 0.1362422487190793619 ) ) ;
#1424 = CARTESIAN_POINT ( 'NONE',  ( -1.266663276731748944, 0.6333316383658741389, 0.01267239122632485629 ) ) ;
#1425 = CARTESIAN_POINT ( 'NONE',  ( -3.666667599597205562, 1.833333799798602115, 0.05009970479264580501 ) ) ;
#1426 = CARTESIAN_POINT ( 'NONE',  ( 2.024749636526833658E-16, -1.653333547220752431, 0.03927508537421491724 ) ) ;
#1427 = CARTESIAN_POINT ( 'NONE',  ( 7.988530975736516382, -3.994265487868258191, -0.006922697092031676776 ) ) ;
#1428 = CARTESIAN_POINT ( 'NONE',  ( -8.011550530759405930, -4.005775265379704742, 0.1480704702071055645 ) ) ;
#1429 = CARTESIAN_POINT ( 'NONE',  ( 3.672009170750406930E-16, -2.998423033732666720, 0.07867461601724909381 ) ) ;
#1430 = CARTESIAN_POINT ( 'NONE',  ( -1.995128937203050956, -0.9975644686015260332, -0.005942426720707065860 ) ) ;
#1431 = CARTESIAN_POINT ( 'NONE',  ( -4.490372739384027560E-16, 1.833333799798603225, 0.05009970479264580501 ) ) ;
#1432 = CARTESIAN_POINT ( 'NONE',  ( 3.306667094441503973, 1.653333547220752209, 0.03927508537421491724 ) ) ;
#1433 = CARTESIAN_POINT ( 'NONE',  ( 8.043103902560568841, -4.021551951280284420, 0.005523340545675854175 ) ) ;
#1434 = CARTESIAN_POINT ( 'NONE',  ( -7.879777664320378072, -3.939888832160190368, 0.1328094727199127245 ) ) ;
#1435 = CARTESIAN_POINT ( 'NONE',  ( 3.771875417715149293E-16, -3.079970012856993122, 0.01128008986203059283 ) ) ;
ENDSEC;
END-ISO-10303-21;
