   0.0000000e+00   2.0000000e+01   0.0000000e+00
   2.0001000e-01   2.0000000e+01   0.0000000e+00
   2.8286607e-01   1.9999652e+01   0.0000000e+00
   3.4644955e-01   1.9999273e+01   0.0000000e+00
   4.0005768e-01   1.9998883e+01   0.0000000e+00
   4.4729157e-01   1.9998486e+01   0.0000000e+00
   4.8999804e-01   1.9998084e+01   0.0000000e+00
   5.2927414e-01   1.9997679e+01   0.0000000e+00
   5.6583466e-01   1.9997272e+01   0.0000000e+00
   6.0017606e-01   1.9996864e+01   0.0000000e+00
   6.3265981e-01   1.9996454e+01   0.0000000e+00
   6.6355878e-01   1.9996043e+01   0.0000000e+00
   6.9308495e-01   1.9995631e+01   0.0000000e+00
   7.2140692e-01   1.9995218e+01   0.0000000e+00
   7.4866134e-01   1.9994805e+01   0.0000000e+00
   7.7496087e-01   1.9994391e+01   0.0000000e+00
   8.0039964e-01   1.9993977e+01   0.0000000e+00
   8.2505726e-01   1.9993562e+01   0.0000000e+00
   8.4900180e-01   1.9993146e+01   0.0000000e+00
   8.7229199e-01   1.9992730e+01   0.0000000e+00
   8.9497891e-01   1.9992314e+01   0.0000000e+00
   9.1710733e-01   1.9991898e+01   0.0000000e+00
   9.3871675e-01   1.9991481e+01   0.0000000e+00
   9.5984222e-01   1.9991064e+01   0.0000000e+00
   9.8051503e-01   1.9990647e+01   0.0000000e+00
   1.0007632e+00   1.9990230e+01   0.0000000e+00
   1.0206121e+00   1.9989812e+01   0.0000000e+00
   1.0400845e+00   1.9989394e+01   0.0000000e+00
   1.0592011e+00   1.9988976e+01   0.0000000e+00
   1.0779810e+00   1.9988558e+01   0.0000000e+00
   1.0964414e+00   1.9988140e+01   0.0000000e+00
   1.1145982e+00   1.9987721e+01   0.0000000e+00
   1.1324660e+00   1.9987303e+01   0.0000000e+00
   1.1500582e+00   1.9986884e+01   0.0000000e+00
   1.1673874e+00   1.9986465e+01   0.0000000e+00
   1.1844650e+00   1.9986046e+01   0.0000000e+00
   1.2013019e+00   1.9985626e+01   0.0000000e+00
   1.2179079e+00   1.9985207e+01   0.0000000e+00
   1.2342924e+00   1.9984787e+01   0.0000000e+00
   1.2504642e+00   1.9984368e+01   0.0000000e+00
   1.2664312e+00   1.9983948e+01   0.0000000e+00
   1.2822013e+00   1.9983528e+01   0.0000000e+00
   1.2977816e+00   1.9983108e+01   0.0000000e+00
   1.3131789e+00   1.9982688e+01   0.0000000e+00
   1.3283994e+00   1.9982268e+01   0.0000000e+00
   1.3434493e+00   1.9981848e+01   0.0000000e+00
   1.3583341e+00   1.9981427e+01   0.0000000e+00
   1.3730593e+00   1.9981007e+01   0.0000000e+00
   1.3876299e+00   1.9980586e+01   0.0000000e+00
   1.4020508e+00   1.9980165e+01   0.0000000e+00
   1.4163265e+00   1.9979745e+01   0.0000000e+00
   1.4304614e+00   1.9979324e+01   0.0000000e+00
   1.4444597e+00   1.9978903e+01   0.0000000e+00
   1.4583251e+00   1.9978482e+01   0.0000000e+00
   1.4720616e+00   1.9978061e+01   0.0000000e+00
   1.4856726e+00   1.9977639e+01   0.0000000e+00
   1.4991617e+00   1.9977218e+01   0.0000000e+00
   1.5125320e+00   1.9976797e+01   0.0000000e+00
   1.5257866e+00   1.9976375e+01   0.0000000e+00
   1.5389287e+00   1.9975954e+01   0.0000000e+00
   1.5519610e+00   1.9975532e+01   0.0000000e+00
   1.5648862e+00   1.9975111e+01   0.0000000e+00
   1.5777071e+00   1.9974689e+01   0.0000000e+00
   1.5904260e+00   1.9974267e+01   0.0000000e+00
   1.6030456e+00   1.9973845e+01   0.0000000e+00
   1.6155680e+00   1.9973423e+01   0.0000000e+00
   1.6279955e+00   1.9973001e+01   0.0000000e+00
   1.6403304e+00   1.9972579e+01   0.0000000e+00
   1.6525746e+00   1.9972157e+01   0.0000000e+00
   1.6647301e+00   1.9971734e+01   0.0000000e+00
   1.6767989e+00   1.9971312e+01   0.0000000e+00
   1.6887829e+00   1.9970890e+01   0.0000000e+00
   1.7006838e+00   1.9970467e+01   0.0000000e+00
   1.7125034e+00   1.9970045e+01   0.0000000e+00
   1.7242434e+00   1.9969622e+01   0.0000000e+00
   1.7359053e+00   1.9969199e+01   0.0000000e+00
   1.7474907e+00   1.9968776e+01   0.0000000e+00
   1.7590012e+00   1.9968354e+01   0.0000000e+00
   1.7704381e+00   1.9967931e+01   0.0000000e+00
   1.7818030e+00   1.9967508e+01   0.0000000e+00
   1.7930971e+00   1.9967085e+01   0.0000000e+00
   1.8043219e+00   1.9966662e+01   0.0000000e+00
   1.8154786e+00   1.9966239e+01   0.0000000e+00
   1.8265684e+00   1.9965815e+01   0.0000000e+00
   1.8375926e+00   1.9965392e+01   0.0000000e+00
   1.8485523e+00   1.9964969e+01   0.0000000e+00
   1.8594487e+00   1.9964545e+01   0.0000000e+00
   1.8702828e+00   1.9964122e+01   0.0000000e+00
   1.8810558e+00   1.9963698e+01   0.0000000e+00
   1.8917688e+00   1.9963275e+01   0.0000000e+00
   1.9024226e+00   1.9962851e+01   0.0000000e+00
   1.9130183e+00   1.9962427e+01   0.0000000e+00
   1.9235569e+00   1.9962004e+01   0.0000000e+00
   1.9340393e+00   1.9961580e+01   0.0000000e+00
   1.9444664e+00   1.9961156e+01   0.0000000e+00
   1.9548391e+00   1.9960732e+01   0.0000000e+00
   1.9651583e+00   1.9960308e+01   0.0000000e+00
   1.9754247e+00   1.9959884e+01   0.0000000e+00
   1.9856393e+00   1.9959460e+01   0.0000000e+00
   1.9958027e+00   1.9959035e+01   0.0000000e+00
   2.0059159e+00   1.9958611e+01   0.0000000e+00
   2.0159795e+00   1.9958187e+01   0.0000000e+00
   2.0259943e+00   1.9957763e+01   0.0000000e+00
   2.0359609e+00   1.9957338e+01   0.0000000e+00
   2.0458802e+00   1.9956914e+01   0.0000000e+00
   2.0557528e+00   1.9956489e+01   0.0000000e+00
   2.0655793e+00   1.9956064e+01   0.0000000e+00
   2.0753605e+00   1.9955640e+01   0.0000000e+00
   2.0850969e+00   1.9955215e+01   0.0000000e+00
   2.0947891e+00   1.9954790e+01   0.0000000e+00
   2.1044379e+00   1.9954365e+01   0.0000000e+00
   2.1140438e+00   1.9953941e+01   0.0000000e+00
   2.1236073e+00   1.9953516e+01   0.0000000e+00
   2.1331290e+00   1.9953091e+01   0.0000000e+00
   2.1426096e+00   1.9952666e+01   0.0000000e+00
   2.1520495e+00   1.9952240e+01   0.0000000e+00
   2.1614492e+00   1.9951815e+01   0.0000000e+00
   2.1708094e+00   1.9951390e+01   0.0000000e+00
   2.1801304e+00   1.9950965e+01   0.0000000e+00
   2.1894129e+00   1.9950539e+01   0.0000000e+00
   2.1986572e+00   1.9950114e+01   0.0000000e+00
   2.2078640e+00   1.9949688e+01   0.0000000e+00
   2.2170335e+00   1.9949263e+01   0.0000000e+00
   2.2261664e+00   1.9948837e+01   0.0000000e+00
   2.2352630e+00   1.9948412e+01   0.0000000e+00
   2.2443238e+00   1.9947986e+01   0.0000000e+00
   2.2533492e+00   1.9947560e+01   0.0000000e+00
   2.2623397e+00   1.9947135e+01   0.0000000e+00
   2.2712956e+00   1.9946709e+01   0.0000000e+00
   2.2802174e+00   1.9946283e+01   0.0000000e+00
   2.2891054e+00   1.9945857e+01   0.0000000e+00
   2.2979602e+00   1.9945431e+01   0.0000000e+00
   2.3067819e+00   1.9945005e+01   0.0000000e+00
   2.3155711e+00   1.9944579e+01   0.0000000e+00
   2.3243281e+00   1.9944152e+01   0.0000000e+00
   2.3330532e+00   1.9943726e+01   0.0000000e+00
   2.3417468e+00   1.9943300e+01   0.0000000e+00
   2.3504093e+00   1.9942874e+01   0.0000000e+00
   2.3590410e+00   1.9942447e+01   0.0000000e+00
   2.3676423e+00   1.9942021e+01   0.0000000e+00
   2.3762134e+00   1.9941594e+01   0.0000000e+00
   2.3847547e+00   1.9941168e+01   0.0000000e+00
   2.3932665e+00   1.9940741e+01   0.0000000e+00
   2.4017491e+00   1.9940314e+01   0.0000000e+00
   2.4102029e+00   1.9939888e+01   0.0000000e+00
   2.4186281e+00   1.9939461e+01   0.0000000e+00
   2.4270251e+00   1.9939034e+01   0.0000000e+00
   2.4353941e+00   1.9938607e+01   0.0000000e+00
   2.4437354e+00   1.9938180e+01   0.0000000e+00
   2.4520493e+00   1.9937753e+01   0.0000000e+00
   2.4603361e+00   1.9937326e+01   0.0000000e+00
   2.4685960e+00   1.9936899e+01   0.0000000e+00
   2.4768293e+00   1.9936472e+01   0.0000000e+00
   2.4850364e+00   1.9936045e+01   0.0000000e+00
   2.4932173e+00   1.9935618e+01   0.0000000e+00
   2.5013725e+00   1.9935190e+01   0.0000000e+00
   2.5095021e+00   1.9934763e+01   0.0000000e+00
   2.5176065e+00   1.9934335e+01   0.0000000e+00
   2.5256857e+00   1.9933908e+01   0.0000000e+00
   2.5337402e+00   1.9933480e+01   0.0000000e+00
   2.5417701e+00   1.9933053e+01   0.0000000e+00
   2.5497756e+00   1.9932625e+01   0.0000000e+00
   2.5577570e+00   1.9932198e+01   0.0000000e+00
   2.5657145e+00   1.9931770e+01   0.0000000e+00
   2.5736483e+00   1.9931342e+01   0.0000000e+00
   2.5815587e+00   1.9930914e+01   0.0000000e+00
   2.5894459e+00   1.9930486e+01   0.0000000e+00
   2.5973100e+00   1.9930058e+01   0.0000000e+00
   2.6051513e+00   1.9929630e+01   0.0000000e+00
   2.6129700e+00   1.9929202e+01   0.0000000e+00
   2.6207663e+00   1.9928774e+01   0.0000000e+00
   2.6285403e+00   1.9928346e+01   0.0000000e+00
   2.6362924e+00   1.9927918e+01   0.0000000e+00
   2.6440226e+00   1.9927490e+01   0.0000000e+00
   2.6517312e+00   1.9927061e+01   0.0000000e+00
   2.6594184e+00   1.9926633e+01   0.0000000e+00
   2.6670843e+00   1.9926204e+01   0.0000000e+00
   2.6747291e+00   1.9925776e+01   0.0000000e+00
   2.6823531e+00   1.9925347e+01   0.0000000e+00
   2.6899563e+00   1.9924919e+01   0.0000000e+00
   2.6975390e+00   1.9924490e+01   0.0000000e+00
   2.7051013e+00   1.9924062e+01   0.0000000e+00
   2.7126434e+00   1.9923633e+01   0.0000000e+00
   2.7201655e+00   1.9923204e+01   0.0000000e+00
   2.7276678e+00   1.9922775e+01   0.0000000e+00
   2.7351503e+00   1.9922346e+01   0.0000000e+00
   2.7426133e+00   1.9921917e+01   0.0000000e+00
   2.7500569e+00   1.9921488e+01   0.0000000e+00
   2.7574813e+00   1.9921059e+01   0.0000000e+00
   2.7648867e+00   1.9920630e+01   0.0000000e+00
   2.7722731e+00   1.9920201e+01   0.0000000e+00
   2.7796408e+00   1.9919772e+01   0.0000000e+00
   2.7869898e+00   1.9919343e+01   0.0000000e+00
   2.7943204e+00   1.9918913e+01   0.0000000e+00
   2.8016327e+00   1.9918484e+01   0.0000000e+00
   2.8089268e+00   1.9918054e+01   0.0000000e+00
   2.8162029e+00   1.9917625e+01   0.0000000e+00
   2.8234610e+00   1.9917195e+01   0.0000000e+00
   2.8307014e+00   1.9916766e+01   0.0000000e+00
   2.8379242e+00   1.9916336e+01   0.0000000e+00
   2.8451295e+00   1.9915907e+01   0.0000000e+00
   2.8523174e+00   1.9915477e+01   0.0000000e+00
   2.8594882e+00   1.9915047e+01   0.0000000e+00
   2.8666418e+00   1.9914617e+01   0.0000000e+00
   2.8737784e+00   1.9914187e+01   0.0000000e+00
   2.8808983e+00   1.9913757e+01   0.0000000e+00
   2.8880014e+00   1.9913327e+01   0.0000000e+00
   2.8950879e+00   1.9912897e+01   0.0000000e+00
   2.9021579e+00   1.9912467e+01   0.0000000e+00
   2.9092116e+00   1.9912037e+01   0.0000000e+00
   2.9162491e+00   1.9911607e+01   0.0000000e+00
   2.9232704e+00   1.9911177e+01   0.0000000e+00
   2.9302757e+00   1.9910746e+01   0.0000000e+00
   2.9372652e+00   1.9910316e+01   0.0000000e+00
   2.9442389e+00   1.9909886e+01   0.0000000e+00
   2.9511969e+00   1.9909455e+01   0.0000000e+00
   2.9581394e+00   1.9909025e+01   0.0000000e+00
   2.9650664e+00   1.9908594e+01   0.0000000e+00
   2.9719782e+00   1.9908163e+01   0.0000000e+00
   2.9788747e+00   1.9907733e+01   0.0000000e+00
   2.9857560e+00   1.9907302e+01   0.0000000e+00
   2.9926224e+00   1.9906871e+01   0.0000000e+00
   2.9994738e+00   1.9906440e+01   0.0000000e+00
   3.0063105e+00   1.9906010e+01   0.0000000e+00
   3.0131324e+00   1.9905579e+01   0.0000000e+00
   3.0199398e+00   1.9905148e+01   0.0000000e+00
   3.0267326e+00   1.9904717e+01   0.0000000e+00
   3.0335110e+00   1.9904286e+01   0.0000000e+00
   3.0402751e+00   1.9903854e+01   0.0000000e+00
   3.0470250e+00   1.9903423e+01   0.0000000e+00
   3.0537607e+00   1.9902992e+01   0.0000000e+00
   3.0604824e+00   1.9902561e+01   0.0000000e+00
   3.0671902e+00   1.9902129e+01   0.0000000e+00
   3.0738842e+00   1.9901698e+01   0.0000000e+00
   3.0805643e+00   1.9901267e+01   0.0000000e+00
   3.0872309e+00   1.9900835e+01   0.0000000e+00
   3.0938838e+00   1.9900403e+01   0.0000000e+00
   3.1005232e+00   1.9899972e+01   0.0000000e+00
   3.1071493e+00   1.9899540e+01   0.0000000e+00
   3.1137620e+00   1.9899109e+01   0.0000000e+00
   3.1203615e+00   1.9898677e+01   0.0000000e+00
   3.1269478e+00   1.9898245e+01   0.0000000e+00
   3.1335211e+00   1.9897813e+01   0.0000000e+00
   3.1400814e+00   1.9897381e+01   0.0000000e+00
   3.1466288e+00   1.9896949e+01   0.0000000e+00
   3.1531633e+00   1.9896517e+01   0.0000000e+00
   3.1596851e+00   1.9896085e+01   0.0000000e+00
   3.1661943e+00   1.9895653e+01   0.0000000e+00
   3.1726909e+00   1.9895221e+01   0.0000000e+00
   3.1791749e+00   1.9894789e+01   0.0000000e+00
   3.1856466e+00   1.9894356e+01   0.0000000e+00
   3.1921058e+00   1.9893924e+01   0.0000000e+00
   3.1985528e+00   1.9893492e+01   0.0000000e+00
   3.2049876e+00   1.9893059e+01   0.0000000e+00
   3.2114103e+00   1.9892627e+01   0.0000000e+00
   3.2178208e+00   1.9892194e+01   0.0000000e+00
   3.2242194e+00   1.9891762e+01   0.0000000e+00
   3.2306061e+00   1.9891329e+01   0.0000000e+00
   3.2369810e+00   1.9890896e+01   0.0000000e+00
   3.2433440e+00   1.9890464e+01   0.0000000e+00
   3.2496954e+00   1.9890031e+01   0.0000000e+00
   3.2560351e+00   1.9889598e+01   0.0000000e+00
   3.2623632e+00   1.9889165e+01   0.0000000e+00
   3.2686799e+00   1.9888732e+01   0.0000000e+00
   3.2749851e+00   1.9888299e+01   0.0000000e+00
   3.2812789e+00   1.9887866e+01   0.0000000e+00
   3.2875614e+00   1.9887433e+01   0.0000000e+00
   3.2938327e+00   1.9887000e+01   0.0000000e+00
   3.3000928e+00   1.9886567e+01   0.0000000e+00
   3.3063418e+00   1.9886133e+01   0.0000000e+00
   3.3125798e+00   1.9885700e+01   0.0000000e+00
   3.3188068e+00   1.9885267e+01   0.0000000e+00
   3.3250228e+00   1.9884833e+01   0.0000000e+00
   3.3312280e+00   1.9884400e+01   0.0000000e+00
   3.3374223e+00   1.9883966e+01   0.0000000e+00
   3.3436060e+00   1.9883533e+01   0.0000000e+00
   3.3497789e+00   1.9883099e+01   0.0000000e+00
   3.3559412e+00   1.9882666e+01   0.0000000e+00
   3.3620930e+00   1.9882232e+01   0.0000000e+00
   3.3682343e+00   1.9881798e+01   0.0000000e+00
   3.3743651e+00   1.9881364e+01   0.0000000e+00
   3.3804855e+00   1.9880930e+01   0.0000000e+00
   3.3865955e+00   1.9880496e+01   0.0000000e+00
   3.3926953e+00   1.9880062e+01   0.0000000e+00
   3.3987849e+00   1.9879628e+01   0.0000000e+00
   3.4048643e+00   1.9879194e+01   0.0000000e+00
   3.4109336e+00   1.9878760e+01   0.0000000e+00
   3.4169928e+00   1.9878326e+01   0.0000000e+00
   3.4230420e+00   1.9877892e+01   0.0000000e+00
   3.4290813e+00   1.9877458e+01   0.0000000e+00
   3.4351106e+00   1.9877023e+01   0.0000000e+00
   3.4411301e+00   1.9876589e+01   0.0000000e+00
   3.4471399e+00   1.9876154e+01   0.0000000e+00
   3.4531398e+00   1.9875720e+01   0.0000000e+00
   3.4591301e+00   1.9875285e+01   0.0000000e+00
   3.4651107e+00   1.9874851e+01   0.0000000e+00
   3.4710817e+00   1.9874416e+01   0.0000000e+00
   3.4770432e+00   1.9873981e+01   0.0000000e+00
   3.4829952e+00   1.9873547e+01   0.0000000e+00
   3.4889377e+00   1.9873112e+01   0.0000000e+00
   3.4948709e+00   1.9872677e+01   0.0000000e+00
   3.5007947e+00   1.9872242e+01   0.0000000e+00
   3.5067091e+00   1.9871807e+01   0.0000000e+00
   3.5126144e+00   1.9871372e+01   0.0000000e+00
   3.5185104e+00   1.9870937e+01   0.0000000e+00
   3.5243972e+00   1.9870502e+01   0.0000000e+00
   3.5302750e+00   1.9870067e+01   0.0000000e+00
   3.5361436e+00   1.9869632e+01   0.0000000e+00
   3.5420033e+00   1.9869196e+01   0.0000000e+00
   3.5478539e+00   1.9868761e+01   0.0000000e+00
   3.5536956e+00   1.9868326e+01   0.0000000e+00
   3.5595285e+00   1.9867890e+01   0.0000000e+00
   3.5653524e+00   1.9867455e+01   0.0000000e+00
   3.5711676e+00   1.9867019e+01   0.0000000e+00
   3.5769740e+00   1.9866584e+01   0.0000000e+00
   3.5827717e+00   1.9866148e+01   0.0000000e+00
   3.5885607e+00   1.9865712e+01   0.0000000e+00
   3.5943411e+00   1.9865277e+01   0.0000000e+00
   3.6001128e+00   1.9864841e+01   0.0000000e+00
   3.6058760e+00   1.9864405e+01   0.0000000e+00
   3.6116308e+00   1.9863969e+01   0.0000000e+00
   3.6173770e+00   1.9863533e+01   0.0000000e+00
   3.6231148e+00   1.9863097e+01   0.0000000e+00
   3.6288442e+00   1.9862661e+01   0.0000000e+00
   3.6345653e+00   1.9862225e+01   0.0000000e+00
   3.6402781e+00   1.9861789e+01   0.0000000e+00
   3.6459825e+00   1.9861353e+01   0.0000000e+00
   3.6516788e+00   1.9860917e+01   0.0000000e+00
   3.6573668e+00   1.9860480e+01   0.0000000e+00
   3.6630467e+00   1.9860044e+01   0.0000000e+00
   3.6687185e+00   1.9859607e+01   0.0000000e+00
   3.6743822e+00   1.9859171e+01   0.0000000e+00
   3.6800379e+00   1.9858735e+01   0.0000000e+00
   3.6856856e+00   1.9858298e+01   0.0000000e+00
   3.6913252e+00   1.9857861e+01   0.0000000e+00
   3.6969570e+00   1.9857425e+01   0.0000000e+00
   3.7025809e+00   1.9856988e+01   0.0000000e+00
   3.7081969e+00   1.9856551e+01   0.0000000e+00
   3.7138050e+00   1.9856114e+01   0.0000000e+00
   3.7194054e+00   1.9855678e+01   0.0000000e+00
   3.7249981e+00   1.9855241e+01   0.0000000e+00
   3.7305830e+00   1.9854804e+01   0.0000000e+00
   3.7361602e+00   1.9854367e+01   0.0000000e+00
   3.7417298e+00   1.9853930e+01   0.0000000e+00
   3.7472918e+00   1.9853492e+01   0.0000000e+00
   3.7528461e+00   1.9853055e+01   0.0000000e+00
   3.7583930e+00   1.9852618e+01   0.0000000e+00
   3.7639323e+00   1.9852181e+01   0.0000000e+00
   3.7694642e+00   1.9851743e+01   0.0000000e+00
   3.7749886e+00   1.9851306e+01   0.0000000e+00
   3.7805056e+00   1.9850869e+01   0.0000000e+00
   3.7860152e+00   1.9850431e+01   0.0000000e+00
   3.7915174e+00   1.9849994e+01   0.0000000e+00
   3.7970123e+00   1.9849556e+01   0.0000000e+00
   3.8025000e+00   1.9849118e+01   0.0000000e+00
   3.8079804e+00   1.9848681e+01   0.0000000e+00
   3.8134536e+00   1.9848243e+01   0.0000000e+00
   3.8189196e+00   1.9847805e+01   0.0000000e+00
   3.8243784e+00   1.9847367e+01   0.0000000e+00
   3.8298301e+00   1.9846929e+01   0.0000000e+00
   3.8352747e+00   1.9846491e+01   0.0000000e+00
   3.8407122e+00   1.9846053e+01   0.0000000e+00
   3.8461427e+00   1.9845615e+01   0.0000000e+00
   3.8515662e+00   1.9845177e+01   0.0000000e+00
   3.8569827e+00   1.9844739e+01   0.0000000e+00
   3.8623922e+00   1.9844301e+01   0.0000000e+00
   3.8677949e+00   1.9843863e+01   0.0000000e+00
   3.8731906e+00   1.9843424e+01   0.0000000e+00
   3.8785795e+00   1.9842986e+01   0.0000000e+00
   3.8839615e+00   1.9842547e+01   0.0000000e+00
   3.8893368e+00   1.9842109e+01   0.0000000e+00
   3.8947052e+00   1.9841670e+01   0.0000000e+00
   3.9000669e+00   1.9841232e+01   0.0000000e+00
   3.9054219e+00   1.9840793e+01   0.0000000e+00
   3.9107702e+00   1.9840355e+01   0.0000000e+00
   3.9161119e+00   1.9839916e+01   0.0000000e+00
   3.9214469e+00   1.9839477e+01   0.0000000e+00
   3.9267753e+00   1.9839038e+01   0.0000000e+00
   3.9320971e+00   1.9838599e+01   0.0000000e+00
   3.9374123e+00   1.9838160e+01   0.0000000e+00
   3.9427210e+00   1.9837721e+01   0.0000000e+00
   3.9480232e+00   1.9837282e+01   0.0000000e+00
   3.9533190e+00   1.9836843e+01   0.0000000e+00
   3.9586082e+00   1.9836404e+01   0.0000000e+00
   3.9638911e+00   1.9835965e+01   0.0000000e+00
   3.9691676e+00   1.9835526e+01   0.0000000e+00
   3.9744376e+00   1.9835086e+01   0.0000000e+00
   3.9797014e+00   1.9834647e+01   0.0000000e+00
   3.9849588e+00   1.9834208e+01   0.0000000e+00
   3.9902099e+00   1.9833768e+01   0.0000000e+00
   3.9954547e+00   1.9833329e+01   0.0000000e+00
   4.0006933e+00   1.9832889e+01   0.0000000e+00
   4.0059257e+00   1.9832449e+01   0.0000000e+00
   4.0111519e+00   1.9832010e+01   0.0000000e+00
   4.0163719e+00   1.9831570e+01   0.0000000e+00
   4.0215857e+00   1.9831130e+01   0.0000000e+00
   4.0267934e+00   1.9830690e+01   0.0000000e+00
   4.0319950e+00   1.9830251e+01   0.0000000e+00
   4.0371906e+00   1.9829811e+01   0.0000000e+00
   4.0423801e+00   1.9829371e+01   0.0000000e+00
   4.0475635e+00   1.9828931e+01   0.0000000e+00
   4.0527409e+00   1.9828490e+01   0.0000000e+00
   4.0579124e+00   1.9828050e+01   0.0000000e+00
   4.0630779e+00   1.9827610e+01   0.0000000e+00
   4.0682374e+00   1.9827170e+01   0.0000000e+00
   4.0733911e+00   1.9826730e+01   0.0000000e+00
   4.0785388e+00   1.9826289e+01   0.0000000e+00
   4.0836807e+00   1.9825849e+01   0.0000000e+00
   4.0888167e+00   1.9825408e+01   0.0000000e+00
   4.0939469e+00   1.9824968e+01   0.0000000e+00
   4.0990712e+00   1.9824527e+01   0.0000000e+00
   4.1041898e+00   1.9824087e+01   0.0000000e+00
   4.1093027e+00   1.9823646e+01   0.0000000e+00
   4.1144098e+00   1.9823205e+01   0.0000000e+00
   4.1195111e+00   1.9822765e+01   0.0000000e+00
   4.1246068e+00   1.9822324e+01   0.0000000e+00
   4.1296968e+00   1.9821883e+01   0.0000000e+00
   4.1347812e+00   1.9821442e+01   0.0000000e+00
   4.1398599e+00   1.9821001e+01   0.0000000e+00
   4.1449330e+00   1.9820560e+01   0.0000000e+00
   4.1500005e+00   1.9820119e+01   0.0000000e+00
   4.1550624e+00   1.9819678e+01   0.0000000e+00
   4.1601188e+00   1.9819237e+01   0.0000000e+00
   4.1651696e+00   1.9818795e+01   0.0000000e+00
   4.1702150e+00   1.9818354e+01   0.0000000e+00
   4.1752548e+00   1.9817913e+01   0.0000000e+00
   4.1802892e+00   1.9817471e+01   0.0000000e+00
   4.1853181e+00   1.9817030e+01   0.0000000e+00
   4.1903416e+00   1.9816588e+01   0.0000000e+00
   4.1953597e+00   1.9816147e+01   0.0000000e+00
   4.2003724e+00   1.9815705e+01   0.0000000e+00
   4.2053797e+00   1.9815264e+01   0.0000000e+00
   4.2103816e+00   1.9814822e+01   0.0000000e+00
   4.2153783e+00   1.9814380e+01   0.0000000e+00
   4.2203696e+00   1.9813938e+01   0.0000000e+00
   4.2253556e+00   1.9813496e+01   0.0000000e+00
   4.2303363e+00   1.9813054e+01   0.0000000e+00
   4.2353118e+00   1.9812613e+01   0.0000000e+00
   4.2402820e+00   1.9812170e+01   0.0000000e+00
   4.2452470e+00   1.9811728e+01   0.0000000e+00
   4.2502068e+00   1.9811286e+01   0.0000000e+00
   4.2551615e+00   1.9810844e+01   0.0000000e+00
   4.2601109e+00   1.9810402e+01   0.0000000e+00
   4.2650552e+00   1.9809960e+01   0.0000000e+00
   4.2699944e+00   1.9809517e+01   0.0000000e+00
   4.2749285e+00   1.9809075e+01   0.0000000e+00
   4.2798574e+00   1.9808632e+01   0.0000000e+00
   4.2847813e+00   1.9808190e+01   0.0000000e+00
   4.2897002e+00   1.9807747e+01   0.0000000e+00
   4.2946140e+00   1.9807305e+01   0.0000000e+00
   4.2995227e+00   1.9806862e+01   0.0000000e+00
   4.3044265e+00   1.9806419e+01   0.0000000e+00
   4.3093253e+00   1.9805977e+01   0.0000000e+00
   4.3142191e+00   1.9805534e+01   0.0000000e+00
   4.3191079e+00   1.9805091e+01   0.0000000e+00
   4.3239918e+00   1.9804648e+01   0.0000000e+00
   4.3288708e+00   1.9804205e+01   0.0000000e+00
   4.3337448e+00   1.9803762e+01   0.0000000e+00
   4.3386140e+00   1.9803319e+01   0.0000000e+00
   4.3434783e+00   1.9802876e+01   0.0000000e+00
   4.3483378e+00   1.9802433e+01   0.0000000e+00
   4.3531924e+00   1.9801989e+01   0.0000000e+00
   4.3580422e+00   1.9801546e+01   0.0000000e+00
   4.3628872e+00   1.9801103e+01   0.0000000e+00
   4.3677274e+00   1.9800659e+01   0.0000000e+00
   4.3725628e+00   1.9800216e+01   0.0000000e+00
   4.3773935e+00   1.9799773e+01   0.0000000e+00
   4.3822194e+00   1.9799329e+01   0.0000000e+00
   4.3870406e+00   1.9798885e+01   0.0000000e+00
   4.3918571e+00   1.9798442e+01   0.0000000e+00
   4.3966688e+00   1.9797998e+01   0.0000000e+00
   4.4014759e+00   1.9797554e+01   0.0000000e+00
   4.4062784e+00   1.9797110e+01   0.0000000e+00
   4.4110762e+00   1.9796667e+01   0.0000000e+00
   4.4158693e+00   1.9796223e+01   0.0000000e+00
   4.4206579e+00   1.9795779e+01   0.0000000e+00
   4.4254418e+00   1.9795335e+01   0.0000000e+00
   4.4302211e+00   1.9794891e+01   0.0000000e+00
   4.4349959e+00   1.9794447e+01   0.0000000e+00
   4.4397661e+00   1.9794002e+01   0.0000000e+00
   4.4445318e+00   1.9793558e+01   0.0000000e+00
   4.4492929e+00   1.9793114e+01   0.0000000e+00
   4.4540495e+00   1.9792669e+01   0.0000000e+00
   4.4588016e+00   1.9792225e+01   0.0000000e+00
   4.4635493e+00   1.9791781e+01   0.0000000e+00
   4.4682924e+00   1.9791336e+01   0.0000000e+00
   4.4730311e+00   1.9790892e+01   0.0000000e+00
   4.4777654e+00   1.9790447e+01   0.0000000e+00
   4.4824952e+00   1.9790002e+01   0.0000000e+00
   4.4872206e+00   1.9789558e+01   0.0000000e+00
   4.4919417e+00   1.9789113e+01   0.0000000e+00
   4.4966583e+00   1.9788668e+01   0.0000000e+00
   4.5013705e+00   1.9788223e+01   0.0000000e+00
   4.5060784e+00   1.9787778e+01   0.0000000e+00
   4.5107820e+00   1.9787333e+01   0.0000000e+00
   4.5154812e+00   1.9786888e+01   0.0000000e+00
   4.5201761e+00   1.9786443e+01   0.0000000e+00
   4.5248667e+00   1.9785998e+01   0.0000000e+00
   4.5295530e+00   1.9785553e+01   0.0000000e+00
   4.5342351e+00   1.9785108e+01   0.0000000e+00
   4.5389128e+00   1.9784662e+01   0.0000000e+00
   4.5435863e+00   1.9784217e+01   0.0000000e+00
   4.5482556e+00   1.9783772e+01   0.0000000e+00
   4.5529207e+00   1.9783326e+01   0.0000000e+00
   4.5575815e+00   1.9782881e+01   0.0000000e+00
   4.5622382e+00   1.9782435e+01   0.0000000e+00
   4.5668906e+00   1.9781989e+01   0.0000000e+00
   4.5715389e+00   1.9781544e+01   0.0000000e+00
   4.5761831e+00   1.9781098e+01   0.0000000e+00
   4.5808230e+00   1.9780652e+01   0.0000000e+00
   4.5854589e+00   1.9780207e+01   0.0000000e+00
   4.5900906e+00   1.9779761e+01   0.0000000e+00
   4.5947182e+00   1.9779315e+01   0.0000000e+00
   4.5993418e+00   1.9778869e+01   0.0000000e+00
   4.6039612e+00   1.9778423e+01   0.0000000e+00
   4.6085766e+00   1.9777977e+01   0.0000000e+00
   4.6131879e+00   1.9777530e+01   0.0000000e+00
   4.6177951e+00   1.9777084e+01   0.0000000e+00
   4.6223984e+00   1.9776638e+01   0.0000000e+00
   4.6269976e+00   1.9776192e+01   0.0000000e+00
   4.6315928e+00   1.9775745e+01   0.0000000e+00
   4.6361839e+00   1.9775299e+01   0.0000000e+00
   4.6407712e+00   1.9774853e+01   0.0000000e+00
   4.6453544e+00   1.9774406e+01   0.0000000e+00
   4.6499337e+00   1.9773959e+01   0.0000000e+00
   4.6545090e+00   1.9773513e+01   0.0000000e+00
   4.6590804e+00   1.9773066e+01   0.0000000e+00
   4.6636478e+00   1.9772619e+01   0.0000000e+00
   4.6682114e+00   1.9772173e+01   0.0000000e+00
   4.6727710e+00   1.9771726e+01   0.0000000e+00
   4.6773267e+00   1.9771279e+01   0.0000000e+00
   4.6818786e+00   1.9770832e+01   0.0000000e+00
   4.6864266e+00   1.9770385e+01   0.0000000e+00
   4.6909707e+00   1.9769938e+01   0.0000000e+00
   4.6955110e+00   1.9769491e+01   0.0000000e+00
   4.7000475e+00   1.9769044e+01   0.0000000e+00
   4.7045801e+00   1.9768597e+01   0.0000000e+00
   4.7091089e+00   1.9768149e+01   0.0000000e+00
   4.7136339e+00   1.9767702e+01   0.0000000e+00
   4.7181551e+00   1.9767255e+01   0.0000000e+00
   4.7226726e+00   1.9766807e+01   0.0000000e+00
   4.7271863e+00   1.9766360e+01   0.0000000e+00
   4.7316962e+00   1.9765912e+01   0.0000000e+00
   4.7362023e+00   1.9765465e+01   0.0000000e+00
   4.7407048e+00   1.9765017e+01   0.0000000e+00
   4.7452035e+00   1.9764569e+01   0.0000000e+00
   4.7496985e+00   1.9764122e+01   0.0000000e+00
   4.7541898e+00   1.9763674e+01   0.0000000e+00
   4.7586773e+00   1.9763226e+01   0.0000000e+00
   4.7631612e+00   1.9762778e+01   0.0000000e+00
   4.7676415e+00   1.9762330e+01   0.0000000e+00
   4.7721181e+00   1.9761882e+01   0.0000000e+00
   4.7765910e+00   1.9761434e+01   0.0000000e+00
   4.7810603e+00   1.9760986e+01   0.0000000e+00
   4.7855259e+00   1.9760538e+01   0.0000000e+00
   4.7899879e+00   1.9760090e+01   0.0000000e+00
   4.7944463e+00   1.9759641e+01   0.0000000e+00
   4.7989012e+00   1.9759193e+01   0.0000000e+00
   4.8033524e+00   1.9758745e+01   0.0000000e+00
   4.8078000e+00   1.9758296e+01   0.0000000e+00
   4.8122441e+00   1.9757848e+01   0.0000000e+00
   4.8166846e+00   1.9757399e+01   0.0000000e+00
   4.8211216e+00   1.9756951e+01   0.0000000e+00
   4.8255550e+00   1.9756502e+01   0.0000000e+00
   4.8299849e+00   1.9756053e+01   0.0000000e+00
   4.8344113e+00   1.9755604e+01   0.0000000e+00
   4.8388341e+00   1.9755156e+01   0.0000000e+00
   4.8432535e+00   1.9754707e+01   0.0000000e+00
   4.8476694e+00   1.9754258e+01   0.0000000e+00
   4.8520817e+00   1.9753809e+01   0.0000000e+00
   4.8564907e+00   1.9753360e+01   0.0000000e+00
   4.8608961e+00   1.9752911e+01   0.0000000e+00
   4.8652981e+00   1.9752462e+01   0.0000000e+00
   4.8696967e+00   1.9752012e+01   0.0000000e+00
   4.8740918e+00   1.9751563e+01   0.0000000e+00
   4.8784835e+00   1.9751114e+01   0.0000000e+00
   4.8828717e+00   1.9750665e+01   0.0000000e+00
   4.8872566e+00   1.9750215e+01   0.0000000e+00
   4.8916381e+00   1.9749766e+01   0.0000000e+00
   4.8960162e+00   1.9749316e+01   0.0000000e+00
   4.9003909e+00   1.9748867e+01   0.0000000e+00
   4.9047622e+00   1.9748417e+01   0.0000000e+00
   4.9091302e+00   1.9747967e+01   0.0000000e+00
   4.9134948e+00   1.9747518e+01   0.0000000e+00
   4.9178561e+00   1.9747068e+01   0.0000000e+00
   4.9222141e+00   1.9746618e+01   0.0000000e+00
   4.9265687e+00   1.9746168e+01   0.0000000e+00
   4.9309200e+00   1.9745718e+01   0.0000000e+00
   4.9352680e+00   1.9745268e+01   0.0000000e+00
   4.9396127e+00   1.9744818e+01   0.0000000e+00
   4.9439542e+00   1.9744368e+01   0.0000000e+00
   4.9482923e+00   1.9743918e+01   0.0000000e+00
   4.9526272e+00   1.9743468e+01   0.0000000e+00
   4.9569588e+00   1.9743018e+01   0.0000000e+00
   4.9612871e+00   1.9742567e+01   0.0000000e+00
   4.9656122e+00   1.9742117e+01   0.0000000e+00
   4.9699341e+00   1.9741666e+01   0.0000000e+00
   4.9742527e+00   1.9741216e+01   0.0000000e+00
   4.9785682e+00   1.9740765e+01   0.0000000e+00
   4.9828804e+00   1.9740315e+01   0.0000000e+00
   4.9871894e+00   1.9739864e+01   0.0000000e+00
   4.9914952e+00   1.9739414e+01   0.0000000e+00
   4.9957978e+00   1.9738963e+01   0.0000000e+00
   5.0000973e+00   1.9738512e+01   0.0000000e+00
   5.0043935e+00   1.9738061e+01   0.0000000e+00
   5.0086867e+00   1.9737610e+01   0.0000000e+00
   5.0129766e+00   1.9737159e+01   0.0000000e+00
   5.0172635e+00   1.9736708e+01   0.0000000e+00
   5.0215471e+00   1.9736257e+01   0.0000000e+00
   5.0258277e+00   1.9735806e+01   0.0000000e+00
   5.0301051e+00   1.9735355e+01   0.0000000e+00
   5.0343795e+00   1.9734904e+01   0.0000000e+00
   5.0386507e+00   1.9734452e+01   0.0000000e+00
   5.0429188e+00   1.9734001e+01   0.0000000e+00
   5.0471838e+00   1.9733550e+01   0.0000000e+00
   5.0514458e+00   1.9733098e+01   0.0000000e+00
   5.0557047e+00   1.9732647e+01   0.0000000e+00
   5.0599605e+00   1.9732195e+01   0.0000000e+00
   5.0642133e+00   1.9731744e+01   0.0000000e+00
   5.0684630e+00   1.9731292e+01   0.0000000e+00
   5.0727096e+00   1.9730840e+01   0.0000000e+00
   5.0769533e+00   1.9730388e+01   0.0000000e+00
   5.0811939e+00   1.9729937e+01   0.0000000e+00
   5.0854315e+00   1.9729485e+01   0.0000000e+00
   5.0896661e+00   1.9729033e+01   0.0000000e+00
   5.0938977e+00   1.9728581e+01   0.0000000e+00
   5.0981262e+00   1.9728129e+01   0.0000000e+00
   5.1023518e+00   1.9727677e+01   0.0000000e+00
   5.1065745e+00   1.9727225e+01   0.0000000e+00
   5.1107941e+00   1.9726772e+01   0.0000000e+00
   5.1150108e+00   1.9726320e+01   0.0000000e+00
   5.1192245e+00   1.9725868e+01   0.0000000e+00
   5.1234353e+00   1.9725415e+01   0.0000000e+00
   5.1276431e+00   1.9724963e+01   0.0000000e+00
   5.1318480e+00   1.9724510e+01   0.0000000e+00
   5.1360500e+00   1.9724058e+01   0.0000000e+00
   5.1402490e+00   1.9723605e+01   0.0000000e+00
   5.1444452e+00   1.9723153e+01   0.0000000e+00
   5.1486384e+00   1.9722700e+01   0.0000000e+00
   5.1528287e+00   1.9722247e+01   0.0000000e+00
   5.1570161e+00   1.9721794e+01   0.0000000e+00
   5.1612007e+00   1.9721342e+01   0.0000000e+00
   5.1653824e+00   1.9720889e+01   0.0000000e+00
   5.1695612e+00   1.9720436e+01   0.0000000e+00
   5.1737371e+00   1.9719983e+01   0.0000000e+00
   5.1779102e+00   1.9719530e+01   0.0000000e+00
   5.1820804e+00   1.9719077e+01   0.0000000e+00
   5.1862478e+00   1.9718623e+01   0.0000000e+00
   5.1904124e+00   1.9718170e+01   0.0000000e+00
   5.1945741e+00   1.9717717e+01   0.0000000e+00
   5.1987330e+00   1.9717263e+01   0.0000000e+00
   5.2028891e+00   1.9716810e+01   0.0000000e+00
   5.2070424e+00   1.9716357e+01   0.0000000e+00
   5.2111928e+00   1.9715903e+01   0.0000000e+00
   5.2153405e+00   1.9715450e+01   0.0000000e+00
   5.2194854e+00   1.9714996e+01   0.0000000e+00
   5.2236275e+00   1.9714542e+01   0.0000000e+00
   5.2277669e+00   1.9714089e+01   0.0000000e+00
   5.2319035e+00   1.9713635e+01   0.0000000e+00
   5.2360373e+00   1.9713181e+01   0.0000000e+00
   5.2401683e+00   1.9712727e+01   0.0000000e+00
   5.2442966e+00   1.9712273e+01   0.0000000e+00
   5.2484222e+00   1.9711819e+01   0.0000000e+00
   5.2525450e+00   1.9711365e+01   0.0000000e+00
   5.2566652e+00   1.9710911e+01   0.0000000e+00
   5.2607825e+00   1.9710457e+01   0.0000000e+00
   5.2648972e+00   1.9710003e+01   0.0000000e+00
   5.2690092e+00   1.9709548e+01   0.0000000e+00
   5.2731184e+00   1.9709094e+01   0.0000000e+00
   5.2772250e+00   1.9708640e+01   0.0000000e+00
   5.2813289e+00   1.9708185e+01   0.0000000e+00
   5.2854301e+00   1.9707731e+01   0.0000000e+00
   5.2895286e+00   1.9707276e+01   0.0000000e+00
   5.2936244e+00   1.9706821e+01   0.0000000e+00
   5.2977176e+00   1.9706367e+01   0.0000000e+00
   5.3018081e+00   1.9705912e+01   0.0000000e+00
   5.3058960e+00   1.9705457e+01   0.0000000e+00
   5.3099812e+00   1.9705003e+01   0.0000000e+00
   5.3140638e+00   1.9704548e+01   0.0000000e+00
   5.3181438e+00   1.9704093e+01   0.0000000e+00
   5.3222211e+00   1.9703638e+01   0.0000000e+00
   5.3262958e+00   1.9703183e+01   0.0000000e+00
   5.3303679e+00   1.9702728e+01   0.0000000e+00
   5.3344374e+00   1.9702272e+01   0.0000000e+00
   5.3385043e+00   1.9701817e+01   0.0000000e+00
   5.3425686e+00   1.9701362e+01   0.0000000e+00
   5.3466303e+00   1.9700907e+01   0.0000000e+00
   5.3506894e+00   1.9700451e+01   0.0000000e+00
   5.3547460e+00   1.9699996e+01   0.0000000e+00
   5.3587999e+00   1.9699540e+01   0.0000000e+00
   5.3628513e+00   1.9699085e+01   0.0000000e+00
   5.3669002e+00   1.9698629e+01   0.0000000e+00
   5.3709464e+00   1.9698174e+01   0.0000000e+00
   5.3749902e+00   1.9697718e+01   0.0000000e+00
   5.3790314e+00   1.9697262e+01   0.0000000e+00
   5.3830700e+00   1.9696806e+01   0.0000000e+00
   5.3871062e+00   1.9696351e+01   0.0000000e+00
   5.3911398e+00   1.9695895e+01   0.0000000e+00
   5.3951708e+00   1.9695439e+01   0.0000000e+00
   5.3991994e+00   1.9694983e+01   0.0000000e+00
   5.4032255e+00   1.9694527e+01   0.0000000e+00
   5.4072490e+00   1.9694070e+01   0.0000000e+00
   5.4112701e+00   1.9693614e+01   0.0000000e+00
   5.4152887e+00   1.9693158e+01   0.0000000e+00
   5.4193048e+00   1.9692702e+01   0.0000000e+00
   5.4233184e+00   1.9692245e+01   0.0000000e+00
   5.4273295e+00   1.9691789e+01   0.0000000e+00
   5.4313382e+00   1.9691332e+01   0.0000000e+00
   5.4353444e+00   1.9690876e+01   0.0000000e+00
   5.4393481e+00   1.9690419e+01   0.0000000e+00
   5.4433494e+00   1.9689963e+01   0.0000000e+00
   5.4473482e+00   1.9689506e+01   0.0000000e+00
   5.4513446e+00   1.9689049e+01   0.0000000e+00
   5.4553386e+00   1.9688592e+01   0.0000000e+00
   5.4593301e+00   1.9688136e+01   0.0000000e+00
   5.4633193e+00   1.9687679e+01   0.0000000e+00
   5.4673060e+00   1.9687222e+01   0.0000000e+00
   5.4712902e+00   1.9686765e+01   0.0000000e+00
   5.4752721e+00   1.9686308e+01   0.0000000e+00
   5.4792516e+00   1.9685851e+01   0.0000000e+00
   5.4832287e+00   1.9685393e+01   0.0000000e+00
   5.4872033e+00   1.9684936e+01   0.0000000e+00
   5.4911756e+00   1.9684479e+01   0.0000000e+00
   5.4951456e+00   1.9684021e+01   0.0000000e+00
   5.4991131e+00   1.9683564e+01   0.0000000e+00
   5.5030783e+00   1.9683107e+01   0.0000000e+00
   5.5070411e+00   1.9682649e+01   0.0000000e+00
   5.5110015e+00   1.9682192e+01   0.0000000e+00
   5.5149596e+00   1.9681734e+01   0.0000000e+00
   5.5189153e+00   1.9681276e+01   0.0000000e+00
   5.5228687e+00   1.9680818e+01   0.0000000e+00
   5.5268198e+00   1.9680361e+01   0.0000000e+00
   5.5307685e+00   1.9679903e+01   0.0000000e+00
   5.5347148e+00   1.9679445e+01   0.0000000e+00
   5.5386589e+00   1.9678987e+01   0.0000000e+00
   5.5426006e+00   1.9678529e+01   0.0000000e+00
   5.5465401e+00   1.9678071e+01   0.0000000e+00
   5.5504772e+00   1.9677613e+01   0.0000000e+00
   5.5544120e+00   1.9677155e+01   0.0000000e+00
   5.5583445e+00   1.9676696e+01   0.0000000e+00
   5.5622747e+00   1.9676238e+01   0.0000000e+00
   5.5662026e+00   1.9675780e+01   0.0000000e+00
   5.5701283e+00   1.9675321e+01   0.0000000e+00
   5.5740517e+00   1.9674863e+01   0.0000000e+00
   5.5779727e+00   1.9674404e+01   0.0000000e+00
   5.5818916e+00   1.9673946e+01   0.0000000e+00
   5.5858081e+00   1.9673487e+01   0.0000000e+00
   5.5897224e+00   1.9673028e+01   0.0000000e+00
   5.5936344e+00   1.9672570e+01   0.0000000e+00
   5.5975442e+00   1.9672111e+01   0.0000000e+00
   5.6014518e+00   1.9671652e+01   0.0000000e+00
   5.6053571e+00   1.9671193e+01   0.0000000e+00
   5.6092601e+00   1.9670734e+01   0.0000000e+00
   5.6131610e+00   1.9670275e+01   0.0000000e+00
   5.6170596e+00   1.9669816e+01   0.0000000e+00
   5.6209560e+00   1.9669357e+01   0.0000000e+00
   5.6248501e+00   1.9668898e+01   0.0000000e+00
   5.6287421e+00   1.9668439e+01   0.0000000e+00
   5.6326318e+00   1.9667979e+01   0.0000000e+00
   5.6365194e+00   1.9667520e+01   0.0000000e+00
   5.6404047e+00   1.9667061e+01   0.0000000e+00
   5.6442879e+00   1.9666601e+01   0.0000000e+00
   5.6481688e+00   1.9666142e+01   0.0000000e+00
   5.6520476e+00   1.9665682e+01   0.0000000e+00
   5.6559242e+00   1.9665222e+01   0.0000000e+00
   5.6597986e+00   1.9664763e+01   0.0000000e+00
   5.6636709e+00   1.9664303e+01   0.0000000e+00
   5.6675410e+00   1.9663843e+01   0.0000000e+00
   5.6714089e+00   1.9663383e+01   0.0000000e+00
   5.6752746e+00   1.9662923e+01   0.0000000e+00
   5.6791383e+00   1.9662464e+01   0.0000000e+00
   5.6829997e+00   1.9662004e+01   0.0000000e+00
   5.6868590e+00   1.9661543e+01   0.0000000e+00
   5.6907162e+00   1.9661083e+01   0.0000000e+00
   5.6945713e+00   1.9660623e+01   0.0000000e+00
   5.6984242e+00   1.9660163e+01   0.0000000e+00
   5.7022750e+00   1.9659703e+01   0.0000000e+00
   5.7061237e+00   1.9659242e+01   0.0000000e+00
   5.7099702e+00   1.9658782e+01   0.0000000e+00
   5.7138147e+00   1.9658321e+01   0.0000000e+00
   5.7176570e+00   1.9657861e+01   0.0000000e+00
   5.7214972e+00   1.9657400e+01   0.0000000e+00
   5.7253353e+00   1.9656940e+01   0.0000000e+00
   5.7291714e+00   1.9656479e+01   0.0000000e+00
   5.7330053e+00   1.9656018e+01   0.0000000e+00
   5.7368372e+00   1.9655557e+01   0.0000000e+00
   5.7406669e+00   1.9655097e+01   0.0000000e+00
   5.7444946e+00   1.9654636e+01   0.0000000e+00
   5.7483203e+00   1.9654175e+01   0.0000000e+00
   5.7521438e+00   1.9653714e+01   0.0000000e+00
   5.7559653e+00   1.9653253e+01   0.0000000e+00
   5.7597847e+00   1.9652791e+01   0.0000000e+00
   5.7636021e+00   1.9652330e+01   0.0000000e+00
   5.7674174e+00   1.9651869e+01   0.0000000e+00
   5.7712307e+00   1.9651408e+01   0.0000000e+00
   5.7750419e+00   1.9650946e+01   0.0000000e+00
   5.7788511e+00   1.9650485e+01   0.0000000e+00
   5.7826582e+00   1.9650024e+01   0.0000000e+00
   5.7864633e+00   1.9649562e+01   0.0000000e+00
   5.7902664e+00   1.9649100e+01   0.0000000e+00
   5.7940675e+00   1.9648639e+01   0.0000000e+00
   5.7978665e+00   1.9648177e+01   0.0000000e+00
   5.8016635e+00   1.9647715e+01   0.0000000e+00
   5.8054585e+00   1.9647254e+01   0.0000000e+00
   5.8092516e+00   1.9646792e+01   0.0000000e+00
   5.8130426e+00   1.9646330e+01   0.0000000e+00
   5.8168316e+00   1.9645868e+01   0.0000000e+00
   5.8206186e+00   1.9645406e+01   0.0000000e+00
   5.8244036e+00   1.9644944e+01   0.0000000e+00
   5.8281866e+00   1.9644481e+01   0.0000000e+00
   5.8319676e+00   1.9644019e+01   0.0000000e+00
   5.8357467e+00   1.9643557e+01   0.0000000e+00
   5.8395238e+00   1.9643095e+01   0.0000000e+00
   5.8432989e+00   1.9642632e+01   0.0000000e+00
   5.8470721e+00   1.9642170e+01   0.0000000e+00
   5.8508432e+00   1.9641707e+01   0.0000000e+00
   5.8546125e+00   1.9641245e+01   0.0000000e+00
   5.8583797e+00   1.9640782e+01   0.0000000e+00
   5.8621450e+00   1.9640320e+01   0.0000000e+00
   5.8659084e+00   1.9639857e+01   0.0000000e+00
   5.8696698e+00   1.9639394e+01   0.0000000e+00
   5.8734293e+00   1.9638931e+01   0.0000000e+00
   5.8771869e+00   1.9638469e+01   0.0000000e+00
   5.8809425e+00   1.9638006e+01   0.0000000e+00
   5.8846962e+00   1.9637543e+01   0.0000000e+00
   5.8884479e+00   1.9637080e+01   0.0000000e+00
   5.8921977e+00   1.9636616e+01   0.0000000e+00
   5.8959457e+00   1.9636153e+01   0.0000000e+00
   5.8996917e+00   1.9635690e+01   0.0000000e+00
   5.9034358e+00   1.9635227e+01   0.0000000e+00
   5.9071779e+00   1.9634763e+01   0.0000000e+00
   5.9109182e+00   1.9634300e+01   0.0000000e+00
   5.9146566e+00   1.9633837e+01   0.0000000e+00
   5.9183931e+00   1.9633373e+01   0.0000000e+00
   5.9221277e+00   1.9632910e+01   0.0000000e+00
   5.9258604e+00   1.9632446e+01   0.0000000e+00
   5.9295912e+00   1.9631982e+01   0.0000000e+00
   5.9333201e+00   1.9631519e+01   0.0000000e+00
   5.9370472e+00   1.9631055e+01   0.0000000e+00
   5.9407724e+00   1.9630591e+01   0.0000000e+00
   5.9444957e+00   1.9630127e+01   0.0000000e+00
   5.9482172e+00   1.9629663e+01   0.0000000e+00
   5.9519368e+00   1.9629199e+01   0.0000000e+00
   5.9556545e+00   1.9628735e+01   0.0000000e+00
   5.9593704e+00   1.9628271e+01   0.0000000e+00
   5.9630844e+00   1.9627807e+01   0.0000000e+00
   5.9667966e+00   1.9627343e+01   0.0000000e+00
   5.9705069e+00   1.9626878e+01   0.0000000e+00
   5.9742154e+00   1.9626414e+01   0.0000000e+00
   5.9779220e+00   1.9625950e+01   0.0000000e+00
   5.9816268e+00   1.9625485e+01   0.0000000e+00
   5.9853298e+00   1.9625021e+01   0.0000000e+00
   5.9890310e+00   1.9624556e+01   0.0000000e+00
   5.9927303e+00   1.9624091e+01   0.0000000e+00
   5.9964278e+00   1.9623627e+01   0.0000000e+00
   6.0001235e+00   1.9623162e+01   0.0000000e+00
   6.0038174e+00   1.9622697e+01   0.0000000e+00
   6.0075095e+00   1.9622232e+01   0.0000000e+00
   6.0111997e+00   1.9621767e+01   0.0000000e+00
   6.0148882e+00   1.9621302e+01   0.0000000e+00
   6.0185749e+00   1.9620837e+01   0.0000000e+00
   6.0222597e+00   1.9620372e+01   0.0000000e+00
   6.0259428e+00   1.9619907e+01   0.0000000e+00
   6.0296241e+00   1.9619442e+01   0.0000000e+00
   6.0333036e+00   1.9618977e+01   0.0000000e+00
   6.0369813e+00   1.9618511e+01   0.0000000e+00
   6.0406572e+00   1.9618046e+01   0.0000000e+00
   6.0443314e+00   1.9617581e+01   0.0000000e+00
   6.0480038e+00   1.9617115e+01   0.0000000e+00
   6.0516744e+00   1.9616650e+01   0.0000000e+00
   6.0553432e+00   1.9616184e+01   0.0000000e+00
   6.0590103e+00   1.9615718e+01   0.0000000e+00
   6.0626756e+00   1.9615253e+01   0.0000000e+00
   6.0663392e+00   1.9614787e+01   0.0000000e+00
   6.0700010e+00   1.9614321e+01   0.0000000e+00
   6.0736611e+00   1.9613855e+01   0.0000000e+00
   6.0773194e+00   1.9613389e+01   0.0000000e+00
   6.0809760e+00   1.9612923e+01   0.0000000e+00
   6.0846308e+00   1.9612457e+01   0.0000000e+00
   6.0882839e+00   1.9611991e+01   0.0000000e+00
   6.0919353e+00   1.9611525e+01   0.0000000e+00
   6.0955849e+00   1.9611059e+01   0.0000000e+00
   6.0992328e+00   1.9610592e+01   0.0000000e+00
   6.1028790e+00   1.9610126e+01   0.0000000e+00
   6.1065235e+00   1.9609660e+01   0.0000000e+00
   6.1101662e+00   1.9609193e+01   0.0000000e+00
   6.1138073e+00   1.9608727e+01   0.0000000e+00
   6.1174466e+00   1.9608260e+01   0.0000000e+00
   6.1210842e+00   1.9607794e+01   0.0000000e+00
   6.1247201e+00   1.9607327e+01   0.0000000e+00
   6.1283543e+00   1.9606860e+01   0.0000000e+00
   6.1319868e+00   1.9606393e+01   0.0000000e+00
   6.1356176e+00   1.9605927e+01   0.0000000e+00
   6.1392468e+00   1.9605460e+01   0.0000000e+00
   6.1428742e+00   1.9604993e+01   0.0000000e+00
   6.1464999e+00   1.9604526e+01   0.0000000e+00
   6.1501240e+00   1.9604059e+01   0.0000000e+00
   6.1537464e+00   1.9603591e+01   0.0000000e+00
   6.1573671e+00   1.9603124e+01   0.0000000e+00
   6.1609861e+00   1.9602657e+01   0.0000000e+00
   6.1646035e+00   1.9602190e+01   0.0000000e+00
   6.1682192e+00   1.9601722e+01   0.0000000e+00
   6.1718332e+00   1.9601255e+01   0.0000000e+00
   6.1754455e+00   1.9600787e+01   0.0000000e+00
   6.1790562e+00   1.9600320e+01   0.0000000e+00
   6.1826653e+00   1.9599852e+01   0.0000000e+00
   6.1862727e+00   1.9599385e+01   0.0000000e+00
   6.1898784e+00   1.9598917e+01   0.0000000e+00
   6.1934825e+00   1.9598449e+01   0.0000000e+00
   6.1970850e+00   1.9597981e+01   0.0000000e+00
   6.2006858e+00   1.9597513e+01   0.0000000e+00
   6.2042850e+00   1.9597046e+01   0.0000000e+00
   6.2078825e+00   1.9596578e+01   0.0000000e+00
   6.2114784e+00   1.9596109e+01   0.0000000e+00
   6.2150727e+00   1.9595641e+01   0.0000000e+00
   6.2186654e+00   1.9595173e+01   0.0000000e+00
   6.2222564e+00   1.9594705e+01   0.0000000e+00
   6.2258458e+00   1.9594237e+01   0.0000000e+00
   6.2294336e+00   1.9593768e+01   0.0000000e+00
   6.2330198e+00   1.9593300e+01   0.0000000e+00
   6.2366043e+00   1.9592831e+01   0.0000000e+00
   6.2401873e+00   1.9592363e+01   0.0000000e+00
   6.2437686e+00   1.9591894e+01   0.0000000e+00
   6.2473484e+00   1.9591426e+01   0.0000000e+00
   6.2509265e+00   1.9590957e+01   0.0000000e+00
   6.2545031e+00   1.9590488e+01   0.0000000e+00
   6.2580780e+00   1.9590020e+01   0.0000000e+00
   6.2616514e+00   1.9589551e+01   0.0000000e+00
   6.2652232e+00   1.9589082e+01   0.0000000e+00
   6.2687934e+00   1.9588613e+01   0.0000000e+00
   6.2723620e+00   1.9588144e+01   0.0000000e+00
   6.2759290e+00   1.9587675e+01   0.0000000e+00
   6.2794944e+00   1.9587206e+01   0.0000000e+00
   6.2830583e+00   1.9586736e+01   0.0000000e+00
   6.2866206e+00   1.9586267e+01   0.0000000e+00
   6.2901813e+00   1.9585798e+01   0.0000000e+00
   6.2937405e+00   1.9585328e+01   0.0000000e+00
   6.2972981e+00   1.9584859e+01   0.0000000e+00
   6.3008541e+00   1.9584389e+01   0.0000000e+00
   6.3044086e+00   1.9583920e+01   0.0000000e+00
   6.3079615e+00   1.9583450e+01   0.0000000e+00
   6.3115129e+00   1.9582981e+01   0.0000000e+00
   6.3150627e+00   1.9582511e+01   0.0000000e+00
   6.3186110e+00   1.9582041e+01   0.0000000e+00
   6.3221577e+00   1.9581571e+01   0.0000000e+00
   6.3257029e+00   1.9581101e+01   0.0000000e+00
   6.3292466e+00   1.9580631e+01   0.0000000e+00
   6.3327887e+00   1.9580161e+01   0.0000000e+00
   6.3363293e+00   1.9579691e+01   0.0000000e+00
   6.3398683e+00   1.9579221e+01   0.0000000e+00
   6.3434058e+00   1.9578751e+01   0.0000000e+00
   6.3469418e+00   1.9578281e+01   0.0000000e+00
   6.3504763e+00   1.9577810e+01   0.0000000e+00
   6.3540092e+00   1.9577340e+01   0.0000000e+00
   6.3575406e+00   1.9576870e+01   0.0000000e+00
   6.3610706e+00   1.9576399e+01   0.0000000e+00
   6.3645990e+00   1.9575929e+01   0.0000000e+00
   6.3681258e+00   1.9575458e+01   0.0000000e+00
   6.3716512e+00   1.9574987e+01   0.0000000e+00
   6.3751751e+00   1.9574517e+01   0.0000000e+00
   6.3786975e+00   1.9574046e+01   0.0000000e+00
   6.3822183e+00   1.9573575e+01   0.0000000e+00
   6.3857377e+00   1.9573104e+01   0.0000000e+00
   6.3892556e+00   1.9572633e+01   0.0000000e+00
   6.3927720e+00   1.9572162e+01   0.0000000e+00
   6.3962869e+00   1.9571691e+01   0.0000000e+00
   6.3998003e+00   1.9571220e+01   0.0000000e+00
   6.4033122e+00   1.9570749e+01   0.0000000e+00
   6.4068227e+00   1.9570278e+01   0.0000000e+00
   6.4103316e+00   1.9569806e+01   0.0000000e+00
   6.4138391e+00   1.9569335e+01   0.0000000e+00
   6.4173451e+00   1.9568864e+01   0.0000000e+00
   6.4208497e+00   1.9568392e+01   0.0000000e+00
   6.4243527e+00   1.9567921e+01   0.0000000e+00
   6.4278543e+00   1.9567449e+01   0.0000000e+00
   6.4313545e+00   1.9566977e+01   0.0000000e+00
   6.4348532e+00   1.9566506e+01   0.0000000e+00
   6.4383504e+00   1.9566034e+01   0.0000000e+00
   6.4418461e+00   1.9565562e+01   0.0000000e+00
   6.4453404e+00   1.9565090e+01   0.0000000e+00
   6.4488333e+00   1.9564618e+01   0.0000000e+00
   6.4523247e+00   1.9564146e+01   0.0000000e+00
   6.4558147e+00   1.9563674e+01   0.0000000e+00
   6.4593032e+00   1.9563202e+01   0.0000000e+00
   6.4627903e+00   1.9562730e+01   0.0000000e+00
   6.4662759e+00   1.9562258e+01   0.0000000e+00
   6.4697601e+00   1.9561786e+01   0.0000000e+00
   6.4732428e+00   1.9561313e+01   0.0000000e+00
   6.4767242e+00   1.9560841e+01   0.0000000e+00
   6.4802041e+00   1.9560368e+01   0.0000000e+00
   6.4836825e+00   1.9559896e+01   0.0000000e+00
   6.4871596e+00   1.9559423e+01   0.0000000e+00
   6.4906352e+00   1.9558951e+01   0.0000000e+00
   6.4941094e+00   1.9558478e+01   0.0000000e+00
   6.4975822e+00   1.9558005e+01   0.0000000e+00
   6.5010535e+00   1.9557532e+01   0.0000000e+00
   6.5045235e+00   1.9557060e+01   0.0000000e+00
   6.5079920e+00   1.9556587e+01   0.0000000e+00
   6.5114591e+00   1.9556114e+01   0.0000000e+00
   6.5149249e+00   1.9555641e+01   0.0000000e+00
   6.5183892e+00   1.9555168e+01   0.0000000e+00
   6.5218521e+00   1.9554694e+01   0.0000000e+00
   6.5253136e+00   1.9554221e+01   0.0000000e+00
   6.5287737e+00   1.9553748e+01   0.0000000e+00
   6.5322325e+00   1.9553275e+01   0.0000000e+00
   6.5356898e+00   1.9552801e+01   0.0000000e+00
   6.5391458e+00   1.9552328e+01   0.0000000e+00
   6.5426003e+00   1.9551854e+01   0.0000000e+00
   6.5460535e+00   1.9551381e+01   0.0000000e+00
   6.5495053e+00   1.9550907e+01   0.0000000e+00
   6.5529557e+00   1.9550433e+01   0.0000000e+00
   6.5564047e+00   1.9549960e+01   0.0000000e+00
   6.5598523e+00   1.9549486e+01   0.0000000e+00
   6.5632986e+00   1.9549012e+01   0.0000000e+00
   6.5667435e+00   1.9548538e+01   0.0000000e+00
   6.5701871e+00   1.9548064e+01   0.0000000e+00
   6.5736292e+00   1.9547590e+01   0.0000000e+00
   6.5770700e+00   1.9547116e+01   0.0000000e+00
   6.5805095e+00   1.9546642e+01   0.0000000e+00
   6.5839475e+00   1.9546168e+01   0.0000000e+00
   6.5873843e+00   1.9545693e+01   0.0000000e+00
   6.5908196e+00   1.9545219e+01   0.0000000e+00
   6.5942536e+00   1.9544745e+01   0.0000000e+00
   6.5976863e+00   1.9544270e+01   0.0000000e+00
   6.6011176e+00   1.9543796e+01   0.0000000e+00
   6.6045476e+00   1.9543321e+01   0.0000000e+00
   6.6079762e+00   1.9542846e+01   0.0000000e+00
   6.6114034e+00   1.9542372e+01   0.0000000e+00
   6.6148294e+00   1.9541897e+01   0.0000000e+00
   6.6182540e+00   1.9541422e+01   0.0000000e+00
   6.6216772e+00   1.9540947e+01   0.0000000e+00
   6.6250991e+00   1.9540472e+01   0.0000000e+00
   6.6285197e+00   1.9539998e+01   0.0000000e+00
   6.6319390e+00   1.9539522e+01   0.0000000e+00
   6.6353569e+00   1.9539047e+01   0.0000000e+00
   6.6387735e+00   1.9538572e+01   0.0000000e+00
   6.6421888e+00   1.9538097e+01   0.0000000e+00
   6.6456028e+00   1.9537622e+01   0.0000000e+00
   6.6490154e+00   1.9537146e+01   0.0000000e+00
   6.6524267e+00   1.9536671e+01   0.0000000e+00
   6.6558367e+00   1.9536196e+01   0.0000000e+00
   6.6592454e+00   1.9535720e+01   0.0000000e+00
   6.6626528e+00   1.9535245e+01   0.0000000e+00
   6.6660589e+00   1.9534769e+01   0.0000000e+00
   6.6694636e+00   1.9534293e+01   0.0000000e+00
   6.6728671e+00   1.9533817e+01   0.0000000e+00
   6.6762693e+00   1.9533342e+01   0.0000000e+00
   6.6796701e+00   1.9532866e+01   0.0000000e+00
   6.6830697e+00   1.9532390e+01   0.0000000e+00
   6.6864679e+00   1.9531914e+01   0.0000000e+00
   6.6898649e+00   1.9531438e+01   0.0000000e+00
   6.6932606e+00   1.9530962e+01   0.0000000e+00
   6.6966550e+00   1.9530486e+01   0.0000000e+00
   6.7000481e+00   1.9530009e+01   0.0000000e+00
   6.7034399e+00   1.9529533e+01   0.0000000e+00
   6.7068304e+00   1.9529057e+01   0.0000000e+00
   6.7102197e+00   1.9528580e+01   0.0000000e+00
   6.7136076e+00   1.9528104e+01   0.0000000e+00
   6.7169943e+00   1.9527627e+01   0.0000000e+00
   6.7203797e+00   1.9527151e+01   0.0000000e+00
   6.7237639e+00   1.9526674e+01   0.0000000e+00
   6.7271467e+00   1.9526198e+01   0.0000000e+00
   6.7305283e+00   1.9525721e+01   0.0000000e+00
   6.7339087e+00   1.9525244e+01   0.0000000e+00
   6.7372877e+00   1.9524767e+01   0.0000000e+00
   6.7406655e+00   1.9524290e+01   0.0000000e+00
   6.7440421e+00   1.9523813e+01   0.0000000e+00
   6.7474174e+00   1.9523336e+01   0.0000000e+00
   6.7507914e+00   1.9522859e+01   0.0000000e+00
   6.7541642e+00   1.9522382e+01   0.0000000e+00
   6.7575357e+00   1.9521905e+01   0.0000000e+00
   6.7609059e+00   1.9521427e+01   0.0000000e+00
   6.7642749e+00   1.9520950e+01   0.0000000e+00
   6.7676427e+00   1.9520473e+01   0.0000000e+00
   6.7710092e+00   1.9519995e+01   0.0000000e+00
   6.7743745e+00   1.9519518e+01   0.0000000e+00
   6.7777385e+00   1.9519040e+01   0.0000000e+00
   6.7811013e+00   1.9518562e+01   0.0000000e+00
   6.7844629e+00   1.9518085e+01   0.0000000e+00
   6.7878232e+00   1.9517607e+01   0.0000000e+00
   6.7911823e+00   1.9517129e+01   0.0000000e+00
   6.7945401e+00   1.9516651e+01   0.0000000e+00
   6.7978967e+00   1.9516173e+01   0.0000000e+00
   6.8012521e+00   1.9515695e+01   0.0000000e+00
   6.8046063e+00   1.9515217e+01   0.0000000e+00
   6.8079592e+00   1.9514739e+01   0.0000000e+00
   6.8113109e+00   1.9514261e+01   0.0000000e+00
   6.8146614e+00   1.9513783e+01   0.0000000e+00
   6.8180107e+00   1.9513304e+01   0.0000000e+00
   6.8213588e+00   1.9512826e+01   0.0000000e+00
   6.8247056e+00   1.9512348e+01   0.0000000e+00
   6.8280512e+00   1.9511869e+01   0.0000000e+00
   6.8313957e+00   1.9511391e+01   0.0000000e+00
   6.8347389e+00   1.9510912e+01   0.0000000e+00
   6.8380809e+00   1.9510433e+01   0.0000000e+00
   6.8414217e+00   1.9509955e+01   0.0000000e+00
   6.8447613e+00   1.9509476e+01   0.0000000e+00
   6.8480997e+00   1.9508997e+01   0.0000000e+00
   6.8514368e+00   1.9508518e+01   0.0000000e+00
   6.8547728e+00   1.9508039e+01   0.0000000e+00
   6.8581076e+00   1.9507560e+01   0.0000000e+00
   6.8614412e+00   1.9507081e+01   0.0000000e+00
   6.8647736e+00   1.9506602e+01   0.0000000e+00
   6.8681049e+00   1.9506123e+01   0.0000000e+00
   6.8714349e+00   1.9505644e+01   0.0000000e+00
   6.8747637e+00   1.9505164e+01   0.0000000e+00
   6.8780914e+00   1.9504685e+01   0.0000000e+00
   6.8814178e+00   1.9504206e+01   0.0000000e+00
   6.8847431e+00   1.9503726e+01   0.0000000e+00
   6.8880672e+00   1.9503246e+01   0.0000000e+00
   6.8913902e+00   1.9502767e+01   0.0000000e+00
   6.8947119e+00   1.9502287e+01   0.0000000e+00
   6.8980325e+00   1.9501807e+01   0.0000000e+00
   6.9013519e+00   1.9501328e+01   0.0000000e+00
   6.9046701e+00   1.9500848e+01   0.0000000e+00
   6.9079872e+00   1.9500368e+01   0.0000000e+00
   6.9113031e+00   1.9499888e+01   0.0000000e+00
   6.9146178e+00   1.9499408e+01   0.0000000e+00
   6.9179314e+00   1.9498928e+01   0.0000000e+00
   6.9212438e+00   1.9498448e+01   0.0000000e+00
   6.9245550e+00   1.9497967e+01   0.0000000e+00
   6.9278651e+00   1.9497487e+01   0.0000000e+00
   6.9311740e+00   1.9497007e+01   0.0000000e+00
   6.9344818e+00   1.9496526e+01   0.0000000e+00
   6.9377884e+00   1.9496046e+01   0.0000000e+00
   6.9410939e+00   1.9495566e+01   0.0000000e+00
   6.9443982e+00   1.9495085e+01   0.0000000e+00
   6.9477014e+00   1.9494604e+01   0.0000000e+00
   6.9510034e+00   1.9494124e+01   0.0000000e+00
   6.9543043e+00   1.9493643e+01   0.0000000e+00
   6.9576040e+00   1.9493162e+01   0.0000000e+00
   6.9609026e+00   1.9492681e+01   0.0000000e+00
   6.9642000e+00   1.9492200e+01   0.0000000e+00
   6.9674963e+00   1.9491719e+01   0.0000000e+00
   6.9707915e+00   1.9491238e+01   0.0000000e+00
   6.9740856e+00   1.9490757e+01   0.0000000e+00
   6.9773785e+00   1.9490276e+01   0.0000000e+00
   6.9806702e+00   1.9489795e+01   0.0000000e+00
   6.9839609e+00   1.9489313e+01   0.0000000e+00
   6.9872504e+00   1.9488832e+01   0.0000000e+00
   6.9905388e+00   1.9488351e+01   0.0000000e+00
   6.9938261e+00   1.9487869e+01   0.0000000e+00
   6.9971122e+00   1.9487388e+01   0.0000000e+00
   7.0003972e+00   1.9486906e+01   0.0000000e+00
   7.0036811e+00   1.9486424e+01   0.0000000e+00
   7.0069639e+00   1.9485943e+01   0.0000000e+00
   7.0102456e+00   1.9485461e+01   0.0000000e+00
   7.0135262e+00   1.9484979e+01   0.0000000e+00
   7.0168056e+00   1.9484497e+01   0.0000000e+00
   7.0200839e+00   1.9484015e+01   0.0000000e+00
   7.0233612e+00   1.9483533e+01   0.0000000e+00
   7.0266373e+00   1.9483051e+01   0.0000000e+00
   7.0299123e+00   1.9482569e+01   0.0000000e+00
   7.0331862e+00   1.9482087e+01   0.0000000e+00
   7.0364590e+00   1.9481605e+01   0.0000000e+00
   7.0397307e+00   1.9481122e+01   0.0000000e+00
   7.0430013e+00   1.9480640e+01   0.0000000e+00
   7.0462708e+00   1.9480157e+01   0.0000000e+00
   7.0495392e+00   1.9479675e+01   0.0000000e+00
   7.0528065e+00   1.9479192e+01   0.0000000e+00
   7.0560727e+00   1.9478710e+01   0.0000000e+00
   7.0593378e+00   1.9478227e+01   0.0000000e+00
   7.0626019e+00   1.9477744e+01   0.0000000e+00
   7.0658648e+00   1.9477262e+01   0.0000000e+00
   7.0691267e+00   1.9476779e+01   0.0000000e+00
   7.0723875e+00   1.9476296e+01   0.0000000e+00
   7.0756472e+00   1.9475813e+01   0.0000000e+00
   7.0789058e+00   1.9475330e+01   0.0000000e+00
   7.0821633e+00   1.9474847e+01   0.0000000e+00
   7.0854197e+00   1.9474363e+01   0.0000000e+00
   7.0886751e+00   1.9473880e+01   0.0000000e+00
   7.0919294e+00   1.9473397e+01   0.0000000e+00
   7.0951826e+00   1.9472914e+01   0.0000000e+00
   7.0984348e+00   1.9472430e+01   0.0000000e+00
   7.1016859e+00   1.9471947e+01   0.0000000e+00
   7.1049359e+00   1.9471463e+01   0.0000000e+00
   7.1081848e+00   1.9470980e+01   0.0000000e+00
   7.1114327e+00   1.9470496e+01   0.0000000e+00
   7.1146795e+00   1.9470012e+01   0.0000000e+00
   7.1179253e+00   1.9469528e+01   0.0000000e+00
   7.1211699e+00   1.9469045e+01   0.0000000e+00
   7.1244136e+00   1.9468561e+01   0.0000000e+00
   7.1276561e+00   1.9468077e+01   0.0000000e+00
   7.1308977e+00   1.9467593e+01   0.0000000e+00
   7.1341381e+00   1.9467109e+01   0.0000000e+00
   7.1373775e+00   1.9466624e+01   0.0000000e+00
   7.1406159e+00   1.9466140e+01   0.0000000e+00
   7.1438532e+00   1.9465656e+01   0.0000000e+00
   7.1470894e+00   1.9465172e+01   0.0000000e+00
   7.1503246e+00   1.9464687e+01   0.0000000e+00
   7.1535588e+00   1.9464203e+01   0.0000000e+00
   7.1567919e+00   1.9463718e+01   0.0000000e+00
   7.1600239e+00   1.9463234e+01   0.0000000e+00
   7.1632550e+00   1.9462749e+01   0.0000000e+00
   7.1664849e+00   1.9462264e+01   0.0000000e+00
   7.1697139e+00   1.9461780e+01   0.0000000e+00
   7.1729418e+00   1.9461295e+01   0.0000000e+00
   7.1761687e+00   1.9460810e+01   0.0000000e+00
   7.1793945e+00   1.9460325e+01   0.0000000e+00
   7.1826193e+00   1.9459840e+01   0.0000000e+00
   7.1858431e+00   1.9459355e+01   0.0000000e+00
   7.1890658e+00   1.9458870e+01   0.0000000e+00
   7.1922875e+00   1.9458385e+01   0.0000000e+00
   7.1955082e+00   1.9457900e+01   0.0000000e+00
   7.1987279e+00   1.9457414e+01   0.0000000e+00
   7.2019465e+00   1.9456929e+01   0.0000000e+00
   7.2051642e+00   1.9456443e+01   0.0000000e+00
   7.2083808e+00   1.9455958e+01   0.0000000e+00
   7.2115963e+00   1.9455472e+01   0.0000000e+00
   7.2148109e+00   1.9454987e+01   0.0000000e+00
   7.2180244e+00   1.9454501e+01   0.0000000e+00
   7.2212370e+00   1.9454015e+01   0.0000000e+00
   7.2244485e+00   1.9453530e+01   0.0000000e+00
   7.2276590e+00   1.9453044e+01   0.0000000e+00
   7.2308685e+00   1.9452558e+01   0.0000000e+00
   7.2340769e+00   1.9452072e+01   0.0000000e+00
   7.2372844e+00   1.9451586e+01   0.0000000e+00
   7.2404909e+00   1.9451100e+01   0.0000000e+00
   7.2436963e+00   1.9450614e+01   0.0000000e+00
   7.2469008e+00   1.9450127e+01   0.0000000e+00
   7.2501042e+00   1.9449641e+01   0.0000000e+00
   7.2533067e+00   1.9449155e+01   0.0000000e+00
   7.2565081e+00   1.9448668e+01   0.0000000e+00
   7.2597086e+00   1.9448182e+01   0.0000000e+00
   7.2629080e+00   1.9447695e+01   0.0000000e+00
   7.2661065e+00   1.9447209e+01   0.0000000e+00
   7.2693040e+00   1.9446722e+01   0.0000000e+00
   7.2725005e+00   1.9446235e+01   0.0000000e+00
   7.2756959e+00   1.9445749e+01   0.0000000e+00
   7.2788904e+00   1.9445262e+01   0.0000000e+00
   7.2820839e+00   1.9444775e+01   0.0000000e+00
   7.2852765e+00   1.9444288e+01   0.0000000e+00
   7.2884680e+00   1.9443801e+01   0.0000000e+00
   7.2916585e+00   1.9443314e+01   0.0000000e+00
   7.2948481e+00   1.9442827e+01   0.0000000e+00
   7.2980367e+00   1.9442340e+01   0.0000000e+00
   7.3012243e+00   1.9441852e+01   0.0000000e+00
   7.3044109e+00   1.9441365e+01   0.0000000e+00
   7.3075966e+00   1.9440878e+01   0.0000000e+00
   7.3107813e+00   1.9440390e+01   0.0000000e+00
   7.3139650e+00   1.9439903e+01   0.0000000e+00
   7.3171477e+00   1.9439415e+01   0.0000000e+00
   7.3203295e+00   1.9438927e+01   0.0000000e+00
   7.3235102e+00   1.9438440e+01   0.0000000e+00
   7.3266901e+00   1.9437952e+01   0.0000000e+00
   7.3298689e+00   1.9437464e+01   0.0000000e+00
   7.3330468e+00   1.9436976e+01   0.0000000e+00
   7.3362237e+00   1.9436488e+01   0.0000000e+00
   7.3393997e+00   1.9436000e+01   0.0000000e+00
   7.3425746e+00   1.9435512e+01   0.0000000e+00
   7.3457487e+00   1.9435024e+01   0.0000000e+00
   7.3489217e+00   1.9434536e+01   0.0000000e+00
   7.3520939e+00   1.9434048e+01   0.0000000e+00
   7.3552650e+00   1.9433559e+01   0.0000000e+00
   7.3584352e+00   1.9433071e+01   0.0000000e+00
   7.3616045e+00   1.9432583e+01   0.0000000e+00
   7.3647728e+00   1.9432094e+01   0.0000000e+00
   7.3679401e+00   1.9431606e+01   0.0000000e+00
   7.3711065e+00   1.9431117e+01   0.0000000e+00
   7.3742719e+00   1.9430628e+01   0.0000000e+00
   7.3774364e+00   1.9430140e+01   0.0000000e+00
   7.3806000e+00   1.9429651e+01   0.0000000e+00
   7.3837626e+00   1.9429162e+01   0.0000000e+00
   7.3869242e+00   1.9428673e+01   0.0000000e+00
   7.3900850e+00   1.9428184e+01   0.0000000e+00
   7.3932447e+00   1.9427695e+01   0.0000000e+00
   7.3964036e+00   1.9427206e+01   0.0000000e+00
   7.3995615e+00   1.9426717e+01   0.0000000e+00
   7.4027184e+00   1.9426227e+01   0.0000000e+00
   7.4058745e+00   1.9425738e+01   0.0000000e+00
   7.4090295e+00   1.9425249e+01   0.0000000e+00
   7.4121837e+00   1.9424759e+01   0.0000000e+00
   7.4153369e+00   1.9424270e+01   0.0000000e+00
   7.4184892e+00   1.9423780e+01   0.0000000e+00
   7.4216406e+00   1.9423291e+01   0.0000000e+00
   7.4247910e+00   1.9422801e+01   0.0000000e+00
   7.4279405e+00   1.9422311e+01   0.0000000e+00
   7.4310891e+00   1.9421821e+01   0.0000000e+00
   7.4342368e+00   1.9421332e+01   0.0000000e+00
   7.4373835e+00   1.9420842e+01   0.0000000e+00
   7.4405293e+00   1.9420352e+01   0.0000000e+00
   7.4436742e+00   1.9419862e+01   0.0000000e+00
   7.4468182e+00   1.9419371e+01   0.0000000e+00
   7.4499612e+00   1.9418881e+01   0.0000000e+00
   7.4531034e+00   1.9418391e+01   0.0000000e+00
   7.4562446e+00   1.9417901e+01   0.0000000e+00
   7.4593849e+00   1.9417410e+01   0.0000000e+00
   7.4625243e+00   1.9416920e+01   0.0000000e+00
   7.4656628e+00   1.9416430e+01   0.0000000e+00
   7.4688004e+00   1.9415939e+01   0.0000000e+00
   7.4719370e+00   1.9415448e+01   0.0000000e+00
   7.4750728e+00   1.9414958e+01   0.0000000e+00
   7.4782076e+00   1.9414467e+01   0.0000000e+00
   7.4813416e+00   1.9413976e+01   0.0000000e+00
   7.4844746e+00   1.9413485e+01   0.0000000e+00
   7.4876067e+00   1.9412994e+01   0.0000000e+00
   7.4907380e+00   1.9412503e+01   0.0000000e+00
   7.4938683e+00   1.9412012e+01   0.0000000e+00
   7.4969977e+00   1.9411521e+01   0.0000000e+00
   7.5001263e+00   1.9411030e+01   0.0000000e+00
   7.5032539e+00   1.9410539e+01   0.0000000e+00
   7.5063806e+00   1.9410048e+01   0.0000000e+00
   7.5095065e+00   1.9409556e+01   0.0000000e+00
   7.5126314e+00   1.9409065e+01   0.0000000e+00
   7.5157555e+00   1.9408573e+01   0.0000000e+00
   7.5188787e+00   1.9408082e+01   0.0000000e+00
   7.5220009e+00   1.9407590e+01   0.0000000e+00
   7.5251223e+00   1.9407099e+01   0.0000000e+00
   7.5282428e+00   1.9406607e+01   0.0000000e+00
   7.5313625e+00   1.9406115e+01   0.0000000e+00
   7.5344812e+00   1.9405623e+01   0.0000000e+00
   7.5375990e+00   1.9405131e+01   0.0000000e+00
   7.5407160e+00   1.9404639e+01   0.0000000e+00
   7.5438321e+00   1.9404147e+01   0.0000000e+00
   7.5469473e+00   1.9403655e+01   0.0000000e+00
   7.5500616e+00   1.9403163e+01   0.0000000e+00
   7.5531750e+00   1.9402671e+01   0.0000000e+00
   7.5562876e+00   1.9402178e+01   0.0000000e+00
   7.5593993e+00   1.9401686e+01   0.0000000e+00
   7.5625101e+00   1.9401194e+01   0.0000000e+00
   7.5656201e+00   1.9400701e+01   0.0000000e+00
   7.5687291e+00   1.9400209e+01   0.0000000e+00
   7.5718374e+00   1.9399716e+01   0.0000000e+00
   7.5749447e+00   1.9399223e+01   0.0000000e+00
   7.5780511e+00   1.9398731e+01   0.0000000e+00
   7.5811567e+00   1.9398238e+01   0.0000000e+00
   7.5842615e+00   1.9397745e+01   0.0000000e+00
   7.5873653e+00   1.9397252e+01   0.0000000e+00
   7.5904683e+00   1.9396759e+01   0.0000000e+00
   7.5935705e+00   1.9396266e+01   0.0000000e+00
   7.5966718e+00   1.9395773e+01   0.0000000e+00
   7.5997722e+00   1.9395280e+01   0.0000000e+00
   7.6028717e+00   1.9394786e+01   0.0000000e+00
   7.6059704e+00   1.9394293e+01   0.0000000e+00
   7.6090683e+00   1.9393800e+01   0.0000000e+00
   7.6121652e+00   1.9393306e+01   0.0000000e+00
   7.6152614e+00   1.9392813e+01   0.0000000e+00
   7.6183567e+00   1.9392319e+01   0.0000000e+00
   7.6214511e+00   1.9391826e+01   0.0000000e+00
   7.6245446e+00   1.9391332e+01   0.0000000e+00
   7.6276374e+00   1.9390838e+01   0.0000000e+00
   7.6307292e+00   1.9390344e+01   0.0000000e+00
   7.6338203e+00   1.9389851e+01   0.0000000e+00
   7.6369104e+00   1.9389357e+01   0.0000000e+00
   7.6399998e+00   1.9388863e+01   0.0000000e+00
   7.6430883e+00   1.9388369e+01   0.0000000e+00
   7.6461759e+00   1.9387875e+01   0.0000000e+00
   7.6492627e+00   1.9387380e+01   0.0000000e+00
   7.6523487e+00   1.9386886e+01   0.0000000e+00
   7.6554338e+00   1.9386392e+01   0.0000000e+00
   7.6585181e+00   1.9385897e+01   0.0000000e+00
   7.6616015e+00   1.9385403e+01   0.0000000e+00
   7.6646841e+00   1.9384908e+01   0.0000000e+00
   7.6677659e+00   1.9384414e+01   0.0000000e+00
   7.6708468e+00   1.9383919e+01   0.0000000e+00
   7.6739269e+00   1.9383425e+01   0.0000000e+00
   7.6770062e+00   1.9382930e+01   0.0000000e+00
   7.6800846e+00   1.9382435e+01   0.0000000e+00
   7.6831622e+00   1.9381940e+01   0.0000000e+00
   7.6862390e+00   1.9381445e+01   0.0000000e+00
   7.6893149e+00   1.9380950e+01   0.0000000e+00
   7.6923901e+00   1.9380455e+01   0.0000000e+00
   7.6954644e+00   1.9379960e+01   0.0000000e+00
   7.6985378e+00   1.9379465e+01   0.0000000e+00
   7.7016105e+00   1.9378970e+01   0.0000000e+00
   7.7046823e+00   1.9378474e+01   0.0000000e+00
   7.7077533e+00   1.9377979e+01   0.0000000e+00
   7.7108235e+00   1.9377483e+01   0.0000000e+00
   7.7138928e+00   1.9376988e+01   0.0000000e+00
   7.7169614e+00   1.9376492e+01   0.0000000e+00
   7.7200291e+00   1.9375997e+01   0.0000000e+00
   7.7230960e+00   1.9375501e+01   0.0000000e+00
   7.7261621e+00   1.9375005e+01   0.0000000e+00
   7.7292274e+00   1.9374509e+01   0.0000000e+00
   7.7322919e+00   1.9374014e+01   0.0000000e+00
   7.7353555e+00   1.9373518e+01   0.0000000e+00
   7.7384184e+00   1.9373022e+01   0.0000000e+00
   7.7414804e+00   1.9372525e+01   0.0000000e+00
   7.7445416e+00   1.9372029e+01   0.0000000e+00
   7.7476020e+00   1.9371533e+01   0.0000000e+00
   7.7506616e+00   1.9371037e+01   0.0000000e+00
   7.7537204e+00   1.9370541e+01   0.0000000e+00
   7.7567784e+00   1.9370044e+01   0.0000000e+00
   7.7598356e+00   1.9369548e+01   0.0000000e+00
   7.7628920e+00   1.9369051e+01   0.0000000e+00
   7.7659476e+00   1.9368555e+01   0.0000000e+00
   7.7690024e+00   1.9368058e+01   0.0000000e+00
   7.7720564e+00   1.9367561e+01   0.0000000e+00
   7.7751096e+00   1.9367064e+01   0.0000000e+00
   7.7781620e+00   1.9366568e+01   0.0000000e+00
   7.7812136e+00   1.9366071e+01   0.0000000e+00
   7.7842644e+00   1.9365574e+01   0.0000000e+00
   7.7873144e+00   1.9365077e+01   0.0000000e+00
   7.7903636e+00   1.9364580e+01   0.0000000e+00
   7.7934120e+00   1.9364082e+01   0.0000000e+00
   7.7964597e+00   1.9363585e+01   0.0000000e+00
   7.7995065e+00   1.9363088e+01   0.0000000e+00
   7.8025526e+00   1.9362591e+01   0.0000000e+00
   7.8055978e+00   1.9362093e+01   0.0000000e+00
   7.8086423e+00   1.9361596e+01   0.0000000e+00
   7.8116860e+00   1.9361098e+01   0.0000000e+00
   7.8147289e+00   1.9360600e+01   0.0000000e+00
   7.8177710e+00   1.9360103e+01   0.0000000e+00
   7.8208123e+00   1.9359605e+01   0.0000000e+00
   7.8238529e+00   1.9359107e+01   0.0000000e+00
   7.8268927e+00   1.9358609e+01   0.0000000e+00
   7.8299317e+00   1.9358111e+01   0.0000000e+00
   7.8329699e+00   1.9357613e+01   0.0000000e+00
   7.8360073e+00   1.9357115e+01   0.0000000e+00
   7.8390440e+00   1.9356617e+01   0.0000000e+00
   7.8420799e+00   1.9356119e+01   0.0000000e+00
   7.8451150e+00   1.9355621e+01   0.0000000e+00
   7.8481493e+00   1.9355123e+01   0.0000000e+00
   7.8511828e+00   1.9354624e+01   0.0000000e+00
   7.8542156e+00   1.9354126e+01   0.0000000e+00
   7.8572476e+00   1.9353627e+01   0.0000000e+00
   7.8602789e+00   1.9353129e+01   0.0000000e+00
   7.8633094e+00   1.9352630e+01   0.0000000e+00
   7.8663391e+00   1.9352131e+01   0.0000000e+00
   7.8693680e+00   1.9351633e+01   0.0000000e+00
   7.8723962e+00   1.9351134e+01   0.0000000e+00
   7.8754236e+00   1.9350635e+01   0.0000000e+00
   7.8784502e+00   1.9350136e+01   0.0000000e+00
   7.8814761e+00   1.9349637e+01   0.0000000e+00
   7.8845012e+00   1.9349138e+01   0.0000000e+00
   7.8875256e+00   1.9348639e+01   0.0000000e+00
   7.8905492e+00   1.9348139e+01   0.0000000e+00
   7.8935720e+00   1.9347640e+01   0.0000000e+00
   7.8965941e+00   1.9347141e+01   0.0000000e+00
   7.8996154e+00   1.9346641e+01   0.0000000e+00
   7.9026360e+00   1.9346142e+01   0.0000000e+00
   7.9056558e+00   1.9345642e+01   0.0000000e+00
   7.9086748e+00   1.9345143e+01   0.0000000e+00
   7.9116931e+00   1.9344643e+01   0.0000000e+00
   7.9147107e+00   1.9344143e+01   0.0000000e+00
   7.9177275e+00   1.9343644e+01   0.0000000e+00
   7.9207435e+00   1.9343144e+01   0.0000000e+00
   7.9237588e+00   1.9342644e+01   0.0000000e+00
   7.9267734e+00   1.9342144e+01   0.0000000e+00
   7.9297871e+00   1.9341644e+01   0.0000000e+00
   7.9328002e+00   1.9341144e+01   0.0000000e+00
   7.9358125e+00   1.9340644e+01   0.0000000e+00
   7.9388241e+00   1.9340143e+01   0.0000000e+00
   7.9418349e+00   1.9339643e+01   0.0000000e+00
   7.9448449e+00   1.9339143e+01   0.0000000e+00
   7.9478543e+00   1.9338642e+01   0.0000000e+00
   7.9508628e+00   1.9338142e+01   0.0000000e+00
   7.9538707e+00   1.9337641e+01   0.0000000e+00
   7.9568778e+00   1.9337141e+01   0.0000000e+00
   7.9598842e+00   1.9336640e+01   0.0000000e+00
   7.9628898e+00   1.9336139e+01   0.0000000e+00
   7.9658947e+00   1.9335638e+01   0.0000000e+00
   7.9688988e+00   1.9335137e+01   0.0000000e+00
   7.9719022e+00   1.9334636e+01   0.0000000e+00
   7.9749049e+00   1.9334135e+01   0.0000000e+00
   7.9779069e+00   1.9333634e+01   0.0000000e+00
   7.9809081e+00   1.9333133e+01   0.0000000e+00
   7.9839086e+00   1.9332632e+01   0.0000000e+00
   7.9869083e+00   1.9332131e+01   0.0000000e+00
   7.9899074e+00   1.9331629e+01   0.0000000e+00
   7.9929057e+00   1.9331128e+01   0.0000000e+00
   7.9959032e+00   1.9330626e+01   0.0000000e+00
   7.9989001e+00   1.9330125e+01   0.0000000e+00
   8.0018962e+00   1.9329623e+01   0.0000000e+00
   8.0048916e+00   1.9329122e+01   0.0000000e+00
   8.0078863e+00   1.9328620e+01   0.0000000e+00
   8.0108802e+00   1.9328118e+01   0.0000000e+00
   8.0138734e+00   1.9327616e+01   0.0000000e+00
   8.0168659e+00   1.9327114e+01   0.0000000e+00
   8.0198577e+00   1.9326612e+01   0.0000000e+00
   8.0228488e+00   1.9326110e+01   0.0000000e+00
   8.0258391e+00   1.9325608e+01   0.0000000e+00
   8.0288288e+00   1.9325106e+01   0.0000000e+00
   8.0318177e+00   1.9324604e+01   0.0000000e+00
   8.0348059e+00   1.9324101e+01   0.0000000e+00
   8.0377933e+00   1.9323599e+01   0.0000000e+00
   8.0407801e+00   1.9323097e+01   0.0000000e+00
   8.0437661e+00   1.9322594e+01   0.0000000e+00
   8.0467515e+00   1.9322092e+01   0.0000000e+00
   8.0497361e+00   1.9321589e+01   0.0000000e+00
   8.0527200e+00   1.9321086e+01   0.0000000e+00
   8.0557032e+00   1.9320583e+01   0.0000000e+00
   8.0586857e+00   1.9320081e+01   0.0000000e+00
   8.0616675e+00   1.9319578e+01   0.0000000e+00
   8.0646486e+00   1.9319075e+01   0.0000000e+00
   8.0676290e+00   1.9318572e+01   0.0000000e+00
   8.0706086e+00   1.9318069e+01   0.0000000e+00
   8.0735876e+00   1.9317566e+01   0.0000000e+00
   8.0765659e+00   1.9317062e+01   0.0000000e+00
   8.0795434e+00   1.9316559e+01   0.0000000e+00
   8.0825203e+00   1.9316056e+01   0.0000000e+00
   8.0854964e+00   1.9315552e+01   0.0000000e+00
   8.0884719e+00   1.9315049e+01   0.0000000e+00
   8.0914466e+00   1.9314545e+01   0.0000000e+00
   8.0944207e+00   1.9314042e+01   0.0000000e+00
   8.0973941e+00   1.9313538e+01   0.0000000e+00
   8.1003667e+00   1.9313034e+01   0.0000000e+00
   8.1033387e+00   1.9312530e+01   0.0000000e+00
   8.1063100e+00   1.9312027e+01   0.0000000e+00
   8.1092805e+00   1.9311523e+01   0.0000000e+00
   8.1122504e+00   1.9311019e+01   0.0000000e+00
   8.1152196e+00   1.9310515e+01   0.0000000e+00
   8.1181881e+00   1.9310010e+01   0.0000000e+00
   8.1211559e+00   1.9309506e+01   0.0000000e+00
   8.1241230e+00   1.9309002e+01   0.0000000e+00
   8.1270895e+00   1.9308498e+01   0.0000000e+00
   8.1300552e+00   1.9307993e+01   0.0000000e+00
   8.1330203e+00   1.9307489e+01   0.0000000e+00
   8.1359846e+00   1.9306984e+01   0.0000000e+00
   8.1389483e+00   1.9306480e+01   0.0000000e+00
   8.1419113e+00   1.9305975e+01   0.0000000e+00
   8.1448736e+00   1.9305470e+01   0.0000000e+00
   8.1478352e+00   1.9304965e+01   0.0000000e+00
   8.1507962e+00   1.9304461e+01   0.0000000e+00
   8.1537564e+00   1.9303956e+01   0.0000000e+00
   8.1567160e+00   1.9303451e+01   0.0000000e+00
   8.1596749e+00   1.9302946e+01   0.0000000e+00
   8.1626332e+00   1.9302441e+01   0.0000000e+00
   8.1655907e+00   1.9301935e+01   0.0000000e+00
   8.1685476e+00   1.9301430e+01   0.0000000e+00
   8.1715038e+00   1.9300925e+01   0.0000000e+00
   8.1744593e+00   1.9300419e+01   0.0000000e+00
   8.1774141e+00   1.9299914e+01   0.0000000e+00
   8.1803683e+00   1.9299408e+01   0.0000000e+00
   8.1833218e+00   1.9298903e+01   0.0000000e+00
   8.1862746e+00   1.9298397e+01   0.0000000e+00
   8.1892268e+00   1.9297891e+01   0.0000000e+00
   8.1921782e+00   1.9297386e+01   0.0000000e+00
   8.1951291e+00   1.9296880e+01   0.0000000e+00
   8.1980792e+00   1.9296374e+01   0.0000000e+00
   8.2010287e+00   1.9295868e+01   0.0000000e+00
   8.2039775e+00   1.9295362e+01   0.0000000e+00
   8.2069256e+00   1.9294856e+01   0.0000000e+00
   8.2098731e+00   1.9294350e+01   0.0000000e+00
   8.2128199e+00   1.9293843e+01   0.0000000e+00
   8.2157660e+00   1.9293337e+01   0.0000000e+00
   8.2187115e+00   1.9292831e+01   0.0000000e+00
   8.2216563e+00   1.9292324e+01   0.0000000e+00
   8.2246005e+00   1.9291818e+01   0.0000000e+00
   8.2275440e+00   1.9291311e+01   0.0000000e+00
   8.2304868e+00   1.9290805e+01   0.0000000e+00
   8.2334290e+00   1.9290298e+01   0.0000000e+00
   8.2363705e+00   1.9289791e+01   0.0000000e+00
   8.2393113e+00   1.9289284e+01   0.0000000e+00
   8.2422515e+00   1.9288778e+01   0.0000000e+00
   8.2451911e+00   1.9288271e+01   0.0000000e+00
   8.2481300e+00   1.9287764e+01   0.0000000e+00
   8.2510682e+00   1.9287256e+01   0.0000000e+00
   8.2540058e+00   1.9286749e+01   0.0000000e+00
   8.2569427e+00   1.9286242e+01   0.0000000e+00
   8.2598790e+00   1.9285735e+01   0.0000000e+00
   8.2628146e+00   1.9285227e+01   0.0000000e+00
   8.2657496e+00   1.9284720e+01   0.0000000e+00
   8.2686839e+00   1.9284213e+01   0.0000000e+00
   8.2716176e+00   1.9283705e+01   0.0000000e+00
   8.2745506e+00   1.9283197e+01   0.0000000e+00
   8.2774830e+00   1.9282690e+01   0.0000000e+00
   8.2804147e+00   1.9282182e+01   0.0000000e+00
   8.2833458e+00   1.9281674e+01   0.0000000e+00
   8.2862762e+00   1.9281166e+01   0.0000000e+00
   8.2892060e+00   1.9280658e+01   0.0000000e+00
   8.2921352e+00   1.9280150e+01   0.0000000e+00
   8.2950637e+00   1.9279642e+01   0.0000000e+00
   8.2979915e+00   1.9279134e+01   0.0000000e+00
   8.3009187e+00   1.9278626e+01   0.0000000e+00
   8.3038453e+00   1.9278118e+01   0.0000000e+00
   8.3067713e+00   1.9277609e+01   0.0000000e+00
   8.3096966e+00   1.9277101e+01   0.0000000e+00
   8.3126212e+00   1.9276592e+01   0.0000000e+00
   8.3155453e+00   1.9276084e+01   0.0000000e+00
   8.3184686e+00   1.9275575e+01   0.0000000e+00
   8.3213914e+00   1.9275066e+01   0.0000000e+00
   8.3243135e+00   1.9274558e+01   0.0000000e+00
   8.3272350e+00   1.9274049e+01   0.0000000e+00
   8.3301558e+00   1.9273540e+01   0.0000000e+00
   8.3330761e+00   1.9273031e+01   0.0000000e+00
   8.3359956e+00   1.9272522e+01   0.0000000e+00
   8.3389146e+00   1.9272013e+01   0.0000000e+00
   8.3418329e+00   1.9271504e+01   0.0000000e+00
   8.3447506e+00   1.9270995e+01   0.0000000e+00
   8.3476677e+00   1.9270485e+01   0.0000000e+00
   8.3505841e+00   1.9269976e+01   0.0000000e+00
   8.3534999e+00   1.9269467e+01   0.0000000e+00
   8.3564151e+00   1.9268957e+01   0.0000000e+00
   8.3593296e+00   1.9268448e+01   0.0000000e+00
   8.3622436e+00   1.9267938e+01   0.0000000e+00
   8.3651569e+00   1.9267428e+01   0.0000000e+00
   8.3680695e+00   1.9266919e+01   0.0000000e+00
   8.3709816e+00   1.9266409e+01   0.0000000e+00
   8.3738930e+00   1.9265899e+01   0.0000000e+00
   8.3768038e+00   1.9265389e+01   0.0000000e+00
   8.3797140e+00   1.9264879e+01   0.0000000e+00
   8.3826236e+00   1.9264369e+01   0.0000000e+00
   8.3855325e+00   1.9263859e+01   0.0000000e+00
   8.3884409e+00   1.9263348e+01   0.0000000e+00
   8.3913486e+00   1.9262838e+01   0.0000000e+00
   8.3942557e+00   1.9262328e+01   0.0000000e+00
   8.3971621e+00   1.9261817e+01   0.0000000e+00
   8.4000680e+00   1.9261307e+01   0.0000000e+00
   8.4029732e+00   1.9260796e+01   0.0000000e+00
   8.4058779e+00   1.9260286e+01   0.0000000e+00
   8.4087819e+00   1.9259775e+01   0.0000000e+00
   8.4116853e+00   1.9259264e+01   0.0000000e+00
   8.4145881e+00   1.9258754e+01   0.0000000e+00
   8.4174903e+00   1.9258243e+01   0.0000000e+00
   8.4203918e+00   1.9257732e+01   0.0000000e+00
   8.4232928e+00   1.9257221e+01   0.0000000e+00
   8.4261931e+00   1.9256710e+01   0.0000000e+00
   8.4290929e+00   1.9256199e+01   0.0000000e+00
   8.4319920e+00   1.9255687e+01   0.0000000e+00
   8.4348905e+00   1.9255176e+01   0.0000000e+00
   8.4377885e+00   1.9254665e+01   0.0000000e+00
   8.4406858e+00   1.9254153e+01   0.0000000e+00
   8.4435825e+00   1.9253642e+01   0.0000000e+00
   8.4464786e+00   1.9253130e+01   0.0000000e+00
   8.4493741e+00   1.9252619e+01   0.0000000e+00
   8.4522690e+00   1.9252107e+01   0.0000000e+00
   8.4551633e+00   1.9251595e+01   0.0000000e+00
   8.4580570e+00   1.9251083e+01   0.0000000e+00
   8.4609500e+00   1.9250571e+01   0.0000000e+00
   8.4638425e+00   1.9250060e+01   0.0000000e+00
   8.4667344e+00   1.9249548e+01   0.0000000e+00
   8.4696257e+00   1.9249035e+01   0.0000000e+00
   8.4725164e+00   1.9248523e+01   0.0000000e+00
   8.4754065e+00   1.9248011e+01   0.0000000e+00
   8.4782960e+00   1.9247499e+01   0.0000000e+00
   8.4811849e+00   1.9246986e+01   0.0000000e+00
   8.4840732e+00   1.9246474e+01   0.0000000e+00
   8.4869609e+00   1.9245962e+01   0.0000000e+00
   8.4898481e+00   1.9245449e+01   0.0000000e+00
   8.4927346e+00   1.9244936e+01   0.0000000e+00
   8.4956205e+00   1.9244424e+01   0.0000000e+00
   8.4985059e+00   1.9243911e+01   0.0000000e+00
   8.5013906e+00   1.9243398e+01   0.0000000e+00
   8.5042748e+00   1.9242885e+01   0.0000000e+00
   8.5071584e+00   1.9242372e+01   0.0000000e+00
   8.5100413e+00   1.9241859e+01   0.0000000e+00
   8.5129237e+00   1.9241346e+01   0.0000000e+00
   8.5158056e+00   1.9240833e+01   0.0000000e+00
   8.5186868e+00   1.9240320e+01   0.0000000e+00
   8.5215674e+00   1.9239806e+01   0.0000000e+00
   8.5244475e+00   1.9239293e+01   0.0000000e+00
   8.5273269e+00   1.9238780e+01   0.0000000e+00
   8.5302058e+00   1.9238266e+01   0.0000000e+00
   8.5330841e+00   1.9237753e+01   0.0000000e+00
   8.5359618e+00   1.9237239e+01   0.0000000e+00
   8.5388389e+00   1.9236725e+01   0.0000000e+00
   8.5417155e+00   1.9236211e+01   0.0000000e+00
   8.5445915e+00   1.9235698e+01   0.0000000e+00
   8.5474668e+00   1.9235184e+01   0.0000000e+00
   8.5503417e+00   1.9234670e+01   0.0000000e+00
   8.5532159e+00   1.9234156e+01   0.0000000e+00
   8.5560895e+00   1.9233642e+01   0.0000000e+00
   8.5589626e+00   1.9233127e+01   0.0000000e+00
   8.5618351e+00   1.9232613e+01   0.0000000e+00
   8.5647070e+00   1.9232099e+01   0.0000000e+00
   8.5675784e+00   1.9231585e+01   0.0000000e+00
   8.5704492e+00   1.9231070e+01   0.0000000e+00
   8.5733194e+00   1.9230556e+01   0.0000000e+00
   8.5761890e+00   1.9230041e+01   0.0000000e+00
   8.5790580e+00   1.9229526e+01   0.0000000e+00
   8.5819265e+00   1.9229012e+01   0.0000000e+00
   8.5847944e+00   1.9228497e+01   0.0000000e+00
   8.5876618e+00   1.9227982e+01   0.0000000e+00
   8.5905285e+00   1.9227467e+01   0.0000000e+00
   8.5933947e+00   1.9226952e+01   0.0000000e+00
   8.5962603e+00   1.9226437e+01   0.0000000e+00
   8.5991254e+00   1.9225922e+01   0.0000000e+00
   8.6019899e+00   1.9225407e+01   0.0000000e+00
   8.6048538e+00   1.9224891e+01   0.0000000e+00
   8.6077172e+00   1.9224376e+01   0.0000000e+00
   8.6105800e+00   1.9223861e+01   0.0000000e+00
   8.6134422e+00   1.9223345e+01   0.0000000e+00
   8.6163039e+00   1.9222830e+01   0.0000000e+00
   8.6191650e+00   1.9222314e+01   0.0000000e+00
   8.6220255e+00   1.9221798e+01   0.0000000e+00
   8.6248855e+00   1.9221283e+01   0.0000000e+00
   8.6277449e+00   1.9220767e+01   0.0000000e+00
   8.6306038e+00   1.9220251e+01   0.0000000e+00
   8.6334621e+00   1.9219735e+01   0.0000000e+00
   8.6363198e+00   1.9219219e+01   0.0000000e+00
   8.6391770e+00   1.9218703e+01   0.0000000e+00
   8.6420336e+00   1.9218187e+01   0.0000000e+00
   8.6448897e+00   1.9217671e+01   0.0000000e+00
   8.6477452e+00   1.9217154e+01   0.0000000e+00
   8.6506001e+00   1.9216638e+01   0.0000000e+00
   8.6534545e+00   1.9216122e+01   0.0000000e+00
   8.6563083e+00   1.9215605e+01   0.0000000e+00
   8.6591616e+00   1.9215089e+01   0.0000000e+00
   8.6620144e+00   1.9214572e+01   0.0000000e+00
   8.6648665e+00   1.9214055e+01   0.0000000e+00
   8.6677181e+00   1.9213539e+01   0.0000000e+00
   8.6705692e+00   1.9213022e+01   0.0000000e+00
   8.6734197e+00   1.9212505e+01   0.0000000e+00
   8.6762697e+00   1.9211988e+01   0.0000000e+00
   8.6791191e+00   1.9211471e+01   0.0000000e+00
   8.6819680e+00   1.9210954e+01   0.0000000e+00
   8.6848163e+00   1.9210437e+01   0.0000000e+00
   8.6876641e+00   1.9209919e+01   0.0000000e+00
   8.6905113e+00   1.9209402e+01   0.0000000e+00
   8.6933580e+00   1.9208885e+01   0.0000000e+00
   8.6962041e+00   1.9208367e+01   0.0000000e+00
   8.6990497e+00   1.9207850e+01   0.0000000e+00
   8.7018947e+00   1.9207332e+01   0.0000000e+00
   8.7047392e+00   1.9206815e+01   0.0000000e+00
   8.7075832e+00   1.9206297e+01   0.0000000e+00
   8.7104266e+00   1.9205779e+01   0.0000000e+00
   8.7132695e+00   1.9205261e+01   0.0000000e+00
   8.7161118e+00   1.9204743e+01   0.0000000e+00
   8.7189536e+00   1.9204225e+01   0.0000000e+00
   8.7217948e+00   1.9203707e+01   0.0000000e+00
   8.7246355e+00   1.9203189e+01   0.0000000e+00
   8.7274757e+00   1.9202671e+01   0.0000000e+00
   8.7303153e+00   1.9202153e+01   0.0000000e+00
   8.7331544e+00   1.9201634e+01   0.0000000e+00
   8.7359930e+00   1.9201116e+01   0.0000000e+00
   8.7388310e+00   1.9200597e+01   0.0000000e+00
   8.7416685e+00   1.9200079e+01   0.0000000e+00
   8.7445054e+00   1.9199560e+01   0.0000000e+00
   8.7473418e+00   1.9199042e+01   0.0000000e+00
   8.7501777e+00   1.9198523e+01   0.0000000e+00
   8.7530130e+00   1.9198004e+01   0.0000000e+00
   8.7558478e+00   1.9197485e+01   0.0000000e+00
   8.7586821e+00   1.9196966e+01   0.0000000e+00
   8.7615158e+00   1.9196447e+01   0.0000000e+00
   8.7643490e+00   1.9195928e+01   0.0000000e+00
   8.7671817e+00   1.9195409e+01   0.0000000e+00
   8.7700139e+00   1.9194890e+01   0.0000000e+00
   8.7728455e+00   1.9194371e+01   0.0000000e+00
   8.7756766e+00   1.9193851e+01   0.0000000e+00
   8.7785071e+00   1.9193332e+01   0.0000000e+00
   8.7813372e+00   1.9192812e+01   0.0000000e+00
   8.7841667e+00   1.9192293e+01   0.0000000e+00
   8.7869956e+00   1.9191773e+01   0.0000000e+00
   8.7898241e+00   1.9191253e+01   0.0000000e+00
   8.7926520e+00   1.9190734e+01   0.0000000e+00
   8.7954794e+00   1.9190214e+01   0.0000000e+00
   8.7983063e+00   1.9189694e+01   0.0000000e+00
   8.8011327e+00   1.9189174e+01   0.0000000e+00
   8.8039585e+00   1.9188654e+01   0.0000000e+00
   8.8067838e+00   1.9188134e+01   0.0000000e+00
   8.8096086e+00   1.9187613e+01   0.0000000e+00
   8.8124329e+00   1.9187093e+01   0.0000000e+00
   8.8152566e+00   1.9186573e+01   0.0000000e+00
   8.8180798e+00   1.9186052e+01   0.0000000e+00
   8.8209025e+00   1.9185532e+01   0.0000000e+00
   8.8237247e+00   1.9185011e+01   0.0000000e+00
   8.8265464e+00   1.9184491e+01   0.0000000e+00
   8.8293675e+00   1.9183970e+01   0.0000000e+00
   8.8321882e+00   1.9183449e+01   0.0000000e+00
   8.8350083e+00   1.9182929e+01   0.0000000e+00
   8.8378279e+00   1.9182408e+01   0.0000000e+00
   8.8406470e+00   1.9181887e+01   0.0000000e+00
   8.8434656e+00   1.9181366e+01   0.0000000e+00
   8.8462836e+00   1.9180845e+01   0.0000000e+00
   8.8491012e+00   1.9180324e+01   0.0000000e+00
   8.8519182e+00   1.9179802e+01   0.0000000e+00
   8.8547347e+00   1.9179281e+01   0.0000000e+00
   8.8575507e+00   1.9178760e+01   0.0000000e+00
   8.8603662e+00   1.9178238e+01   0.0000000e+00
   8.8631812e+00   1.9177717e+01   0.0000000e+00
   8.8659957e+00   1.9177195e+01   0.0000000e+00
   8.8688096e+00   1.9176674e+01   0.0000000e+00
   8.8716231e+00   1.9176152e+01   0.0000000e+00
   8.8744360e+00   1.9175630e+01   0.0000000e+00
   8.8772485e+00   1.9175108e+01   0.0000000e+00
   8.8800604e+00   1.9174586e+01   0.0000000e+00
   8.8828718e+00   1.9174064e+01   0.0000000e+00
   8.8856828e+00   1.9173542e+01   0.0000000e+00
   8.8884932e+00   1.9173020e+01   0.0000000e+00
   8.8913031e+00   1.9172498e+01   0.0000000e+00
   8.8941125e+00   1.9171976e+01   0.0000000e+00
   8.8969214e+00   1.9171453e+01   0.0000000e+00
   8.8997298e+00   1.9170931e+01   0.0000000e+00
   8.9025377e+00   1.9170408e+01   0.0000000e+00
   8.9053451e+00   1.9169886e+01   0.0000000e+00
   8.9081520e+00   1.9169363e+01   0.0000000e+00
   8.9109584e+00   1.9168841e+01   0.0000000e+00
   8.9137643e+00   1.9168318e+01   0.0000000e+00
   8.9165696e+00   1.9167795e+01   0.0000000e+00
   8.9193745e+00   1.9167272e+01   0.0000000e+00
   8.9221789e+00   1.9166749e+01   0.0000000e+00
   8.9249828e+00   1.9166226e+01   0.0000000e+00
   8.9277862e+00   1.9165703e+01   0.0000000e+00
   8.9305891e+00   1.9165180e+01   0.0000000e+00
   8.9333915e+00   1.9164657e+01   0.0000000e+00
   8.9361934e+00   1.9164133e+01   0.0000000e+00
   8.9389948e+00   1.9163610e+01   0.0000000e+00
   8.9417958e+00   1.9163086e+01   0.0000000e+00
   8.9445962e+00   1.9162563e+01   0.0000000e+00
   8.9473961e+00   1.9162039e+01   0.0000000e+00
   8.9501956e+00   1.9161516e+01   0.0000000e+00
   8.9529945e+00   1.9160992e+01   0.0000000e+00
   8.9557930e+00   1.9160468e+01   0.0000000e+00
   8.9585909e+00   1.9159944e+01   0.0000000e+00
   8.9613884e+00   1.9159420e+01   0.0000000e+00
   8.9641854e+00   1.9158896e+01   0.0000000e+00
   8.9669819e+00   1.9158372e+01   0.0000000e+00
   8.9697779e+00   1.9157848e+01   0.0000000e+00
   8.9725734e+00   1.9157324e+01   0.0000000e+00
   8.9753684e+00   1.9156800e+01   0.0000000e+00
   8.9781629e+00   1.9156275e+01   0.0000000e+00
   8.9809570e+00   1.9155751e+01   0.0000000e+00
   8.9837505e+00   1.9155226e+01   0.0000000e+00
   8.9865436e+00   1.9154702e+01   0.0000000e+00
   8.9893362e+00   1.9154177e+01   0.0000000e+00
   8.9921283e+00   1.9153652e+01   0.0000000e+00
   8.9949199e+00   1.9153128e+01   0.0000000e+00
   8.9977111e+00   1.9152603e+01   0.0000000e+00
   9.0005017e+00   1.9152078e+01   0.0000000e+00
   9.0032919e+00   1.9151553e+01   0.0000000e+00
   9.0060816e+00   1.9151028e+01   0.0000000e+00
   9.0088708e+00   1.9150503e+01   0.0000000e+00
   9.0116595e+00   1.9149977e+01   0.0000000e+00
   9.0144478e+00   1.9149452e+01   0.0000000e+00
   9.0172355e+00   1.9148927e+01   0.0000000e+00
   9.0200228e+00   1.9148401e+01   0.0000000e+00
   9.0228096e+00   1.9147876e+01   0.0000000e+00
   9.0255960e+00   1.9147350e+01   0.0000000e+00
   9.0283818e+00   1.9146825e+01   0.0000000e+00
   9.0311672e+00   1.9146299e+01   0.0000000e+00
   9.0339521e+00   1.9145773e+01   0.0000000e+00
   9.0367365e+00   1.9145248e+01   0.0000000e+00
   9.0395204e+00   1.9144722e+01   0.0000000e+00
   9.0423039e+00   1.9144196e+01   0.0000000e+00
   9.0450869e+00   1.9143670e+01   0.0000000e+00
   9.0478694e+00   1.9143143e+01   0.0000000e+00
   9.0506515e+00   1.9142617e+01   0.0000000e+00
   9.0534330e+00   1.9142091e+01   0.0000000e+00
   9.0562141e+00   1.9141565e+01   0.0000000e+00
   9.0589948e+00   1.9141038e+01   0.0000000e+00
   9.0617749e+00   1.9140512e+01   0.0000000e+00
   9.0645546e+00   1.9139985e+01   0.0000000e+00
   9.0673338e+00   1.9139459e+01   0.0000000e+00
   9.0701126e+00   1.9138932e+01   0.0000000e+00
   9.0728909e+00   1.9138405e+01   0.0000000e+00
   9.0756687e+00   1.9137878e+01   0.0000000e+00
   9.0784460e+00   1.9137352e+01   0.0000000e+00
   9.0812229e+00   1.9136825e+01   0.0000000e+00
   9.0839993e+00   1.9136298e+01   0.0000000e+00
   9.0867752e+00   1.9135770e+01   0.0000000e+00
   9.0895507e+00   1.9135243e+01   0.0000000e+00
   9.0923257e+00   1.9134716e+01   0.0000000e+00
   9.0951002e+00   1.9134189e+01   0.0000000e+00
   9.0978743e+00   1.9133661e+01   0.0000000e+00
   9.1006479e+00   1.9133134e+01   0.0000000e+00
   9.1034211e+00   1.9132606e+01   0.0000000e+00
   9.1061938e+00   1.9132079e+01   0.0000000e+00
   9.1089660e+00   1.9131551e+01   0.0000000e+00
   9.1117377e+00   1.9131023e+01   0.0000000e+00
   9.1145090e+00   1.9130496e+01   0.0000000e+00
   9.1172799e+00   1.9129968e+01   0.0000000e+00
   9.1200503e+00   1.9129440e+01   0.0000000e+00
   9.1228202e+00   1.9128912e+01   0.0000000e+00
   9.1255896e+00   1.9128384e+01   0.0000000e+00
   9.1283586e+00   1.9127855e+01   0.0000000e+00
   9.1311272e+00   1.9127327e+01   0.0000000e+00
   9.1338952e+00   1.9126799e+01   0.0000000e+00
   9.1366629e+00   1.9126271e+01   0.0000000e+00
   9.1394300e+00   1.9125742e+01   0.0000000e+00
   9.1421967e+00   1.9125214e+01   0.0000000e+00
   9.1449630e+00   1.9124685e+01   0.0000000e+00
   9.1477288e+00   1.9124156e+01   0.0000000e+00
   9.1504941e+00   1.9123628e+01   0.0000000e+00
   9.1532590e+00   1.9123099e+01   0.0000000e+00
   9.1560235e+00   1.9122570e+01   0.0000000e+00
   9.1587874e+00   1.9122041e+01   0.0000000e+00
   9.1615510e+00   1.9121512e+01   0.0000000e+00
   9.1643140e+00   1.9120983e+01   0.0000000e+00
   9.1670767e+00   1.9120454e+01   0.0000000e+00
   9.1698388e+00   1.9119924e+01   0.0000000e+00
   9.1726006e+00   1.9119395e+01   0.0000000e+00
   9.1753618e+00   1.9118866e+01   0.0000000e+00
   9.1781226e+00   1.9118336e+01   0.0000000e+00
   9.1808830e+00   1.9117807e+01   0.0000000e+00
   9.1836429e+00   1.9117277e+01   0.0000000e+00
   9.1864024e+00   1.9116748e+01   0.0000000e+00
   9.1891614e+00   1.9116218e+01   0.0000000e+00
   9.1919200e+00   1.9115688e+01   0.0000000e+00
   9.1946781e+00   1.9115158e+01   0.0000000e+00
   9.1974358e+00   1.9114628e+01   0.0000000e+00
   9.2001931e+00   1.9114098e+01   0.0000000e+00
   9.2029499e+00   1.9113568e+01   0.0000000e+00
   9.2057062e+00   1.9113038e+01   0.0000000e+00
   9.2084621e+00   1.9112508e+01   0.0000000e+00
   9.2112176e+00   1.9111977e+01   0.0000000e+00
   9.2139726e+00   1.9111447e+01   0.0000000e+00
   9.2167271e+00   1.9110917e+01   0.0000000e+00
   9.2194813e+00   1.9110386e+01   0.0000000e+00
   9.2222350e+00   1.9109856e+01   0.0000000e+00
   9.2249882e+00   1.9109325e+01   0.0000000e+00
   9.2277410e+00   1.9108794e+01   0.0000000e+00
   9.2304934e+00   1.9108263e+01   0.0000000e+00
   9.2332453e+00   1.9107733e+01   0.0000000e+00
   9.2359968e+00   1.9107202e+01   0.0000000e+00
   9.2387478e+00   1.9106671e+01   0.0000000e+00
   9.2414984e+00   1.9106139e+01   0.0000000e+00
   9.2442486e+00   1.9105608e+01   0.0000000e+00
   9.2469983e+00   1.9105077e+01   0.0000000e+00
   9.2497476e+00   1.9104546e+01   0.0000000e+00
   9.2524965e+00   1.9104014e+01   0.0000000e+00
   9.2552449e+00   1.9103483e+01   0.0000000e+00
   9.2579929e+00   1.9102951e+01   0.0000000e+00
   9.2607404e+00   1.9102420e+01   0.0000000e+00
   9.2634875e+00   1.9101888e+01   0.0000000e+00
   9.2662342e+00   1.9101356e+01   0.0000000e+00
   9.2689804e+00   1.9100825e+01   0.0000000e+00
   9.2717263e+00   1.9100293e+01   0.0000000e+00
   9.2744716e+00   1.9099761e+01   0.0000000e+00
   9.2772166e+00   1.9099229e+01   0.0000000e+00
   9.2799611e+00   1.9098697e+01   0.0000000e+00
   9.2827052e+00   1.9098165e+01   0.0000000e+00
   9.2854488e+00   1.9097632e+01   0.0000000e+00
   9.2881920e+00   1.9097100e+01   0.0000000e+00
   9.2909348e+00   1.9096568e+01   0.0000000e+00
   9.2936772e+00   1.9096035e+01   0.0000000e+00
   9.2964191e+00   1.9095503e+01   0.0000000e+00
   9.2991606e+00   1.9094970e+01   0.0000000e+00
   9.3019017e+00   1.9094437e+01   0.0000000e+00
   9.3046423e+00   1.9093905e+01   0.0000000e+00
   9.3073826e+00   1.9093372e+01   0.0000000e+00
   9.3101224e+00   1.9092839e+01   0.0000000e+00
   9.3128617e+00   1.9092306e+01   0.0000000e+00
   9.3156007e+00   1.9091773e+01   0.0000000e+00
   9.3183392e+00   1.9091240e+01   0.0000000e+00
   9.3210773e+00   1.9090707e+01   0.0000000e+00
   9.3238149e+00   1.9090174e+01   0.0000000e+00
   9.3265522e+00   1.9089640e+01   0.0000000e+00
   9.3292890e+00   1.9089107e+01   0.0000000e+00
   9.3320254e+00   1.9088573e+01   0.0000000e+00
   9.3347614e+00   1.9088040e+01   0.0000000e+00
   9.3374969e+00   1.9087506e+01   0.0000000e+00
   9.3402320e+00   1.9086973e+01   0.0000000e+00
   9.3429667e+00   1.9086439e+01   0.0000000e+00
   9.3457010e+00   1.9085905e+01   0.0000000e+00
   9.3484349e+00   1.9085371e+01   0.0000000e+00
   9.3511683e+00   1.9084837e+01   0.0000000e+00
   9.3539014e+00   1.9084303e+01   0.0000000e+00
   9.3566340e+00   1.9083769e+01   0.0000000e+00
   9.3593662e+00   1.9083235e+01   0.0000000e+00
   9.3620979e+00   1.9082701e+01   0.0000000e+00
   9.3648293e+00   1.9082166e+01   0.0000000e+00
   9.3675602e+00   1.9081632e+01   0.0000000e+00
   9.3702907e+00   1.9081097e+01   0.0000000e+00
   9.3730208e+00   1.9080563e+01   0.0000000e+00
   9.3757505e+00   1.9080028e+01   0.0000000e+00
   9.3784798e+00   1.9079494e+01   0.0000000e+00
   9.3812086e+00   1.9078959e+01   0.0000000e+00
   9.3839371e+00   1.9078424e+01   0.0000000e+00
   9.3866651e+00   1.9077889e+01   0.0000000e+00
   9.3893927e+00   1.9077354e+01   0.0000000e+00
   9.3921199e+00   1.9076819e+01   0.0000000e+00
   9.3948467e+00   1.9076284e+01   0.0000000e+00
   9.3975731e+00   1.9075749e+01   0.0000000e+00
   9.4002991e+00   1.9075213e+01   0.0000000e+00
   9.4030246e+00   1.9074678e+01   0.0000000e+00
   9.4057498e+00   1.9074143e+01   0.0000000e+00
   9.4084745e+00   1.9073607e+01   0.0000000e+00
   9.4111988e+00   1.9073072e+01   0.0000000e+00
   9.4139227e+00   1.9072536e+01   0.0000000e+00
   9.4166462e+00   1.9072000e+01   0.0000000e+00
   9.4193693e+00   1.9071464e+01   0.0000000e+00
   9.4220920e+00   1.9070929e+01   0.0000000e+00
   9.4248143e+00   1.9070393e+01   0.0000000e+00
   9.4275362e+00   1.9069857e+01   0.0000000e+00
   9.4302576e+00   1.9069321e+01   0.0000000e+00
   9.4329787e+00   1.9068785e+01   0.0000000e+00
   9.4356994e+00   1.9068248e+01   0.0000000e+00
   9.4384196e+00   1.9067712e+01   0.0000000e+00
   9.4411395e+00   1.9067176e+01   0.0000000e+00
   9.4438589e+00   1.9066639e+01   0.0000000e+00
   9.4465779e+00   1.9066103e+01   0.0000000e+00
   9.4492966e+00   1.9065566e+01   0.0000000e+00
   9.4520148e+00   1.9065029e+01   0.0000000e+00
   9.4547326e+00   1.9064493e+01   0.0000000e+00
   9.4574500e+00   1.9063956e+01   0.0000000e+00
   9.4601671e+00   1.9063419e+01   0.0000000e+00
   9.4628837e+00   1.9062882e+01   0.0000000e+00
   9.4655999e+00   1.9062345e+01   0.0000000e+00
   9.4683157e+00   1.9061808e+01   0.0000000e+00
   9.4710311e+00   1.9061271e+01   0.0000000e+00
   9.4737462e+00   1.9060734e+01   0.0000000e+00
   9.4764608e+00   1.9060196e+01   0.0000000e+00
   9.4791750e+00   1.9059659e+01   0.0000000e+00
   9.4818888e+00   1.9059122e+01   0.0000000e+00
   9.4846022e+00   1.9058584e+01   0.0000000e+00
   9.4873153e+00   1.9058046e+01   0.0000000e+00
   9.4900279e+00   1.9057509e+01   0.0000000e+00
   9.4927401e+00   1.9056971e+01   0.0000000e+00
   9.4954520e+00   1.9056433e+01   0.0000000e+00
   9.4981634e+00   1.9055895e+01   0.0000000e+00
   9.5008745e+00   1.9055357e+01   0.0000000e+00
   9.5035851e+00   1.9054819e+01   0.0000000e+00
   9.5062954e+00   1.9054281e+01   0.0000000e+00
   9.5090052e+00   1.9053743e+01   0.0000000e+00
   9.5117147e+00   1.9053205e+01   0.0000000e+00
   9.5144238e+00   1.9052666e+01   0.0000000e+00
   9.5171325e+00   1.9052128e+01   0.0000000e+00
   9.5198407e+00   1.9051589e+01   0.0000000e+00
   9.5225486e+00   1.9051051e+01   0.0000000e+00
   9.5252562e+00   1.9050512e+01   0.0000000e+00
   9.5279633e+00   1.9049974e+01   0.0000000e+00
   9.5306700e+00   1.9049435e+01   0.0000000e+00
   9.5333763e+00   1.9048896e+01   0.0000000e+00
   9.5360823e+00   1.9048357e+01   0.0000000e+00
   9.5387878e+00   1.9047818e+01   0.0000000e+00
   9.5414930e+00   1.9047279e+01   0.0000000e+00
   9.5441978e+00   1.9046740e+01   0.0000000e+00
   9.5469022e+00   1.9046201e+01   0.0000000e+00
   9.5496062e+00   1.9045661e+01   0.0000000e+00
   9.5523098e+00   1.9045122e+01   0.0000000e+00
   9.5550130e+00   1.9044583e+01   0.0000000e+00
   9.5577159e+00   1.9044043e+01   0.0000000e+00
   9.5604183e+00   1.9043503e+01   0.0000000e+00
   9.5631204e+00   1.9042964e+01   0.0000000e+00
   9.5658221e+00   1.9042424e+01   0.0000000e+00
   9.5685234e+00   1.9041884e+01   0.0000000e+00
   9.5712243e+00   1.9041344e+01   0.0000000e+00
   9.5739248e+00   1.9040804e+01   0.0000000e+00
   9.5766250e+00   1.9040264e+01   0.0000000e+00
   9.5793247e+00   1.9039724e+01   0.0000000e+00
   9.5820241e+00   1.9039184e+01   0.0000000e+00
   9.5847231e+00   1.9038644e+01   0.0000000e+00
   9.5874217e+00   1.9038104e+01   0.0000000e+00
   9.5901200e+00   1.9037563e+01   0.0000000e+00
   9.5928178e+00   1.9037023e+01   0.0000000e+00
   9.5955153e+00   1.9036482e+01   0.0000000e+00
   9.5982124e+00   1.9035942e+01   0.0000000e+00
   9.6009091e+00   1.9035401e+01   0.0000000e+00
   9.6036054e+00   1.9034860e+01   0.0000000e+00
   9.6063014e+00   1.9034319e+01   0.0000000e+00
   9.6089970e+00   1.9033778e+01   0.0000000e+00
   9.6116922e+00   1.9033237e+01   0.0000000e+00
   9.6143870e+00   1.9032696e+01   0.0000000e+00
   9.6170815e+00   1.9032155e+01   0.0000000e+00
   9.6197755e+00   1.9031614e+01   0.0000000e+00
   9.6224692e+00   1.9031073e+01   0.0000000e+00
   9.6251625e+00   1.9030531e+01   0.0000000e+00
   9.6278555e+00   1.9029990e+01   0.0000000e+00
   9.6305480e+00   1.9029448e+01   0.0000000e+00
   9.6332402e+00   1.9028907e+01   0.0000000e+00
   9.6359320e+00   1.9028365e+01   0.0000000e+00
   9.6386235e+00   1.9027823e+01   0.0000000e+00
   9.6413146e+00   1.9027282e+01   0.0000000e+00
   9.6440052e+00   1.9026740e+01   0.0000000e+00
   9.6466956e+00   1.9026198e+01   0.0000000e+00
   9.6493855e+00   1.9025656e+01   0.0000000e+00
   9.6520751e+00   1.9025114e+01   0.0000000e+00
   9.6547643e+00   1.9024572e+01   0.0000000e+00
   9.6574531e+00   1.9024029e+01   0.0000000e+00
   9.6601416e+00   1.9023487e+01   0.0000000e+00
   9.6628297e+00   1.9022945e+01   0.0000000e+00
   9.6655174e+00   1.9022402e+01   0.0000000e+00
   9.6682048e+00   1.9021860e+01   0.0000000e+00
   9.6708918e+00   1.9021317e+01   0.0000000e+00
   9.6735784e+00   1.9020774e+01   0.0000000e+00
   9.6762646e+00   1.9020232e+01   0.0000000e+00
   9.6789505e+00   1.9019689e+01   0.0000000e+00
   9.6816360e+00   1.9019146e+01   0.0000000e+00
   9.6843212e+00   1.9018603e+01   0.0000000e+00
   9.6870059e+00   1.9018060e+01   0.0000000e+00
   9.6896904e+00   1.9017517e+01   0.0000000e+00
   9.6923744e+00   1.9016973e+01   0.0000000e+00
   9.6950581e+00   1.9016430e+01   0.0000000e+00
   9.6977414e+00   1.9015887e+01   0.0000000e+00
   9.7004244e+00   1.9015343e+01   0.0000000e+00
   9.7031069e+00   1.9014800e+01   0.0000000e+00
   9.7057892e+00   1.9014256e+01   0.0000000e+00
   9.7084710e+00   1.9013713e+01   0.0000000e+00
   9.7111525e+00   1.9013169e+01   0.0000000e+00
   9.7138337e+00   1.9012625e+01   0.0000000e+00
   9.7165144e+00   1.9012081e+01   0.0000000e+00
   9.7191948e+00   1.9011537e+01   0.0000000e+00
   9.7218749e+00   1.9010993e+01   0.0000000e+00
   9.7245546e+00   1.9010449e+01   0.0000000e+00
   9.7272339e+00   1.9009905e+01   0.0000000e+00
   9.7299129e+00   1.9009361e+01   0.0000000e+00
   9.7325915e+00   1.9008816e+01   0.0000000e+00
   9.7352697e+00   1.9008272e+01   0.0000000e+00
   9.7379476e+00   1.9007727e+01   0.0000000e+00
   9.7406251e+00   1.9007183e+01   0.0000000e+00
   9.7433023e+00   1.9006638e+01   0.0000000e+00
   9.7459791e+00   1.9006093e+01   0.0000000e+00
   9.7486555e+00   1.9005549e+01   0.0000000e+00
   9.7513316e+00   1.9005004e+01   0.0000000e+00
   9.7540074e+00   1.9004459e+01   0.0000000e+00
   9.7566828e+00   1.9003914e+01   0.0000000e+00
   9.7593578e+00   1.9003369e+01   0.0000000e+00
   9.7620324e+00   1.9002824e+01   0.0000000e+00
   9.7647068e+00   1.9002278e+01   0.0000000e+00
   9.7673807e+00   1.9001733e+01   0.0000000e+00
   9.7700543e+00   1.9001188e+01   0.0000000e+00
   9.7727276e+00   1.9000642e+01   0.0000000e+00
   9.7754005e+00   1.9000097e+01   0.0000000e+00
   9.7780730e+00   1.8999551e+01   0.0000000e+00
   9.7807452e+00   1.8999006e+01   0.0000000e+00
   9.7834170e+00   1.8998460e+01   0.0000000e+00
   9.7860885e+00   1.8997914e+01   0.0000000e+00
   9.7887596e+00   1.8997368e+01   0.0000000e+00
   9.7914304e+00   1.8996822e+01   0.0000000e+00
   9.7941009e+00   1.8996276e+01   0.0000000e+00
   9.7967709e+00   1.8995730e+01   0.0000000e+00
   9.7994407e+00   1.8995184e+01   0.0000000e+00
   9.8021100e+00   1.8994637e+01   0.0000000e+00
   9.8047791e+00   1.8994091e+01   0.0000000e+00
   9.8074477e+00   1.8993545e+01   0.0000000e+00
   9.8101161e+00   1.8992998e+01   0.0000000e+00
   9.8127841e+00   1.8992451e+01   0.0000000e+00
   9.8154517e+00   1.8991905e+01   0.0000000e+00
   9.8181190e+00   1.8991358e+01   0.0000000e+00
   9.8207859e+00   1.8990811e+01   0.0000000e+00
   9.8234525e+00   1.8990264e+01   0.0000000e+00
   9.8261187e+00   1.8989717e+01   0.0000000e+00
   9.8287846e+00   1.8989170e+01   0.0000000e+00
   9.8314502e+00   1.8988623e+01   0.0000000e+00
   9.8341154e+00   1.8988076e+01   0.0000000e+00
   9.8367803e+00   1.8987529e+01   0.0000000e+00
   9.8394448e+00   1.8986981e+01   0.0000000e+00
   9.8421090e+00   1.8986434e+01   0.0000000e+00
   9.8447728e+00   1.8985887e+01   0.0000000e+00
   9.8474363e+00   1.8985339e+01   0.0000000e+00
   9.8500994e+00   1.8984791e+01   0.0000000e+00
   9.8527622e+00   1.8984244e+01   0.0000000e+00
   9.8554247e+00   1.8983696e+01   0.0000000e+00
   9.8580868e+00   1.8983148e+01   0.0000000e+00
   9.8607485e+00   1.8982600e+01   0.0000000e+00
   9.8634100e+00   1.8982052e+01   0.0000000e+00
   9.8660711e+00   1.8981504e+01   0.0000000e+00
   9.8687318e+00   1.8980956e+01   0.0000000e+00
   9.8713922e+00   1.8980408e+01   0.0000000e+00
   9.8740523e+00   1.8979859e+01   0.0000000e+00
   9.8767120e+00   1.8979311e+01   0.0000000e+00
   9.8793714e+00   1.8978762e+01   0.0000000e+00
   9.8820304e+00   1.8978214e+01   0.0000000e+00
   9.8846892e+00   1.8977665e+01   0.0000000e+00
   9.8873475e+00   1.8977116e+01   0.0000000e+00
   9.8900056e+00   1.8976568e+01   0.0000000e+00
   9.8926633e+00   1.8976019e+01   0.0000000e+00
   9.8953206e+00   1.8975470e+01   0.0000000e+00
   9.8979777e+00   1.8974921e+01   0.0000000e+00
   9.9006343e+00   1.8974372e+01   0.0000000e+00
   9.9032907e+00   1.8973823e+01   0.0000000e+00
   9.9059467e+00   1.8973273e+01   0.0000000e+00
   9.9086024e+00   1.8972724e+01   0.0000000e+00
   9.9112577e+00   1.8972175e+01   0.0000000e+00
   9.9139127e+00   1.8971625e+01   0.0000000e+00
   9.9165674e+00   1.8971076e+01   0.0000000e+00
   9.9192218e+00   1.8970526e+01   0.0000000e+00
   9.9218758e+00   1.8969976e+01   0.0000000e+00
   9.9245295e+00   1.8969427e+01   0.0000000e+00
   9.9271828e+00   1.8968877e+01   0.0000000e+00
   9.9298358e+00   1.8968327e+01   0.0000000e+00
   9.9324885e+00   1.8967777e+01   0.0000000e+00
   9.9351408e+00   1.8967227e+01   0.0000000e+00
   9.9377929e+00   1.8966677e+01   0.0000000e+00
   9.9404445e+00   1.8966127e+01   0.0000000e+00
   9.9430959e+00   1.8965576e+01   0.0000000e+00
   9.9457469e+00   1.8965026e+01   0.0000000e+00
   9.9483976e+00   1.8964475e+01   0.0000000e+00
   9.9510480e+00   1.8963925e+01   0.0000000e+00
   9.9536980e+00   1.8963374e+01   0.0000000e+00
   9.9563477e+00   1.8962824e+01   0.0000000e+00
   9.9589971e+00   1.8962273e+01   0.0000000e+00
   9.9616462e+00   1.8961722e+01   0.0000000e+00
   9.9642949e+00   1.8961171e+01   0.0000000e+00
   9.9669433e+00   1.8960620e+01   0.0000000e+00
   9.9695914e+00   1.8960069e+01   0.0000000e+00
   9.9722391e+00   1.8959518e+01   0.0000000e+00
   9.9748865e+00   1.8958967e+01   0.0000000e+00
   9.9775336e+00   1.8958415e+01   0.0000000e+00
   9.9801804e+00   1.8957864e+01   0.0000000e+00
   9.9828268e+00   1.8957313e+01   0.0000000e+00
   9.9854729e+00   1.8956761e+01   0.0000000e+00
   9.9881187e+00   1.8956210e+01   0.0000000e+00
   9.9907642e+00   1.8955658e+01   0.0000000e+00
   9.9934093e+00   1.8955106e+01   0.0000000e+00
   9.9960542e+00   1.8954554e+01   0.0000000e+00
   9.9986987e+00   1.8954002e+01   0.0000000e+00
   1.0001343e+01   1.8953450e+01   0.0000000e+00
   1.0003987e+01   1.8952898e+01   0.0000000e+00
   1.0006630e+01   1.8952346e+01   0.0000000e+00
   1.0009273e+01   1.8951794e+01   0.0000000e+00
   1.0011916e+01   1.8951242e+01   0.0000000e+00
   1.0014559e+01   1.8950689e+01   0.0000000e+00
   1.0017201e+01   1.8950137e+01   0.0000000e+00
   1.0019843e+01   1.8949584e+01   0.0000000e+00
   1.0022485e+01   1.8949032e+01   0.0000000e+00
   1.0025126e+01   1.8948479e+01   0.0000000e+00
   1.0027767e+01   1.8947926e+01   0.0000000e+00
   1.0030408e+01   1.8947374e+01   0.0000000e+00
   1.0033048e+01   1.8946821e+01   0.0000000e+00
   1.0035688e+01   1.8946268e+01   0.0000000e+00
   1.0038328e+01   1.8945715e+01   0.0000000e+00
   1.0040967e+01   1.8945161e+01   0.0000000e+00
   1.0043606e+01   1.8944608e+01   0.0000000e+00
   1.0046245e+01   1.8944055e+01   0.0000000e+00
   1.0048883e+01   1.8943502e+01   0.0000000e+00
   1.0051521e+01   1.8942948e+01   0.0000000e+00
   1.0054159e+01   1.8942395e+01   0.0000000e+00
   1.0056797e+01   1.8941841e+01   0.0000000e+00
   1.0059434e+01   1.8941287e+01   0.0000000e+00
   1.0062071e+01   1.8940734e+01   0.0000000e+00
   1.0064707e+01   1.8940180e+01   0.0000000e+00
   1.0067343e+01   1.8939626e+01   0.0000000e+00
   1.0069979e+01   1.8939072e+01   0.0000000e+00
   1.0072615e+01   1.8938518e+01   0.0000000e+00
   1.0075250e+01   1.8937964e+01   0.0000000e+00
   1.0077885e+01   1.8937410e+01   0.0000000e+00
   1.0080520e+01   1.8936855e+01   0.0000000e+00
   1.0083154e+01   1.8936301e+01   0.0000000e+00
   1.0085788e+01   1.8935746e+01   0.0000000e+00
   1.0088422e+01   1.8935192e+01   0.0000000e+00
   1.0091055e+01   1.8934637e+01   0.0000000e+00
   1.0093688e+01   1.8934083e+01   0.0000000e+00
   1.0096321e+01   1.8933528e+01   0.0000000e+00
   1.0098954e+01   1.8932973e+01   0.0000000e+00
   1.0101586e+01   1.8932418e+01   0.0000000e+00
   1.0104218e+01   1.8931863e+01   0.0000000e+00
   1.0106849e+01   1.8931308e+01   0.0000000e+00
   1.0109480e+01   1.8930753e+01   0.0000000e+00
   1.0112111e+01   1.8930198e+01   0.0000000e+00
   1.0114742e+01   1.8929643e+01   0.0000000e+00
   1.0117372e+01   1.8929087e+01   0.0000000e+00
   1.0120002e+01   1.8928532e+01   0.0000000e+00
   1.0122632e+01   1.8927976e+01   0.0000000e+00
   1.0125261e+01   1.8927421e+01   0.0000000e+00
   1.0127890e+01   1.8926865e+01   0.0000000e+00
   1.0130519e+01   1.8926309e+01   0.0000000e+00
   1.0133148e+01   1.8925753e+01   0.0000000e+00
   1.0135776e+01   1.8925197e+01   0.0000000e+00
   1.0138404e+01   1.8924641e+01   0.0000000e+00
   1.0141031e+01   1.8924085e+01   0.0000000e+00
   1.0143659e+01   1.8923529e+01   0.0000000e+00
   1.0146285e+01   1.8922973e+01   0.0000000e+00
   1.0148912e+01   1.8922417e+01   0.0000000e+00
   1.0151538e+01   1.8921860e+01   0.0000000e+00
   1.0154165e+01   1.8921304e+01   0.0000000e+00
   1.0156790e+01   1.8920747e+01   0.0000000e+00
   1.0159416e+01   1.8920191e+01   0.0000000e+00
   1.0162041e+01   1.8919634e+01   0.0000000e+00
   1.0164666e+01   1.8919077e+01   0.0000000e+00
   1.0167290e+01   1.8918520e+01   0.0000000e+00
   1.0169914e+01   1.8917963e+01   0.0000000e+00
   1.0172538e+01   1.8917406e+01   0.0000000e+00
   1.0175162e+01   1.8916849e+01   0.0000000e+00
   1.0177785e+01   1.8916292e+01   0.0000000e+00
   1.0180408e+01   1.8915735e+01   0.0000000e+00
   1.0183031e+01   1.8915178e+01   0.0000000e+00
   1.0185654e+01   1.8914620e+01   0.0000000e+00
   1.0188276e+01   1.8914063e+01   0.0000000e+00
   1.0190897e+01   1.8913505e+01   0.0000000e+00
   1.0193519e+01   1.8912948e+01   0.0000000e+00
   1.0196140e+01   1.8912390e+01   0.0000000e+00
   1.0198761e+01   1.8911832e+01   0.0000000e+00
   1.0201382e+01   1.8911274e+01   0.0000000e+00
   1.0204002e+01   1.8910716e+01   0.0000000e+00
   1.0206622e+01   1.8910158e+01   0.0000000e+00
   1.0209242e+01   1.8909600e+01   0.0000000e+00
   1.0211861e+01   1.8909042e+01   0.0000000e+00
   1.0214481e+01   1.8908484e+01   0.0000000e+00
   1.0217099e+01   1.8907926e+01   0.0000000e+00
   1.0219718e+01   1.8907367e+01   0.0000000e+00
   1.0222336e+01   1.8906809e+01   0.0000000e+00
   1.0224954e+01   1.8906250e+01   0.0000000e+00
   1.0227572e+01   1.8905691e+01   0.0000000e+00
   1.0230189e+01   1.8905133e+01   0.0000000e+00
   1.0232806e+01   1.8904574e+01   0.0000000e+00
   1.0235423e+01   1.8904015e+01   0.0000000e+00
   1.0238040e+01   1.8903456e+01   0.0000000e+00
   1.0240656e+01   1.8902897e+01   0.0000000e+00
   1.0243272e+01   1.8902338e+01   0.0000000e+00
   1.0245888e+01   1.8901779e+01   0.0000000e+00
   1.0248503e+01   1.8901219e+01   0.0000000e+00
   1.0251118e+01   1.8900660e+01   0.0000000e+00
   1.0253733e+01   1.8900101e+01   0.0000000e+00
   1.0256347e+01   1.8899541e+01   0.0000000e+00
   1.0258961e+01   1.8898982e+01   0.0000000e+00
   1.0261575e+01   1.8898422e+01   0.0000000e+00
   1.0264189e+01   1.8897862e+01   0.0000000e+00
   1.0266802e+01   1.8897302e+01   0.0000000e+00
   1.0269415e+01   1.8896742e+01   0.0000000e+00
   1.0272028e+01   1.8896183e+01   0.0000000e+00
   1.0274641e+01   1.8895622e+01   0.0000000e+00
   1.0277253e+01   1.8895062e+01   0.0000000e+00
   1.0279865e+01   1.8894502e+01   0.0000000e+00
   1.0282476e+01   1.8893942e+01   0.0000000e+00
   1.0285087e+01   1.8893381e+01   0.0000000e+00
   1.0287698e+01   1.8892821e+01   0.0000000e+00
   1.0290309e+01   1.8892260e+01   0.0000000e+00
   1.0292920e+01   1.8891700e+01   0.0000000e+00
   1.0295530e+01   1.8891139e+01   0.0000000e+00
   1.0298140e+01   1.8890578e+01   0.0000000e+00
   1.0300749e+01   1.8890018e+01   0.0000000e+00
   1.0303359e+01   1.8889457e+01   0.0000000e+00
   1.0305968e+01   1.8888896e+01   0.0000000e+00
   1.0308576e+01   1.8888335e+01   0.0000000e+00
   1.0311185e+01   1.8887773e+01   0.0000000e+00
   1.0313793e+01   1.8887212e+01   0.0000000e+00
   1.0316401e+01   1.8886651e+01   0.0000000e+00
   1.0319008e+01   1.8886089e+01   0.0000000e+00
   1.0321616e+01   1.8885528e+01   0.0000000e+00
   1.0324223e+01   1.8884966e+01   0.0000000e+00
   1.0326830e+01   1.8884405e+01   0.0000000e+00
   1.0329436e+01   1.8883843e+01   0.0000000e+00
   1.0332042e+01   1.8883281e+01   0.0000000e+00
   1.0334648e+01   1.8882719e+01   0.0000000e+00
   1.0337254e+01   1.8882158e+01   0.0000000e+00
   1.0339859e+01   1.8881595e+01   0.0000000e+00
   1.0342464e+01   1.8881033e+01   0.0000000e+00
   1.0345069e+01   1.8880471e+01   0.0000000e+00
   1.0347673e+01   1.8879909e+01   0.0000000e+00
   1.0350278e+01   1.8879347e+01   0.0000000e+00
   1.0352882e+01   1.8878784e+01   0.0000000e+00
   1.0355485e+01   1.8878222e+01   0.0000000e+00
   1.0358089e+01   1.8877659e+01   0.0000000e+00
   1.0360692e+01   1.8877096e+01   0.0000000e+00
   1.0363295e+01   1.8876534e+01   0.0000000e+00
   1.0365897e+01   1.8875971e+01   0.0000000e+00
   1.0368500e+01   1.8875408e+01   0.0000000e+00
   1.0371102e+01   1.8874845e+01   0.0000000e+00
   1.0373703e+01   1.8874282e+01   0.0000000e+00
   1.0376305e+01   1.8873719e+01   0.0000000e+00
   1.0378906e+01   1.8873156e+01   0.0000000e+00
   1.0381507e+01   1.8872592e+01   0.0000000e+00
   1.0384107e+01   1.8872029e+01   0.0000000e+00
   1.0386708e+01   1.8871465e+01   0.0000000e+00
   1.0389308e+01   1.8870902e+01   0.0000000e+00
   1.0391908e+01   1.8870338e+01   0.0000000e+00
   1.0394507e+01   1.8869775e+01   0.0000000e+00
   1.0397106e+01   1.8869211e+01   0.0000000e+00
   1.0399705e+01   1.8868647e+01   0.0000000e+00
   1.0402304e+01   1.8868083e+01   0.0000000e+00
   1.0404903e+01   1.8867519e+01   0.0000000e+00
   1.0407501e+01   1.8866955e+01   0.0000000e+00
   1.0410099e+01   1.8866391e+01   0.0000000e+00
   1.0412696e+01   1.8865827e+01   0.0000000e+00
   1.0415294e+01   1.8865262e+01   0.0000000e+00
   1.0417891e+01   1.8864698e+01   0.0000000e+00
   1.0420487e+01   1.8864133e+01   0.0000000e+00
   1.0423084e+01   1.8863569e+01   0.0000000e+00
   1.0425680e+01   1.8863004e+01   0.0000000e+00
   1.0428276e+01   1.8862439e+01   0.0000000e+00
   1.0430872e+01   1.8861875e+01   0.0000000e+00
   1.0433467e+01   1.8861310e+01   0.0000000e+00
   1.0436063e+01   1.8860745e+01   0.0000000e+00
   1.0438658e+01   1.8860180e+01   0.0000000e+00
   1.0441252e+01   1.8859615e+01   0.0000000e+00
   1.0443847e+01   1.8859049e+01   0.0000000e+00
   1.0446441e+01   1.8858484e+01   0.0000000e+00
   1.0449035e+01   1.8857919e+01   0.0000000e+00
   1.0451628e+01   1.8857353e+01   0.0000000e+00
   1.0454221e+01   1.8856788e+01   0.0000000e+00
   1.0456814e+01   1.8856222e+01   0.0000000e+00
   1.0459407e+01   1.8855656e+01   0.0000000e+00
   1.0462000e+01   1.8855091e+01   0.0000000e+00
   1.0464592e+01   1.8854525e+01   0.0000000e+00
   1.0467184e+01   1.8853959e+01   0.0000000e+00
   1.0469776e+01   1.8853393e+01   0.0000000e+00
   1.0472367e+01   1.8852827e+01   0.0000000e+00
   1.0474958e+01   1.8852261e+01   0.0000000e+00
   1.0477549e+01   1.8851694e+01   0.0000000e+00
   1.0480140e+01   1.8851128e+01   0.0000000e+00
   1.0482730e+01   1.8850562e+01   0.0000000e+00
   1.0485320e+01   1.8849995e+01   0.0000000e+00
   1.0487910e+01   1.8849429e+01   0.0000000e+00
   1.0490500e+01   1.8848862e+01   0.0000000e+00
   1.0493089e+01   1.8848295e+01   0.0000000e+00
   1.0495678e+01   1.8847728e+01   0.0000000e+00
   1.0498267e+01   1.8847161e+01   0.0000000e+00
   1.0500856e+01   1.8846594e+01   0.0000000e+00
   1.0503444e+01   1.8846027e+01   0.0000000e+00
   1.0506032e+01   1.8845460e+01   0.0000000e+00
   1.0508620e+01   1.8844893e+01   0.0000000e+00
   1.0511207e+01   1.8844326e+01   0.0000000e+00
   1.0513795e+01   1.8843758e+01   0.0000000e+00
   1.0516382e+01   1.8843191e+01   0.0000000e+00
   1.0518968e+01   1.8842623e+01   0.0000000e+00
   1.0521555e+01   1.8842056e+01   0.0000000e+00
   1.0524141e+01   1.8841488e+01   0.0000000e+00
   1.0526727e+01   1.8840920e+01   0.0000000e+00
   1.0529313e+01   1.8840352e+01   0.0000000e+00
   1.0531898e+01   1.8839785e+01   0.0000000e+00
   1.0534483e+01   1.8839217e+01   0.0000000e+00
   1.0537068e+01   1.8838648e+01   0.0000000e+00
   1.0539653e+01   1.8838080e+01   0.0000000e+00
   1.0542237e+01   1.8837512e+01   0.0000000e+00
   1.0544821e+01   1.8836944e+01   0.0000000e+00
   1.0547405e+01   1.8836375e+01   0.0000000e+00
   1.0549989e+01   1.8835807e+01   0.0000000e+00
   1.0552572e+01   1.8835238e+01   0.0000000e+00
   1.0555155e+01   1.8834669e+01   0.0000000e+00
   1.0557738e+01   1.8834101e+01   0.0000000e+00
   1.0560321e+01   1.8833532e+01   0.0000000e+00
   1.0562903e+01   1.8832963e+01   0.0000000e+00
   1.0565485e+01   1.8832394e+01   0.0000000e+00
   1.0568067e+01   1.8831825e+01   0.0000000e+00
   1.0570649e+01   1.8831256e+01   0.0000000e+00
   1.0573230e+01   1.8830687e+01   0.0000000e+00
   1.0575811e+01   1.8830117e+01   0.0000000e+00
   1.0578392e+01   1.8829548e+01   0.0000000e+00
   1.0580972e+01   1.8828978e+01   0.0000000e+00
   1.0583553e+01   1.8828409e+01   0.0000000e+00
   1.0586133e+01   1.8827839e+01   0.0000000e+00
   1.0588713e+01   1.8827270e+01   0.0000000e+00
   1.0591292e+01   1.8826700e+01   0.0000000e+00
   1.0593871e+01   1.8826130e+01   0.0000000e+00
   1.0596451e+01   1.8825560e+01   0.0000000e+00
   1.0599029e+01   1.8824990e+01   0.0000000e+00
   1.0601608e+01   1.8824420e+01   0.0000000e+00
   1.0604186e+01   1.8823850e+01   0.0000000e+00
   1.0606764e+01   1.8823279e+01   0.0000000e+00
   1.0609342e+01   1.8822709e+01   0.0000000e+00
   1.0611920e+01   1.8822138e+01   0.0000000e+00
   1.0614497e+01   1.8821568e+01   0.0000000e+00
   1.0617074e+01   1.8820997e+01   0.0000000e+00
   1.0619651e+01   1.8820427e+01   0.0000000e+00
   1.0622227e+01   1.8819856e+01   0.0000000e+00
   1.0624804e+01   1.8819285e+01   0.0000000e+00
   1.0627380e+01   1.8818714e+01   0.0000000e+00
   1.0629956e+01   1.8818143e+01   0.0000000e+00
   1.0632531e+01   1.8817572e+01   0.0000000e+00
   1.0635106e+01   1.8817001e+01   0.0000000e+00
   1.0637682e+01   1.8816429e+01   0.0000000e+00
   1.0640256e+01   1.8815858e+01   0.0000000e+00
   1.0642831e+01   1.8815287e+01   0.0000000e+00
   1.0645405e+01   1.8814715e+01   0.0000000e+00
   1.0647979e+01   1.8814144e+01   0.0000000e+00
   1.0650553e+01   1.8813572e+01   0.0000000e+00
   1.0653127e+01   1.8813000e+01   0.0000000e+00
   1.0655700e+01   1.8812428e+01   0.0000000e+00
   1.0658273e+01   1.8811856e+01   0.0000000e+00
   1.0660846e+01   1.8811284e+01   0.0000000e+00
   1.0663419e+01   1.8810712e+01   0.0000000e+00
   1.0665991e+01   1.8810140e+01   0.0000000e+00
   1.0668563e+01   1.8809568e+01   0.0000000e+00
   1.0671135e+01   1.8808996e+01   0.0000000e+00
   1.0673707e+01   1.8808423e+01   0.0000000e+00
   1.0676278e+01   1.8807851e+01   0.0000000e+00
   1.0678849e+01   1.8807278e+01   0.0000000e+00
   1.0681420e+01   1.8806706e+01   0.0000000e+00
   1.0683991e+01   1.8806133e+01   0.0000000e+00
   1.0686561e+01   1.8805560e+01   0.0000000e+00
   1.0689132e+01   1.8804987e+01   0.0000000e+00
   1.0691702e+01   1.8804414e+01   0.0000000e+00
   1.0694271e+01   1.8803841e+01   0.0000000e+00
   1.0696841e+01   1.8803268e+01   0.0000000e+00
   1.0699410e+01   1.8802695e+01   0.0000000e+00
   1.0701979e+01   1.8802121e+01   0.0000000e+00
   1.0704548e+01   1.8801548e+01   0.0000000e+00
   1.0707116e+01   1.8800975e+01   0.0000000e+00
   1.0709685e+01   1.8800401e+01   0.0000000e+00
   1.0712253e+01   1.8799827e+01   0.0000000e+00
   1.0714820e+01   1.8799254e+01   0.0000000e+00
   1.0717388e+01   1.8798680e+01   0.0000000e+00
   1.0719955e+01   1.8798106e+01   0.0000000e+00
   1.0722522e+01   1.8797532e+01   0.0000000e+00
   1.0725089e+01   1.8796958e+01   0.0000000e+00
   1.0727656e+01   1.8796384e+01   0.0000000e+00
   1.0730222e+01   1.8795810e+01   0.0000000e+00
   1.0732788e+01   1.8795235e+01   0.0000000e+00
   1.0735354e+01   1.8794661e+01   0.0000000e+00
   1.0737920e+01   1.8794087e+01   0.0000000e+00
   1.0740485e+01   1.8793512e+01   0.0000000e+00
   1.0743050e+01   1.8792937e+01   0.0000000e+00
   1.0745615e+01   1.8792363e+01   0.0000000e+00
   1.0748180e+01   1.8791788e+01   0.0000000e+00
   1.0750745e+01   1.8791213e+01   0.0000000e+00
   1.0753309e+01   1.8790638e+01   0.0000000e+00
   1.0755873e+01   1.8790063e+01   0.0000000e+00
   1.0758437e+01   1.8789488e+01   0.0000000e+00
   1.0761000e+01   1.8788913e+01   0.0000000e+00
   1.0763564e+01   1.8788338e+01   0.0000000e+00
   1.0766127e+01   1.8787762e+01   0.0000000e+00
   1.0768689e+01   1.8787187e+01   0.0000000e+00
   1.0771252e+01   1.8786611e+01   0.0000000e+00
   1.0773814e+01   1.8786036e+01   0.0000000e+00
   1.0776377e+01   1.8785460e+01   0.0000000e+00
   1.0778938e+01   1.8784884e+01   0.0000000e+00
   1.0781500e+01   1.8784308e+01   0.0000000e+00
   1.0784062e+01   1.8783732e+01   0.0000000e+00
   1.0786623e+01   1.8783156e+01   0.0000000e+00
   1.0789184e+01   1.8782580e+01   0.0000000e+00
   1.0791745e+01   1.8782004e+01   0.0000000e+00
   1.0794305e+01   1.8781428e+01   0.0000000e+00
   1.0796865e+01   1.8780851e+01   0.0000000e+00
   1.0799425e+01   1.8780275e+01   0.0000000e+00
   1.0801985e+01   1.8779698e+01   0.0000000e+00
   1.0804545e+01   1.8779122e+01   0.0000000e+00
   1.0807104e+01   1.8778545e+01   0.0000000e+00
   1.0809663e+01   1.8777968e+01   0.0000000e+00
   1.0812222e+01   1.8777392e+01   0.0000000e+00
   1.0814781e+01   1.8776815e+01   0.0000000e+00
   1.0817340e+01   1.8776238e+01   0.0000000e+00
   1.0819898e+01   1.8775661e+01   0.0000000e+00
   1.0822456e+01   1.8775083e+01   0.0000000e+00
   1.0825014e+01   1.8774506e+01   0.0000000e+00
   1.0827571e+01   1.8773929e+01   0.0000000e+00
   1.0830128e+01   1.8773351e+01   0.0000000e+00
   1.0832686e+01   1.8772774e+01   0.0000000e+00
   1.0835242e+01   1.8772196e+01   0.0000000e+00
   1.0837799e+01   1.8771619e+01   0.0000000e+00
   1.0840355e+01   1.8771041e+01   0.0000000e+00
   1.0842912e+01   1.8770463e+01   0.0000000e+00
   1.0845468e+01   1.8769885e+01   0.0000000e+00
   1.0848023e+01   1.8769307e+01   0.0000000e+00
   1.0850579e+01   1.8768729e+01   0.0000000e+00
   1.0853134e+01   1.8768151e+01   0.0000000e+00
   1.0855689e+01   1.8767572e+01   0.0000000e+00
   1.0858244e+01   1.8766994e+01   0.0000000e+00
   1.0860799e+01   1.8766416e+01   0.0000000e+00
   1.0863353e+01   1.8765837e+01   0.0000000e+00
   1.0865907e+01   1.8765259e+01   0.0000000e+00
   1.0868461e+01   1.8764680e+01   0.0000000e+00
   1.0871015e+01   1.8764101e+01   0.0000000e+00
   1.0873568e+01   1.8763522e+01   0.0000000e+00
   1.0876122e+01   1.8762943e+01   0.0000000e+00
   1.0878675e+01   1.8762364e+01   0.0000000e+00
   1.0881228e+01   1.8761785e+01   0.0000000e+00
   1.0883780e+01   1.8761206e+01   0.0000000e+00
   1.0886333e+01   1.8760627e+01   0.0000000e+00
   1.0888885e+01   1.8760048e+01   0.0000000e+00
   1.0891437e+01   1.8759468e+01   0.0000000e+00
   1.0893989e+01   1.8758889e+01   0.0000000e+00
   1.0896540e+01   1.8758309e+01   0.0000000e+00
   1.0899091e+01   1.8757729e+01   0.0000000e+00
   1.0901642e+01   1.8757150e+01   0.0000000e+00
   1.0904193e+01   1.8756570e+01   0.0000000e+00
   1.0906744e+01   1.8755990e+01   0.0000000e+00
   1.0909294e+01   1.8755410e+01   0.0000000e+00
   1.0911845e+01   1.8754830e+01   0.0000000e+00
   1.0914395e+01   1.8754249e+01   0.0000000e+00
   1.0916944e+01   1.8753669e+01   0.0000000e+00
   1.0919494e+01   1.8753089e+01   0.0000000e+00
   1.0922043e+01   1.8752508e+01   0.0000000e+00
   1.0924592e+01   1.8751928e+01   0.0000000e+00
   1.0927141e+01   1.8751347e+01   0.0000000e+00
   1.0929690e+01   1.8750767e+01   0.0000000e+00
   1.0932238e+01   1.8750186e+01   0.0000000e+00
   1.0934787e+01   1.8749605e+01   0.0000000e+00
   1.0937335e+01   1.8749024e+01   0.0000000e+00
   1.0939882e+01   1.8748443e+01   0.0000000e+00
   1.0942430e+01   1.8747862e+01   0.0000000e+00
   1.0944977e+01   1.8747281e+01   0.0000000e+00
   1.0947525e+01   1.8746700e+01   0.0000000e+00
   1.0950071e+01   1.8746118e+01   0.0000000e+00
   1.0952618e+01   1.8745537e+01   0.0000000e+00
   1.0955165e+01   1.8744955e+01   0.0000000e+00
   1.0957711e+01   1.8744374e+01   0.0000000e+00
   1.0960257e+01   1.8743792e+01   0.0000000e+00
   1.0962803e+01   1.8743210e+01   0.0000000e+00
   1.0965349e+01   1.8742628e+01   0.0000000e+00
   1.0967894e+01   1.8742046e+01   0.0000000e+00
   1.0970439e+01   1.8741464e+01   0.0000000e+00
   1.0972984e+01   1.8740882e+01   0.0000000e+00
   1.0975529e+01   1.8740300e+01   0.0000000e+00
   1.0978074e+01   1.8739718e+01   0.0000000e+00
   1.0980618e+01   1.8739135e+01   0.0000000e+00
   1.0983162e+01   1.8738553e+01   0.0000000e+00
   1.0985706e+01   1.8737970e+01   0.0000000e+00
   1.0988250e+01   1.8737388e+01   0.0000000e+00
   1.0990794e+01   1.8736805e+01   0.0000000e+00
   1.0993337e+01   1.8736222e+01   0.0000000e+00
   1.0995880e+01   1.8735639e+01   0.0000000e+00
   1.0998423e+01   1.8735056e+01   0.0000000e+00
   1.1000966e+01   1.8734473e+01   0.0000000e+00
   1.1003508e+01   1.8733890e+01   0.0000000e+00
   1.1006050e+01   1.8733307e+01   0.0000000e+00
   1.1008593e+01   1.8732724e+01   0.0000000e+00
   1.1011134e+01   1.8732140e+01   0.0000000e+00
   1.1013676e+01   1.8731557e+01   0.0000000e+00
   1.1016218e+01   1.8730973e+01   0.0000000e+00
   1.1018759e+01   1.8730390e+01   0.0000000e+00
   1.1021300e+01   1.8729806e+01   0.0000000e+00
   1.1023841e+01   1.8729222e+01   0.0000000e+00
   1.1026381e+01   1.8728638e+01   0.0000000e+00
   1.1028922e+01   1.8728054e+01   0.0000000e+00
   1.1031462e+01   1.8727470e+01   0.0000000e+00
   1.1034002e+01   1.8726886e+01   0.0000000e+00
   1.1036542e+01   1.8726302e+01   0.0000000e+00
   1.1039081e+01   1.8725718e+01   0.0000000e+00
   1.1041621e+01   1.8725133e+01   0.0000000e+00
   1.1044160e+01   1.8724549e+01   0.0000000e+00
   1.1046699e+01   1.8723964e+01   0.0000000e+00
   1.1049237e+01   1.8723380e+01   0.0000000e+00
   1.1051776e+01   1.8722795e+01   0.0000000e+00
   1.1054314e+01   1.8722210e+01   0.0000000e+00
   1.1056852e+01   1.8721625e+01   0.0000000e+00
   1.1059390e+01   1.8721040e+01   0.0000000e+00
   1.1061928e+01   1.8720455e+01   0.0000000e+00
   1.1064466e+01   1.8719870e+01   0.0000000e+00
   1.1067003e+01   1.8719285e+01   0.0000000e+00
   1.1069540e+01   1.8718699e+01   0.0000000e+00
   1.1072077e+01   1.8718114e+01   0.0000000e+00
   1.1074614e+01   1.8717528e+01   0.0000000e+00
   1.1077150e+01   1.8716943e+01   0.0000000e+00
   1.1079687e+01   1.8716357e+01   0.0000000e+00
   1.1082223e+01   1.8715771e+01   0.0000000e+00
   1.1084759e+01   1.8715186e+01   0.0000000e+00
   1.1087294e+01   1.8714600e+01   0.0000000e+00
   1.1089830e+01   1.8714014e+01   0.0000000e+00
   1.1092365e+01   1.8713428e+01   0.0000000e+00
   1.1094900e+01   1.8712841e+01   0.0000000e+00
   1.1097435e+01   1.8712255e+01   0.0000000e+00
   1.1099970e+01   1.8711669e+01   0.0000000e+00
   1.1102504e+01   1.8711082e+01   0.0000000e+00
   1.1105039e+01   1.8710496e+01   0.0000000e+00
   1.1107573e+01   1.8709909e+01   0.0000000e+00
   1.1110107e+01   1.8709323e+01   0.0000000e+00
   1.1112640e+01   1.8708736e+01   0.0000000e+00
   1.1115174e+01   1.8708149e+01   0.0000000e+00
   1.1117707e+01   1.8707562e+01   0.0000000e+00
   1.1120240e+01   1.8706975e+01   0.0000000e+00
   1.1122773e+01   1.8706388e+01   0.0000000e+00
   1.1125306e+01   1.8705801e+01   0.0000000e+00
   1.1127838e+01   1.8705213e+01   0.0000000e+00
   1.1130371e+01   1.8704626e+01   0.0000000e+00
   1.1132903e+01   1.8704038e+01   0.0000000e+00
   1.1135435e+01   1.8703451e+01   0.0000000e+00
   1.1137966e+01   1.8702863e+01   0.0000000e+00
   1.1140498e+01   1.8702276e+01   0.0000000e+00
   1.1143029e+01   1.8701688e+01   0.0000000e+00
   1.1145560e+01   1.8701100e+01   0.0000000e+00
   1.1148091e+01   1.8700512e+01   0.0000000e+00
   1.1150622e+01   1.8699924e+01   0.0000000e+00
   1.1153152e+01   1.8699336e+01   0.0000000e+00
   1.1155683e+01   1.8698747e+01   0.0000000e+00
   1.1158213e+01   1.8698159e+01   0.0000000e+00
   1.1160743e+01   1.8697571e+01   0.0000000e+00
   1.1163273e+01   1.8696982e+01   0.0000000e+00
   1.1165802e+01   1.8696394e+01   0.0000000e+00
   1.1168332e+01   1.8695805e+01   0.0000000e+00
   1.1170861e+01   1.8695216e+01   0.0000000e+00
   1.1173390e+01   1.8694627e+01   0.0000000e+00
   1.1175919e+01   1.8694039e+01   0.0000000e+00
   1.1178447e+01   1.8693450e+01   0.0000000e+00
   1.1180976e+01   1.8692860e+01   0.0000000e+00
   1.1183504e+01   1.8692271e+01   0.0000000e+00
   1.1186032e+01   1.8691682e+01   0.0000000e+00
   1.1188560e+01   1.8691093e+01   0.0000000e+00
   1.1191087e+01   1.8690503e+01   0.0000000e+00
   1.1193615e+01   1.8689914e+01   0.0000000e+00
   1.1196142e+01   1.8689324e+01   0.0000000e+00
   1.1198669e+01   1.8688734e+01   0.0000000e+00
   1.1201196e+01   1.8688145e+01   0.0000000e+00
   1.1203722e+01   1.8687555e+01   0.0000000e+00
   1.1206249e+01   1.8686965e+01   0.0000000e+00
   1.1208775e+01   1.8686375e+01   0.0000000e+00
   1.1211301e+01   1.8685785e+01   0.0000000e+00
   1.1213827e+01   1.8685194e+01   0.0000000e+00
   1.1216353e+01   1.8684604e+01   0.0000000e+00
   1.1218879e+01   1.8684014e+01   0.0000000e+00
   1.1221404e+01   1.8683423e+01   0.0000000e+00
   1.1223929e+01   1.8682833e+01   0.0000000e+00
   1.1226454e+01   1.8682242e+01   0.0000000e+00
   1.1228979e+01   1.8681651e+01   0.0000000e+00
   1.1231503e+01   1.8681061e+01   0.0000000e+00
   1.1234028e+01   1.8680470e+01   0.0000000e+00
   1.1236552e+01   1.8679879e+01   0.0000000e+00
   1.1239076e+01   1.8679288e+01   0.0000000e+00
   1.1241600e+01   1.8678696e+01   0.0000000e+00
   1.1244123e+01   1.8678105e+01   0.0000000e+00
   1.1246647e+01   1.8677514e+01   0.0000000e+00
   1.1249170e+01   1.8676922e+01   0.0000000e+00
   1.1251693e+01   1.8676331e+01   0.0000000e+00
   1.1254216e+01   1.8675739e+01   0.0000000e+00
   1.1256739e+01   1.8675148e+01   0.0000000e+00
   1.1259261e+01   1.8674556e+01   0.0000000e+00
   1.1261784e+01   1.8673964e+01   0.0000000e+00
   1.1264306e+01   1.8673372e+01   0.0000000e+00
   1.1266828e+01   1.8672780e+01   0.0000000e+00
   1.1269350e+01   1.8672188e+01   0.0000000e+00
   1.1271871e+01   1.8671596e+01   0.0000000e+00
   1.1274393e+01   1.8671003e+01   0.0000000e+00
   1.1276914e+01   1.8670411e+01   0.0000000e+00
   1.1279435e+01   1.8669819e+01   0.0000000e+00
   1.1281956e+01   1.8669226e+01   0.0000000e+00
   1.1284476e+01   1.8668633e+01   0.0000000e+00
   1.1286997e+01   1.8668041e+01   0.0000000e+00
   1.1289517e+01   1.8667448e+01   0.0000000e+00
   1.1292037e+01   1.8666855e+01   0.0000000e+00
   1.1294557e+01   1.8666262e+01   0.0000000e+00
   1.1297077e+01   1.8665669e+01   0.0000000e+00
   1.1299597e+01   1.8665076e+01   0.0000000e+00
   1.1302116e+01   1.8664482e+01   0.0000000e+00
   1.1304635e+01   1.8663889e+01   0.0000000e+00
   1.1307154e+01   1.8663296e+01   0.0000000e+00
   1.1309673e+01   1.8662702e+01   0.0000000e+00
   1.1312192e+01   1.8662109e+01   0.0000000e+00
   1.1314710e+01   1.8661515e+01   0.0000000e+00
   1.1317229e+01   1.8660921e+01   0.0000000e+00
   1.1319747e+01   1.8660327e+01   0.0000000e+00
   1.1322265e+01   1.8659733e+01   0.0000000e+00
   1.1324782e+01   1.8659139e+01   0.0000000e+00
   1.1327300e+01   1.8658545e+01   0.0000000e+00
   1.1329817e+01   1.8657951e+01   0.0000000e+00
   1.1332335e+01   1.8657357e+01   0.0000000e+00
   1.1334852e+01   1.8656762e+01   0.0000000e+00
   1.1337369e+01   1.8656168e+01   0.0000000e+00
   1.1339885e+01   1.8655573e+01   0.0000000e+00
   1.1342402e+01   1.8654979e+01   0.0000000e+00
   1.1344918e+01   1.8654384e+01   0.0000000e+00
   1.1347434e+01   1.8653789e+01   0.0000000e+00
   1.1349950e+01   1.8653194e+01   0.0000000e+00
   1.1352466e+01   1.8652599e+01   0.0000000e+00
   1.1354982e+01   1.8652004e+01   0.0000000e+00
   1.1357497e+01   1.8651409e+01   0.0000000e+00
   1.1360012e+01   1.8650814e+01   0.0000000e+00
   1.1362527e+01   1.8650218e+01   0.0000000e+00
   1.1365042e+01   1.8649623e+01   0.0000000e+00
   1.1367557e+01   1.8649027e+01   0.0000000e+00
   1.1370072e+01   1.8648432e+01   0.0000000e+00
   1.1372586e+01   1.8647836e+01   0.0000000e+00
   1.1375100e+01   1.8647240e+01   0.0000000e+00
   1.1377614e+01   1.8646644e+01   0.0000000e+00
   1.1380128e+01   1.8646049e+01   0.0000000e+00
   1.1382642e+01   1.8645452e+01   0.0000000e+00
   1.1385155e+01   1.8644856e+01   0.0000000e+00
   1.1387669e+01   1.8644260e+01   0.0000000e+00
   1.1390182e+01   1.8643664e+01   0.0000000e+00
   1.1392695e+01   1.8643067e+01   0.0000000e+00
   1.1395207e+01   1.8642471e+01   0.0000000e+00
   1.1397720e+01   1.8641874e+01   0.0000000e+00
   1.1400233e+01   1.8641278e+01   0.0000000e+00
   1.1402745e+01   1.8640681e+01   0.0000000e+00
   1.1405257e+01   1.8640084e+01   0.0000000e+00
   1.1407769e+01   1.8639487e+01   0.0000000e+00
   1.1410281e+01   1.8638890e+01   0.0000000e+00
   1.1412792e+01   1.8638293e+01   0.0000000e+00
   1.1415304e+01   1.8637696e+01   0.0000000e+00
   1.1417815e+01   1.8637099e+01   0.0000000e+00
   1.1420326e+01   1.8636501e+01   0.0000000e+00
   1.1422837e+01   1.8635904e+01   0.0000000e+00
   1.1425348e+01   1.8635306e+01   0.0000000e+00
   1.1427858e+01   1.8634709e+01   0.0000000e+00
   1.1430369e+01   1.8634111e+01   0.0000000e+00
   1.1432879e+01   1.8633513e+01   0.0000000e+00
   1.1435389e+01   1.8632915e+01   0.0000000e+00
   1.1437899e+01   1.8632317e+01   0.0000000e+00
   1.1440408e+01   1.8631719e+01   0.0000000e+00
   1.1442918e+01   1.8631121e+01   0.0000000e+00
   1.1445427e+01   1.8630523e+01   0.0000000e+00
   1.1447936e+01   1.8629924e+01   0.0000000e+00
   1.1450446e+01   1.8629326e+01   0.0000000e+00
   1.1452954e+01   1.8628727e+01   0.0000000e+00
   1.1455463e+01   1.8628129e+01   0.0000000e+00
   1.1457972e+01   1.8627530e+01   0.0000000e+00
   1.1460480e+01   1.8626931e+01   0.0000000e+00
   1.1462988e+01   1.8626332e+01   0.0000000e+00
   1.1465496e+01   1.8625734e+01   0.0000000e+00
   1.1468004e+01   1.8625134e+01   0.0000000e+00
   1.1470512e+01   1.8624535e+01   0.0000000e+00
   1.1473019e+01   1.8623936e+01   0.0000000e+00
   1.1475527e+01   1.8623337e+01   0.0000000e+00
   1.1478034e+01   1.8622737e+01   0.0000000e+00
   1.1480541e+01   1.8622138e+01   0.0000000e+00
   1.1483048e+01   1.8621538e+01   0.0000000e+00
   1.1485554e+01   1.8620939e+01   0.0000000e+00
   1.1488061e+01   1.8620339e+01   0.0000000e+00
   1.1490567e+01   1.8619739e+01   0.0000000e+00
   1.1493073e+01   1.8619139e+01   0.0000000e+00
   1.1495579e+01   1.8618539e+01   0.0000000e+00
   1.1498085e+01   1.8617939e+01   0.0000000e+00
   1.1500591e+01   1.8617339e+01   0.0000000e+00
   1.1503096e+01   1.8616739e+01   0.0000000e+00
   1.1505602e+01   1.8616138e+01   0.0000000e+00
   1.1508107e+01   1.8615538e+01   0.0000000e+00
   1.1510612e+01   1.8614937e+01   0.0000000e+00
   1.1513117e+01   1.8614336e+01   0.0000000e+00
   1.1515621e+01   1.8613736e+01   0.0000000e+00
   1.1518126e+01   1.8613135e+01   0.0000000e+00
   1.1520630e+01   1.8612534e+01   0.0000000e+00
   1.1523135e+01   1.8611933e+01   0.0000000e+00
   1.1525639e+01   1.8611332e+01   0.0000000e+00
   1.1528142e+01   1.8610731e+01   0.0000000e+00
   1.1530646e+01   1.8610129e+01   0.0000000e+00
   1.1533150e+01   1.8609528e+01   0.0000000e+00
   1.1535653e+01   1.8608927e+01   0.0000000e+00
   1.1538156e+01   1.8608325e+01   0.0000000e+00
   1.1540659e+01   1.8607724e+01   0.0000000e+00
   1.1543162e+01   1.8607122e+01   0.0000000e+00
   1.1545665e+01   1.8606520e+01   0.0000000e+00
   1.1548168e+01   1.8605918e+01   0.0000000e+00
   1.1550670e+01   1.8605316e+01   0.0000000e+00
   1.1553172e+01   1.8604714e+01   0.0000000e+00
   1.1555674e+01   1.8604112e+01   0.0000000e+00
   1.1558176e+01   1.8603510e+01   0.0000000e+00
   1.1560678e+01   1.8602907e+01   0.0000000e+00
   1.1563180e+01   1.8602305e+01   0.0000000e+00
   1.1565681e+01   1.8601702e+01   0.0000000e+00
   1.1568182e+01   1.8601100e+01   0.0000000e+00
   1.1570684e+01   1.8600497e+01   0.0000000e+00
   1.1573185e+01   1.8599894e+01   0.0000000e+00
   1.1575685e+01   1.8599291e+01   0.0000000e+00
   1.1578186e+01   1.8598688e+01   0.0000000e+00
   1.1580687e+01   1.8598085e+01   0.0000000e+00
   1.1583187e+01   1.8597482e+01   0.0000000e+00
   1.1585687e+01   1.8596879e+01   0.0000000e+00
   1.1588187e+01   1.8596276e+01   0.0000000e+00
   1.1590687e+01   1.8595672e+01   0.0000000e+00
   1.1593187e+01   1.8595069e+01   0.0000000e+00
   1.1595686e+01   1.8594465e+01   0.0000000e+00
   1.1598186e+01   1.8593861e+01   0.0000000e+00
   1.1600685e+01   1.8593258e+01   0.0000000e+00
   1.1603184e+01   1.8592654e+01   0.0000000e+00
   1.1605683e+01   1.8592050e+01   0.0000000e+00
   1.1608182e+01   1.8591446e+01   0.0000000e+00
   1.1610680e+01   1.8590842e+01   0.0000000e+00
   1.1613179e+01   1.8590237e+01   0.0000000e+00
   1.1615677e+01   1.8589633e+01   0.0000000e+00
   1.1618175e+01   1.8589029e+01   0.0000000e+00
   1.1620673e+01   1.8588424e+01   0.0000000e+00
   1.1623171e+01   1.8587820e+01   0.0000000e+00
   1.1625669e+01   1.8587215e+01   0.0000000e+00
   1.1628166e+01   1.8586610e+01   0.0000000e+00
   1.1630664e+01   1.8586005e+01   0.0000000e+00
   1.1633161e+01   1.8585400e+01   0.0000000e+00
   1.1635658e+01   1.8584795e+01   0.0000000e+00
   1.1638155e+01   1.8584190e+01   0.0000000e+00
   1.1640652e+01   1.8583585e+01   0.0000000e+00
   1.1643148e+01   1.8582980e+01   0.0000000e+00
   1.1645645e+01   1.8582374e+01   0.0000000e+00
   1.1648141e+01   1.8581769e+01   0.0000000e+00
   1.1650637e+01   1.8581163e+01   0.0000000e+00
   1.1653133e+01   1.8580558e+01   0.0000000e+00
   1.1655629e+01   1.8579952e+01   0.0000000e+00
   1.1658125e+01   1.8579346e+01   0.0000000e+00
   1.1660620e+01   1.8578740e+01   0.0000000e+00
   1.1663116e+01   1.8578134e+01   0.0000000e+00
   1.1665611e+01   1.8577528e+01   0.0000000e+00
   1.1668106e+01   1.8576922e+01   0.0000000e+00
   1.1670601e+01   1.8576315e+01   0.0000000e+00
   1.1673096e+01   1.8575709e+01   0.0000000e+00
   1.1675590e+01   1.8575102e+01   0.0000000e+00
   1.1678085e+01   1.8574496e+01   0.0000000e+00
   1.1680579e+01   1.8573889e+01   0.0000000e+00
   1.1683073e+01   1.8573282e+01   0.0000000e+00
   1.1685567e+01   1.8572676e+01   0.0000000e+00
   1.1688061e+01   1.8572069e+01   0.0000000e+00
   1.1690555e+01   1.8571462e+01   0.0000000e+00
   1.1693048e+01   1.8570855e+01   0.0000000e+00
   1.1695542e+01   1.8570247e+01   0.0000000e+00
   1.1698035e+01   1.8569640e+01   0.0000000e+00
   1.1700528e+01   1.8569033e+01   0.0000000e+00
   1.1703021e+01   1.8568425e+01   0.0000000e+00
   1.1705514e+01   1.8567818e+01   0.0000000e+00
   1.1708007e+01   1.8567210e+01   0.0000000e+00
   1.1710499e+01   1.8566602e+01   0.0000000e+00
   1.1712992e+01   1.8565994e+01   0.0000000e+00
   1.1715484e+01   1.8565386e+01   0.0000000e+00
   1.1717976e+01   1.8564778e+01   0.0000000e+00
   1.1720468e+01   1.8564170e+01   0.0000000e+00
   1.1722960e+01   1.8563562e+01   0.0000000e+00
   1.1725451e+01   1.8562954e+01   0.0000000e+00
   1.1727943e+01   1.8562345e+01   0.0000000e+00
   1.1730434e+01   1.8561737e+01   0.0000000e+00
   1.1732925e+01   1.8561128e+01   0.0000000e+00
   1.1735417e+01   1.8560520e+01   0.0000000e+00
   1.1737907e+01   1.8559911e+01   0.0000000e+00
   1.1740398e+01   1.8559302e+01   0.0000000e+00
   1.1742889e+01   1.8558693e+01   0.0000000e+00
   1.1745379e+01   1.8558084e+01   0.0000000e+00
   1.1747870e+01   1.8557475e+01   0.0000000e+00
   1.1750360e+01   1.8556866e+01   0.0000000e+00
   1.1752850e+01   1.8556256e+01   0.0000000e+00
   1.1755340e+01   1.8555647e+01   0.0000000e+00
   1.1757830e+01   1.8555038e+01   0.0000000e+00
   1.1760319e+01   1.8554428e+01   0.0000000e+00
   1.1762809e+01   1.8553818e+01   0.0000000e+00
   1.1765298e+01   1.8553209e+01   0.0000000e+00
   1.1767787e+01   1.8552599e+01   0.0000000e+00
   1.1770276e+01   1.8551989e+01   0.0000000e+00
   1.1772765e+01   1.8551379e+01   0.0000000e+00
   1.1775254e+01   1.8550769e+01   0.0000000e+00
   1.1777742e+01   1.8550158e+01   0.0000000e+00
   1.1780231e+01   1.8549548e+01   0.0000000e+00
   1.1782719e+01   1.8548938e+01   0.0000000e+00
   1.1785207e+01   1.8548327e+01   0.0000000e+00
   1.1787696e+01   1.8547717e+01   0.0000000e+00
   1.1790183e+01   1.8547106e+01   0.0000000e+00
   1.1792671e+01   1.8546495e+01   0.0000000e+00
   1.1795159e+01   1.8545884e+01   0.0000000e+00
   1.1797646e+01   1.8545273e+01   0.0000000e+00
   1.1800134e+01   1.8544662e+01   0.0000000e+00
   1.1802621e+01   1.8544051e+01   0.0000000e+00
   1.1805108e+01   1.8543440e+01   0.0000000e+00
   1.1807595e+01   1.8542829e+01   0.0000000e+00
   1.1810082e+01   1.8542217e+01   0.0000000e+00
   1.1812568e+01   1.8541606e+01   0.0000000e+00
   1.1815055e+01   1.8540994e+01   0.0000000e+00
   1.1817541e+01   1.8540382e+01   0.0000000e+00
   1.1820027e+01   1.8539771e+01   0.0000000e+00
   1.1822513e+01   1.8539159e+01   0.0000000e+00
   1.1824999e+01   1.8538547e+01   0.0000000e+00
   1.1827485e+01   1.8537935e+01   0.0000000e+00
   1.1829971e+01   1.8537323e+01   0.0000000e+00
   1.1832456e+01   1.8536710e+01   0.0000000e+00
   1.1834942e+01   1.8536098e+01   0.0000000e+00
   1.1837427e+01   1.8535486e+01   0.0000000e+00
   1.1839912e+01   1.8534873e+01   0.0000000e+00
   1.1842397e+01   1.8534260e+01   0.0000000e+00
   1.1844882e+01   1.8533648e+01   0.0000000e+00
   1.1847366e+01   1.8533035e+01   0.0000000e+00
   1.1849851e+01   1.8532422e+01   0.0000000e+00
   1.1852335e+01   1.8531809e+01   0.0000000e+00
   1.1854820e+01   1.8531196e+01   0.0000000e+00
   1.1857304e+01   1.8530583e+01   0.0000000e+00
   1.1859788e+01   1.8529970e+01   0.0000000e+00
   1.1862272e+01   1.8529356e+01   0.0000000e+00
   1.1864755e+01   1.8528743e+01   0.0000000e+00
   1.1867239e+01   1.8528129e+01   0.0000000e+00
   1.1869722e+01   1.8527516e+01   0.0000000e+00
   1.1872206e+01   1.8526902e+01   0.0000000e+00
   1.1874689e+01   1.8526288e+01   0.0000000e+00
   1.1877172e+01   1.8525674e+01   0.0000000e+00
   1.1879655e+01   1.8525060e+01   0.0000000e+00
   1.1882138e+01   1.8524446e+01   0.0000000e+00
   1.1884620e+01   1.8523832e+01   0.0000000e+00
   1.1887103e+01   1.8523218e+01   0.0000000e+00
   1.1889585e+01   1.8522603e+01   0.0000000e+00
   1.1892068e+01   1.8521989e+01   0.0000000e+00
   1.1894550e+01   1.8521374e+01   0.0000000e+00
   1.1897032e+01   1.8520760e+01   0.0000000e+00
   1.1899514e+01   1.8520145e+01   0.0000000e+00
   1.1901995e+01   1.8519530e+01   0.0000000e+00
   1.1904477e+01   1.8518915e+01   0.0000000e+00
   1.1906958e+01   1.8518300e+01   0.0000000e+00
   1.1909440e+01   1.8517685e+01   0.0000000e+00
   1.1911921e+01   1.8517070e+01   0.0000000e+00
   1.1914402e+01   1.8516455e+01   0.0000000e+00
   1.1916883e+01   1.8515839e+01   0.0000000e+00
   1.1919364e+01   1.8515224e+01   0.0000000e+00
   1.1921844e+01   1.8514608e+01   0.0000000e+00
   1.1924325e+01   1.8513992e+01   0.0000000e+00
   1.1926805e+01   1.8513377e+01   0.0000000e+00
   1.1929285e+01   1.8512761e+01   0.0000000e+00
   1.1931766e+01   1.8512145e+01   0.0000000e+00
   1.1934246e+01   1.8511529e+01   0.0000000e+00
   1.1936725e+01   1.8510913e+01   0.0000000e+00
   1.1939205e+01   1.8510296e+01   0.0000000e+00
   1.1941685e+01   1.8509680e+01   0.0000000e+00
   1.1944164e+01   1.8509064e+01   0.0000000e+00
   1.1946644e+01   1.8508447e+01   0.0000000e+00
   1.1949123e+01   1.8507831e+01   0.0000000e+00
   1.1951602e+01   1.8507214e+01   0.0000000e+00
   1.1954081e+01   1.8506597e+01   0.0000000e+00
   1.1956560e+01   1.8505980e+01   0.0000000e+00
   1.1959038e+01   1.8505363e+01   0.0000000e+00
   1.1961517e+01   1.8504746e+01   0.0000000e+00
   1.1963995e+01   1.8504129e+01   0.0000000e+00
   1.1966474e+01   1.8503512e+01   0.0000000e+00
   1.1968952e+01   1.8502895e+01   0.0000000e+00
   1.1971430e+01   1.8502277e+01   0.0000000e+00
   1.1973908e+01   1.8501660e+01   0.0000000e+00
   1.1976386e+01   1.8501042e+01   0.0000000e+00
   1.1978863e+01   1.8500424e+01   0.0000000e+00
   1.1981341e+01   1.8499806e+01   0.0000000e+00
   1.1983818e+01   1.8499188e+01   0.0000000e+00
   1.1986296e+01   1.8498570e+01   0.0000000e+00
   1.1988773e+01   1.8497952e+01   0.0000000e+00
   1.1991250e+01   1.8497334e+01   0.0000000e+00
   1.1993727e+01   1.8496716e+01   0.0000000e+00
   1.1996204e+01   1.8496098e+01   0.0000000e+00
   1.1998680e+01   1.8495479e+01   0.0000000e+00
   1.2001157e+01   1.8494861e+01   0.0000000e+00
   1.2003633e+01   1.8494242e+01   0.0000000e+00
   1.2006110e+01   1.8493623e+01   0.0000000e+00
   1.2008586e+01   1.8493004e+01   0.0000000e+00
   1.2011062e+01   1.8492385e+01   0.0000000e+00
   1.2013538e+01   1.8491766e+01   0.0000000e+00
   1.2016013e+01   1.8491147e+01   0.0000000e+00
   1.2018489e+01   1.8490528e+01   0.0000000e+00
   1.2020965e+01   1.8489909e+01   0.0000000e+00
   1.2023440e+01   1.8489289e+01   0.0000000e+00
   1.2025915e+01   1.8488670e+01   0.0000000e+00
   1.2028391e+01   1.8488050e+01   0.0000000e+00
   1.2030866e+01   1.8487430e+01   0.0000000e+00
   1.2033340e+01   1.8486811e+01   0.0000000e+00
   1.2035815e+01   1.8486191e+01   0.0000000e+00
   1.2038290e+01   1.8485571e+01   0.0000000e+00
   1.2040765e+01   1.8484951e+01   0.0000000e+00
   1.2043239e+01   1.8484331e+01   0.0000000e+00
   1.2045713e+01   1.8483710e+01   0.0000000e+00
   1.2048187e+01   1.8483090e+01   0.0000000e+00
   1.2050661e+01   1.8482470e+01   0.0000000e+00
   1.2053135e+01   1.8481849e+01   0.0000000e+00
   1.2055609e+01   1.8481228e+01   0.0000000e+00
   1.2058083e+01   1.8480608e+01   0.0000000e+00
   1.2060557e+01   1.8479987e+01   0.0000000e+00
   1.2063030e+01   1.8479366e+01   0.0000000e+00
   1.2065503e+01   1.8478745e+01   0.0000000e+00
   1.2067977e+01   1.8478124e+01   0.0000000e+00
   1.2070450e+01   1.8477503e+01   0.0000000e+00
   1.2072923e+01   1.8476881e+01   0.0000000e+00
   1.2075395e+01   1.8476260e+01   0.0000000e+00
   1.2077868e+01   1.8475638e+01   0.0000000e+00
   1.2080341e+01   1.8475017e+01   0.0000000e+00
   1.2082813e+01   1.8474395e+01   0.0000000e+00
   1.2085286e+01   1.8473773e+01   0.0000000e+00
   1.2087758e+01   1.8473152e+01   0.0000000e+00
   1.2090230e+01   1.8472530e+01   0.0000000e+00
   1.2092702e+01   1.8471908e+01   0.0000000e+00
   1.2095174e+01   1.8471285e+01   0.0000000e+00
   1.2097646e+01   1.8470663e+01   0.0000000e+00
   1.2100117e+01   1.8470041e+01   0.0000000e+00
   1.2102589e+01   1.8469418e+01   0.0000000e+00
   1.2105060e+01   1.8468796e+01   0.0000000e+00
   1.2107532e+01   1.8468173e+01   0.0000000e+00
   1.2110003e+01   1.8467550e+01   0.0000000e+00
   1.2112474e+01   1.8466928e+01   0.0000000e+00
   1.2114945e+01   1.8466305e+01   0.0000000e+00
   1.2117416e+01   1.8465682e+01   0.0000000e+00
   1.2119886e+01   1.8465059e+01   0.0000000e+00
   1.2122357e+01   1.8464435e+01   0.0000000e+00
   1.2124827e+01   1.8463812e+01   0.0000000e+00
   1.2127298e+01   1.8463189e+01   0.0000000e+00
   1.2129768e+01   1.8462565e+01   0.0000000e+00
   1.2132238e+01   1.8461942e+01   0.0000000e+00
   1.2134708e+01   1.8461318e+01   0.0000000e+00
   1.2137178e+01   1.8460694e+01   0.0000000e+00
   1.2139648e+01   1.8460070e+01   0.0000000e+00
   1.2142118e+01   1.8459447e+01   0.0000000e+00
   1.2144587e+01   1.8458822e+01   0.0000000e+00
   1.2147057e+01   1.8458198e+01   0.0000000e+00
   1.2149526e+01   1.8457574e+01   0.0000000e+00
   1.2151995e+01   1.8456950e+01   0.0000000e+00
   1.2154464e+01   1.8456325e+01   0.0000000e+00
   1.2156933e+01   1.8455701e+01   0.0000000e+00
   1.2159402e+01   1.8455076e+01   0.0000000e+00
   1.2161871e+01   1.8454451e+01   0.0000000e+00
   1.2164339e+01   1.8453827e+01   0.0000000e+00
   1.2166808e+01   1.8453202e+01   0.0000000e+00
   1.2169276e+01   1.8452577e+01   0.0000000e+00
   1.2171745e+01   1.8451952e+01   0.0000000e+00
   1.2174213e+01   1.8451326e+01   0.0000000e+00
   1.2176681e+01   1.8450701e+01   0.0000000e+00
   1.2179149e+01   1.8450076e+01   0.0000000e+00
   1.2181617e+01   1.8449450e+01   0.0000000e+00
   1.2184085e+01   1.8448825e+01   0.0000000e+00
   1.2186552e+01   1.8448199e+01   0.0000000e+00
   1.2189020e+01   1.8447573e+01   0.0000000e+00
   1.2191487e+01   1.8446947e+01   0.0000000e+00
   1.2193954e+01   1.8446321e+01   0.0000000e+00
   1.2196422e+01   1.8445695e+01   0.0000000e+00
   1.2198889e+01   1.8445069e+01   0.0000000e+00
   1.2201356e+01   1.8444443e+01   0.0000000e+00
   1.2203822e+01   1.8443817e+01   0.0000000e+00
   1.2206289e+01   1.8443190e+01   0.0000000e+00
   1.2208756e+01   1.8442564e+01   0.0000000e+00
   1.2211222e+01   1.8441937e+01   0.0000000e+00
   1.2213689e+01   1.8441310e+01   0.0000000e+00
   1.2216155e+01   1.8440683e+01   0.0000000e+00
   1.2218621e+01   1.8440057e+01   0.0000000e+00
   1.2221087e+01   1.8439430e+01   0.0000000e+00
   1.2223553e+01   1.8438802e+01   0.0000000e+00
   1.2226019e+01   1.8438175e+01   0.0000000e+00
   1.2228485e+01   1.8437548e+01   0.0000000e+00
   1.2230950e+01   1.8436921e+01   0.0000000e+00
   1.2233416e+01   1.8436293e+01   0.0000000e+00
   1.2235881e+01   1.8435665e+01   0.0000000e+00
   1.2238347e+01   1.8435038e+01   0.0000000e+00
   1.2240812e+01   1.8434410e+01   0.0000000e+00
   1.2243277e+01   1.8433782e+01   0.0000000e+00
   1.2245742e+01   1.8433154e+01   0.0000000e+00
   1.2248207e+01   1.8432526e+01   0.0000000e+00
   1.2250671e+01   1.8431898e+01   0.0000000e+00
   1.2253136e+01   1.8431270e+01   0.0000000e+00
   1.2255601e+01   1.8430641e+01   0.0000000e+00
   1.2258065e+01   1.8430013e+01   0.0000000e+00
   1.2260529e+01   1.8429384e+01   0.0000000e+00
   1.2262994e+01   1.8428756e+01   0.0000000e+00
   1.2265458e+01   1.8428127e+01   0.0000000e+00
   1.2267922e+01   1.8427498e+01   0.0000000e+00
   1.2270386e+01   1.8426869e+01   0.0000000e+00
   1.2272850e+01   1.8426240e+01   0.0000000e+00
   1.2275313e+01   1.8425611e+01   0.0000000e+00
   1.2277777e+01   1.8424982e+01   0.0000000e+00
   1.2280240e+01   1.8424352e+01   0.0000000e+00
   1.2282704e+01   1.8423723e+01   0.0000000e+00
   1.2285167e+01   1.8423093e+01   0.0000000e+00
   1.2287630e+01   1.8422464e+01   0.0000000e+00
   1.2290093e+01   1.8421834e+01   0.0000000e+00
   1.2292556e+01   1.8421204e+01   0.0000000e+00
   1.2295019e+01   1.8420574e+01   0.0000000e+00
   1.2297482e+01   1.8419944e+01   0.0000000e+00
   1.2299944e+01   1.8419314e+01   0.0000000e+00
   1.2302407e+01   1.8418684e+01   0.0000000e+00
   1.2304869e+01   1.8418054e+01   0.0000000e+00
   1.2307332e+01   1.8417423e+01   0.0000000e+00
   1.2309794e+01   1.8416793e+01   0.0000000e+00
   1.2312256e+01   1.8416162e+01   0.0000000e+00
   1.2314718e+01   1.8415531e+01   0.0000000e+00
   1.2317180e+01   1.8414901e+01   0.0000000e+00
   1.2319642e+01   1.8414270e+01   0.0000000e+00
   1.2322103e+01   1.8413639e+01   0.0000000e+00
   1.2324565e+01   1.8413008e+01   0.0000000e+00
   1.2327027e+01   1.8412377e+01   0.0000000e+00
   1.2329488e+01   1.8411745e+01   0.0000000e+00
   1.2331949e+01   1.8411114e+01   0.0000000e+00
   1.2334410e+01   1.8410482e+01   0.0000000e+00
   1.2336872e+01   1.8409851e+01   0.0000000e+00
   1.2339333e+01   1.8409219e+01   0.0000000e+00
   1.2341793e+01   1.8408587e+01   0.0000000e+00
   1.2344254e+01   1.8407956e+01   0.0000000e+00
   1.2346715e+01   1.8407324e+01   0.0000000e+00
   1.2349176e+01   1.8406692e+01   0.0000000e+00
   1.2351636e+01   1.8406059e+01   0.0000000e+00
   1.2354096e+01   1.8405427e+01   0.0000000e+00
   1.2356557e+01   1.8404795e+01   0.0000000e+00
   1.2359017e+01   1.8404162e+01   0.0000000e+00
   1.2361477e+01   1.8403530e+01   0.0000000e+00
   1.2363937e+01   1.8402897e+01   0.0000000e+00
   1.2366397e+01   1.8402264e+01   0.0000000e+00
   1.2368857e+01   1.8401632e+01   0.0000000e+00
   1.2371316e+01   1.8400999e+01   0.0000000e+00
   1.2373776e+01   1.8400366e+01   0.0000000e+00
   1.2376235e+01   1.8399733e+01   0.0000000e+00
   1.2378695e+01   1.8399099e+01   0.0000000e+00
   1.2381154e+01   1.8398466e+01   0.0000000e+00
   1.2383613e+01   1.8397833e+01   0.0000000e+00
   1.2386072e+01   1.8397199e+01   0.0000000e+00
   1.2388531e+01   1.8396565e+01   0.0000000e+00
   1.2390990e+01   1.8395932e+01   0.0000000e+00
   1.2393449e+01   1.8395298e+01   0.0000000e+00
   1.2395908e+01   1.8394664e+01   0.0000000e+00
   1.2398366e+01   1.8394030e+01   0.0000000e+00
   1.2400825e+01   1.8393396e+01   0.0000000e+00
   1.2403283e+01   1.8392762e+01   0.0000000e+00
   1.2405742e+01   1.8392127e+01   0.0000000e+00
   1.2408200e+01   1.8391493e+01   0.0000000e+00
   1.2410658e+01   1.8390859e+01   0.0000000e+00
   1.2413116e+01   1.8390224e+01   0.0000000e+00
   1.2415574e+01   1.8389589e+01   0.0000000e+00
   1.2418032e+01   1.8388954e+01   0.0000000e+00
   1.2420490e+01   1.8388320e+01   0.0000000e+00
   1.2422947e+01   1.8387685e+01   0.0000000e+00
   1.2425405e+01   1.8387049e+01   0.0000000e+00
   1.2427862e+01   1.8386414e+01   0.0000000e+00
   1.2430320e+01   1.8385779e+01   0.0000000e+00
   1.2432777e+01   1.8385144e+01   0.0000000e+00
   1.2435234e+01   1.8384508e+01   0.0000000e+00
   1.2437691e+01   1.8383873e+01   0.0000000e+00
   1.2440148e+01   1.8383237e+01   0.0000000e+00
   1.2442605e+01   1.8382601e+01   0.0000000e+00
   1.2445062e+01   1.8381965e+01   0.0000000e+00
   1.2447518e+01   1.8381329e+01   0.0000000e+00
   1.2449975e+01   1.8380693e+01   0.0000000e+00
   1.2452432e+01   1.8380057e+01   0.0000000e+00
   1.2454888e+01   1.8379421e+01   0.0000000e+00
   1.2457344e+01   1.8378784e+01   0.0000000e+00
   1.2459800e+01   1.8378148e+01   0.0000000e+00
   1.2462257e+01   1.8377511e+01   0.0000000e+00
   1.2464713e+01   1.8376875e+01   0.0000000e+00
   1.2467169e+01   1.8376238e+01   0.0000000e+00
   1.2469624e+01   1.8375601e+01   0.0000000e+00
   1.2472080e+01   1.8374964e+01   0.0000000e+00
   1.2474536e+01   1.8374327e+01   0.0000000e+00
   1.2476991e+01   1.8373690e+01   0.0000000e+00
   1.2479447e+01   1.8373053e+01   0.0000000e+00
   1.2481902e+01   1.8372415e+01   0.0000000e+00
   1.2484358e+01   1.8371778e+01   0.0000000e+00
   1.2486813e+01   1.8371140e+01   0.0000000e+00
   1.2489268e+01   1.8370503e+01   0.0000000e+00
   1.2491723e+01   1.8369865e+01   0.0000000e+00
   1.2494178e+01   1.8369227e+01   0.0000000e+00
   1.2496633e+01   1.8368589e+01   0.0000000e+00
   1.2499088e+01   1.8367951e+01   0.0000000e+00
   1.2501542e+01   1.8367313e+01   0.0000000e+00
   1.2503997e+01   1.8366675e+01   0.0000000e+00
   1.2506451e+01   1.8366036e+01   0.0000000e+00
   1.2508906e+01   1.8365398e+01   0.0000000e+00
   1.2511360e+01   1.8364759e+01   0.0000000e+00
   1.2513814e+01   1.8364121e+01   0.0000000e+00
   1.2516268e+01   1.8363482e+01   0.0000000e+00
   1.2518722e+01   1.8362843e+01   0.0000000e+00
   1.2521176e+01   1.8362204e+01   0.0000000e+00
   1.2523630e+01   1.8361565e+01   0.0000000e+00
   1.2526084e+01   1.8360926e+01   0.0000000e+00
   1.2528538e+01   1.8360287e+01   0.0000000e+00
   1.2530991e+01   1.8359647e+01   0.0000000e+00
   1.2533445e+01   1.8359008e+01   0.0000000e+00
   1.2535898e+01   1.8358368e+01   0.0000000e+00
   1.2538351e+01   1.8357729e+01   0.0000000e+00
   1.2540805e+01   1.8357089e+01   0.0000000e+00
   1.2543258e+01   1.8356449e+01   0.0000000e+00
   1.2545711e+01   1.8355809e+01   0.0000000e+00
   1.2548164e+01   1.8355169e+01   0.0000000e+00
   1.2550617e+01   1.8354529e+01   0.0000000e+00
   1.2553069e+01   1.8353889e+01   0.0000000e+00
   1.2555522e+01   1.8353248e+01   0.0000000e+00
   1.2557975e+01   1.8352608e+01   0.0000000e+00
   1.2560427e+01   1.8351967e+01   0.0000000e+00
   1.2562880e+01   1.8351327e+01   0.0000000e+00
   1.2565332e+01   1.8350686e+01   0.0000000e+00
   1.2567784e+01   1.8350045e+01   0.0000000e+00
   1.2570237e+01   1.8349404e+01   0.0000000e+00
   1.2572689e+01   1.8348763e+01   0.0000000e+00
   1.2575141e+01   1.8348122e+01   0.0000000e+00
   1.2577593e+01   1.8347481e+01   0.0000000e+00
   1.2580044e+01   1.8346839e+01   0.0000000e+00
   1.2582496e+01   1.8346198e+01   0.0000000e+00
   1.2584948e+01   1.8345556e+01   0.0000000e+00
   1.2587399e+01   1.8344915e+01   0.0000000e+00
   1.2589851e+01   1.8344273e+01   0.0000000e+00
   1.2592302e+01   1.8343631e+01   0.0000000e+00
   1.2594754e+01   1.8342989e+01   0.0000000e+00
   1.2597205e+01   1.8342347e+01   0.0000000e+00
   1.2599656e+01   1.8341705e+01   0.0000000e+00
   1.2602107e+01   1.8341063e+01   0.0000000e+00
   1.2604558e+01   1.8340421e+01   0.0000000e+00
   1.2607009e+01   1.8339778e+01   0.0000000e+00
   1.2609460e+01   1.8339136e+01   0.0000000e+00
   1.2611911e+01   1.8338493e+01   0.0000000e+00
   1.2614361e+01   1.8337850e+01   0.0000000e+00
   1.2616812e+01   1.8337207e+01   0.0000000e+00
   1.2619263e+01   1.8336564e+01   0.0000000e+00
   1.2621713e+01   1.8335921e+01   0.0000000e+00
   1.2624163e+01   1.8335278e+01   0.0000000e+00
   1.2626614e+01   1.8334635e+01   0.0000000e+00
   1.2629064e+01   1.8333992e+01   0.0000000e+00
   1.2631514e+01   1.8333348e+01   0.0000000e+00
   1.2633964e+01   1.8332705e+01   0.0000000e+00
   1.2636414e+01   1.8332061e+01   0.0000000e+00
   1.2638864e+01   1.8331417e+01   0.0000000e+00
   1.2641313e+01   1.8330773e+01   0.0000000e+00
   1.2643763e+01   1.8330129e+01   0.0000000e+00
   1.2646213e+01   1.8329485e+01   0.0000000e+00
   1.2648662e+01   1.8328841e+01   0.0000000e+00
   1.2651112e+01   1.8328197e+01   0.0000000e+00
   1.2653561e+01   1.8327553e+01   0.0000000e+00
   1.2656010e+01   1.8326908e+01   0.0000000e+00
   1.2658459e+01   1.8326264e+01   0.0000000e+00
   1.2660909e+01   1.8325619e+01   0.0000000e+00
   1.2663358e+01   1.8324974e+01   0.0000000e+00
   1.2665807e+01   1.8324329e+01   0.0000000e+00
   1.2668255e+01   1.8323684e+01   0.0000000e+00
   1.2670704e+01   1.8323039e+01   0.0000000e+00
   1.2673153e+01   1.8322394e+01   0.0000000e+00
   1.2675602e+01   1.8321749e+01   0.0000000e+00
   1.2678050e+01   1.8321103e+01   0.0000000e+00
   1.2680499e+01   1.8320458e+01   0.0000000e+00
   1.2682947e+01   1.8319812e+01   0.0000000e+00
   1.2685395e+01   1.8319167e+01   0.0000000e+00
   1.2687844e+01   1.8318521e+01   0.0000000e+00
   1.2690292e+01   1.8317875e+01   0.0000000e+00
   1.2692740e+01   1.8317229e+01   0.0000000e+00
   1.2695188e+01   1.8316583e+01   0.0000000e+00
   1.2697636e+01   1.8315937e+01   0.0000000e+00
   1.2700084e+01   1.8315291e+01   0.0000000e+00
   1.2702531e+01   1.8314644e+01   0.0000000e+00
   1.2704979e+01   1.8313998e+01   0.0000000e+00
   1.2707427e+01   1.8313351e+01   0.0000000e+00
   1.2709874e+01   1.8312704e+01   0.0000000e+00
   1.2712322e+01   1.8312058e+01   0.0000000e+00
   1.2714769e+01   1.8311411e+01   0.0000000e+00
   1.2717217e+01   1.8310764e+01   0.0000000e+00
   1.2719664e+01   1.8310117e+01   0.0000000e+00
   1.2722111e+01   1.8309470e+01   0.0000000e+00
   1.2724558e+01   1.8308822e+01   0.0000000e+00
   1.2727005e+01   1.8308175e+01   0.0000000e+00
   1.2729452e+01   1.8307527e+01   0.0000000e+00
   1.2731899e+01   1.8306880e+01   0.0000000e+00
   1.2734346e+01   1.8306232e+01   0.0000000e+00
   1.2736792e+01   1.8305584e+01   0.0000000e+00
   1.2739239e+01   1.8304936e+01   0.0000000e+00
   1.2741686e+01   1.8304288e+01   0.0000000e+00
   1.2744132e+01   1.8303640e+01   0.0000000e+00
   1.2746578e+01   1.8302992e+01   0.0000000e+00
   1.2749025e+01   1.8302344e+01   0.0000000e+00
   1.2751471e+01   1.8301695e+01   0.0000000e+00
   1.2753917e+01   1.8301047e+01   0.0000000e+00
   1.2756363e+01   1.8300398e+01   0.0000000e+00
   1.2758809e+01   1.8299749e+01   0.0000000e+00
   1.2761255e+01   1.8299101e+01   0.0000000e+00
   1.2763701e+01   1.8298452e+01   0.0000000e+00
   1.2766147e+01   1.8297803e+01   0.0000000e+00
   1.2768593e+01   1.8297153e+01   0.0000000e+00
   1.2771039e+01   1.8296504e+01   0.0000000e+00
   1.2773484e+01   1.8295855e+01   0.0000000e+00
   1.2775930e+01   1.8295205e+01   0.0000000e+00
   1.2778375e+01   1.8294556e+01   0.0000000e+00
   1.2780821e+01   1.8293906e+01   0.0000000e+00
   1.2783266e+01   1.8293257e+01   0.0000000e+00
   1.2785711e+01   1.8292607e+01   0.0000000e+00
   1.2788156e+01   1.8291957e+01   0.0000000e+00
   1.2790601e+01   1.8291307e+01   0.0000000e+00
   1.2793046e+01   1.8290657e+01   0.0000000e+00
   1.2795491e+01   1.8290006e+01   0.0000000e+00
   1.2797936e+01   1.8289356e+01   0.0000000e+00
   1.2800381e+01   1.8288705e+01   0.0000000e+00
   1.2802826e+01   1.8288055e+01   0.0000000e+00
   1.2805270e+01   1.8287404e+01   0.0000000e+00
   1.2807715e+01   1.8286753e+01   0.0000000e+00
   1.2810160e+01   1.8286103e+01   0.0000000e+00
   1.2812604e+01   1.8285452e+01   0.0000000e+00
   1.2815048e+01   1.8284801e+01   0.0000000e+00
   1.2817493e+01   1.8284149e+01   0.0000000e+00
   1.2819937e+01   1.8283498e+01   0.0000000e+00
   1.2822381e+01   1.8282847e+01   0.0000000e+00
   1.2824825e+01   1.8282195e+01   0.0000000e+00
   1.2827269e+01   1.8281544e+01   0.0000000e+00
   1.2829713e+01   1.8280892e+01   0.0000000e+00
   1.2832157e+01   1.8280240e+01   0.0000000e+00
   1.2834601e+01   1.8279588e+01   0.0000000e+00
   1.2837045e+01   1.8278936e+01   0.0000000e+00
   1.2839488e+01   1.8278284e+01   0.0000000e+00
   1.2841932e+01   1.8277632e+01   0.0000000e+00
   1.2844376e+01   1.8276980e+01   0.0000000e+00
   1.2846819e+01   1.8276327e+01   0.0000000e+00
   1.2849262e+01   1.8275675e+01   0.0000000e+00
   1.2851706e+01   1.8275022e+01   0.0000000e+00
   1.2854149e+01   1.8274369e+01   0.0000000e+00
   1.2856592e+01   1.8273716e+01   0.0000000e+00
   1.2859035e+01   1.8273063e+01   0.0000000e+00
   1.2861479e+01   1.8272410e+01   0.0000000e+00
   1.2863922e+01   1.8271757e+01   0.0000000e+00
   1.2866365e+01   1.8271104e+01   0.0000000e+00
   1.2868807e+01   1.8270451e+01   0.0000000e+00
   1.2871250e+01   1.8269797e+01   0.0000000e+00
   1.2873693e+01   1.8269144e+01   0.0000000e+00
   1.2876136e+01   1.8268490e+01   0.0000000e+00
   1.2878578e+01   1.8267836e+01   0.0000000e+00
   1.2881021e+01   1.8267182e+01   0.0000000e+00
   1.2883463e+01   1.8266528e+01   0.0000000e+00
   1.2885906e+01   1.8265874e+01   0.0000000e+00
   1.2888348e+01   1.8265220e+01   0.0000000e+00
   1.2890790e+01   1.8264566e+01   0.0000000e+00
   1.2893233e+01   1.8263912e+01   0.0000000e+00
   1.2895675e+01   1.8263257e+01   0.0000000e+00
   1.2898117e+01   1.8262602e+01   0.0000000e+00
   1.2900559e+01   1.8261948e+01   0.0000000e+00
   1.2903001e+01   1.8261293e+01   0.0000000e+00
   1.2905443e+01   1.8260638e+01   0.0000000e+00
   1.2907884e+01   1.8259983e+01   0.0000000e+00
   1.2910326e+01   1.8259328e+01   0.0000000e+00
   1.2912768e+01   1.8258673e+01   0.0000000e+00
   1.2915210e+01   1.8258017e+01   0.0000000e+00
   1.2917651e+01   1.8257362e+01   0.0000000e+00
   1.2920093e+01   1.8256706e+01   0.0000000e+00
   1.2922534e+01   1.8256051e+01   0.0000000e+00
   1.2924975e+01   1.8255395e+01   0.0000000e+00
   1.2927417e+01   1.8254739e+01   0.0000000e+00
   1.2929858e+01   1.8254083e+01   0.0000000e+00
   1.2932299e+01   1.8253427e+01   0.0000000e+00
   1.2934740e+01   1.8252771e+01   0.0000000e+00
   1.2937181e+01   1.8252115e+01   0.0000000e+00
   1.2939622e+01   1.8251458e+01   0.0000000e+00
   1.2942063e+01   1.8250802e+01   0.0000000e+00
   1.2944504e+01   1.8250145e+01   0.0000000e+00
   1.2946945e+01   1.8249489e+01   0.0000000e+00
   1.2949386e+01   1.8248832e+01   0.0000000e+00
   1.2951827e+01   1.8248175e+01   0.0000000e+00
   1.2954267e+01   1.8247518e+01   0.0000000e+00
   1.2956708e+01   1.8246861e+01   0.0000000e+00
   1.2959148e+01   1.8246204e+01   0.0000000e+00
   1.2961589e+01   1.8245546e+01   0.0000000e+00
   1.2964029e+01   1.8244889e+01   0.0000000e+00
   1.2966469e+01   1.8244232e+01   0.0000000e+00
   1.2968910e+01   1.8243574e+01   0.0000000e+00
   1.2971350e+01   1.8242916e+01   0.0000000e+00
   1.2973790e+01   1.8242258e+01   0.0000000e+00
   1.2976230e+01   1.8241600e+01   0.0000000e+00
   1.2978670e+01   1.8240942e+01   0.0000000e+00
   1.2981110e+01   1.8240284e+01   0.0000000e+00
   1.2983550e+01   1.8239626e+01   0.0000000e+00
   1.2985990e+01   1.8238968e+01   0.0000000e+00
   1.2988430e+01   1.8238309e+01   0.0000000e+00
   1.2990869e+01   1.8237651e+01   0.0000000e+00
   1.2993309e+01   1.8236992e+01   0.0000000e+00
   1.2995749e+01   1.8236333e+01   0.0000000e+00
   1.2998188e+01   1.8235674e+01   0.0000000e+00
   1.3000628e+01   1.8235015e+01   0.0000000e+00
   1.3003067e+01   1.8234356e+01   0.0000000e+00
   1.3005506e+01   1.8233697e+01   0.0000000e+00
   1.3007946e+01   1.8233038e+01   0.0000000e+00
   1.3010385e+01   1.8232378e+01   0.0000000e+00
   1.3012824e+01   1.8231719e+01   0.0000000e+00
   1.3015263e+01   1.8231059e+01   0.0000000e+00
   1.3017702e+01   1.8230400e+01   0.0000000e+00
   1.3020141e+01   1.8229740e+01   0.0000000e+00
   1.3022580e+01   1.8229080e+01   0.0000000e+00
   1.3025019e+01   1.8228420e+01   0.0000000e+00
   1.3027458e+01   1.8227760e+01   0.0000000e+00
   1.3029897e+01   1.8227099e+01   0.0000000e+00
   1.3032336e+01   1.8226439e+01   0.0000000e+00
   1.3034774e+01   1.8225779e+01   0.0000000e+00
   1.3037213e+01   1.8225118e+01   0.0000000e+00
   1.3039652e+01   1.8224457e+01   0.0000000e+00
   1.3042090e+01   1.8223797e+01   0.0000000e+00
   1.3044529e+01   1.8223136e+01   0.0000000e+00
   1.3046967e+01   1.8222475e+01   0.0000000e+00
   1.3049405e+01   1.8221814e+01   0.0000000e+00
   1.3051844e+01   1.8221152e+01   0.0000000e+00
   1.3054282e+01   1.8220491e+01   0.0000000e+00
   1.3056720e+01   1.8219830e+01   0.0000000e+00
   1.3059158e+01   1.8219168e+01   0.0000000e+00
   1.3061596e+01   1.8218507e+01   0.0000000e+00
   1.3064034e+01   1.8217845e+01   0.0000000e+00
   1.3066472e+01   1.8217183e+01   0.0000000e+00
   1.3068910e+01   1.8216521e+01   0.0000000e+00
   1.3071348e+01   1.8215859e+01   0.0000000e+00
   1.3073786e+01   1.8215197e+01   0.0000000e+00
   1.3076223e+01   1.8214535e+01   0.0000000e+00
   1.3078661e+01   1.8213872e+01   0.0000000e+00
   1.3081099e+01   1.8213210e+01   0.0000000e+00
   1.3083536e+01   1.8212547e+01   0.0000000e+00
   1.3085974e+01   1.8211885e+01   0.0000000e+00
   1.3088411e+01   1.8211222e+01   0.0000000e+00
   1.3090849e+01   1.8210559e+01   0.0000000e+00
   1.3093286e+01   1.8209896e+01   0.0000000e+00
   1.3095723e+01   1.8209233e+01   0.0000000e+00
   1.3098161e+01   1.8208570e+01   0.0000000e+00
   1.3100598e+01   1.8207906e+01   0.0000000e+00
   1.3103035e+01   1.8207243e+01   0.0000000e+00
   1.3105472e+01   1.8206579e+01   0.0000000e+00
   1.3107909e+01   1.8205916e+01   0.0000000e+00
   1.3110346e+01   1.8205252e+01   0.0000000e+00
   1.3112783e+01   1.8204588e+01   0.0000000e+00
   1.3115220e+01   1.8203924e+01   0.0000000e+00
   1.3117657e+01   1.8203260e+01   0.0000000e+00
   1.3120094e+01   1.8202596e+01   0.0000000e+00
   1.3122530e+01   1.8201932e+01   0.0000000e+00
   1.3124967e+01   1.8201267e+01   0.0000000e+00
   1.3127404e+01   1.8200603e+01   0.0000000e+00
   1.3129840e+01   1.8199938e+01   0.0000000e+00
   1.3132277e+01   1.8199274e+01   0.0000000e+00
   1.3134713e+01   1.8198609e+01   0.0000000e+00
   1.3137150e+01   1.8197944e+01   0.0000000e+00
   1.3139586e+01   1.8197279e+01   0.0000000e+00
   1.3142022e+01   1.8196614e+01   0.0000000e+00
   1.3144459e+01   1.8195948e+01   0.0000000e+00
   1.3146895e+01   1.8195283e+01   0.0000000e+00
   1.3149331e+01   1.8194618e+01   0.0000000e+00
   1.3151767e+01   1.8193952e+01   0.0000000e+00
   1.3154203e+01   1.8193286e+01   0.0000000e+00
   1.3156639e+01   1.8192621e+01   0.0000000e+00
   1.3159075e+01   1.8191955e+01   0.0000000e+00
   1.3161511e+01   1.8191289e+01   0.0000000e+00
   1.3163947e+01   1.8190623e+01   0.0000000e+00
   1.3166383e+01   1.8189957e+01   0.0000000e+00
   1.3168819e+01   1.8189290e+01   0.0000000e+00
   1.3171255e+01   1.8188624e+01   0.0000000e+00
   1.3173690e+01   1.8187957e+01   0.0000000e+00
   1.3176126e+01   1.8187291e+01   0.0000000e+00
   1.3178561e+01   1.8186624e+01   0.0000000e+00
   1.3180997e+01   1.8185957e+01   0.0000000e+00
   1.3183432e+01   1.8185290e+01   0.0000000e+00
   1.3185868e+01   1.8184623e+01   0.0000000e+00
   1.3188303e+01   1.8183956e+01   0.0000000e+00
   1.3190739e+01   1.8183289e+01   0.0000000e+00
   1.3193174e+01   1.8182621e+01   0.0000000e+00
   1.3195609e+01   1.8181954e+01   0.0000000e+00
   1.3198044e+01   1.8181286e+01   0.0000000e+00
   1.3200480e+01   1.8180619e+01   0.0000000e+00
   1.3202915e+01   1.8179951e+01   0.0000000e+00
   1.3205350e+01   1.8179283e+01   0.0000000e+00
   1.3207785e+01   1.8178615e+01   0.0000000e+00
   1.3210220e+01   1.8177947e+01   0.0000000e+00
   1.3212655e+01   1.8177278e+01   0.0000000e+00
   1.3215090e+01   1.8176610e+01   0.0000000e+00
   1.3217525e+01   1.8175942e+01   0.0000000e+00
   1.3219959e+01   1.8175273e+01   0.0000000e+00
   1.3222394e+01   1.8174604e+01   0.0000000e+00
   1.3224829e+01   1.8173936e+01   0.0000000e+00
   1.3227263e+01   1.8173267e+01   0.0000000e+00
   1.3229698e+01   1.8172598e+01   0.0000000e+00
   1.3232133e+01   1.8171929e+01   0.0000000e+00
   1.3234567e+01   1.8171259e+01   0.0000000e+00
   1.3237002e+01   1.8170590e+01   0.0000000e+00
   1.3239436e+01   1.8169921e+01   0.0000000e+00
   1.3241870e+01   1.8169251e+01   0.0000000e+00
   1.3244305e+01   1.8168581e+01   0.0000000e+00
   1.3246739e+01   1.8167912e+01   0.0000000e+00
   1.3249173e+01   1.8167242e+01   0.0000000e+00
   1.3251608e+01   1.8166572e+01   0.0000000e+00
   1.3254042e+01   1.8165902e+01   0.0000000e+00
   1.3256476e+01   1.8165232e+01   0.0000000e+00
   1.3258910e+01   1.8164561e+01   0.0000000e+00
   1.3261344e+01   1.8163891e+01   0.0000000e+00
   1.3263778e+01   1.8163220e+01   0.0000000e+00
   1.3266212e+01   1.8162550e+01   0.0000000e+00
   1.3268646e+01   1.8161879e+01   0.0000000e+00
   1.3271080e+01   1.8161208e+01   0.0000000e+00
   1.3273514e+01   1.8160537e+01   0.0000000e+00
   1.3275947e+01   1.8159866e+01   0.0000000e+00
   1.3278381e+01   1.8159195e+01   0.0000000e+00
   1.3280815e+01   1.8158524e+01   0.0000000e+00
   1.3283249e+01   1.8157852e+01   0.0000000e+00
   1.3285682e+01   1.8157181e+01   0.0000000e+00
   1.3288116e+01   1.8156509e+01   0.0000000e+00
   1.3290549e+01   1.8155838e+01   0.0000000e+00
   1.3292983e+01   1.8155166e+01   0.0000000e+00
   1.3295416e+01   1.8154494e+01   0.0000000e+00
   1.3297850e+01   1.8153822e+01   0.0000000e+00
   1.3300283e+01   1.8153150e+01   0.0000000e+00
   1.3302716e+01   1.8152478e+01   0.0000000e+00
   1.3305150e+01   1.8151805e+01   0.0000000e+00
   1.3307583e+01   1.8151133e+01   0.0000000e+00
   1.3310016e+01   1.8150460e+01   0.0000000e+00
   1.3312449e+01   1.8149787e+01   0.0000000e+00
   1.3314882e+01   1.8149115e+01   0.0000000e+00
   1.3317315e+01   1.8148442e+01   0.0000000e+00
   1.3319748e+01   1.8147769e+01   0.0000000e+00
   1.3322181e+01   1.8147096e+01   0.0000000e+00
   1.3324614e+01   1.8146422e+01   0.0000000e+00
   1.3327047e+01   1.8145749e+01   0.0000000e+00
   1.3329480e+01   1.8145076e+01   0.0000000e+00
   1.3331913e+01   1.8144402e+01   0.0000000e+00
   1.3334346e+01   1.8143728e+01   0.0000000e+00
   1.3336779e+01   1.8143055e+01   0.0000000e+00
   1.3339211e+01   1.8142381e+01   0.0000000e+00
   1.3341644e+01   1.8141707e+01   0.0000000e+00
   1.3344077e+01   1.8141033e+01   0.0000000e+00
   1.3346509e+01   1.8140358e+01   0.0000000e+00
   1.3348942e+01   1.8139684e+01   0.0000000e+00
   1.3351375e+01   1.8139010e+01   0.0000000e+00
   1.3353807e+01   1.8138335e+01   0.0000000e+00
   1.3356240e+01   1.8137661e+01   0.0000000e+00
   1.3358672e+01   1.8136986e+01   0.0000000e+00
   1.3361104e+01   1.8136311e+01   0.0000000e+00
   1.3363537e+01   1.8135636e+01   0.0000000e+00
   1.3365969e+01   1.8134961e+01   0.0000000e+00
   1.3368401e+01   1.8134286e+01   0.0000000e+00
   1.3370834e+01   1.8133610e+01   0.0000000e+00
   1.3373266e+01   1.8132935e+01   0.0000000e+00
   1.3375698e+01   1.8132259e+01   0.0000000e+00
   1.3378130e+01   1.8131584e+01   0.0000000e+00
   1.3380562e+01   1.8130908e+01   0.0000000e+00
   1.3382994e+01   1.8130232e+01   0.0000000e+00
   1.3385426e+01   1.8129556e+01   0.0000000e+00
   1.3387858e+01   1.8128880e+01   0.0000000e+00
   1.3390290e+01   1.8128204e+01   0.0000000e+00
   1.3392722e+01   1.8127528e+01   0.0000000e+00
   1.3395154e+01   1.8126851e+01   0.0000000e+00
   1.3397586e+01   1.8126175e+01   0.0000000e+00
   1.3400018e+01   1.8125498e+01   0.0000000e+00
   1.3402449e+01   1.8124821e+01   0.0000000e+00
   1.3404881e+01   1.8124144e+01   0.0000000e+00
   1.3407313e+01   1.8123467e+01   0.0000000e+00
   1.3409745e+01   1.8122790e+01   0.0000000e+00
   1.3412176e+01   1.8122113e+01   0.0000000e+00
   1.3414608e+01   1.8121436e+01   0.0000000e+00
   1.3417039e+01   1.8120759e+01   0.0000000e+00
   1.3419471e+01   1.8120081e+01   0.0000000e+00
   1.3421902e+01   1.8119403e+01   0.0000000e+00
   1.3424334e+01   1.8118726e+01   0.0000000e+00
   1.3426765e+01   1.8118048e+01   0.0000000e+00
   1.3429197e+01   1.8117370e+01   0.0000000e+00
   1.3431628e+01   1.8116692e+01   0.0000000e+00
   1.3434059e+01   1.8116014e+01   0.0000000e+00
   1.3436491e+01   1.8115335e+01   0.0000000e+00
   1.3438922e+01   1.8114657e+01   0.0000000e+00
   1.3441353e+01   1.8113978e+01   0.0000000e+00
   1.3443784e+01   1.8113300e+01   0.0000000e+00
   1.3446216e+01   1.8112621e+01   0.0000000e+00
   1.3448647e+01   1.8111942e+01   0.0000000e+00
   1.3451078e+01   1.8111263e+01   0.0000000e+00
   1.3453509e+01   1.8110584e+01   0.0000000e+00
   1.3455940e+01   1.8109905e+01   0.0000000e+00
   1.3458371e+01   1.8109226e+01   0.0000000e+00
   1.3460802e+01   1.8108546e+01   0.0000000e+00
   1.3463233e+01   1.8107867e+01   0.0000000e+00
   1.3465664e+01   1.8107187e+01   0.0000000e+00
   1.3468095e+01   1.8106508e+01   0.0000000e+00
   1.3470526e+01   1.8105828e+01   0.0000000e+00
   1.3472956e+01   1.8105148e+01   0.0000000e+00
   1.3475387e+01   1.8104468e+01   0.0000000e+00
   1.3477818e+01   1.8103788e+01   0.0000000e+00
   1.3480249e+01   1.8103107e+01   0.0000000e+00
   1.3482679e+01   1.8102427e+01   0.0000000e+00
   1.3485110e+01   1.8101746e+01   0.0000000e+00
   1.3487541e+01   1.8101066e+01   0.0000000e+00
   1.3489971e+01   1.8100385e+01   0.0000000e+00
   1.3492402e+01   1.8099704e+01   0.0000000e+00
   1.3494832e+01   1.8099023e+01   0.0000000e+00
   1.3497263e+01   1.8098342e+01   0.0000000e+00
   1.3499693e+01   1.8097661e+01   0.0000000e+00
   1.3502124e+01   1.8096980e+01   0.0000000e+00
   1.3504554e+01   1.8096298e+01   0.0000000e+00
   1.3506985e+01   1.8095617e+01   0.0000000e+00
   1.3509415e+01   1.8094935e+01   0.0000000e+00
   1.3511845e+01   1.8094253e+01   0.0000000e+00
   1.3514276e+01   1.8093572e+01   0.0000000e+00
   1.3516706e+01   1.8092890e+01   0.0000000e+00
   1.3519136e+01   1.8092208e+01   0.0000000e+00
   1.3521567e+01   1.8091525e+01   0.0000000e+00
   1.3523997e+01   1.8090843e+01   0.0000000e+00
   1.3526427e+01   1.8090161e+01   0.0000000e+00
   1.3528857e+01   1.8089478e+01   0.0000000e+00
   1.3531287e+01   1.8088796e+01   0.0000000e+00
   1.3533717e+01   1.8088113e+01   0.0000000e+00
   1.3536147e+01   1.8087430e+01   0.0000000e+00
   1.3538577e+01   1.8086747e+01   0.0000000e+00
   1.3541007e+01   1.8086064e+01   0.0000000e+00
   1.3543437e+01   1.8085381e+01   0.0000000e+00
   1.3545867e+01   1.8084698e+01   0.0000000e+00
   1.3548297e+01   1.8084014e+01   0.0000000e+00
   1.3550727e+01   1.8083331e+01   0.0000000e+00
   1.3553157e+01   1.8082647e+01   0.0000000e+00
   1.3555587e+01   1.8081963e+01   0.0000000e+00
   1.3558017e+01   1.8081279e+01   0.0000000e+00
   1.3560447e+01   1.8080595e+01   0.0000000e+00
   1.3562876e+01   1.8079911e+01   0.0000000e+00
   1.3565306e+01   1.8079227e+01   0.0000000e+00
   1.3567736e+01   1.8078543e+01   0.0000000e+00
   1.3570165e+01   1.8077858e+01   0.0000000e+00
   1.3572595e+01   1.8077174e+01   0.0000000e+00
   1.3575025e+01   1.8076489e+01   0.0000000e+00
   1.3577454e+01   1.8075804e+01   0.0000000e+00
   1.3579884e+01   1.8075120e+01   0.0000000e+00
   1.3582314e+01   1.8074435e+01   0.0000000e+00
   1.3584743e+01   1.8073749e+01   0.0000000e+00
   1.3587173e+01   1.8073064e+01   0.0000000e+00
   1.3589602e+01   1.8072379e+01   0.0000000e+00
   1.3592032e+01   1.8071694e+01   0.0000000e+00
   1.3594461e+01   1.8071008e+01   0.0000000e+00
   1.3596890e+01   1.8070322e+01   0.0000000e+00
   1.3599320e+01   1.8069637e+01   0.0000000e+00
   1.3601749e+01   1.8068951e+01   0.0000000e+00
   1.3604179e+01   1.8068265e+01   0.0000000e+00
   1.3606608e+01   1.8067579e+01   0.0000000e+00
   1.3609037e+01   1.8066892e+01   0.0000000e+00
   1.3611466e+01   1.8066206e+01   0.0000000e+00
   1.3613896e+01   1.8065520e+01   0.0000000e+00
   1.3616325e+01   1.8064833e+01   0.0000000e+00
   1.3618754e+01   1.8064146e+01   0.0000000e+00
   1.3621183e+01   1.8063459e+01   0.0000000e+00
   1.3623613e+01   1.8062773e+01   0.0000000e+00
   1.3626042e+01   1.8062086e+01   0.0000000e+00
   1.3628471e+01   1.8061398e+01   0.0000000e+00
   1.3630900e+01   1.8060711e+01   0.0000000e+00
   1.3633329e+01   1.8060024e+01   0.0000000e+00
   1.3635758e+01   1.8059336e+01   0.0000000e+00
   1.3638187e+01   1.8058649e+01   0.0000000e+00
   1.3640616e+01   1.8057961e+01   0.0000000e+00
   1.3643045e+01   1.8057273e+01   0.0000000e+00
   1.3645474e+01   1.8056585e+01   0.0000000e+00
   1.3647903e+01   1.8055897e+01   0.0000000e+00
   1.3650332e+01   1.8055209e+01   0.0000000e+00
   1.3652761e+01   1.8054521e+01   0.0000000e+00
   1.3655190e+01   1.8053833e+01   0.0000000e+00
   1.3657619e+01   1.8053144e+01   0.0000000e+00
   1.3660047e+01   1.8052455e+01   0.0000000e+00
   1.3662476e+01   1.8051767e+01   0.0000000e+00
   1.3664905e+01   1.8051078e+01   0.0000000e+00
   1.3667334e+01   1.8050389e+01   0.0000000e+00
   1.3669763e+01   1.8049700e+01   0.0000000e+00
   1.3672191e+01   1.8049011e+01   0.0000000e+00
   1.3674620e+01   1.8048321e+01   0.0000000e+00
   1.3677049e+01   1.8047632e+01   0.0000000e+00
   1.3679478e+01   1.8046942e+01   0.0000000e+00
   1.3681906e+01   1.8046253e+01   0.0000000e+00
   1.3684335e+01   1.8045563e+01   0.0000000e+00
   1.3686763e+01   1.8044873e+01   0.0000000e+00
   1.3689192e+01   1.8044183e+01   0.0000000e+00
   1.3691621e+01   1.8043493e+01   0.0000000e+00
   1.3694049e+01   1.8042803e+01   0.0000000e+00
   1.3696478e+01   1.8042113e+01   0.0000000e+00
   1.3698906e+01   1.8041422e+01   0.0000000e+00
   1.3701335e+01   1.8040732e+01   0.0000000e+00
   1.3703763e+01   1.8040041e+01   0.0000000e+00
   1.3706192e+01   1.8039350e+01   0.0000000e+00
   1.3708620e+01   1.8038659e+01   0.0000000e+00
   1.3711049e+01   1.8037968e+01   0.0000000e+00
   1.3713477e+01   1.8037277e+01   0.0000000e+00
   1.3715906e+01   1.8036586e+01   0.0000000e+00
   1.3718334e+01   1.8035895e+01   0.0000000e+00
   1.3720762e+01   1.8035203e+01   0.0000000e+00
   1.3723191e+01   1.8034512e+01   0.0000000e+00
   1.3725619e+01   1.8033820e+01   0.0000000e+00
   1.3728047e+01   1.8033128e+01   0.0000000e+00
   1.3730476e+01   1.8032436e+01   0.0000000e+00
   1.3732904e+01   1.8031744e+01   0.0000000e+00
   1.3735332e+01   1.8031052e+01   0.0000000e+00
   1.3737760e+01   1.8030360e+01   0.0000000e+00
   1.3740189e+01   1.8029667e+01   0.0000000e+00
   1.3742617e+01   1.8028975e+01   0.0000000e+00
   1.3745045e+01   1.8028282e+01   0.0000000e+00
   1.3747473e+01   1.8027590e+01   0.0000000e+00
   1.3749902e+01   1.8026897e+01   0.0000000e+00
   1.3752330e+01   1.8026204e+01   0.0000000e+00
   1.3754758e+01   1.8025511e+01   0.0000000e+00
   1.3757186e+01   1.8024818e+01   0.0000000e+00
   1.3759614e+01   1.8024124e+01   0.0000000e+00
   1.3762042e+01   1.8023431e+01   0.0000000e+00
   1.3764470e+01   1.8022737e+01   0.0000000e+00
   1.3766898e+01   1.8022044e+01   0.0000000e+00
   1.3769326e+01   1.8021350e+01   0.0000000e+00
   1.3771755e+01   1.8020656e+01   0.0000000e+00
   1.3774183e+01   1.8019962e+01   0.0000000e+00
   1.3776611e+01   1.8019268e+01   0.0000000e+00
   1.3779039e+01   1.8018574e+01   0.0000000e+00
   1.3781467e+01   1.8017879e+01   0.0000000e+00
   1.3783895e+01   1.8017185e+01   0.0000000e+00
   1.3786323e+01   1.8016490e+01   0.0000000e+00
   1.3788750e+01   1.8015796e+01   0.0000000e+00
   1.3791178e+01   1.8015101e+01   0.0000000e+00
   1.3793606e+01   1.8014406e+01   0.0000000e+00
   1.3796034e+01   1.8013711e+01   0.0000000e+00
   1.3798462e+01   1.8013016e+01   0.0000000e+00
   1.3800890e+01   1.8012321e+01   0.0000000e+00
   1.3803318e+01   1.8011625e+01   0.0000000e+00
   1.3805746e+01   1.8010930e+01   0.0000000e+00
   1.3808174e+01   1.8010234e+01   0.0000000e+00
   1.3810601e+01   1.8009538e+01   0.0000000e+00
   1.3813029e+01   1.8008843e+01   0.0000000e+00
   1.3815457e+01   1.8008147e+01   0.0000000e+00
   1.3817885e+01   1.8007451e+01   0.0000000e+00
   1.3820313e+01   1.8006754e+01   0.0000000e+00
   1.3822740e+01   1.8006058e+01   0.0000000e+00
   1.3825168e+01   1.8005362e+01   0.0000000e+00
   1.3827596e+01   1.8004665e+01   0.0000000e+00
   1.3830024e+01   1.8003968e+01   0.0000000e+00
   1.3832451e+01   1.8003272e+01   0.0000000e+00
   1.3834879e+01   1.8002575e+01   0.0000000e+00
   1.3837307e+01   1.8001878e+01   0.0000000e+00
   1.3839735e+01   1.8001181e+01   0.0000000e+00
   1.3842162e+01   1.8000483e+01   0.0000000e+00
   1.3844590e+01   1.7999786e+01   0.0000000e+00
   1.3847018e+01   1.7999089e+01   0.0000000e+00
   1.3849445e+01   1.7998391e+01   0.0000000e+00
   1.3851873e+01   1.7997693e+01   0.0000000e+00
   1.3854301e+01   1.7996996e+01   0.0000000e+00
   1.3856728e+01   1.7996298e+01   0.0000000e+00
   1.3859156e+01   1.7995600e+01   0.0000000e+00
   1.3861583e+01   1.7994901e+01   0.0000000e+00
   1.3864011e+01   1.7994203e+01   0.0000000e+00
   1.3866439e+01   1.7993505e+01   0.0000000e+00
   1.3868866e+01   1.7992806e+01   0.0000000e+00
   1.3871294e+01   1.7992108e+01   0.0000000e+00
   1.3873721e+01   1.7991409e+01   0.0000000e+00
   1.3876149e+01   1.7990710e+01   0.0000000e+00
   1.3878576e+01   1.7990011e+01   0.0000000e+00
   1.3881004e+01   1.7989312e+01   0.0000000e+00
   1.3883431e+01   1.7988613e+01   0.0000000e+00
   1.3885859e+01   1.7987913e+01   0.0000000e+00
   1.3888286e+01   1.7987214e+01   0.0000000e+00
   1.3890714e+01   1.7986514e+01   0.0000000e+00
   1.3893142e+01   1.7985815e+01   0.0000000e+00
   1.3895569e+01   1.7985115e+01   0.0000000e+00
   1.3897996e+01   1.7984415e+01   0.0000000e+00
   1.3900424e+01   1.7983715e+01   0.0000000e+00
   1.3902851e+01   1.7983015e+01   0.0000000e+00
   1.3905279e+01   1.7982315e+01   0.0000000e+00
   1.3907706e+01   1.7981614e+01   0.0000000e+00
   1.3910134e+01   1.7980914e+01   0.0000000e+00
   1.3912561e+01   1.7980213e+01   0.0000000e+00
   1.3914989e+01   1.7979512e+01   0.0000000e+00
   1.3917416e+01   1.7978812e+01   0.0000000e+00
   1.3919844e+01   1.7978111e+01   0.0000000e+00
   1.3922271e+01   1.7977409e+01   0.0000000e+00
   1.3924698e+01   1.7976708e+01   0.0000000e+00
   1.3927126e+01   1.7976007e+01   0.0000000e+00
   1.3929553e+01   1.7975305e+01   0.0000000e+00
   1.3931981e+01   1.7974604e+01   0.0000000e+00
   1.3934408e+01   1.7973902e+01   0.0000000e+00
   1.3936835e+01   1.7973200e+01   0.0000000e+00
   1.3939263e+01   1.7972499e+01   0.0000000e+00
   1.3941690e+01   1.7971797e+01   0.0000000e+00
   1.3944117e+01   1.7971094e+01   0.0000000e+00
   1.3946545e+01   1.7970392e+01   0.0000000e+00
   1.3948972e+01   1.7969690e+01   0.0000000e+00
   1.3951399e+01   1.7968987e+01   0.0000000e+00
   1.3953827e+01   1.7968285e+01   0.0000000e+00
   1.3956254e+01   1.7967582e+01   0.0000000e+00
   1.3958682e+01   1.7966879e+01   0.0000000e+00
   1.3961109e+01   1.7966176e+01   0.0000000e+00
   1.3963536e+01   1.7965473e+01   0.0000000e+00
   1.3965963e+01   1.7964770e+01   0.0000000e+00
   1.3968391e+01   1.7964066e+01   0.0000000e+00
   1.3970818e+01   1.7963363e+01   0.0000000e+00
   1.3973245e+01   1.7962659e+01   0.0000000e+00
   1.3975673e+01   1.7961956e+01   0.0000000e+00
   1.3978100e+01   1.7961252e+01   0.0000000e+00
   1.3980527e+01   1.7960548e+01   0.0000000e+00
   1.3982955e+01   1.7959844e+01   0.0000000e+00
   1.3985382e+01   1.7959140e+01   0.0000000e+00
   1.3987809e+01   1.7958436e+01   0.0000000e+00
   1.3990237e+01   1.7957731e+01   0.0000000e+00
   1.3992664e+01   1.7957027e+01   0.0000000e+00
   1.3995091e+01   1.7956322e+01   0.0000000e+00
   1.3997518e+01   1.7955617e+01   0.0000000e+00
   1.3999946e+01   1.7954912e+01   0.0000000e+00
   1.4002373e+01   1.7954207e+01   0.0000000e+00
   1.4004800e+01   1.7953502e+01   0.0000000e+00
   1.4007228e+01   1.7952797e+01   0.0000000e+00
   1.4009655e+01   1.7952092e+01   0.0000000e+00
   1.4012082e+01   1.7951386e+01   0.0000000e+00
   1.4014509e+01   1.7950681e+01   0.0000000e+00
   1.4016937e+01   1.7949975e+01   0.0000000e+00
   1.4019364e+01   1.7949269e+01   0.0000000e+00
   1.4021791e+01   1.7948563e+01   0.0000000e+00
   1.4024219e+01   1.7947857e+01   0.0000000e+00
   1.4026646e+01   1.7947151e+01   0.0000000e+00
   1.4029073e+01   1.7946445e+01   0.0000000e+00
   1.4031500e+01   1.7945738e+01   0.0000000e+00
   1.4033928e+01   1.7945032e+01   0.0000000e+00
   1.4036355e+01   1.7944325e+01   0.0000000e+00
   1.4038782e+01   1.7943619e+01   0.0000000e+00
   1.4041209e+01   1.7942912e+01   0.0000000e+00
   1.4043637e+01   1.7942205e+01   0.0000000e+00
   1.4046064e+01   1.7941497e+01   0.0000000e+00
   1.4048491e+01   1.7940790e+01   0.0000000e+00
   1.4050919e+01   1.7940083e+01   0.0000000e+00
   1.4053346e+01   1.7939375e+01   0.0000000e+00
   1.4055773e+01   1.7938668e+01   0.0000000e+00
   1.4058200e+01   1.7937960e+01   0.0000000e+00
   1.4060628e+01   1.7937252e+01   0.0000000e+00
   1.4063055e+01   1.7936544e+01   0.0000000e+00
   1.4065482e+01   1.7935836e+01   0.0000000e+00
   1.4067909e+01   1.7935128e+01   0.0000000e+00
   1.4070337e+01   1.7934420e+01   0.0000000e+00
   1.4072764e+01   1.7933711e+01   0.0000000e+00
   1.4075191e+01   1.7933003e+01   0.0000000e+00
   1.4077619e+01   1.7932294e+01   0.0000000e+00
   1.4080046e+01   1.7931585e+01   0.0000000e+00
   1.4082473e+01   1.7930876e+01   0.0000000e+00
   1.4084901e+01   1.7930167e+01   0.0000000e+00
   1.4087328e+01   1.7929458e+01   0.0000000e+00
   1.4089755e+01   1.7928749e+01   0.0000000e+00
   1.4092182e+01   1.7928039e+01   0.0000000e+00
   1.4094610e+01   1.7927330e+01   0.0000000e+00
   1.4097037e+01   1.7926620e+01   0.0000000e+00
   1.4099464e+01   1.7925911e+01   0.0000000e+00
   1.4101892e+01   1.7925201e+01   0.0000000e+00
   1.4104319e+01   1.7924491e+01   0.0000000e+00
   1.4106746e+01   1.7923781e+01   0.0000000e+00
   1.4109174e+01   1.7923070e+01   0.0000000e+00
   1.4111601e+01   1.7922360e+01   0.0000000e+00
   1.4114028e+01   1.7921649e+01   0.0000000e+00
   1.4116456e+01   1.7920939e+01   0.0000000e+00
   1.4118883e+01   1.7920228e+01   0.0000000e+00
   1.4121310e+01   1.7919517e+01   0.0000000e+00
   1.4123738e+01   1.7918806e+01   0.0000000e+00
   1.4126165e+01   1.7918095e+01   0.0000000e+00
   1.4128592e+01   1.7917384e+01   0.0000000e+00
   1.4131020e+01   1.7916673e+01   0.0000000e+00
   1.4133447e+01   1.7915961e+01   0.0000000e+00
   1.4135875e+01   1.7915250e+01   0.0000000e+00
   1.4138302e+01   1.7914538e+01   0.0000000e+00
   1.4140729e+01   1.7913826e+01   0.0000000e+00
   1.4143157e+01   1.7913114e+01   0.0000000e+00
   1.4145584e+01   1.7912402e+01   0.0000000e+00
   1.4148012e+01   1.7911690e+01   0.0000000e+00
   1.4150439e+01   1.7910978e+01   0.0000000e+00
   1.4152866e+01   1.7910265e+01   0.0000000e+00
   1.4155294e+01   1.7909553e+01   0.0000000e+00
   1.4157721e+01   1.7908840e+01   0.0000000e+00
   1.4160149e+01   1.7908128e+01   0.0000000e+00
   1.4162576e+01   1.7907415e+01   0.0000000e+00
   1.4165004e+01   1.7906702e+01   0.0000000e+00
   1.4167431e+01   1.7905988e+01   0.0000000e+00
   1.4169859e+01   1.7905275e+01   0.0000000e+00
   1.4172286e+01   1.7904562e+01   0.0000000e+00
   1.4174713e+01   1.7903848e+01   0.0000000e+00
   1.4177141e+01   1.7903135e+01   0.0000000e+00
   1.4179568e+01   1.7902421e+01   0.0000000e+00
   1.4181996e+01   1.7901707e+01   0.0000000e+00
   1.4184423e+01   1.7900993e+01   0.0000000e+00
   1.4186851e+01   1.7900279e+01   0.0000000e+00
   1.4189279e+01   1.7899565e+01   0.0000000e+00
   1.4191706e+01   1.7898851e+01   0.0000000e+00
   1.4194134e+01   1.7898136e+01   0.0000000e+00
   1.4196561e+01   1.7897421e+01   0.0000000e+00
   1.4198989e+01   1.7896707e+01   0.0000000e+00
   1.4201416e+01   1.7895992e+01   0.0000000e+00
   1.4203844e+01   1.7895277e+01   0.0000000e+00
   1.4206271e+01   1.7894562e+01   0.0000000e+00
   1.4208699e+01   1.7893847e+01   0.0000000e+00
   1.4211127e+01   1.7893131e+01   0.0000000e+00
   1.4213554e+01   1.7892416e+01   0.0000000e+00
   1.4215982e+01   1.7891700e+01   0.0000000e+00
   1.4218410e+01   1.7890985e+01   0.0000000e+00
   1.4220837e+01   1.7890269e+01   0.0000000e+00
   1.4223265e+01   1.7889553e+01   0.0000000e+00
   1.4225692e+01   1.7888837e+01   0.0000000e+00
   1.4228120e+01   1.7888121e+01   0.0000000e+00
   1.4230548e+01   1.7887404e+01   0.0000000e+00
   1.4232976e+01   1.7886688e+01   0.0000000e+00
   1.4235403e+01   1.7885971e+01   0.0000000e+00
   1.4237831e+01   1.7885255e+01   0.0000000e+00
   1.4240259e+01   1.7884538e+01   0.0000000e+00
   1.4242686e+01   1.7883821e+01   0.0000000e+00
   1.4245114e+01   1.7883104e+01   0.0000000e+00
   1.4247542e+01   1.7882387e+01   0.0000000e+00
   1.4249970e+01   1.7881670e+01   0.0000000e+00
   1.4252397e+01   1.7880952e+01   0.0000000e+00
   1.4254825e+01   1.7880235e+01   0.0000000e+00
   1.4257253e+01   1.7879517e+01   0.0000000e+00
   1.4259681e+01   1.7878799e+01   0.0000000e+00
   1.4262109e+01   1.7878081e+01   0.0000000e+00
   1.4264537e+01   1.7877363e+01   0.0000000e+00
   1.4266964e+01   1.7876645e+01   0.0000000e+00
   1.4269392e+01   1.7875927e+01   0.0000000e+00
   1.4271820e+01   1.7875209e+01   0.0000000e+00
   1.4274248e+01   1.7874490e+01   0.0000000e+00
   1.4276676e+01   1.7873772e+01   0.0000000e+00
   1.4279104e+01   1.7873053e+01   0.0000000e+00
   1.4281532e+01   1.7872334e+01   0.0000000e+00
   1.4283960e+01   1.7871615e+01   0.0000000e+00
   1.4286388e+01   1.7870896e+01   0.0000000e+00
   1.4288816e+01   1.7870177e+01   0.0000000e+00
   1.4291244e+01   1.7869457e+01   0.0000000e+00
   1.4293672e+01   1.7868738e+01   0.0000000e+00
   1.4296100e+01   1.7868018e+01   0.0000000e+00
   1.4298528e+01   1.7867299e+01   0.0000000e+00
   1.4300956e+01   1.7866579e+01   0.0000000e+00
   1.4303384e+01   1.7865859e+01   0.0000000e+00
   1.4305812e+01   1.7865139e+01   0.0000000e+00
   1.4308240e+01   1.7864418e+01   0.0000000e+00
   1.4310668e+01   1.7863698e+01   0.0000000e+00
   1.4313096e+01   1.7862978e+01   0.0000000e+00
   1.4315524e+01   1.7862257e+01   0.0000000e+00
   1.4317952e+01   1.7861536e+01   0.0000000e+00
   1.4320380e+01   1.7860815e+01   0.0000000e+00
   1.4322809e+01   1.7860094e+01   0.0000000e+00
   1.4325237e+01   1.7859373e+01   0.0000000e+00
   1.4327665e+01   1.7858652e+01   0.0000000e+00
   1.4330093e+01   1.7857931e+01   0.0000000e+00
   1.4332521e+01   1.7857209e+01   0.0000000e+00
   1.4334950e+01   1.7856488e+01   0.0000000e+00
   1.4337378e+01   1.7855766e+01   0.0000000e+00
   1.4339806e+01   1.7855044e+01   0.0000000e+00
   1.4342234e+01   1.7854322e+01   0.0000000e+00
   1.4344663e+01   1.7853600e+01   0.0000000e+00
   1.4347091e+01   1.7852878e+01   0.0000000e+00
   1.4349519e+01   1.7852156e+01   0.0000000e+00
   1.4351948e+01   1.7851433e+01   0.0000000e+00
   1.4354376e+01   1.7850711e+01   0.0000000e+00
   1.4356805e+01   1.7849988e+01   0.0000000e+00
   1.4359233e+01   1.7849265e+01   0.0000000e+00
   1.4361661e+01   1.7848542e+01   0.0000000e+00
   1.4364090e+01   1.7847819e+01   0.0000000e+00
   1.4366518e+01   1.7847096e+01   0.0000000e+00
   1.4368947e+01   1.7846373e+01   0.0000000e+00
   1.4371375e+01   1.7845649e+01   0.0000000e+00
   1.4373804e+01   1.7844926e+01   0.0000000e+00
   1.4376232e+01   1.7844202e+01   0.0000000e+00
   1.4378661e+01   1.7843478e+01   0.0000000e+00
   1.4381089e+01   1.7842754e+01   0.0000000e+00
   1.4383518e+01   1.7842030e+01   0.0000000e+00
   1.4385947e+01   1.7841306e+01   0.0000000e+00
   1.4388375e+01   1.7840582e+01   0.0000000e+00
   1.4390804e+01   1.7839857e+01   0.0000000e+00
   1.4393232e+01   1.7839133e+01   0.0000000e+00
   1.4395661e+01   1.7838408e+01   0.0000000e+00
   1.4398090e+01   1.7837683e+01   0.0000000e+00
   1.4400519e+01   1.7836958e+01   0.0000000e+00
   1.4402947e+01   1.7836233e+01   0.0000000e+00
   1.4405376e+01   1.7835508e+01   0.0000000e+00
   1.4407805e+01   1.7834783e+01   0.0000000e+00
   1.4410234e+01   1.7834057e+01   0.0000000e+00
   1.4412662e+01   1.7833332e+01   0.0000000e+00
   1.4415091e+01   1.7832606e+01   0.0000000e+00
   1.4417520e+01   1.7831880e+01   0.0000000e+00
   1.4419949e+01   1.7831154e+01   0.0000000e+00
   1.4422378e+01   1.7830428e+01   0.0000000e+00
   1.4424807e+01   1.7829702e+01   0.0000000e+00
   1.4427236e+01   1.7828976e+01   0.0000000e+00
   1.4429665e+01   1.7828249e+01   0.0000000e+00
   1.4432094e+01   1.7827523e+01   0.0000000e+00
   1.4434523e+01   1.7826796e+01   0.0000000e+00
   1.4436952e+01   1.7826069e+01   0.0000000e+00
   1.4439381e+01   1.7825342e+01   0.0000000e+00
   1.4441810e+01   1.7824615e+01   0.0000000e+00
   1.4444239e+01   1.7823888e+01   0.0000000e+00
   1.4446668e+01   1.7823161e+01   0.0000000e+00
   1.4449097e+01   1.7822433e+01   0.0000000e+00
   1.4451526e+01   1.7821706e+01   0.0000000e+00
   1.4453955e+01   1.7820978e+01   0.0000000e+00
   1.4456384e+01   1.7820250e+01   0.0000000e+00
   1.4458814e+01   1.7819522e+01   0.0000000e+00
   1.4461243e+01   1.7818794e+01   0.0000000e+00
   1.4463672e+01   1.7818066e+01   0.0000000e+00
   1.4466101e+01   1.7817338e+01   0.0000000e+00
   1.4468531e+01   1.7816609e+01   0.0000000e+00
   1.4470960e+01   1.7815881e+01   0.0000000e+00
   1.4473389e+01   1.7815152e+01   0.0000000e+00
   1.4475819e+01   1.7814423e+01   0.0000000e+00
   1.4478248e+01   1.7813694e+01   0.0000000e+00
   1.4480677e+01   1.7812965e+01   0.0000000e+00
   1.4483107e+01   1.7812236e+01   0.0000000e+00
   1.4485536e+01   1.7811507e+01   0.0000000e+00
   1.4487966e+01   1.7810777e+01   0.0000000e+00
   1.4490395e+01   1.7810048e+01   0.0000000e+00
   1.4492825e+01   1.7809318e+01   0.0000000e+00
   1.4495254e+01   1.7808588e+01   0.0000000e+00
   1.4497684e+01   1.7807858e+01   0.0000000e+00
   1.4500114e+01   1.7807128e+01   0.0000000e+00
   1.4502543e+01   1.7806398e+01   0.0000000e+00
   1.4504973e+01   1.7805668e+01   0.0000000e+00
   1.4507402e+01   1.7804937e+01   0.0000000e+00
   1.4509832e+01   1.7804207e+01   0.0000000e+00
   1.4512262e+01   1.7803476e+01   0.0000000e+00
   1.4514692e+01   1.7802745e+01   0.0000000e+00
   1.4517121e+01   1.7802014e+01   0.0000000e+00
   1.4519551e+01   1.7801283e+01   0.0000000e+00
   1.4521981e+01   1.7800552e+01   0.0000000e+00
   1.4524411e+01   1.7799821e+01   0.0000000e+00
   1.4526841e+01   1.7799089e+01   0.0000000e+00
   1.4529271e+01   1.7798357e+01   0.0000000e+00
   1.4531701e+01   1.7797626e+01   0.0000000e+00
   1.4534130e+01   1.7796894e+01   0.0000000e+00
   1.4536560e+01   1.7796162e+01   0.0000000e+00
   1.4538990e+01   1.7795430e+01   0.0000000e+00
   1.4541420e+01   1.7794698e+01   0.0000000e+00
   1.4543851e+01   1.7793965e+01   0.0000000e+00
   1.4546281e+01   1.7793233e+01   0.0000000e+00
   1.4548711e+01   1.7792500e+01   0.0000000e+00
   1.4551141e+01   1.7791767e+01   0.0000000e+00
   1.4553571e+01   1.7791034e+01   0.0000000e+00
   1.4556001e+01   1.7790301e+01   0.0000000e+00
   1.4558431e+01   1.7789568e+01   0.0000000e+00
   1.4560862e+01   1.7788835e+01   0.0000000e+00
   1.4563292e+01   1.7788102e+01   0.0000000e+00
   1.4565722e+01   1.7787368e+01   0.0000000e+00
   1.4568153e+01   1.7786635e+01   0.0000000e+00
   1.4570583e+01   1.7785901e+01   0.0000000e+00
   1.4573013e+01   1.7785167e+01   0.0000000e+00
   1.4575444e+01   1.7784433e+01   0.0000000e+00
   1.4577874e+01   1.7783699e+01   0.0000000e+00
   1.4580305e+01   1.7782965e+01   0.0000000e+00
   1.4582735e+01   1.7782230e+01   0.0000000e+00
   1.4585166e+01   1.7781496e+01   0.0000000e+00
   1.4587596e+01   1.7780761e+01   0.0000000e+00
   1.4590027e+01   1.7780026e+01   0.0000000e+00
   1.4592457e+01   1.7779291e+01   0.0000000e+00
   1.4594888e+01   1.7778556e+01   0.0000000e+00
   1.4597319e+01   1.7777821e+01   0.0000000e+00
   1.4599749e+01   1.7777086e+01   0.0000000e+00
   1.4602180e+01   1.7776350e+01   0.0000000e+00
   1.4604611e+01   1.7775615e+01   0.0000000e+00
   1.4607042e+01   1.7774879e+01   0.0000000e+00
   1.4609472e+01   1.7774143e+01   0.0000000e+00
   1.4611903e+01   1.7773407e+01   0.0000000e+00
   1.4614334e+01   1.7772671e+01   0.0000000e+00
   1.4616765e+01   1.7771935e+01   0.0000000e+00
   1.4619196e+01   1.7771199e+01   0.0000000e+00
   1.4621627e+01   1.7770462e+01   0.0000000e+00
   1.4624058e+01   1.7769726e+01   0.0000000e+00
   1.4626489e+01   1.7768989e+01   0.0000000e+00
   1.4628920e+01   1.7768252e+01   0.0000000e+00
   1.4631351e+01   1.7767515e+01   0.0000000e+00
   1.4633782e+01   1.7766778e+01   0.0000000e+00
   1.4636213e+01   1.7766041e+01   0.0000000e+00
   1.4638644e+01   1.7765304e+01   0.0000000e+00
   1.4641076e+01   1.7764566e+01   0.0000000e+00
   1.4643507e+01   1.7763829e+01   0.0000000e+00
   1.4645938e+01   1.7763091e+01   0.0000000e+00
   1.4648370e+01   1.7762353e+01   0.0000000e+00
   1.4650801e+01   1.7761615e+01   0.0000000e+00
   1.4653232e+01   1.7760877e+01   0.0000000e+00
   1.4655664e+01   1.7760139e+01   0.0000000e+00
   1.4658095e+01   1.7759400e+01   0.0000000e+00
   1.4660527e+01   1.7758662e+01   0.0000000e+00
   1.4662958e+01   1.7757923e+01   0.0000000e+00
   1.4665390e+01   1.7757184e+01   0.0000000e+00
   1.4667821e+01   1.7756445e+01   0.0000000e+00
   1.4670253e+01   1.7755706e+01   0.0000000e+00
   1.4672684e+01   1.7754967e+01   0.0000000e+00
   1.4675116e+01   1.7754228e+01   0.0000000e+00
   1.4677548e+01   1.7753489e+01   0.0000000e+00
   1.4679979e+01   1.7752749e+01   0.0000000e+00
   1.4682411e+01   1.7752009e+01   0.0000000e+00
   1.4684843e+01   1.7751270e+01   0.0000000e+00
   1.4687275e+01   1.7750530e+01   0.0000000e+00
   1.4689707e+01   1.7749790e+01   0.0000000e+00
   1.4692139e+01   1.7749049e+01   0.0000000e+00
   1.4694570e+01   1.7748309e+01   0.0000000e+00
   1.4697002e+01   1.7747569e+01   0.0000000e+00
   1.4699434e+01   1.7746828e+01   0.0000000e+00
   1.4701866e+01   1.7746087e+01   0.0000000e+00
   1.4704299e+01   1.7745347e+01   0.0000000e+00
   1.4706731e+01   1.7744606e+01   0.0000000e+00
   1.4709163e+01   1.7743864e+01   0.0000000e+00
   1.4711595e+01   1.7743123e+01   0.0000000e+00
   1.4714027e+01   1.7742382e+01   0.0000000e+00
   1.4716459e+01   1.7741640e+01   0.0000000e+00
   1.4718892e+01   1.7740899e+01   0.0000000e+00
   1.4721324e+01   1.7740157e+01   0.0000000e+00
   1.4723756e+01   1.7739415e+01   0.0000000e+00
   1.4726189e+01   1.7738673e+01   0.0000000e+00
   1.4728621e+01   1.7737931e+01   0.0000000e+00
   1.4731054e+01   1.7737189e+01   0.0000000e+00
   1.4733486e+01   1.7736446e+01   0.0000000e+00
   1.4735919e+01   1.7735704e+01   0.0000000e+00
   1.4738351e+01   1.7734961e+01   0.0000000e+00
   1.4740784e+01   1.7734218e+01   0.0000000e+00
   1.4743216e+01   1.7733476e+01   0.0000000e+00
   1.4745649e+01   1.7732733e+01   0.0000000e+00
   1.4748082e+01   1.7731989e+01   0.0000000e+00
   1.4750515e+01   1.7731246e+01   0.0000000e+00
   1.4752947e+01   1.7730503e+01   0.0000000e+00
   1.4755380e+01   1.7729759e+01   0.0000000e+00
   1.4757813e+01   1.7729015e+01   0.0000000e+00
   1.4760246e+01   1.7728271e+01   0.0000000e+00
   1.4762679e+01   1.7727528e+01   0.0000000e+00
   1.4765112e+01   1.7726783e+01   0.0000000e+00
   1.4767545e+01   1.7726039e+01   0.0000000e+00
   1.4769978e+01   1.7725295e+01   0.0000000e+00
   1.4772411e+01   1.7724550e+01   0.0000000e+00
   1.4774844e+01   1.7723806e+01   0.0000000e+00
   1.4777277e+01   1.7723061e+01   0.0000000e+00
   1.4779710e+01   1.7722316e+01   0.0000000e+00
   1.4782144e+01   1.7721571e+01   0.0000000e+00
   1.4784577e+01   1.7720826e+01   0.0000000e+00
   1.4787010e+01   1.7720081e+01   0.0000000e+00
   1.4789444e+01   1.7719335e+01   0.0000000e+00
   1.4791877e+01   1.7718590e+01   0.0000000e+00
   1.4794310e+01   1.7717844e+01   0.0000000e+00
   1.4796744e+01   1.7717098e+01   0.0000000e+00
   1.4799177e+01   1.7716352e+01   0.0000000e+00
   1.4801611e+01   1.7715606e+01   0.0000000e+00
   1.4804044e+01   1.7714860e+01   0.0000000e+00
   1.4806478e+01   1.7714114e+01   0.0000000e+00
   1.4808912e+01   1.7713367e+01   0.0000000e+00
   1.4811346e+01   1.7712621e+01   0.0000000e+00
   1.4813779e+01   1.7711874e+01   0.0000000e+00
   1.4816213e+01   1.7711127e+01   0.0000000e+00
   1.4818647e+01   1.7710380e+01   0.0000000e+00
   1.4821081e+01   1.7709633e+01   0.0000000e+00
   1.4823515e+01   1.7708886e+01   0.0000000e+00
   1.4825949e+01   1.7708139e+01   0.0000000e+00
   1.4828383e+01   1.7707391e+01   0.0000000e+00
   1.4830817e+01   1.7706643e+01   0.0000000e+00
   1.4833251e+01   1.7705896e+01   0.0000000e+00
   1.4835685e+01   1.7705148e+01   0.0000000e+00
   1.4838119e+01   1.7704400e+01   0.0000000e+00
   1.4840553e+01   1.7703652e+01   0.0000000e+00
   1.4842987e+01   1.7702903e+01   0.0000000e+00
   1.4845422e+01   1.7702155e+01   0.0000000e+00
   1.4847856e+01   1.7701406e+01   0.0000000e+00
   1.4850290e+01   1.7700658e+01   0.0000000e+00
   1.4852725e+01   1.7699909e+01   0.0000000e+00
   1.4855159e+01   1.7699160e+01   0.0000000e+00
   1.4857594e+01   1.7698411e+01   0.0000000e+00
   1.4860028e+01   1.7697662e+01   0.0000000e+00
   1.4862463e+01   1.7696912e+01   0.0000000e+00
   1.4864897e+01   1.7696163e+01   0.0000000e+00
   1.4867332e+01   1.7695413e+01   0.0000000e+00
   1.4869767e+01   1.7694663e+01   0.0000000e+00
   1.4872202e+01   1.7693913e+01   0.0000000e+00
   1.4874636e+01   1.7693163e+01   0.0000000e+00
   1.4877071e+01   1.7692413e+01   0.0000000e+00
   1.4879506e+01   1.7691663e+01   0.0000000e+00
   1.4881941e+01   1.7690913e+01   0.0000000e+00
   1.4884376e+01   1.7690162e+01   0.0000000e+00
   1.4886811e+01   1.7689411e+01   0.0000000e+00
   1.4889246e+01   1.7688661e+01   0.0000000e+00
   1.4891681e+01   1.7687910e+01   0.0000000e+00
   1.4894116e+01   1.7687159e+01   0.0000000e+00
   1.4896551e+01   1.7686407e+01   0.0000000e+00
   1.4898987e+01   1.7685656e+01   0.0000000e+00
   1.4901422e+01   1.7684905e+01   0.0000000e+00
   1.4903857e+01   1.7684153e+01   0.0000000e+00
   1.4906293e+01   1.7683401e+01   0.0000000e+00
   1.4908728e+01   1.7682649e+01   0.0000000e+00
   1.4911163e+01   1.7681897e+01   0.0000000e+00
   1.4913599e+01   1.7681145e+01   0.0000000e+00
   1.4916034e+01   1.7680393e+01   0.0000000e+00
   1.4918470e+01   1.7679640e+01   0.0000000e+00
   1.4920906e+01   1.7678888e+01   0.0000000e+00
   1.4923341e+01   1.7678135e+01   0.0000000e+00
   1.4925777e+01   1.7677382e+01   0.0000000e+00
   1.4928213e+01   1.7676629e+01   0.0000000e+00
   1.4930649e+01   1.7675876e+01   0.0000000e+00
   1.4933084e+01   1.7675123e+01   0.0000000e+00
   1.4935520e+01   1.7674370e+01   0.0000000e+00
   1.4937956e+01   1.7673616e+01   0.0000000e+00
   1.4940392e+01   1.7672863e+01   0.0000000e+00
   1.4942828e+01   1.7672109e+01   0.0000000e+00
   1.4945264e+01   1.7671355e+01   0.0000000e+00
   1.4947701e+01   1.7670601e+01   0.0000000e+00
   1.4950137e+01   1.7669847e+01   0.0000000e+00
   1.4952573e+01   1.7669093e+01   0.0000000e+00
   1.4955009e+01   1.7668338e+01   0.0000000e+00
   1.4957446e+01   1.7667584e+01   0.0000000e+00
   1.4959882e+01   1.7666829e+01   0.0000000e+00
   1.4962318e+01   1.7666074e+01   0.0000000e+00
   1.4964755e+01   1.7665319e+01   0.0000000e+00
   1.4967191e+01   1.7664564e+01   0.0000000e+00
   1.4969628e+01   1.7663809e+01   0.0000000e+00
   1.4972065e+01   1.7663054e+01   0.0000000e+00
   1.4974501e+01   1.7662298e+01   0.0000000e+00
   1.4976938e+01   1.7661542e+01   0.0000000e+00
   1.4979375e+01   1.7660787e+01   0.0000000e+00
   1.4981811e+01   1.7660031e+01   0.0000000e+00
   1.4984248e+01   1.7659275e+01   0.0000000e+00
   1.4986685e+01   1.7658519e+01   0.0000000e+00
   1.4989122e+01   1.7657762e+01   0.0000000e+00
   1.4991559e+01   1.7657006e+01   0.0000000e+00
   1.4993996e+01   1.7656249e+01   0.0000000e+00
   1.4996433e+01   1.7655493e+01   0.0000000e+00
   1.4998871e+01   1.7654736e+01   0.0000000e+00
   1.5001308e+01   1.7653979e+01   0.0000000e+00
   1.5003745e+01   1.7653222e+01   0.0000000e+00
   1.5006182e+01   1.7652464e+01   0.0000000e+00
   1.5008620e+01   1.7651707e+01   0.0000000e+00
   1.5011057e+01   1.7650950e+01   0.0000000e+00
   1.5013494e+01   1.7650192e+01   0.0000000e+00
   1.5015932e+01   1.7649434e+01   0.0000000e+00
   1.5018369e+01   1.7648676e+01   0.0000000e+00
   1.5020807e+01   1.7647918e+01   0.0000000e+00
   1.5023245e+01   1.7647160e+01   0.0000000e+00
   1.5025682e+01   1.7646402e+01   0.0000000e+00
   1.5028120e+01   1.7645643e+01   0.0000000e+00
   1.5030558e+01   1.7644885e+01   0.0000000e+00
   1.5032996e+01   1.7644126e+01   0.0000000e+00
   1.5035434e+01   1.7643367e+01   0.0000000e+00
   1.5037872e+01   1.7642608e+01   0.0000000e+00
   1.5040310e+01   1.7641849e+01   0.0000000e+00
   1.5042748e+01   1.7641090e+01   0.0000000e+00
   1.5045186e+01   1.7640330e+01   0.0000000e+00
   1.5047624e+01   1.7639571e+01   0.0000000e+00
   1.5050062e+01   1.7638811e+01   0.0000000e+00
   1.5052500e+01   1.7638051e+01   0.0000000e+00
   1.5054939e+01   1.7637291e+01   0.0000000e+00
   1.5057377e+01   1.7636531e+01   0.0000000e+00
   1.5059816e+01   1.7635771e+01   0.0000000e+00
   1.5062254e+01   1.7635011e+01   0.0000000e+00
   1.5064693e+01   1.7634250e+01   0.0000000e+00
   1.5067131e+01   1.7633489e+01   0.0000000e+00
   1.5069570e+01   1.7632729e+01   0.0000000e+00
   1.5072008e+01   1.7631968e+01   0.0000000e+00
   1.5074447e+01   1.7631207e+01   0.0000000e+00
   1.5076886e+01   1.7630446e+01   0.0000000e+00
   1.5079325e+01   1.7629684e+01   0.0000000e+00
   1.5081764e+01   1.7628923e+01   0.0000000e+00
   1.5084203e+01   1.7628161e+01   0.0000000e+00
   1.5086642e+01   1.7627400e+01   0.0000000e+00
   1.5089081e+01   1.7626638e+01   0.0000000e+00
   1.5091520e+01   1.7625876e+01   0.0000000e+00
   1.5093959e+01   1.7625114e+01   0.0000000e+00
   1.5096398e+01   1.7624351e+01   0.0000000e+00
   1.5098838e+01   1.7623589e+01   0.0000000e+00
   1.5101277e+01   1.7622826e+01   0.0000000e+00
   1.5103716e+01   1.7622064e+01   0.0000000e+00
   1.5106156e+01   1.7621301e+01   0.0000000e+00
   1.5108595e+01   1.7620538e+01   0.0000000e+00
   1.5111035e+01   1.7619775e+01   0.0000000e+00
   1.5113474e+01   1.7619012e+01   0.0000000e+00
   1.5115914e+01   1.7618248e+01   0.0000000e+00
   1.5118354e+01   1.7617485e+01   0.0000000e+00
   1.5120793e+01   1.7616721e+01   0.0000000e+00
   1.5123233e+01   1.7615957e+01   0.0000000e+00
   1.5125673e+01   1.7615193e+01   0.0000000e+00
   1.5128113e+01   1.7614429e+01   0.0000000e+00
   1.5130553e+01   1.7613665e+01   0.0000000e+00
   1.5132993e+01   1.7612901e+01   0.0000000e+00
   1.5135433e+01   1.7612136e+01   0.0000000e+00
   1.5137873e+01   1.7611372e+01   0.0000000e+00
   1.5140314e+01   1.7610607e+01   0.0000000e+00
   1.5142754e+01   1.7609842e+01   0.0000000e+00
   1.5145194e+01   1.7609077e+01   0.0000000e+00
   1.5147635e+01   1.7608312e+01   0.0000000e+00
   1.5150075e+01   1.7607547e+01   0.0000000e+00
   1.5152516e+01   1.7606781e+01   0.0000000e+00
   1.5154956e+01   1.7606016e+01   0.0000000e+00
   1.5157397e+01   1.7605250e+01   0.0000000e+00
   1.5159837e+01   1.7604484e+01   0.0000000e+00
   1.5162278e+01   1.7603718e+01   0.0000000e+00
   1.5164719e+01   1.7602952e+01   0.0000000e+00
   1.5167160e+01   1.7602186e+01   0.0000000e+00
   1.5169601e+01   1.7601420e+01   0.0000000e+00
   1.5172042e+01   1.7600653e+01   0.0000000e+00
   1.5174483e+01   1.7599886e+01   0.0000000e+00
   1.5176924e+01   1.7599120e+01   0.0000000e+00
   1.5179365e+01   1.7598353e+01   0.0000000e+00
   1.5181806e+01   1.7597586e+01   0.0000000e+00
   1.5184247e+01   1.7596818e+01   0.0000000e+00
   1.5186689e+01   1.7596051e+01   0.0000000e+00
   1.5189130e+01   1.7595284e+01   0.0000000e+00
   1.5191571e+01   1.7594516e+01   0.0000000e+00
   1.5194013e+01   1.7593748e+01   0.0000000e+00
   1.5196454e+01   1.7592980e+01   0.0000000e+00
   1.5198896e+01   1.7592212e+01   0.0000000e+00
   1.5201338e+01   1.7591444e+01   0.0000000e+00
   1.5203779e+01   1.7590676e+01   0.0000000e+00
   1.5206221e+01   1.7589907e+01   0.0000000e+00
   1.5208663e+01   1.7589139e+01   0.0000000e+00
   1.5211105e+01   1.7588370e+01   0.0000000e+00
   1.5213547e+01   1.7587601e+01   0.0000000e+00
   1.5215989e+01   1.7586832e+01   0.0000000e+00
   1.5218431e+01   1.7586063e+01   0.0000000e+00
   1.5220873e+01   1.7585294e+01   0.0000000e+00
   1.5223315e+01   1.7584524e+01   0.0000000e+00
   1.5225758e+01   1.7583755e+01   0.0000000e+00
   1.5228200e+01   1.7582985e+01   0.0000000e+00
   1.5230642e+01   1.7582215e+01   0.0000000e+00
   1.5233085e+01   1.7581445e+01   0.0000000e+00
   1.5235527e+01   1.7580675e+01   0.0000000e+00
   1.5237970e+01   1.7579905e+01   0.0000000e+00
   1.5240412e+01   1.7579134e+01   0.0000000e+00
   1.5242855e+01   1.7578364e+01   0.0000000e+00
   1.5245298e+01   1.7577593e+01   0.0000000e+00
   1.5247741e+01   1.7576822e+01   0.0000000e+00
   1.5250184e+01   1.7576051e+01   0.0000000e+00
   1.5252627e+01   1.7575280e+01   0.0000000e+00
   1.5255070e+01   1.7574509e+01   0.0000000e+00
   1.5257513e+01   1.7573738e+01   0.0000000e+00
   1.5259956e+01   1.7572966e+01   0.0000000e+00
   1.5262399e+01   1.7572194e+01   0.0000000e+00
   1.5264842e+01   1.7571423e+01   0.0000000e+00
   1.5267285e+01   1.7570651e+01   0.0000000e+00
   1.5269729e+01   1.7569879e+01   0.0000000e+00
   1.5272172e+01   1.7569106e+01   0.0000000e+00
   1.5274616e+01   1.7568334e+01   0.0000000e+00
   1.5277059e+01   1.7567562e+01   0.0000000e+00
   1.5279503e+01   1.7566789e+01   0.0000000e+00
   1.5281947e+01   1.7566016e+01   0.0000000e+00
   1.5284390e+01   1.7565243e+01   0.0000000e+00
   1.5286834e+01   1.7564470e+01   0.0000000e+00
   1.5289278e+01   1.7563697e+01   0.0000000e+00
   1.5291722e+01   1.7562924e+01   0.0000000e+00
   1.5294166e+01   1.7562150e+01   0.0000000e+00
   1.5296610e+01   1.7561377e+01   0.0000000e+00
   1.5299054e+01   1.7560603e+01   0.0000000e+00
   1.5301498e+01   1.7559829e+01   0.0000000e+00
   1.5303943e+01   1.7559055e+01   0.0000000e+00
   1.5306387e+01   1.7558281e+01   0.0000000e+00
   1.5308831e+01   1.7557506e+01   0.0000000e+00
   1.5311276e+01   1.7556732e+01   0.0000000e+00
   1.5313720e+01   1.7555957e+01   0.0000000e+00
   1.5316165e+01   1.7555183e+01   0.0000000e+00
   1.5318610e+01   1.7554408e+01   0.0000000e+00
   1.5321054e+01   1.7553633e+01   0.0000000e+00
   1.5323499e+01   1.7552857e+01   0.0000000e+00
   1.5325944e+01   1.7552082e+01   0.0000000e+00
   1.5328389e+01   1.7551307e+01   0.0000000e+00
   1.5330834e+01   1.7550531e+01   0.0000000e+00
   1.5333279e+01   1.7549755e+01   0.0000000e+00
   1.5335724e+01   1.7548980e+01   0.0000000e+00
   1.5338169e+01   1.7548204e+01   0.0000000e+00
   1.5340615e+01   1.7547427e+01   0.0000000e+00
   1.5343060e+01   1.7546651e+01   0.0000000e+00
   1.5345505e+01   1.7545875e+01   0.0000000e+00
   1.5347951e+01   1.7545098e+01   0.0000000e+00
   1.5350396e+01   1.7544321e+01   0.0000000e+00
   1.5352842e+01   1.7543545e+01   0.0000000e+00
   1.5355287e+01   1.7542768e+01   0.0000000e+00
   1.5357733e+01   1.7541990e+01   0.0000000e+00
   1.5360179e+01   1.7541213e+01   0.0000000e+00
   1.5362625e+01   1.7540436e+01   0.0000000e+00
   1.5365071e+01   1.7539658e+01   0.0000000e+00
   1.5367517e+01   1.7538880e+01   0.0000000e+00
   1.5369963e+01   1.7538103e+01   0.0000000e+00
   1.5372409e+01   1.7537325e+01   0.0000000e+00
   1.5374855e+01   1.7536546e+01   0.0000000e+00
   1.5377301e+01   1.7535768e+01   0.0000000e+00
   1.5379748e+01   1.7534990e+01   0.0000000e+00
   1.5382194e+01   1.7534211e+01   0.0000000e+00
   1.5384640e+01   1.7533433e+01   0.0000000e+00
   1.5387087e+01   1.7532654e+01   0.0000000e+00
   1.5389534e+01   1.7531875e+01   0.0000000e+00
   1.5391980e+01   1.7531096e+01   0.0000000e+00
   1.5394427e+01   1.7530316e+01   0.0000000e+00
   1.5396874e+01   1.7529537e+01   0.0000000e+00
   1.5399321e+01   1.7528757e+01   0.0000000e+00
   1.5401768e+01   1.7527978e+01   0.0000000e+00
   1.5404215e+01   1.7527198e+01   0.0000000e+00
   1.5406662e+01   1.7526418e+01   0.0000000e+00
   1.5409109e+01   1.7525638e+01   0.0000000e+00
   1.5411556e+01   1.7524857e+01   0.0000000e+00
   1.5414003e+01   1.7524077e+01   0.0000000e+00
   1.5416451e+01   1.7523297e+01   0.0000000e+00
   1.5418898e+01   1.7522516e+01   0.0000000e+00
   1.5421346e+01   1.7521735e+01   0.0000000e+00
   1.5423793e+01   1.7520954e+01   0.0000000e+00
   1.5426241e+01   1.7520173e+01   0.0000000e+00
   1.5428689e+01   1.7519392e+01   0.0000000e+00
   1.5431136e+01   1.7518610e+01   0.0000000e+00
   1.5433584e+01   1.7517829e+01   0.0000000e+00
   1.5436032e+01   1.7517047e+01   0.0000000e+00
   1.5438480e+01   1.7516265e+01   0.0000000e+00
   1.5440928e+01   1.7515483e+01   0.0000000e+00
   1.5443376e+01   1.7514701e+01   0.0000000e+00
   1.5445825e+01   1.7513919e+01   0.0000000e+00
   1.5448273e+01   1.7513136e+01   0.0000000e+00
   1.5450721e+01   1.7512354e+01   0.0000000e+00
   1.5453170e+01   1.7511571e+01   0.0000000e+00
   1.5455618e+01   1.7510788e+01   0.0000000e+00
   1.5458067e+01   1.7510005e+01   0.0000000e+00
   1.5460515e+01   1.7509222e+01   0.0000000e+00
   1.5462964e+01   1.7508439e+01   0.0000000e+00
   1.5465413e+01   1.7507656e+01   0.0000000e+00
   1.5467862e+01   1.7506872e+01   0.0000000e+00
   1.5470311e+01   1.7506088e+01   0.0000000e+00
   1.5472760e+01   1.7505304e+01   0.0000000e+00
   1.5475209e+01   1.7504521e+01   0.0000000e+00
   1.5477658e+01   1.7503736e+01   0.0000000e+00
   1.5480107e+01   1.7502952e+01   0.0000000e+00
   1.5482556e+01   1.7502168e+01   0.0000000e+00
   1.5485006e+01   1.7501383e+01   0.0000000e+00
   1.5487455e+01   1.7500598e+01   0.0000000e+00
   1.5489905e+01   1.7499814e+01   0.0000000e+00
   1.5492354e+01   1.7499029e+01   0.0000000e+00
   1.5494804e+01   1.7498243e+01   0.0000000e+00
   1.5497254e+01   1.7497458e+01   0.0000000e+00
   1.5499704e+01   1.7496673e+01   0.0000000e+00
   1.5502153e+01   1.7495887e+01   0.0000000e+00
   1.5504603e+01   1.7495101e+01   0.0000000e+00
   1.5507053e+01   1.7494316e+01   0.0000000e+00
   1.5509504e+01   1.7493530e+01   0.0000000e+00
   1.5511954e+01   1.7492743e+01   0.0000000e+00
   1.5514404e+01   1.7491957e+01   0.0000000e+00
   1.5516854e+01   1.7491171e+01   0.0000000e+00
   1.5519305e+01   1.7490384e+01   0.0000000e+00
   1.5521755e+01   1.7489597e+01   0.0000000e+00
   1.5524206e+01   1.7488811e+01   0.0000000e+00
   1.5526656e+01   1.7488024e+01   0.0000000e+00
   1.5529107e+01   1.7487236e+01   0.0000000e+00
   1.5531558e+01   1.7486449e+01   0.0000000e+00
   1.5534009e+01   1.7485662e+01   0.0000000e+00
   1.5536460e+01   1.7484874e+01   0.0000000e+00
   1.5538911e+01   1.7484086e+01   0.0000000e+00
   1.5541362e+01   1.7483298e+01   0.0000000e+00
   1.5543813e+01   1.7482510e+01   0.0000000e+00
   1.5546264e+01   1.7481722e+01   0.0000000e+00
   1.5548716e+01   1.7480934e+01   0.0000000e+00
   1.5551167e+01   1.7480146e+01   0.0000000e+00
   1.5553618e+01   1.7479357e+01   0.0000000e+00
   1.5556070e+01   1.7478568e+01   0.0000000e+00
   1.5558522e+01   1.7477779e+01   0.0000000e+00
   1.5560973e+01   1.7476990e+01   0.0000000e+00
   1.5563425e+01   1.7476201e+01   0.0000000e+00
   1.5565877e+01   1.7475412e+01   0.0000000e+00
   1.5568329e+01   1.7474622e+01   0.0000000e+00
   1.5570781e+01   1.7473833e+01   0.0000000e+00
   1.5573233e+01   1.7473043e+01   0.0000000e+00
   1.5575685e+01   1.7472253e+01   0.0000000e+00
   1.5578137e+01   1.7471463e+01   0.0000000e+00
   1.5580590e+01   1.7470673e+01   0.0000000e+00
   1.5583042e+01   1.7469882e+01   0.0000000e+00
   1.5585495e+01   1.7469092e+01   0.0000000e+00
   1.5587947e+01   1.7468301e+01   0.0000000e+00
   1.5590400e+01   1.7467510e+01   0.0000000e+00
   1.5592853e+01   1.7466719e+01   0.0000000e+00
   1.5595305e+01   1.7465928e+01   0.0000000e+00
   1.5597758e+01   1.7465137e+01   0.0000000e+00
   1.5600211e+01   1.7464346e+01   0.0000000e+00
   1.5602664e+01   1.7463554e+01   0.0000000e+00
   1.5605117e+01   1.7462763e+01   0.0000000e+00
   1.5607570e+01   1.7461971e+01   0.0000000e+00
   1.5610024e+01   1.7461179e+01   0.0000000e+00
   1.5612477e+01   1.7460387e+01   0.0000000e+00
   1.5614931e+01   1.7459594e+01   0.0000000e+00
   1.5617384e+01   1.7458802e+01   0.0000000e+00
   1.5619838e+01   1.7458009e+01   0.0000000e+00
   1.5622291e+01   1.7457217e+01   0.0000000e+00
   1.5624745e+01   1.7456424e+01   0.0000000e+00
   1.5627199e+01   1.7455631e+01   0.0000000e+00
   1.5629653e+01   1.7454838e+01   0.0000000e+00
   1.5632107e+01   1.7454045e+01   0.0000000e+00
   1.5634561e+01   1.7453251e+01   0.0000000e+00
   1.5637015e+01   1.7452458e+01   0.0000000e+00
   1.5639469e+01   1.7451664e+01   0.0000000e+00
   1.5641924e+01   1.7450870e+01   0.0000000e+00
   1.5644378e+01   1.7450076e+01   0.0000000e+00
   1.5646832e+01   1.7449282e+01   0.0000000e+00
   1.5649287e+01   1.7448487e+01   0.0000000e+00
   1.5651742e+01   1.7447693e+01   0.0000000e+00
   1.5654196e+01   1.7446898e+01   0.0000000e+00
   1.5656651e+01   1.7446104e+01   0.0000000e+00
   1.5659106e+01   1.7445309e+01   0.0000000e+00
   1.5661561e+01   1.7444514e+01   0.0000000e+00
   1.5664016e+01   1.7443718e+01   0.0000000e+00
   1.5666471e+01   1.7442923e+01   0.0000000e+00
   1.5668926e+01   1.7442128e+01   0.0000000e+00
   1.5671382e+01   1.7441332e+01   0.0000000e+00
   1.5673837e+01   1.7440536e+01   0.0000000e+00
   1.5676293e+01   1.7439740e+01   0.0000000e+00
   1.5678748e+01   1.7438944e+01   0.0000000e+00
   1.5681204e+01   1.7438148e+01   0.0000000e+00
   1.5683660e+01   1.7437352e+01   0.0000000e+00
   1.5686115e+01   1.7436555e+01   0.0000000e+00
   1.5688571e+01   1.7435758e+01   0.0000000e+00
   1.5691027e+01   1.7434962e+01   0.0000000e+00
   1.5693483e+01   1.7434165e+01   0.0000000e+00
   1.5695939e+01   1.7433368e+01   0.0000000e+00
   1.5698396e+01   1.7432570e+01   0.0000000e+00
   1.5700852e+01   1.7431773e+01   0.0000000e+00
   1.5703308e+01   1.7430975e+01   0.0000000e+00
   1.5705765e+01   1.7430178e+01   0.0000000e+00
   1.5708221e+01   1.7429380e+01   0.0000000e+00
   1.5710678e+01   1.7428582e+01   0.0000000e+00
   1.5713135e+01   1.7427784e+01   0.0000000e+00
   1.5715591e+01   1.7426985e+01   0.0000000e+00
   1.5718048e+01   1.7426187e+01   0.0000000e+00
   1.5720505e+01   1.7425388e+01   0.0000000e+00
   1.5722962e+01   1.7424589e+01   0.0000000e+00
   1.5725420e+01   1.7423791e+01   0.0000000e+00
   1.5727877e+01   1.7422992e+01   0.0000000e+00
   1.5730334e+01   1.7422192e+01   0.0000000e+00
   1.5732791e+01   1.7421393e+01   0.0000000e+00
   1.5735249e+01   1.7420594e+01   0.0000000e+00
   1.5737707e+01   1.7419794e+01   0.0000000e+00
   1.5740164e+01   1.7418994e+01   0.0000000e+00
   1.5742622e+01   1.7418194e+01   0.0000000e+00
   1.5745080e+01   1.7417394e+01   0.0000000e+00
   1.5747538e+01   1.7416594e+01   0.0000000e+00
   1.5749996e+01   1.7415793e+01   0.0000000e+00
   1.5752454e+01   1.7414993e+01   0.0000000e+00
   1.5754912e+01   1.7414192e+01   0.0000000e+00
   1.5757370e+01   1.7413391e+01   0.0000000e+00
   1.5759829e+01   1.7412590e+01   0.0000000e+00
   1.5762287e+01   1.7411789e+01   0.0000000e+00
   1.5764746e+01   1.7410988e+01   0.0000000e+00
   1.5767204e+01   1.7410187e+01   0.0000000e+00
   1.5769663e+01   1.7409385e+01   0.0000000e+00
   1.5772122e+01   1.7408583e+01   0.0000000e+00
   1.5774581e+01   1.7407781e+01   0.0000000e+00
   1.5777039e+01   1.7406979e+01   0.0000000e+00
   1.5779499e+01   1.7406177e+01   0.0000000e+00
   1.5781958e+01   1.7405375e+01   0.0000000e+00
   1.5784417e+01   1.7404572e+01   0.0000000e+00
   1.5786876e+01   1.7403770e+01   0.0000000e+00
   1.5789336e+01   1.7402967e+01   0.0000000e+00
   1.5791795e+01   1.7402164e+01   0.0000000e+00
   1.5794255e+01   1.7401361e+01   0.0000000e+00
   1.5796714e+01   1.7400558e+01   0.0000000e+00
   1.5799174e+01   1.7399754e+01   0.0000000e+00
   1.5801634e+01   1.7398951e+01   0.0000000e+00
   1.5804094e+01   1.7398147e+01   0.0000000e+00
   1.5806554e+01   1.7397343e+01   0.0000000e+00
   1.5809014e+01   1.7396539e+01   0.0000000e+00
   1.5811474e+01   1.7395735e+01   0.0000000e+00
   1.5813935e+01   1.7394931e+01   0.0000000e+00
   1.5816395e+01   1.7394126e+01   0.0000000e+00
   1.5818855e+01   1.7393322e+01   0.0000000e+00
   1.5821316e+01   1.7392517e+01   0.0000000e+00
   1.5823777e+01   1.7391712e+01   0.0000000e+00
   1.5826237e+01   1.7390907e+01   0.0000000e+00
   1.5828698e+01   1.7390102e+01   0.0000000e+00
   1.5831159e+01   1.7389297e+01   0.0000000e+00
   1.5833620e+01   1.7388491e+01   0.0000000e+00
   1.5836081e+01   1.7387686e+01   0.0000000e+00
   1.5838542e+01   1.7386880e+01   0.0000000e+00
   1.5841004e+01   1.7386074e+01   0.0000000e+00
   1.5843465e+01   1.7385268e+01   0.0000000e+00
   1.5845927e+01   1.7384461e+01   0.0000000e+00
   1.5848388e+01   1.7383655e+01   0.0000000e+00
   1.5850850e+01   1.7382849e+01   0.0000000e+00
   1.5853312e+01   1.7382042e+01   0.0000000e+00
   1.5855773e+01   1.7381235e+01   0.0000000e+00
   1.5858235e+01   1.7380428e+01   0.0000000e+00
   1.5860697e+01   1.7379621e+01   0.0000000e+00
   1.5863159e+01   1.7378814e+01   0.0000000e+00
   1.5865622e+01   1.7378006e+01   0.0000000e+00
   1.5868084e+01   1.7377198e+01   0.0000000e+00
   1.5870546e+01   1.7376391e+01   0.0000000e+00
   1.5873009e+01   1.7375583e+01   0.0000000e+00
   1.5875471e+01   1.7374775e+01   0.0000000e+00
   1.5877934e+01   1.7373967e+01   0.0000000e+00
   1.5880397e+01   1.7373158e+01   0.0000000e+00
   1.5882860e+01   1.7372350e+01   0.0000000e+00
   1.5885323e+01   1.7371541e+01   0.0000000e+00
   1.5887786e+01   1.7370732e+01   0.0000000e+00
   1.5890249e+01   1.7369923e+01   0.0000000e+00
   1.5892712e+01   1.7369114e+01   0.0000000e+00
   1.5895175e+01   1.7368305e+01   0.0000000e+00
   1.5897639e+01   1.7367495e+01   0.0000000e+00
   1.5900102e+01   1.7366686e+01   0.0000000e+00
   1.5902566e+01   1.7365876e+01   0.0000000e+00
   1.5905030e+01   1.7365066e+01   0.0000000e+00
   1.5907493e+01   1.7364256e+01   0.0000000e+00
   1.5909957e+01   1.7363446e+01   0.0000000e+00
   1.5912421e+01   1.7362636e+01   0.0000000e+00
   1.5914885e+01   1.7361825e+01   0.0000000e+00
   1.5917349e+01   1.7361014e+01   0.0000000e+00
   1.5919814e+01   1.7360204e+01   0.0000000e+00
   1.5922278e+01   1.7359393e+01   0.0000000e+00
   1.5924742e+01   1.7358582e+01   0.0000000e+00
   1.5927207e+01   1.7357770e+01   0.0000000e+00
   1.5929672e+01   1.7356959e+01   0.0000000e+00
   1.5932136e+01   1.7356147e+01   0.0000000e+00
   1.5934601e+01   1.7355336e+01   0.0000000e+00
   1.5937066e+01   1.7354524e+01   0.0000000e+00
   1.5939531e+01   1.7353712e+01   0.0000000e+00
   1.5941996e+01   1.7352899e+01   0.0000000e+00
   1.5944462e+01   1.7352087e+01   0.0000000e+00
   1.5946927e+01   1.7351275e+01   0.0000000e+00
   1.5949392e+01   1.7350462e+01   0.0000000e+00
   1.5951858e+01   1.7349649e+01   0.0000000e+00
   1.5954323e+01   1.7348836e+01   0.0000000e+00
   1.5956789e+01   1.7348023e+01   0.0000000e+00
   1.5959255e+01   1.7347210e+01   0.0000000e+00
   1.5961721e+01   1.7346396e+01   0.0000000e+00
   1.5964187e+01   1.7345583e+01   0.0000000e+00
   1.5966653e+01   1.7344769e+01   0.0000000e+00
   1.5969119e+01   1.7343955e+01   0.0000000e+00
   1.5971585e+01   1.7343141e+01   0.0000000e+00
   1.5974052e+01   1.7342327e+01   0.0000000e+00
   1.5976518e+01   1.7341513e+01   0.0000000e+00
   1.5978985e+01   1.7340698e+01   0.0000000e+00
   1.5981451e+01   1.7339884e+01   0.0000000e+00
   1.5983918e+01   1.7339069e+01   0.0000000e+00
   1.5986385e+01   1.7338254e+01   0.0000000e+00
   1.5988852e+01   1.7337439e+01   0.0000000e+00
   1.5991319e+01   1.7336624e+01   0.0000000e+00
   1.5993786e+01   1.7335808e+01   0.0000000e+00
   1.5996253e+01   1.7334993e+01   0.0000000e+00
   1.5998721e+01   1.7334177e+01   0.0000000e+00
   1.6001188e+01   1.7333361e+01   0.0000000e+00
   1.6003656e+01   1.7332545e+01   0.0000000e+00
   1.6006123e+01   1.7331729e+01   0.0000000e+00
   1.6008591e+01   1.7330912e+01   0.0000000e+00
   1.6011059e+01   1.7330096e+01   0.0000000e+00
   1.6013527e+01   1.7329279e+01   0.0000000e+00
   1.6015995e+01   1.7328463e+01   0.0000000e+00
   1.6018463e+01   1.7327646e+01   0.0000000e+00
   1.6020931e+01   1.7326828e+01   0.0000000e+00
   1.6023400e+01   1.7326011e+01   0.0000000e+00
   1.6025868e+01   1.7325194e+01   0.0000000e+00
   1.6028337e+01   1.7324376e+01   0.0000000e+00
   1.6030805e+01   1.7323558e+01   0.0000000e+00
   1.6033274e+01   1.7322741e+01   0.0000000e+00
   1.6035743e+01   1.7321923e+01   0.0000000e+00
   1.6038212e+01   1.7321104e+01   0.0000000e+00
   1.6040681e+01   1.7320286e+01   0.0000000e+00
   1.6043150e+01   1.7319467e+01   0.0000000e+00
   1.6045620e+01   1.7318649e+01   0.0000000e+00
   1.6048089e+01   1.7317830e+01   0.0000000e+00
   1.6050558e+01   1.7317011e+01   0.0000000e+00
   1.6053028e+01   1.7316192e+01   0.0000000e+00
   1.6055498e+01   1.7315373e+01   0.0000000e+00
   1.6057967e+01   1.7314553e+01   0.0000000e+00
   1.6060437e+01   1.7313734e+01   0.0000000e+00
   1.6062907e+01   1.7312914e+01   0.0000000e+00
   1.6065377e+01   1.7312094e+01   0.0000000e+00
   1.6067847e+01   1.7311274e+01   0.0000000e+00
   1.6070318e+01   1.7310454e+01   0.0000000e+00
   1.6072788e+01   1.7309633e+01   0.0000000e+00
   1.6075259e+01   1.7308813e+01   0.0000000e+00
   1.6077729e+01   1.7307992e+01   0.0000000e+00
   1.6080200e+01   1.7307171e+01   0.0000000e+00
   1.6082671e+01   1.7306350e+01   0.0000000e+00
   1.6085141e+01   1.7305529e+01   0.0000000e+00
   1.6087612e+01   1.7304708e+01   0.0000000e+00
   1.6090084e+01   1.7303886e+01   0.0000000e+00
   1.6092555e+01   1.7303065e+01   0.0000000e+00
   1.6095026e+01   1.7302243e+01   0.0000000e+00
   1.6097497e+01   1.7301421e+01   0.0000000e+00
   1.6099969e+01   1.7300599e+01   0.0000000e+00
   1.6102441e+01   1.7299776e+01   0.0000000e+00
   1.6104912e+01   1.7298954e+01   0.0000000e+00
   1.6107384e+01   1.7298131e+01   0.0000000e+00
   1.6109856e+01   1.7297309e+01   0.0000000e+00
   1.6112328e+01   1.7296486e+01   0.0000000e+00
   1.6114800e+01   1.7295663e+01   0.0000000e+00
   1.6117272e+01   1.7294840e+01   0.0000000e+00
   1.6119745e+01   1.7294016e+01   0.0000000e+00
   1.6122217e+01   1.7293193e+01   0.0000000e+00
   1.6124690e+01   1.7292369e+01   0.0000000e+00
   1.6127162e+01   1.7291545e+01   0.0000000e+00
   1.6129635e+01   1.7290721e+01   0.0000000e+00
   1.6132108e+01   1.7289897e+01   0.0000000e+00
   1.6134581e+01   1.7289073e+01   0.0000000e+00
   1.6137054e+01   1.7288248e+01   0.0000000e+00
   1.6139527e+01   1.7287424e+01   0.0000000e+00
   1.6142001e+01   1.7286599e+01   0.0000000e+00
   1.6144474e+01   1.7285774e+01   0.0000000e+00
   1.6146947e+01   1.7284949e+01   0.0000000e+00
   1.6149421e+01   1.7284124e+01   0.0000000e+00
   1.6151895e+01   1.7283298e+01   0.0000000e+00
   1.6154369e+01   1.7282473e+01   0.0000000e+00
   1.6156843e+01   1.7281647e+01   0.0000000e+00
   1.6159317e+01   1.7280821e+01   0.0000000e+00
   1.6161791e+01   1.7279995e+01   0.0000000e+00
   1.6164265e+01   1.7279169e+01   0.0000000e+00
   1.6166739e+01   1.7278343e+01   0.0000000e+00
   1.6169214e+01   1.7277516e+01   0.0000000e+00
   1.6171688e+01   1.7276689e+01   0.0000000e+00
   1.6174163e+01   1.7275863e+01   0.0000000e+00
   1.6176638e+01   1.7275036e+01   0.0000000e+00
   1.6179113e+01   1.7274209e+01   0.0000000e+00
   1.6181588e+01   1.7273381e+01   0.0000000e+00
   1.6184063e+01   1.7272554e+01   0.0000000e+00
   1.6186538e+01   1.7271726e+01   0.0000000e+00
   1.6189013e+01   1.7270898e+01   0.0000000e+00
   1.6191489e+01   1.7270070e+01   0.0000000e+00
   1.6193964e+01   1.7269242e+01   0.0000000e+00
   1.6196440e+01   1.7268414e+01   0.0000000e+00
   1.6198916e+01   1.7267586e+01   0.0000000e+00
   1.6201392e+01   1.7266757e+01   0.0000000e+00
   1.6203868e+01   1.7265928e+01   0.0000000e+00
   1.6206344e+01   1.7265099e+01   0.0000000e+00
   1.6208820e+01   1.7264270e+01   0.0000000e+00
   1.6211296e+01   1.7263441e+01   0.0000000e+00
   1.6213773e+01   1.7262612e+01   0.0000000e+00
   1.6216249e+01   1.7261782e+01   0.0000000e+00
   1.6218726e+01   1.7260953e+01   0.0000000e+00
   1.6221202e+01   1.7260123e+01   0.0000000e+00
   1.6223679e+01   1.7259293e+01   0.0000000e+00
   1.6226156e+01   1.7258463e+01   0.0000000e+00
   1.6228633e+01   1.7257632e+01   0.0000000e+00
   1.6231110e+01   1.7256802e+01   0.0000000e+00
   1.6233588e+01   1.7255971e+01   0.0000000e+00
   1.6236065e+01   1.7255140e+01   0.0000000e+00
   1.6238543e+01   1.7254309e+01   0.0000000e+00
   1.6241020e+01   1.7253478e+01   0.0000000e+00
   1.6243498e+01   1.7252647e+01   0.0000000e+00
   1.6245976e+01   1.7251816e+01   0.0000000e+00
   1.6248454e+01   1.7250984e+01   0.0000000e+00
   1.6250932e+01   1.7250152e+01   0.0000000e+00
   1.6253410e+01   1.7249320e+01   0.0000000e+00
   1.6255888e+01   1.7248488e+01   0.0000000e+00
   1.6258367e+01   1.7247656e+01   0.0000000e+00
   1.6260845e+01   1.7246824e+01   0.0000000e+00
   1.6263324e+01   1.7245991e+01   0.0000000e+00
   1.6265803e+01   1.7245158e+01   0.0000000e+00
   1.6268281e+01   1.7244325e+01   0.0000000e+00
   1.6270760e+01   1.7243492e+01   0.0000000e+00
   1.6273239e+01   1.7242659e+01   0.0000000e+00
   1.6275719e+01   1.7241826e+01   0.0000000e+00
   1.6278198e+01   1.7240992e+01   0.0000000e+00
   1.6280677e+01   1.7240159e+01   0.0000000e+00
   1.6283157e+01   1.7239325e+01   0.0000000e+00
   1.6285636e+01   1.7238491e+01   0.0000000e+00
   1.6288116e+01   1.7237657e+01   0.0000000e+00
   1.6290596e+01   1.7236822e+01   0.0000000e+00
   1.6293076e+01   1.7235988e+01   0.0000000e+00
   1.6295556e+01   1.7235153e+01   0.0000000e+00
   1.6298036e+01   1.7234318e+01   0.0000000e+00
   1.6300517e+01   1.7233483e+01   0.0000000e+00
   1.6302997e+01   1.7232648e+01   0.0000000e+00
   1.6305478e+01   1.7231813e+01   0.0000000e+00
   1.6307958e+01   1.7230978e+01   0.0000000e+00
   1.6310439e+01   1.7230142e+01   0.0000000e+00
   1.6312920e+01   1.7229306e+01   0.0000000e+00
   1.6315401e+01   1.7228470e+01   0.0000000e+00
   1.6317882e+01   1.7227634e+01   0.0000000e+00
   1.6320363e+01   1.7226798e+01   0.0000000e+00
   1.6322845e+01   1.7225961e+01   0.0000000e+00
   1.6325326e+01   1.7225125e+01   0.0000000e+00
   1.6327808e+01   1.7224288e+01   0.0000000e+00
   1.6330289e+01   1.7223451e+01   0.0000000e+00
   1.6332771e+01   1.7222614e+01   0.0000000e+00
   1.6335253e+01   1.7221777e+01   0.0000000e+00
   1.6337735e+01   1.7220939e+01   0.0000000e+00
   1.6340217e+01   1.7220102e+01   0.0000000e+00
   1.6342699e+01   1.7219264e+01   0.0000000e+00
   1.6345182e+01   1.7218426e+01   0.0000000e+00
   1.6347664e+01   1.7217588e+01   0.0000000e+00
   1.6350147e+01   1.7216750e+01   0.0000000e+00
   1.6352630e+01   1.7215912e+01   0.0000000e+00
   1.6355112e+01   1.7215073e+01   0.0000000e+00
   1.6357595e+01   1.7214235e+01   0.0000000e+00
   1.6360079e+01   1.7213396e+01   0.0000000e+00
   1.6362562e+01   1.7212557e+01   0.0000000e+00
   1.6365045e+01   1.7211717e+01   0.0000000e+00
   1.6367528e+01   1.7210878e+01   0.0000000e+00
   1.6370012e+01   1.7210039e+01   0.0000000e+00
   1.6372496e+01   1.7209199e+01   0.0000000e+00
   1.6374979e+01   1.7208359e+01   0.0000000e+00
   1.6377463e+01   1.7207519e+01   0.0000000e+00
   1.6379947e+01   1.7206679e+01   0.0000000e+00
   1.6382431e+01   1.7205839e+01   0.0000000e+00
   1.6384916e+01   1.7204998e+01   0.0000000e+00
   1.6387400e+01   1.7204158e+01   0.0000000e+00
   1.6389885e+01   1.7203317e+01   0.0000000e+00
   1.6392369e+01   1.7202476e+01   0.0000000e+00
   1.6394854e+01   1.7201635e+01   0.0000000e+00
   1.6397339e+01   1.7200793e+01   0.0000000e+00
   1.6399824e+01   1.7199952e+01   0.0000000e+00
   1.6402309e+01   1.7199110e+01   0.0000000e+00
   1.6404794e+01   1.7198268e+01   0.0000000e+00
   1.6407279e+01   1.7197426e+01   0.0000000e+00
   1.6409765e+01   1.7196584e+01   0.0000000e+00
   1.6412250e+01   1.7195742e+01   0.0000000e+00
   1.6414736e+01   1.7194900e+01   0.0000000e+00
   1.6417222e+01   1.7194057e+01   0.0000000e+00
   1.6419708e+01   1.7193214e+01   0.0000000e+00
   1.6422194e+01   1.7192371e+01   0.0000000e+00
   1.6424680e+01   1.7191528e+01   0.0000000e+00
   1.6427166e+01   1.7190685e+01   0.0000000e+00
   1.6429652e+01   1.7189841e+01   0.0000000e+00
   1.6432139e+01   1.7188998e+01   0.0000000e+00
   1.6434626e+01   1.7188154e+01   0.0000000e+00
   1.6437112e+01   1.7187310e+01   0.0000000e+00
   1.6439599e+01   1.7186466e+01   0.0000000e+00
   1.6442086e+01   1.7185622e+01   0.0000000e+00
   1.6444573e+01   1.7184777e+01   0.0000000e+00
   1.6447061e+01   1.7183933e+01   0.0000000e+00
   1.6449548e+01   1.7183088e+01   0.0000000e+00
   1.6452035e+01   1.7182243e+01   0.0000000e+00
   1.6454523e+01   1.7181398e+01   0.0000000e+00
   1.6457011e+01   1.7180553e+01   0.0000000e+00
   1.6459499e+01   1.7179708e+01   0.0000000e+00
   1.6461987e+01   1.7178862e+01   0.0000000e+00
   1.6464475e+01   1.7178016e+01   0.0000000e+00
   1.6466963e+01   1.7177170e+01   0.0000000e+00
   1.6469451e+01   1.7176324e+01   0.0000000e+00
   1.6471940e+01   1.7175478e+01   0.0000000e+00
   1.6474428e+01   1.7174632e+01   0.0000000e+00
   1.6476917e+01   1.7173785e+01   0.0000000e+00
   1.6479406e+01   1.7172938e+01   0.0000000e+00
   1.6481895e+01   1.7172091e+01   0.0000000e+00
   1.6484384e+01   1.7171244e+01   0.0000000e+00
   1.6486873e+01   1.7170397e+01   0.0000000e+00
   1.6489362e+01   1.7169550e+01   0.0000000e+00
   1.6491852e+01   1.7168702e+01   0.0000000e+00
   1.6494341e+01   1.7167855e+01   0.0000000e+00
   1.6496831e+01   1.7167007e+01   0.0000000e+00
   1.6499321e+01   1.7166159e+01   0.0000000e+00
   1.6501811e+01   1.7165310e+01   0.0000000e+00
   1.6504301e+01   1.7164462e+01   0.0000000e+00
   1.6506791e+01   1.7163613e+01   0.0000000e+00
   1.6509281e+01   1.7162765e+01   0.0000000e+00
   1.6511771e+01   1.7161916e+01   0.0000000e+00
   1.6514262e+01   1.7161067e+01   0.0000000e+00
   1.6516753e+01   1.7160218e+01   0.0000000e+00
   1.6519243e+01   1.7159368e+01   0.0000000e+00
   1.6521734e+01   1.7158519e+01   0.0000000e+00
   1.6524225e+01   1.7157669e+01   0.0000000e+00
   1.6526717e+01   1.7156819e+01   0.0000000e+00
   1.6529208e+01   1.7155969e+01   0.0000000e+00
   1.6531699e+01   1.7155119e+01   0.0000000e+00
   1.6534191e+01   1.7154269e+01   0.0000000e+00
   1.6536683e+01   1.7153418e+01   0.0000000e+00
   1.6539174e+01   1.7152567e+01   0.0000000e+00
   1.6541666e+01   1.7151716e+01   0.0000000e+00
   1.6544158e+01   1.7150865e+01   0.0000000e+00
   1.6546650e+01   1.7150014e+01   0.0000000e+00
   1.6549143e+01   1.7149163e+01   0.0000000e+00
   1.6551635e+01   1.7148311e+01   0.0000000e+00
   1.6554128e+01   1.7147459e+01   0.0000000e+00
   1.6556620e+01   1.7146608e+01   0.0000000e+00
   1.6559113e+01   1.7145756e+01   0.0000000e+00
   1.6561606e+01   1.7144903e+01   0.0000000e+00
   1.6564099e+01   1.7144051e+01   0.0000000e+00
   1.6566592e+01   1.7143198e+01   0.0000000e+00
   1.6569086e+01   1.7142346e+01   0.0000000e+00
   1.6571579e+01   1.7141493e+01   0.0000000e+00
   1.6574073e+01   1.7140640e+01   0.0000000e+00
   1.6576566e+01   1.7139787e+01   0.0000000e+00
   1.6579060e+01   1.7138933e+01   0.0000000e+00
   1.6581554e+01   1.7138080e+01   0.0000000e+00
   1.6584048e+01   1.7137226e+01   0.0000000e+00
   1.6586542e+01   1.7136372e+01   0.0000000e+00
   1.6589037e+01   1.7135518e+01   0.0000000e+00
   1.6591531e+01   1.7134664e+01   0.0000000e+00
   1.6594026e+01   1.7133809e+01   0.0000000e+00
   1.6596520e+01   1.7132955e+01   0.0000000e+00
   1.6599015e+01   1.7132100e+01   0.0000000e+00
   1.6601510e+01   1.7131245e+01   0.0000000e+00
   1.6604005e+01   1.7130390e+01   0.0000000e+00
   1.6606501e+01   1.7129535e+01   0.0000000e+00
   1.6608996e+01   1.7128679e+01   0.0000000e+00
   1.6611491e+01   1.7127824e+01   0.0000000e+00
   1.6613987e+01   1.7126968e+01   0.0000000e+00
   1.6616483e+01   1.7126112e+01   0.0000000e+00
   1.6618979e+01   1.7125256e+01   0.0000000e+00
   1.6621475e+01   1.7124400e+01   0.0000000e+00
   1.6623971e+01   1.7123544e+01   0.0000000e+00
   1.6626467e+01   1.7122687e+01   0.0000000e+00
   1.6628964e+01   1.7121830e+01   0.0000000e+00
   1.6631460e+01   1.7120973e+01   0.0000000e+00
   1.6633957e+01   1.7120116e+01   0.0000000e+00
   1.6636453e+01   1.7119259e+01   0.0000000e+00
   1.6638950e+01   1.7118402e+01   0.0000000e+00
   1.6641447e+01   1.7117544e+01   0.0000000e+00
   1.6643945e+01   1.7116686e+01   0.0000000e+00
   1.6646442e+01   1.7115828e+01   0.0000000e+00
   1.6648939e+01   1.7114970e+01   0.0000000e+00
   1.6651437e+01   1.7114112e+01   0.0000000e+00
   1.6653935e+01   1.7113253e+01   0.0000000e+00
   1.6656432e+01   1.7112395e+01   0.0000000e+00
   1.6658930e+01   1.7111536e+01   0.0000000e+00
   1.6661429e+01   1.7110677e+01   0.0000000e+00
   1.6663927e+01   1.7109818e+01   0.0000000e+00
   1.6666425e+01   1.7108959e+01   0.0000000e+00
   1.6668924e+01   1.7108099e+01   0.0000000e+00
   1.6671422e+01   1.7107240e+01   0.0000000e+00
   1.6673921e+01   1.7106380e+01   0.0000000e+00
   1.6676420e+01   1.7105520e+01   0.0000000e+00
   1.6678919e+01   1.7104660e+01   0.0000000e+00
   1.6681418e+01   1.7103799e+01   0.0000000e+00
   1.6683917e+01   1.7102939e+01   0.0000000e+00
   1.6686417e+01   1.7102078e+01   0.0000000e+00
   1.6688916e+01   1.7101217e+01   0.0000000e+00
   1.6691416e+01   1.7100356e+01   0.0000000e+00
   1.6693916e+01   1.7099495e+01   0.0000000e+00
   1.6696416e+01   1.7098634e+01   0.0000000e+00
   1.6698916e+01   1.7097772e+01   0.0000000e+00
   1.6701416e+01   1.7096911e+01   0.0000000e+00
   1.6703916e+01   1.7096049e+01   0.0000000e+00
   1.6706417e+01   1.7095187e+01   0.0000000e+00
   1.6708918e+01   1.7094325e+01   0.0000000e+00
   1.6711418e+01   1.7093462e+01   0.0000000e+00
   1.6713919e+01   1.7092600e+01   0.0000000e+00
   1.6716420e+01   1.7091737e+01   0.0000000e+00
   1.6718921e+01   1.7090874e+01   0.0000000e+00
   1.6721423e+01   1.7090011e+01   0.0000000e+00
   1.6723924e+01   1.7089148e+01   0.0000000e+00
   1.6726426e+01   1.7088285e+01   0.0000000e+00
   1.6728927e+01   1.7087421e+01   0.0000000e+00
   1.6731429e+01   1.7086557e+01   0.0000000e+00
   1.6733931e+01   1.7085693e+01   0.0000000e+00
   1.6736433e+01   1.7084829e+01   0.0000000e+00
   1.6738936e+01   1.7083965e+01   0.0000000e+00
   1.6741438e+01   1.7083101e+01   0.0000000e+00
   1.6743940e+01   1.7082236e+01   0.0000000e+00
   1.6746443e+01   1.7081371e+01   0.0000000e+00
   1.6748946e+01   1.7080506e+01   0.0000000e+00
   1.6751449e+01   1.7079641e+01   0.0000000e+00
   1.6753952e+01   1.7078776e+01   0.0000000e+00
   1.6756455e+01   1.7077911e+01   0.0000000e+00
   1.6758958e+01   1.7077045e+01   0.0000000e+00
   1.6761462e+01   1.7076179e+01   0.0000000e+00
   1.6763965e+01   1.7075313e+01   0.0000000e+00
   1.6766469e+01   1.7074447e+01   0.0000000e+00
   1.6768973e+01   1.7073581e+01   0.0000000e+00
   1.6771477e+01   1.7072714e+01   0.0000000e+00
   1.6773981e+01   1.7071848e+01   0.0000000e+00
   1.6776486e+01   1.7070981e+01   0.0000000e+00
   1.6778990e+01   1.7070114e+01   0.0000000e+00
   1.6781494e+01   1.7069247e+01   0.0000000e+00
   1.6783999e+01   1.7068379e+01   0.0000000e+00
   1.6786504e+01   1.7067512e+01   0.0000000e+00
   1.6789009e+01   1.7066644e+01   0.0000000e+00
   1.6791514e+01   1.7065776e+01   0.0000000e+00
   1.6794019e+01   1.7064908e+01   0.0000000e+00
   1.6796525e+01   1.7064040e+01   0.0000000e+00
   1.6799030e+01   1.7063172e+01   0.0000000e+00
   1.6801536e+01   1.7062303e+01   0.0000000e+00
   1.6804042e+01   1.7061434e+01   0.0000000e+00
   1.6806548e+01   1.7060565e+01   0.0000000e+00
   1.6809054e+01   1.7059696e+01   0.0000000e+00
   1.6811560e+01   1.7058827e+01   0.0000000e+00
   1.6814066e+01   1.7057958e+01   0.0000000e+00
   1.6816573e+01   1.7057088e+01   0.0000000e+00
   1.6819080e+01   1.7056218e+01   0.0000000e+00
   1.6821586e+01   1.7055348e+01   0.0000000e+00
   1.6824093e+01   1.7054478e+01   0.0000000e+00
   1.6826600e+01   1.7053608e+01   0.0000000e+00
   1.6829108e+01   1.7052737e+01   0.0000000e+00
   1.6831615e+01   1.7051867e+01   0.0000000e+00
   1.6834122e+01   1.7050996e+01   0.0000000e+00
   1.6836630e+01   1.7050125e+01   0.0000000e+00
   1.6839138e+01   1.7049254e+01   0.0000000e+00
   1.6841646e+01   1.7048383e+01   0.0000000e+00
   1.6844154e+01   1.7047511e+01   0.0000000e+00
   1.6846662e+01   1.7046639e+01   0.0000000e+00
   1.6849170e+01   1.7045768e+01   0.0000000e+00
   1.6851679e+01   1.7044895e+01   0.0000000e+00
   1.6854187e+01   1.7044023e+01   0.0000000e+00
   1.6856696e+01   1.7043151e+01   0.0000000e+00
   1.6859205e+01   1.7042278e+01   0.0000000e+00
   1.6861714e+01   1.7041406e+01   0.0000000e+00
   1.6864223e+01   1.7040533e+01   0.0000000e+00
   1.6866733e+01   1.7039660e+01   0.0000000e+00
   1.6869242e+01   1.7038786e+01   0.0000000e+00
   1.6871752e+01   1.7037913e+01   0.0000000e+00
   1.6874261e+01   1.7037039e+01   0.0000000e+00
   1.6876771e+01   1.7036166e+01   0.0000000e+00
   1.6879281e+01   1.7035292e+01   0.0000000e+00
   1.6881791e+01   1.7034417e+01   0.0000000e+00
   1.6884302e+01   1.7033543e+01   0.0000000e+00
   1.6886812e+01   1.7032669e+01   0.0000000e+00
   1.6889323e+01   1.7031794e+01   0.0000000e+00
   1.6891834e+01   1.7030919e+01   0.0000000e+00
   1.6894344e+01   1.7030044e+01   0.0000000e+00
   1.6896856e+01   1.7029169e+01   0.0000000e+00
   1.6899367e+01   1.7028294e+01   0.0000000e+00
   1.6901878e+01   1.7027418e+01   0.0000000e+00
   1.6904390e+01   1.7026542e+01   0.0000000e+00
   1.6906901e+01   1.7025667e+01   0.0000000e+00
   1.6909413e+01   1.7024791e+01   0.0000000e+00
   1.6911925e+01   1.7023914e+01   0.0000000e+00
   1.6914437e+01   1.7023038e+01   0.0000000e+00
   1.6916949e+01   1.7022161e+01   0.0000000e+00
   1.6919461e+01   1.7021285e+01   0.0000000e+00
   1.6921974e+01   1.7020408e+01   0.0000000e+00
   1.6924486e+01   1.7019530e+01   0.0000000e+00
   1.6926999e+01   1.7018653e+01   0.0000000e+00
   1.6929512e+01   1.7017776e+01   0.0000000e+00
   1.6932025e+01   1.7016898e+01   0.0000000e+00
   1.6934538e+01   1.7016020e+01   0.0000000e+00
   1.6937052e+01   1.7015142e+01   0.0000000e+00
   1.6939565e+01   1.7014264e+01   0.0000000e+00
   1.6942079e+01   1.7013386e+01   0.0000000e+00
   1.6944593e+01   1.7012507e+01   0.0000000e+00
   1.6947107e+01   1.7011628e+01   0.0000000e+00
   1.6949621e+01   1.7010750e+01   0.0000000e+00
   1.6952135e+01   1.7009871e+01   0.0000000e+00
   1.6954649e+01   1.7008991e+01   0.0000000e+00
   1.6957164e+01   1.7008112e+01   0.0000000e+00
   1.6959679e+01   1.7007232e+01   0.0000000e+00
   1.6962193e+01   1.7006353e+01   0.0000000e+00
   1.6964708e+01   1.7005473e+01   0.0000000e+00
   1.6967223e+01   1.7004592e+01   0.0000000e+00
   1.6969739e+01   1.7003712e+01   0.0000000e+00
   1.6972254e+01   1.7002832e+01   0.0000000e+00
   1.6974770e+01   1.7001951e+01   0.0000000e+00
   1.6977285e+01   1.7001070e+01   0.0000000e+00
   1.6979801e+01   1.7000189e+01   0.0000000e+00
   1.6982317e+01   1.6999308e+01   0.0000000e+00
   1.6984833e+01   1.6998427e+01   0.0000000e+00
   1.6987350e+01   1.6997545e+01   0.0000000e+00
   1.6989866e+01   1.6996663e+01   0.0000000e+00
   1.6992383e+01   1.6995781e+01   0.0000000e+00
   1.6994899e+01   1.6994899e+01   0.0000000e+00
   1.6997416e+01   1.6994017e+01   0.0000000e+00
   1.6999933e+01   1.6993135e+01   0.0000000e+00
   1.7002450e+01   1.6992252e+01   0.0000000e+00
   1.7004968e+01   1.6991369e+01   0.0000000e+00
   1.7007485e+01   1.6990486e+01   0.0000000e+00
   1.7010003e+01   1.6989603e+01   0.0000000e+00
   1.7012521e+01   1.6988720e+01   0.0000000e+00
   1.7015039e+01   1.6987836e+01   0.0000000e+00
   1.7017557e+01   1.6986953e+01   0.0000000e+00
   1.7020075e+01   1.6986069e+01   0.0000000e+00
   1.7022593e+01   1.6985185e+01   0.0000000e+00
   1.7025112e+01   1.6984300e+01   0.0000000e+00
   1.7027631e+01   1.6983416e+01   0.0000000e+00
   1.7030149e+01   1.6982531e+01   0.0000000e+00
   1.7032668e+01   1.6981647e+01   0.0000000e+00
   1.7035187e+01   1.6980762e+01   0.0000000e+00
   1.7037707e+01   1.6979877e+01   0.0000000e+00
   1.7040226e+01   1.6978991e+01   0.0000000e+00
   1.7042746e+01   1.6978106e+01   0.0000000e+00
   1.7045265e+01   1.6977220e+01   0.0000000e+00
   1.7047785e+01   1.6976334e+01   0.0000000e+00
   1.7050305e+01   1.6975448e+01   0.0000000e+00
   1.7052826e+01   1.6974562e+01   0.0000000e+00
   1.7055346e+01   1.6973676e+01   0.0000000e+00
   1.7057866e+01   1.6972789e+01   0.0000000e+00
   1.7060387e+01   1.6971903e+01   0.0000000e+00
   1.7062908e+01   1.6971016e+01   0.0000000e+00
   1.7065429e+01   1.6970129e+01   0.0000000e+00
   1.7067950e+01   1.6969241e+01   0.0000000e+00
   1.7070471e+01   1.6968354e+01   0.0000000e+00
   1.7072993e+01   1.6967466e+01   0.0000000e+00
   1.7075514e+01   1.6966578e+01   0.0000000e+00
   1.7078036e+01   1.6965690e+01   0.0000000e+00
   1.7080558e+01   1.6964802e+01   0.0000000e+00
   1.7083080e+01   1.6963914e+01   0.0000000e+00
   1.7085602e+01   1.6963025e+01   0.0000000e+00
   1.7088124e+01   1.6962137e+01   0.0000000e+00
   1.7090647e+01   1.6961248e+01   0.0000000e+00
   1.7093169e+01   1.6960359e+01   0.0000000e+00
   1.7095692e+01   1.6959469e+01   0.0000000e+00
   1.7098215e+01   1.6958580e+01   0.0000000e+00
   1.7100738e+01   1.6957690e+01   0.0000000e+00
   1.7103261e+01   1.6956800e+01   0.0000000e+00
   1.7105785e+01   1.6955911e+01   0.0000000e+00
   1.7108308e+01   1.6955020e+01   0.0000000e+00
   1.7110832e+01   1.6954130e+01   0.0000000e+00
   1.7113356e+01   1.6953239e+01   0.0000000e+00
   1.7115880e+01   1.6952349e+01   0.0000000e+00
   1.7118404e+01   1.6951458e+01   0.0000000e+00
   1.7120929e+01   1.6950567e+01   0.0000000e+00
   1.7123453e+01   1.6949676e+01   0.0000000e+00
   1.7125978e+01   1.6948784e+01   0.0000000e+00
   1.7128502e+01   1.6947893e+01   0.0000000e+00
   1.7131027e+01   1.6947001e+01   0.0000000e+00
   1.7133553e+01   1.6946109e+01   0.0000000e+00
   1.7136078e+01   1.6945217e+01   0.0000000e+00
   1.7138603e+01   1.6944324e+01   0.0000000e+00
   1.7141129e+01   1.6943432e+01   0.0000000e+00
   1.7143655e+01   1.6942539e+01   0.0000000e+00
   1.7146180e+01   1.6941646e+01   0.0000000e+00
   1.7148706e+01   1.6940753e+01   0.0000000e+00
   1.7151233e+01   1.6939860e+01   0.0000000e+00
   1.7153759e+01   1.6938966e+01   0.0000000e+00
   1.7156286e+01   1.6938073e+01   0.0000000e+00
   1.7158812e+01   1.6937179e+01   0.0000000e+00
   1.7161339e+01   1.6936285e+01   0.0000000e+00
   1.7163866e+01   1.6935391e+01   0.0000000e+00
   1.7166393e+01   1.6934496e+01   0.0000000e+00
   1.7168921e+01   1.6933602e+01   0.0000000e+00
   1.7171448e+01   1.6932707e+01   0.0000000e+00
   1.7173976e+01   1.6931812e+01   0.0000000e+00
   1.7176503e+01   1.6930917e+01   0.0000000e+00
   1.7179031e+01   1.6930022e+01   0.0000000e+00
   1.7181559e+01   1.6929126e+01   0.0000000e+00
   1.7184088e+01   1.6928231e+01   0.0000000e+00
   1.7186616e+01   1.6927335e+01   0.0000000e+00
   1.7189145e+01   1.6926439e+01   0.0000000e+00
   1.7191673e+01   1.6925543e+01   0.0000000e+00
   1.7194202e+01   1.6924647e+01   0.0000000e+00
   1.7196731e+01   1.6923750e+01   0.0000000e+00
   1.7199261e+01   1.6922853e+01   0.0000000e+00
   1.7201790e+01   1.6921956e+01   0.0000000e+00
   1.7204319e+01   1.6921059e+01   0.0000000e+00
   1.7206849e+01   1.6920162e+01   0.0000000e+00
   1.7209379e+01   1.6919264e+01   0.0000000e+00
   1.7211909e+01   1.6918367e+01   0.0000000e+00
   1.7214439e+01   1.6917469e+01   0.0000000e+00
   1.7216969e+01   1.6916571e+01   0.0000000e+00
   1.7219500e+01   1.6915673e+01   0.0000000e+00
   1.7222031e+01   1.6914774e+01   0.0000000e+00
   1.7224561e+01   1.6913876e+01   0.0000000e+00
   1.7227092e+01   1.6912977e+01   0.0000000e+00
   1.7229623e+01   1.6912078e+01   0.0000000e+00
   1.7232155e+01   1.6911179e+01   0.0000000e+00
   1.7234686e+01   1.6910280e+01   0.0000000e+00
   1.7237218e+01   1.6909380e+01   0.0000000e+00
   1.7239750e+01   1.6908481e+01   0.0000000e+00
   1.7242281e+01   1.6907581e+01   0.0000000e+00
   1.7244814e+01   1.6906681e+01   0.0000000e+00
   1.7247346e+01   1.6905780e+01   0.0000000e+00
   1.7249878e+01   1.6904880e+01   0.0000000e+00
   1.7252411e+01   1.6903979e+01   0.0000000e+00
   1.7254944e+01   1.6903079e+01   0.0000000e+00
   1.7257476e+01   1.6902178e+01   0.0000000e+00
   1.7260010e+01   1.6901276e+01   0.0000000e+00
   1.7262543e+01   1.6900375e+01   0.0000000e+00
   1.7265076e+01   1.6899474e+01   0.0000000e+00
   1.7267610e+01   1.6898572e+01   0.0000000e+00
   1.7270143e+01   1.6897670e+01   0.0000000e+00
   1.7272677e+01   1.6896768e+01   0.0000000e+00
   1.7275211e+01   1.6895866e+01   0.0000000e+00
   1.7277746e+01   1.6894963e+01   0.0000000e+00
   1.7280280e+01   1.6894061e+01   0.0000000e+00
   1.7282814e+01   1.6893158e+01   0.0000000e+00
   1.7285349e+01   1.6892255e+01   0.0000000e+00
   1.7287884e+01   1.6891352e+01   0.0000000e+00
   1.7290419e+01   1.6890448e+01   0.0000000e+00
   1.7292954e+01   1.6889545e+01   0.0000000e+00
   1.7295490e+01   1.6888641e+01   0.0000000e+00
   1.7298025e+01   1.6887737e+01   0.0000000e+00
   1.7300561e+01   1.6886833e+01   0.0000000e+00
   1.7303097e+01   1.6885928e+01   0.0000000e+00
   1.7305633e+01   1.6885024e+01   0.0000000e+00
   1.7308169e+01   1.6884119e+01   0.0000000e+00
   1.7310705e+01   1.6883214e+01   0.0000000e+00
   1.7313242e+01   1.6882309e+01   0.0000000e+00
   1.7315778e+01   1.6881404e+01   0.0000000e+00
   1.7318315e+01   1.6880499e+01   0.0000000e+00
   1.7320852e+01   1.6879593e+01   0.0000000e+00
   1.7323389e+01   1.6878687e+01   0.0000000e+00
   1.7325927e+01   1.6877781e+01   0.0000000e+00
   1.7328464e+01   1.6876875e+01   0.0000000e+00
   1.7331002e+01   1.6875969e+01   0.0000000e+00
   1.7333540e+01   1.6875062e+01   0.0000000e+00
   1.7336078e+01   1.6874155e+01   0.0000000e+00
   1.7338616e+01   1.6873248e+01   0.0000000e+00
   1.7341154e+01   1.6872341e+01   0.0000000e+00
   1.7343693e+01   1.6871434e+01   0.0000000e+00
   1.7346231e+01   1.6870526e+01   0.0000000e+00
   1.7348770e+01   1.6869619e+01   0.0000000e+00
   1.7351309e+01   1.6868711e+01   0.0000000e+00
   1.7353848e+01   1.6867803e+01   0.0000000e+00
   1.7356388e+01   1.6866895e+01   0.0000000e+00
   1.7358927e+01   1.6865986e+01   0.0000000e+00
   1.7361467e+01   1.6865078e+01   0.0000000e+00
   1.7364007e+01   1.6864169e+01   0.0000000e+00
   1.7366547e+01   1.6863260e+01   0.0000000e+00
   1.7369087e+01   1.6862351e+01   0.0000000e+00
   1.7371627e+01   1.6861441e+01   0.0000000e+00
   1.7374168e+01   1.6860532e+01   0.0000000e+00
   1.7376708e+01   1.6859622e+01   0.0000000e+00
   1.7379249e+01   1.6858712e+01   0.0000000e+00
   1.7381790e+01   1.6857802e+01   0.0000000e+00
   1.7384331e+01   1.6856891e+01   0.0000000e+00
   1.7386873e+01   1.6855981e+01   0.0000000e+00
   1.7389414e+01   1.6855070e+01   0.0000000e+00
   1.7391956e+01   1.6854159e+01   0.0000000e+00
   1.7394498e+01   1.6853248e+01   0.0000000e+00
   1.7397040e+01   1.6852337e+01   0.0000000e+00
   1.7399582e+01   1.6851426e+01   0.0000000e+00
   1.7402124e+01   1.6850514e+01   0.0000000e+00
   1.7404667e+01   1.6849602e+01   0.0000000e+00
   1.7407210e+01   1.6848690e+01   0.0000000e+00
   1.7409753e+01   1.6847778e+01   0.0000000e+00
   1.7412296e+01   1.6846865e+01   0.0000000e+00
   1.7414839e+01   1.6845953e+01   0.0000000e+00
   1.7417382e+01   1.6845040e+01   0.0000000e+00
   1.7419926e+01   1.6844127e+01   0.0000000e+00
   1.7422469e+01   1.6843214e+01   0.0000000e+00
   1.7425013e+01   1.6842301e+01   0.0000000e+00
   1.7427557e+01   1.6841387e+01   0.0000000e+00
   1.7430102e+01   1.6840473e+01   0.0000000e+00
   1.7432646e+01   1.6839559e+01   0.0000000e+00
   1.7435191e+01   1.6838645e+01   0.0000000e+00
   1.7437735e+01   1.6837731e+01   0.0000000e+00
   1.7440280e+01   1.6836816e+01   0.0000000e+00
   1.7442825e+01   1.6835902e+01   0.0000000e+00
   1.7445371e+01   1.6834987e+01   0.0000000e+00
   1.7447916e+01   1.6834072e+01   0.0000000e+00
   1.7450462e+01   1.6833157e+01   0.0000000e+00
   1.7453008e+01   1.6832241e+01   0.0000000e+00
   1.7455554e+01   1.6831326e+01   0.0000000e+00
   1.7458100e+01   1.6830410e+01   0.0000000e+00
   1.7460646e+01   1.6829494e+01   0.0000000e+00
   1.7463193e+01   1.6828578e+01   0.0000000e+00
   1.7465739e+01   1.6827661e+01   0.0000000e+00
   1.7468286e+01   1.6826745e+01   0.0000000e+00
   1.7470833e+01   1.6825828e+01   0.0000000e+00
   1.7473380e+01   1.6824911e+01   0.0000000e+00
   1.7475928e+01   1.6823994e+01   0.0000000e+00
   1.7478475e+01   1.6823076e+01   0.0000000e+00
   1.7481023e+01   1.6822159e+01   0.0000000e+00
   1.7483571e+01   1.6821241e+01   0.0000000e+00
   1.7486119e+01   1.6820323e+01   0.0000000e+00
   1.7488667e+01   1.6819405e+01   0.0000000e+00
   1.7491215e+01   1.6818487e+01   0.0000000e+00
   1.7493764e+01   1.6817568e+01   0.0000000e+00
   1.7496313e+01   1.6816649e+01   0.0000000e+00
   1.7498862e+01   1.6815731e+01   0.0000000e+00
   1.7501411e+01   1.6814811e+01   0.0000000e+00
   1.7503960e+01   1.6813892e+01   0.0000000e+00
   1.7506509e+01   1.6812973e+01   0.0000000e+00
   1.7509059e+01   1.6812053e+01   0.0000000e+00
   1.7511609e+01   1.6811133e+01   0.0000000e+00
   1.7514159e+01   1.6810213e+01   0.0000000e+00
   1.7516709e+01   1.6809293e+01   0.0000000e+00
   1.7519259e+01   1.6808373e+01   0.0000000e+00
   1.7521810e+01   1.6807452e+01   0.0000000e+00
   1.7524360e+01   1.6806531e+01   0.0000000e+00
   1.7526911e+01   1.6805610e+01   0.0000000e+00
   1.7529462e+01   1.6804689e+01   0.0000000e+00
   1.7532014e+01   1.6803767e+01   0.0000000e+00
   1.7534565e+01   1.6802846e+01   0.0000000e+00
   1.7537116e+01   1.6801924e+01   0.0000000e+00
   1.7539668e+01   1.6801002e+01   0.0000000e+00
   1.7542220e+01   1.6800080e+01   0.0000000e+00
   1.7544772e+01   1.6799158e+01   0.0000000e+00
   1.7547324e+01   1.6798235e+01   0.0000000e+00
   1.7549877e+01   1.6797312e+01   0.0000000e+00
   1.7552430e+01   1.6796389e+01   0.0000000e+00
   1.7554982e+01   1.6795466e+01   0.0000000e+00
   1.7557535e+01   1.6794543e+01   0.0000000e+00
   1.7560088e+01   1.6793619e+01   0.0000000e+00
   1.7562642e+01   1.6792696e+01   0.0000000e+00
   1.7565195e+01   1.6791772e+01   0.0000000e+00
   1.7567749e+01   1.6790848e+01   0.0000000e+00
   1.7570303e+01   1.6789923e+01   0.0000000e+00
   1.7572857e+01   1.6788999e+01   0.0000000e+00
   1.7575411e+01   1.6788074e+01   0.0000000e+00
   1.7577966e+01   1.6787149e+01   0.0000000e+00
   1.7580520e+01   1.6786224e+01   0.0000000e+00
   1.7583075e+01   1.6785299e+01   0.0000000e+00
   1.7585630e+01   1.6784374e+01   0.0000000e+00
   1.7588185e+01   1.6783448e+01   0.0000000e+00
   1.7590740e+01   1.6782522e+01   0.0000000e+00
   1.7593296e+01   1.6781596e+01   0.0000000e+00
   1.7595852e+01   1.6780670e+01   0.0000000e+00
   1.7598407e+01   1.6779743e+01   0.0000000e+00
   1.7600963e+01   1.6778817e+01   0.0000000e+00
   1.7603520e+01   1.6777890e+01   0.0000000e+00
   1.7606076e+01   1.6776963e+01   0.0000000e+00
   1.7608633e+01   1.6776036e+01   0.0000000e+00
   1.7611189e+01   1.6775108e+01   0.0000000e+00
   1.7613746e+01   1.6774181e+01   0.0000000e+00
   1.7616303e+01   1.6773253e+01   0.0000000e+00
   1.7618861e+01   1.6772325e+01   0.0000000e+00
   1.7621418e+01   1.6771397e+01   0.0000000e+00
   1.7623976e+01   1.6770468e+01   0.0000000e+00
   1.7626534e+01   1.6769540e+01   0.0000000e+00
   1.7629092e+01   1.6768611e+01   0.0000000e+00
   1.7631650e+01   1.6767682e+01   0.0000000e+00
   1.7634208e+01   1.6766753e+01   0.0000000e+00
   1.7636767e+01   1.6765823e+01   0.0000000e+00
   1.7639326e+01   1.6764894e+01   0.0000000e+00
   1.7641885e+01   1.6763964e+01   0.0000000e+00
   1.7644444e+01   1.6763034e+01   0.0000000e+00
   1.7647003e+01   1.6762104e+01   0.0000000e+00
   1.7649562e+01   1.6761174e+01   0.0000000e+00
   1.7652122e+01   1.6760243e+01   0.0000000e+00
   1.7654682e+01   1.6759312e+01   0.0000000e+00
   1.7657242e+01   1.6758381e+01   0.0000000e+00
   1.7659802e+01   1.6757450e+01   0.0000000e+00
   1.7662363e+01   1.6756519e+01   0.0000000e+00
   1.7664923e+01   1.6755588e+01   0.0000000e+00
   1.7667484e+01   1.6754656e+01   0.0000000e+00
   1.7670045e+01   1.6753724e+01   0.0000000e+00
   1.7672606e+01   1.6752792e+01   0.0000000e+00
   1.7675167e+01   1.6751859e+01   0.0000000e+00
   1.7677729e+01   1.6750927e+01   0.0000000e+00
   1.7680291e+01   1.6749994e+01   0.0000000e+00
   1.7682852e+01   1.6749061e+01   0.0000000e+00
   1.7685415e+01   1.6748128e+01   0.0000000e+00
   1.7687977e+01   1.6747195e+01   0.0000000e+00
   1.7690539e+01   1.6746261e+01   0.0000000e+00
   1.7693102e+01   1.6745328e+01   0.0000000e+00
   1.7695665e+01   1.6744394e+01   0.0000000e+00
   1.7698228e+01   1.6743460e+01   0.0000000e+00
   1.7700791e+01   1.6742525e+01   0.0000000e+00
   1.7703354e+01   1.6741591e+01   0.0000000e+00
   1.7705918e+01   1.6740656e+01   0.0000000e+00
   1.7708481e+01   1.6739721e+01   0.0000000e+00
   1.7711045e+01   1.6738786e+01   0.0000000e+00
   1.7713609e+01   1.6737851e+01   0.0000000e+00
   1.7716174e+01   1.6736916e+01   0.0000000e+00
   1.7718738e+01   1.6735980e+01   0.0000000e+00
   1.7721303e+01   1.6735044e+01   0.0000000e+00
   1.7723868e+01   1.6734108e+01   0.0000000e+00
   1.7726433e+01   1.6733172e+01   0.0000000e+00
   1.7728998e+01   1.6732235e+01   0.0000000e+00
   1.7731563e+01   1.6731298e+01   0.0000000e+00
   1.7734129e+01   1.6730362e+01   0.0000000e+00
   1.7736695e+01   1.6729425e+01   0.0000000e+00
   1.7739261e+01   1.6728487e+01   0.0000000e+00
   1.7741827e+01   1.6727550e+01   0.0000000e+00
   1.7744393e+01   1.6726612e+01   0.0000000e+00
   1.7746960e+01   1.6725674e+01   0.0000000e+00
   1.7749527e+01   1.6724736e+01   0.0000000e+00
   1.7752093e+01   1.6723798e+01   0.0000000e+00
   1.7754661e+01   1.6722859e+01   0.0000000e+00
   1.7757228e+01   1.6721921e+01   0.0000000e+00
   1.7759795e+01   1.6720982e+01   0.0000000e+00
   1.7762363e+01   1.6720043e+01   0.0000000e+00
   1.7764931e+01   1.6719104e+01   0.0000000e+00
   1.7767499e+01   1.6718164e+01   0.0000000e+00
   1.7770067e+01   1.6717224e+01   0.0000000e+00
   1.7772636e+01   1.6716285e+01   0.0000000e+00
   1.7775204e+01   1.6715345e+01   0.0000000e+00
   1.7777773e+01   1.6714404e+01   0.0000000e+00
   1.7780342e+01   1.6713464e+01   0.0000000e+00
   1.7782911e+01   1.6712523e+01   0.0000000e+00
   1.7785481e+01   1.6711582e+01   0.0000000e+00
   1.7788050e+01   1.6710641e+01   0.0000000e+00
   1.7790620e+01   1.6709700e+01   0.0000000e+00
   1.7793190e+01   1.6708759e+01   0.0000000e+00
   1.7795760e+01   1.6707817e+01   0.0000000e+00
   1.7798330e+01   1.6706875e+01   0.0000000e+00
   1.7800901e+01   1.6705933e+01   0.0000000e+00
   1.7803472e+01   1.6704991e+01   0.0000000e+00
   1.7806043e+01   1.6704048e+01   0.0000000e+00
   1.7808614e+01   1.6703105e+01   0.0000000e+00
   1.7811185e+01   1.6702163e+01   0.0000000e+00
   1.7813756e+01   1.6701220e+01   0.0000000e+00
   1.7816328e+01   1.6700276e+01   0.0000000e+00
   1.7818900e+01   1.6699333e+01   0.0000000e+00
   1.7821472e+01   1.6698389e+01   0.0000000e+00
   1.7824044e+01   1.6697445e+01   0.0000000e+00
   1.7826617e+01   1.6696501e+01   0.0000000e+00
   1.7829189e+01   1.6695557e+01   0.0000000e+00
   1.7831762e+01   1.6694612e+01   0.0000000e+00
   1.7834335e+01   1.6693668e+01   0.0000000e+00
   1.7836909e+01   1.6692723e+01   0.0000000e+00
   1.7839482e+01   1.6691778e+01   0.0000000e+00
   1.7842056e+01   1.6690832e+01   0.0000000e+00
   1.7844629e+01   1.6689887e+01   0.0000000e+00
   1.7847203e+01   1.6688941e+01   0.0000000e+00
   1.7849778e+01   1.6687995e+01   0.0000000e+00
   1.7852352e+01   1.6687049e+01   0.0000000e+00
   1.7854926e+01   1.6686103e+01   0.0000000e+00
   1.7857501e+01   1.6685156e+01   0.0000000e+00
   1.7860076e+01   1.6684210e+01   0.0000000e+00
   1.7862651e+01   1.6683263e+01   0.0000000e+00
   1.7865227e+01   1.6682316e+01   0.0000000e+00
   1.7867802e+01   1.6681368e+01   0.0000000e+00
   1.7870378e+01   1.6680421e+01   0.0000000e+00
   1.7872954e+01   1.6679473e+01   0.0000000e+00
   1.7875530e+01   1.6678525e+01   0.0000000e+00
   1.7878106e+01   1.6677577e+01   0.0000000e+00
   1.7880683e+01   1.6676629e+01   0.0000000e+00
   1.7883260e+01   1.6675680e+01   0.0000000e+00
   1.7885837e+01   1.6674731e+01   0.0000000e+00
   1.7888414e+01   1.6673782e+01   0.0000000e+00
   1.7890991e+01   1.6672833e+01   0.0000000e+00
   1.7893569e+01   1.6671884e+01   0.0000000e+00
   1.7896146e+01   1.6670934e+01   0.0000000e+00
   1.7898724e+01   1.6669985e+01   0.0000000e+00
   1.7901302e+01   1.6669035e+01   0.0000000e+00
   1.7903881e+01   1.6668084e+01   0.0000000e+00
   1.7906459e+01   1.6667134e+01   0.0000000e+00
   1.7909038e+01   1.6666183e+01   0.0000000e+00
   1.7911617e+01   1.6665233e+01   0.0000000e+00
   1.7914196e+01   1.6664282e+01   0.0000000e+00
   1.7916775e+01   1.6663330e+01   0.0000000e+00
   1.7919354e+01   1.6662379e+01   0.0000000e+00
   1.7921934e+01   1.6661427e+01   0.0000000e+00
   1.7924514e+01   1.6660476e+01   0.0000000e+00
   1.7927094e+01   1.6659524e+01   0.0000000e+00
   1.7929674e+01   1.6658571e+01   0.0000000e+00
   1.7932255e+01   1.6657619e+01   0.0000000e+00
   1.7934835e+01   1.6656666e+01   0.0000000e+00
   1.7937416e+01   1.6655713e+01   0.0000000e+00
   1.7939997e+01   1.6654760e+01   0.0000000e+00
   1.7942579e+01   1.6653807e+01   0.0000000e+00
   1.7945160e+01   1.6652854e+01   0.0000000e+00
   1.7947742e+01   1.6651900e+01   0.0000000e+00
   1.7950324e+01   1.6650946e+01   0.0000000e+00
   1.7952906e+01   1.6649992e+01   0.0000000e+00
   1.7955488e+01   1.6649038e+01   0.0000000e+00
   1.7958070e+01   1.6648083e+01   0.0000000e+00
   1.7960653e+01   1.6647129e+01   0.0000000e+00
   1.7963236e+01   1.6646174e+01   0.0000000e+00
   1.7965819e+01   1.6645219e+01   0.0000000e+00
   1.7968402e+01   1.6644263e+01   0.0000000e+00
   1.7970986e+01   1.6643308e+01   0.0000000e+00
   1.7973569e+01   1.6642352e+01   0.0000000e+00
   1.7976153e+01   1.6641396e+01   0.0000000e+00
   1.7978737e+01   1.6640440e+01   0.0000000e+00
   1.7981322e+01   1.6639484e+01   0.0000000e+00
   1.7983906e+01   1.6638527e+01   0.0000000e+00
   1.7986491e+01   1.6637571e+01   0.0000000e+00
   1.7989076e+01   1.6636614e+01   0.0000000e+00
   1.7991661e+01   1.6635656e+01   0.0000000e+00
   1.7994246e+01   1.6634699e+01   0.0000000e+00
   1.7996831e+01   1.6633741e+01   0.0000000e+00
   1.7999417e+01   1.6632784e+01   0.0000000e+00
   1.8002003e+01   1.6631826e+01   0.0000000e+00
   1.8004589e+01   1.6630867e+01   0.0000000e+00
   1.8007175e+01   1.6629909e+01   0.0000000e+00
   1.8009762e+01   1.6628950e+01   0.0000000e+00
   1.8012349e+01   1.6627992e+01   0.0000000e+00
   1.8014936e+01   1.6627033e+01   0.0000000e+00
   1.8017523e+01   1.6626073e+01   0.0000000e+00
   1.8020110e+01   1.6625114e+01   0.0000000e+00
   1.8022697e+01   1.6624154e+01   0.0000000e+00
   1.8025285e+01   1.6623194e+01   0.0000000e+00
   1.8027873e+01   1.6622234e+01   0.0000000e+00
   1.8030461e+01   1.6621274e+01   0.0000000e+00
   1.8033049e+01   1.6620314e+01   0.0000000e+00
   1.8035638e+01   1.6619353e+01   0.0000000e+00
   1.8038227e+01   1.6618392e+01   0.0000000e+00
   1.8040816e+01   1.6617431e+01   0.0000000e+00
   1.8043405e+01   1.6616470e+01   0.0000000e+00
   1.8045994e+01   1.6615508e+01   0.0000000e+00
   1.8048584e+01   1.6614546e+01   0.0000000e+00
   1.8051173e+01   1.6613584e+01   0.0000000e+00
   1.8053763e+01   1.6612622e+01   0.0000000e+00
   1.8056354e+01   1.6611660e+01   0.0000000e+00
   1.8058944e+01   1.6610697e+01   0.0000000e+00
   1.8061535e+01   1.6609734e+01   0.0000000e+00
   1.8064125e+01   1.6608771e+01   0.0000000e+00
   1.8066716e+01   1.6607808e+01   0.0000000e+00
   1.8069308e+01   1.6606845e+01   0.0000000e+00
   1.8071899e+01   1.6605881e+01   0.0000000e+00
   1.8074491e+01   1.6604917e+01   0.0000000e+00
   1.8077082e+01   1.6603953e+01   0.0000000e+00
   1.8079674e+01   1.6602989e+01   0.0000000e+00
   1.8082267e+01   1.6602025e+01   0.0000000e+00
   1.8084859e+01   1.6601060e+01   0.0000000e+00
   1.8087452e+01   1.6600095e+01   0.0000000e+00
   1.8090045e+01   1.6599130e+01   0.0000000e+00
   1.8092638e+01   1.6598165e+01   0.0000000e+00
   1.8095231e+01   1.6597199e+01   0.0000000e+00
   1.8097824e+01   1.6596233e+01   0.0000000e+00
   1.8100418e+01   1.6595268e+01   0.0000000e+00
   1.8103012e+01   1.6594301e+01   0.0000000e+00
   1.8105606e+01   1.6593335e+01   0.0000000e+00
   1.8108200e+01   1.6592368e+01   0.0000000e+00
   1.8110795e+01   1.6591402e+01   0.0000000e+00
   1.8113390e+01   1.6590435e+01   0.0000000e+00
   1.8115984e+01   1.6589467e+01   0.0000000e+00
   1.8118580e+01   1.6588500e+01   0.0000000e+00
   1.8121175e+01   1.6587532e+01   0.0000000e+00
   1.8123770e+01   1.6586565e+01   0.0000000e+00
   1.8126366e+01   1.6585597e+01   0.0000000e+00
   1.8128962e+01   1.6584628e+01   0.0000000e+00
   1.8131558e+01   1.6583660e+01   0.0000000e+00
   1.8134155e+01   1.6582691e+01   0.0000000e+00
   1.8136751e+01   1.6581722e+01   0.0000000e+00
   1.8139348e+01   1.6580753e+01   0.0000000e+00
   1.8141945e+01   1.6579784e+01   0.0000000e+00
   1.8144543e+01   1.6578814e+01   0.0000000e+00
   1.8147140e+01   1.6577845e+01   0.0000000e+00
   1.8149738e+01   1.6576875e+01   0.0000000e+00
   1.8152335e+01   1.6575905e+01   0.0000000e+00
   1.8154934e+01   1.6574934e+01   0.0000000e+00
   1.8157532e+01   1.6573964e+01   0.0000000e+00
   1.8160130e+01   1.6572993e+01   0.0000000e+00
   1.8162729e+01   1.6572022e+01   0.0000000e+00
   1.8165328e+01   1.6571051e+01   0.0000000e+00
   1.8167927e+01   1.6570079e+01   0.0000000e+00
   1.8170526e+01   1.6569108e+01   0.0000000e+00
   1.8173126e+01   1.6568136e+01   0.0000000e+00
   1.8175726e+01   1.6567164e+01   0.0000000e+00
   1.8178326e+01   1.6566191e+01   0.0000000e+00
   1.8180926e+01   1.6565219e+01   0.0000000e+00
   1.8183526e+01   1.6564246e+01   0.0000000e+00
   1.8186127e+01   1.6563273e+01   0.0000000e+00
   1.8188728e+01   1.6562300e+01   0.0000000e+00
   1.8191329e+01   1.6561327e+01   0.0000000e+00
   1.8193930e+01   1.6560353e+01   0.0000000e+00
   1.8196532e+01   1.6559379e+01   0.0000000e+00
   1.8199133e+01   1.6558405e+01   0.0000000e+00
   1.8201735e+01   1.6557431e+01   0.0000000e+00
   1.8204337e+01   1.6556457e+01   0.0000000e+00
   1.8206940e+01   1.6555482e+01   0.0000000e+00
   1.8209542e+01   1.6554507e+01   0.0000000e+00
   1.8212145e+01   1.6553532e+01   0.0000000e+00
   1.8214748e+01   1.6552557e+01   0.0000000e+00
   1.8217351e+01   1.6551581e+01   0.0000000e+00
   1.8219955e+01   1.6550606e+01   0.0000000e+00
   1.8222558e+01   1.6549630e+01   0.0000000e+00
   1.8225162e+01   1.6548654e+01   0.0000000e+00
   1.8227766e+01   1.6547677e+01   0.0000000e+00
   1.8230370e+01   1.6546701e+01   0.0000000e+00
   1.8232975e+01   1.6545724e+01   0.0000000e+00
   1.8235579e+01   1.6544747e+01   0.0000000e+00
   1.8238184e+01   1.6543770e+01   0.0000000e+00
   1.8240790e+01   1.6542792e+01   0.0000000e+00
   1.8243395e+01   1.6541815e+01   0.0000000e+00
   1.8246000e+01   1.6540837e+01   0.0000000e+00
   1.8248606e+01   1.6539859e+01   0.0000000e+00
   1.8251212e+01   1.6538881e+01   0.0000000e+00
   1.8253818e+01   1.6537902e+01   0.0000000e+00
   1.8256425e+01   1.6536923e+01   0.0000000e+00
   1.8259031e+01   1.6535944e+01   0.0000000e+00
   1.8261638e+01   1.6534965e+01   0.0000000e+00
   1.8264245e+01   1.6533986e+01   0.0000000e+00
   1.8266853e+01   1.6533006e+01   0.0000000e+00
   1.8269460e+01   1.6532026e+01   0.0000000e+00
   1.8272068e+01   1.6531046e+01   0.0000000e+00
   1.8274676e+01   1.6530066e+01   0.0000000e+00
   1.8277284e+01   1.6529086e+01   0.0000000e+00
   1.8279892e+01   1.6528105e+01   0.0000000e+00
   1.8282501e+01   1.6527124e+01   0.0000000e+00
   1.8285110e+01   1.6526143e+01   0.0000000e+00
   1.8287719e+01   1.6525162e+01   0.0000000e+00
   1.8290328e+01   1.6524180e+01   0.0000000e+00
   1.8292938e+01   1.6523199e+01   0.0000000e+00
   1.8295547e+01   1.6522217e+01   0.0000000e+00
   1.8298157e+01   1.6521234e+01   0.0000000e+00
   1.8300767e+01   1.6520252e+01   0.0000000e+00
   1.8303378e+01   1.6519269e+01   0.0000000e+00
   1.8305988e+01   1.6518287e+01   0.0000000e+00
   1.8308599e+01   1.6517304e+01   0.0000000e+00
   1.8311210e+01   1.6516320e+01   0.0000000e+00
   1.8313821e+01   1.6515337e+01   0.0000000e+00
   1.8316433e+01   1.6514353e+01   0.0000000e+00
   1.8319044e+01   1.6513369e+01   0.0000000e+00
   1.8321656e+01   1.6512385e+01   0.0000000e+00
   1.8324268e+01   1.6511401e+01   0.0000000e+00
   1.8326881e+01   1.6510416e+01   0.0000000e+00
   1.8329493e+01   1.6509431e+01   0.0000000e+00
   1.8332106e+01   1.6508446e+01   0.0000000e+00
   1.8334719e+01   1.6507461e+01   0.0000000e+00
   1.8337332e+01   1.6506476e+01   0.0000000e+00
   1.8339946e+01   1.6505490e+01   0.0000000e+00
   1.8342559e+01   1.6504504e+01   0.0000000e+00
   1.8345173e+01   1.6503518e+01   0.0000000e+00
   1.8347787e+01   1.6502532e+01   0.0000000e+00
   1.8350402e+01   1.6501545e+01   0.0000000e+00
   1.8353016e+01   1.6500558e+01   0.0000000e+00
   1.8355631e+01   1.6499572e+01   0.0000000e+00
   1.8358246e+01   1.6498584e+01   0.0000000e+00
   1.8360861e+01   1.6497597e+01   0.0000000e+00
   1.8363477e+01   1.6496609e+01   0.0000000e+00
   1.8366092e+01   1.6495621e+01   0.0000000e+00
   1.8368708e+01   1.6494633e+01   0.0000000e+00
   1.8371324e+01   1.6493645e+01   0.0000000e+00
   1.8373941e+01   1.6492657e+01   0.0000000e+00
   1.8376557e+01   1.6491668e+01   0.0000000e+00
   1.8379174e+01   1.6490679e+01   0.0000000e+00
   1.8381791e+01   1.6489690e+01   0.0000000e+00
   1.8384408e+01   1.6488700e+01   0.0000000e+00
   1.8387026e+01   1.6487711e+01   0.0000000e+00
   1.8389643e+01   1.6486721e+01   0.0000000e+00
   1.8392261e+01   1.6485731e+01   0.0000000e+00
   1.8394879e+01   1.6484741e+01   0.0000000e+00
   1.8397498e+01   1.6483750e+01   0.0000000e+00
   1.8400116e+01   1.6482759e+01   0.0000000e+00
   1.8402735e+01   1.6481768e+01   0.0000000e+00
   1.8405354e+01   1.6480777e+01   0.0000000e+00
   1.8407973e+01   1.6479786e+01   0.0000000e+00
   1.8410593e+01   1.6478794e+01   0.0000000e+00
   1.8413213e+01   1.6477803e+01   0.0000000e+00
   1.8415832e+01   1.6476811e+01   0.0000000e+00
   1.8418453e+01   1.6475818e+01   0.0000000e+00
   1.8421073e+01   1.6474826e+01   0.0000000e+00
   1.8423694e+01   1.6473833e+01   0.0000000e+00
   1.8426314e+01   1.6472840e+01   0.0000000e+00
   1.8428936e+01   1.6471847e+01   0.0000000e+00
   1.8431557e+01   1.6470854e+01   0.0000000e+00
   1.8434178e+01   1.6469860e+01   0.0000000e+00
   1.8436800e+01   1.6468866e+01   0.0000000e+00
   1.8439422e+01   1.6467872e+01   0.0000000e+00
   1.8442044e+01   1.6466878e+01   0.0000000e+00
   1.8444667e+01   1.6465884e+01   0.0000000e+00
   1.8447289e+01   1.6464889e+01   0.0000000e+00
   1.8449912e+01   1.6463894e+01   0.0000000e+00
   1.8452535e+01   1.6462899e+01   0.0000000e+00
   1.8455159e+01   1.6461903e+01   0.0000000e+00
   1.8457782e+01   1.6460908e+01   0.0000000e+00
   1.8460406e+01   1.6459912e+01   0.0000000e+00
   1.8463030e+01   1.6458916e+01   0.0000000e+00
   1.8465654e+01   1.6457920e+01   0.0000000e+00
   1.8468279e+01   1.6456923e+01   0.0000000e+00
   1.8470903e+01   1.6455927e+01   0.0000000e+00
   1.8473528e+01   1.6454930e+01   0.0000000e+00
   1.8476154e+01   1.6453932e+01   0.0000000e+00
   1.8478779e+01   1.6452935e+01   0.0000000e+00
   1.8481405e+01   1.6451938e+01   0.0000000e+00
   1.8484030e+01   1.6450940e+01   0.0000000e+00
   1.8486657e+01   1.6449942e+01   0.0000000e+00
   1.8489283e+01   1.6448943e+01   0.0000000e+00
   1.8491909e+01   1.6447945e+01   0.0000000e+00
   1.8494536e+01   1.6446946e+01   0.0000000e+00
   1.8497163e+01   1.6445947e+01   0.0000000e+00
   1.8499790e+01   1.6444948e+01   0.0000000e+00
   1.8502418e+01   1.6443949e+01   0.0000000e+00
   1.8505046e+01   1.6442949e+01   0.0000000e+00
   1.8507674e+01   1.6441949e+01   0.0000000e+00
   1.8510302e+01   1.6440949e+01   0.0000000e+00
   1.8512930e+01   1.6439949e+01   0.0000000e+00
   1.8515559e+01   1.6438949e+01   0.0000000e+00
   1.8518188e+01   1.6437948e+01   0.0000000e+00
   1.8520817e+01   1.6436947e+01   0.0000000e+00
   1.8523446e+01   1.6435946e+01   0.0000000e+00
   1.8526076e+01   1.6434944e+01   0.0000000e+00
   1.8528705e+01   1.6433943e+01   0.0000000e+00
   1.8531335e+01   1.6432941e+01   0.0000000e+00
   1.8533966e+01   1.6431939e+01   0.0000000e+00
   1.8536596e+01   1.6430936e+01   0.0000000e+00
   1.8539227e+01   1.6429934e+01   0.0000000e+00
   1.8541858e+01   1.6428931e+01   0.0000000e+00
   1.8544489e+01   1.6427928e+01   0.0000000e+00
   1.8547121e+01   1.6426925e+01   0.0000000e+00
   1.8549752e+01   1.6425922e+01   0.0000000e+00
   1.8552384e+01   1.6424918e+01   0.0000000e+00
   1.8555016e+01   1.6423914e+01   0.0000000e+00
   1.8557649e+01   1.6422910e+01   0.0000000e+00
   1.8560281e+01   1.6421906e+01   0.0000000e+00
   1.8562914e+01   1.6420901e+01   0.0000000e+00
   1.8565547e+01   1.6419896e+01   0.0000000e+00
   1.8568180e+01   1.6418891e+01   0.0000000e+00
   1.8570814e+01   1.6417886e+01   0.0000000e+00
   1.8573448e+01   1.6416880e+01   0.0000000e+00
   1.8576082e+01   1.6415875e+01   0.0000000e+00
   1.8578716e+01   1.6414869e+01   0.0000000e+00
   1.8581350e+01   1.6413863e+01   0.0000000e+00
   1.8583985e+01   1.6412856e+01   0.0000000e+00
   1.8586620e+01   1.6411850e+01   0.0000000e+00
   1.8589255e+01   1.6410843e+01   0.0000000e+00
   1.8591891e+01   1.6409836e+01   0.0000000e+00
   1.8594526e+01   1.6408829e+01   0.0000000e+00
   1.8597162e+01   1.6407821e+01   0.0000000e+00
   1.8599798e+01   1.6406813e+01   0.0000000e+00
   1.8602435e+01   1.6405805e+01   0.0000000e+00
   1.8605071e+01   1.6404797e+01   0.0000000e+00
   1.8607708e+01   1.6403789e+01   0.0000000e+00
   1.8610345e+01   1.6402780e+01   0.0000000e+00
   1.8612983e+01   1.6401771e+01   0.0000000e+00
   1.8615620e+01   1.6400762e+01   0.0000000e+00
   1.8618258e+01   1.6399753e+01   0.0000000e+00
   1.8620896e+01   1.6398743e+01   0.0000000e+00
   1.8623534e+01   1.6397733e+01   0.0000000e+00
   1.8626173e+01   1.6396723e+01   0.0000000e+00
   1.8628812e+01   1.6395713e+01   0.0000000e+00
   1.8631450e+01   1.6394703e+01   0.0000000e+00
   1.8634090e+01   1.6393692e+01   0.0000000e+00
   1.8636729e+01   1.6392681e+01   0.0000000e+00
   1.8639369e+01   1.6391670e+01   0.0000000e+00
   1.8642009e+01   1.6390659e+01   0.0000000e+00
   1.8644649e+01   1.6389647e+01   0.0000000e+00
   1.8647289e+01   1.6388635e+01   0.0000000e+00
   1.8649930e+01   1.6387623e+01   0.0000000e+00
   1.8652571e+01   1.6386611e+01   0.0000000e+00
   1.8655212e+01   1.6385598e+01   0.0000000e+00
   1.8657854e+01   1.6384585e+01   0.0000000e+00
   1.8660495e+01   1.6383572e+01   0.0000000e+00
   1.8663137e+01   1.6382559e+01   0.0000000e+00
   1.8665779e+01   1.6381546e+01   0.0000000e+00
   1.8668421e+01   1.6380532e+01   0.0000000e+00
   1.8671064e+01   1.6379518e+01   0.0000000e+00
   1.8673707e+01   1.6378504e+01   0.0000000e+00
   1.8676350e+01   1.6377490e+01   0.0000000e+00
   1.8678993e+01   1.6376475e+01   0.0000000e+00
   1.8681637e+01   1.6375460e+01   0.0000000e+00
   1.8684281e+01   1.6374445e+01   0.0000000e+00
   1.8686925e+01   1.6373430e+01   0.0000000e+00
   1.8689569e+01   1.6372414e+01   0.0000000e+00
   1.8692213e+01   1.6371398e+01   0.0000000e+00
   1.8694858e+01   1.6370382e+01   0.0000000e+00
   1.8697503e+01   1.6369366e+01   0.0000000e+00
   1.8700148e+01   1.6368350e+01   0.0000000e+00
   1.8702794e+01   1.6367333e+01   0.0000000e+00
   1.8705440e+01   1.6366316e+01   0.0000000e+00
   1.8708086e+01   1.6365299e+01   0.0000000e+00
   1.8710732e+01   1.6364282e+01   0.0000000e+00
   1.8713378e+01   1.6363264e+01   0.0000000e+00
   1.8716025e+01   1.6362246e+01   0.0000000e+00
   1.8718672e+01   1.6361228e+01   0.0000000e+00
   1.8721319e+01   1.6360210e+01   0.0000000e+00
   1.8723967e+01   1.6359191e+01   0.0000000e+00
   1.8726614e+01   1.6358172e+01   0.0000000e+00
   1.8729262e+01   1.6357153e+01   0.0000000e+00
   1.8731911e+01   1.6356134e+01   0.0000000e+00
   1.8734559e+01   1.6355115e+01   0.0000000e+00
   1.8737208e+01   1.6354095e+01   0.0000000e+00
   1.8739857e+01   1.6353075e+01   0.0000000e+00
   1.8742506e+01   1.6352055e+01   0.0000000e+00
   1.8745155e+01   1.6351035e+01   0.0000000e+00
   1.8747805e+01   1.6350014e+01   0.0000000e+00
   1.8750455e+01   1.6348993e+01   0.0000000e+00
   1.8753105e+01   1.6347972e+01   0.0000000e+00
   1.8755755e+01   1.6346951e+01   0.0000000e+00
   1.8758406e+01   1.6345929e+01   0.0000000e+00
   1.8761057e+01   1.6344907e+01   0.0000000e+00
   1.8763708e+01   1.6343885e+01   0.0000000e+00
   1.8766359e+01   1.6342863e+01   0.0000000e+00
   1.8769011e+01   1.6341840e+01   0.0000000e+00
   1.8771663e+01   1.6340818e+01   0.0000000e+00
   1.8774315e+01   1.6339795e+01   0.0000000e+00
   1.8776967e+01   1.6338772e+01   0.0000000e+00
   1.8779620e+01   1.6337748e+01   0.0000000e+00
   1.8782273e+01   1.6336724e+01   0.0000000e+00
   1.8784926e+01   1.6335701e+01   0.0000000e+00
   1.8787579e+01   1.6334676e+01   0.0000000e+00
   1.8790233e+01   1.6333652e+01   0.0000000e+00
   1.8792887e+01   1.6332627e+01   0.0000000e+00
   1.8795541e+01   1.6331603e+01   0.0000000e+00
   1.8798195e+01   1.6330577e+01   0.0000000e+00
   1.8800850e+01   1.6329552e+01   0.0000000e+00
   1.8803504e+01   1.6328527e+01   0.0000000e+00
   1.8806160e+01   1.6327501e+01   0.0000000e+00
   1.8808815e+01   1.6326475e+01   0.0000000e+00
   1.8811470e+01   1.6325449e+01   0.0000000e+00
   1.8814126e+01   1.6324422e+01   0.0000000e+00
   1.8816782e+01   1.6323395e+01   0.0000000e+00
   1.8819439e+01   1.6322368e+01   0.0000000e+00
   1.8822095e+01   1.6321341e+01   0.0000000e+00
   1.8824752e+01   1.6320314e+01   0.0000000e+00
   1.8827409e+01   1.6319286e+01   0.0000000e+00
   1.8830067e+01   1.6318258e+01   0.0000000e+00
   1.8832724e+01   1.6317230e+01   0.0000000e+00
   1.8835382e+01   1.6316202e+01   0.0000000e+00
   1.8838040e+01   1.6315173e+01   0.0000000e+00
   1.8840699e+01   1.6314144e+01   0.0000000e+00
   1.8843357e+01   1.6313115e+01   0.0000000e+00
   1.8846016e+01   1.6312086e+01   0.0000000e+00
   1.8848675e+01   1.6311056e+01   0.0000000e+00
   1.8851335e+01   1.6310026e+01   0.0000000e+00
   1.8853994e+01   1.6308996e+01   0.0000000e+00
   1.8856654e+01   1.6307966e+01   0.0000000e+00
   1.8859314e+01   1.6306936e+01   0.0000000e+00
   1.8861974e+01   1.6305905e+01   0.0000000e+00
   1.8864635e+01   1.6304874e+01   0.0000000e+00
   1.8867296e+01   1.6303843e+01   0.0000000e+00
   1.8869957e+01   1.6302811e+01   0.0000000e+00
   1.8872618e+01   1.6301780e+01   0.0000000e+00
   1.8875280e+01   1.6300748e+01   0.0000000e+00
   1.8877942e+01   1.6299715e+01   0.0000000e+00
   1.8880604e+01   1.6298683e+01   0.0000000e+00
   1.8883267e+01   1.6297650e+01   0.0000000e+00
   1.8885929e+01   1.6296617e+01   0.0000000e+00
   1.8888592e+01   1.6295584e+01   0.0000000e+00
   1.8891255e+01   1.6294551e+01   0.0000000e+00
   1.8893919e+01   1.6293517e+01   0.0000000e+00
   1.8896582e+01   1.6292484e+01   0.0000000e+00
   1.8899246e+01   1.6291449e+01   0.0000000e+00
   1.8901910e+01   1.6290415e+01   0.0000000e+00
   1.8904575e+01   1.6289381e+01   0.0000000e+00
   1.8907240e+01   1.6288346e+01   0.0000000e+00
   1.8909905e+01   1.6287311e+01   0.0000000e+00
   1.8912570e+01   1.6286276e+01   0.0000000e+00
   1.8915235e+01   1.6285240e+01   0.0000000e+00
   1.8917901e+01   1.6284204e+01   0.0000000e+00
   1.8920567e+01   1.6283168e+01   0.0000000e+00
   1.8923233e+01   1.6282132e+01   0.0000000e+00
   1.8925900e+01   1.6281096e+01   0.0000000e+00
   1.8928566e+01   1.6280059e+01   0.0000000e+00
   1.8931233e+01   1.6279022e+01   0.0000000e+00
   1.8933901e+01   1.6277985e+01   0.0000000e+00
   1.8936568e+01   1.6276947e+01   0.0000000e+00
   1.8939236e+01   1.6275910e+01   0.0000000e+00
   1.8941904e+01   1.6274872e+01   0.0000000e+00
   1.8944572e+01   1.6273834e+01   0.0000000e+00
   1.8947241e+01   1.6272795e+01   0.0000000e+00
   1.8949910e+01   1.6271757e+01   0.0000000e+00
   1.8952579e+01   1.6270718e+01   0.0000000e+00
   1.8955248e+01   1.6269679e+01   0.0000000e+00
   1.8957918e+01   1.6268639e+01   0.0000000e+00
   1.8960587e+01   1.6267600e+01   0.0000000e+00
   1.8963258e+01   1.6266560e+01   0.0000000e+00
   1.8965928e+01   1.6265520e+01   0.0000000e+00
   1.8968598e+01   1.6264479e+01   0.0000000e+00
   1.8971269e+01   1.6263439e+01   0.0000000e+00
   1.8973940e+01   1.6262398e+01   0.0000000e+00
   1.8976612e+01   1.6261357e+01   0.0000000e+00
   1.8979284e+01   1.6260316e+01   0.0000000e+00
   1.8981955e+01   1.6259274e+01   0.0000000e+00
   1.8984628e+01   1.6258232e+01   0.0000000e+00
   1.8987300e+01   1.6257190e+01   0.0000000e+00
   1.8989973e+01   1.6256148e+01   0.0000000e+00
   1.8992646e+01   1.6255106e+01   0.0000000e+00
   1.8995319e+01   1.6254063e+01   0.0000000e+00
   1.8997992e+01   1.6253020e+01   0.0000000e+00
   1.9000666e+01   1.6251977e+01   0.0000000e+00
   1.9003340e+01   1.6250933e+01   0.0000000e+00
   1.9006014e+01   1.6249890e+01   0.0000000e+00
   1.9008689e+01   1.6248846e+01   0.0000000e+00
   1.9011364e+01   1.6247801e+01   0.0000000e+00
   1.9014039e+01   1.6246757e+01   0.0000000e+00
   1.9016714e+01   1.6245712e+01   0.0000000e+00
   1.9019390e+01   1.6244667e+01   0.0000000e+00
   1.9022066e+01   1.6243622e+01   0.0000000e+00
   1.9024742e+01   1.6242577e+01   0.0000000e+00
   1.9027418e+01   1.6241531e+01   0.0000000e+00
   1.9030095e+01   1.6240485e+01   0.0000000e+00
   1.9032772e+01   1.6239439e+01   0.0000000e+00
   1.9035449e+01   1.6238393e+01   0.0000000e+00
   1.9038126e+01   1.6237346e+01   0.0000000e+00
   1.9040804e+01   1.6236299e+01   0.0000000e+00
   1.9043482e+01   1.6235252e+01   0.0000000e+00
   1.9046160e+01   1.6234205e+01   0.0000000e+00
   1.9048838e+01   1.6233157e+01   0.0000000e+00
   1.9051517e+01   1.6232109e+01   0.0000000e+00
   1.9054196e+01   1.6231061e+01   0.0000000e+00
   1.9056875e+01   1.6230013e+01   0.0000000e+00
   1.9059555e+01   1.6228964e+01   0.0000000e+00
   1.9062235e+01   1.6227915e+01   0.0000000e+00
   1.9064915e+01   1.6226866e+01   0.0000000e+00
   1.9067595e+01   1.6225817e+01   0.0000000e+00
   1.9070276e+01   1.6224767e+01   0.0000000e+00
   1.9072957e+01   1.6223718e+01   0.0000000e+00
   1.9075638e+01   1.6222667e+01   0.0000000e+00
   1.9078319e+01   1.6221617e+01   0.0000000e+00
   1.9081001e+01   1.6220567e+01   0.0000000e+00
   1.9083683e+01   1.6219516e+01   0.0000000e+00
   1.9086365e+01   1.6218465e+01   0.0000000e+00
   1.9089047e+01   1.6217414e+01   0.0000000e+00
   1.9091730e+01   1.6216362e+01   0.0000000e+00
   1.9094413e+01   1.6215310e+01   0.0000000e+00
   1.9097096e+01   1.6214258e+01   0.0000000e+00
   1.9099780e+01   1.6213206e+01   0.0000000e+00
   1.9102464e+01   1.6212153e+01   0.0000000e+00
   1.9105148e+01   1.6211101e+01   0.0000000e+00
   1.9107832e+01   1.6210048e+01   0.0000000e+00
   1.9110517e+01   1.6208994e+01   0.0000000e+00
   1.9113202e+01   1.6207941e+01   0.0000000e+00
   1.9115887e+01   1.6206887e+01   0.0000000e+00
   1.9118572e+01   1.6205833e+01   0.0000000e+00
   1.9121258e+01   1.6204779e+01   0.0000000e+00
   1.9123944e+01   1.6203724e+01   0.0000000e+00
   1.9126630e+01   1.6202670e+01   0.0000000e+00
   1.9129317e+01   1.6201615e+01   0.0000000e+00
   1.9132003e+01   1.6200559e+01   0.0000000e+00
   1.9134690e+01   1.6199504e+01   0.0000000e+00
   1.9137378e+01   1.6198448e+01   0.0000000e+00
   1.9140065e+01   1.6197392e+01   0.0000000e+00
   1.9142753e+01   1.6196336e+01   0.0000000e+00
   1.9145441e+01   1.6195279e+01   0.0000000e+00
   1.9148130e+01   1.6194223e+01   0.0000000e+00
   1.9150818e+01   1.6193166e+01   0.0000000e+00
   1.9153507e+01   1.6192108e+01   0.0000000e+00
   1.9156196e+01   1.6191051e+01   0.0000000e+00
   1.9158886e+01   1.6189993e+01   0.0000000e+00
   1.9161576e+01   1.6188935e+01   0.0000000e+00
   1.9164266e+01   1.6187877e+01   0.0000000e+00
   1.9166956e+01   1.6186819e+01   0.0000000e+00
   1.9169646e+01   1.6185760e+01   0.0000000e+00
   1.9172337e+01   1.6184701e+01   0.0000000e+00
   1.9175028e+01   1.6183642e+01   0.0000000e+00
   1.9177720e+01   1.6182582e+01   0.0000000e+00
   1.9180411e+01   1.6181523e+01   0.0000000e+00
   1.9183103e+01   1.6180463e+01   0.0000000e+00
   1.9185795e+01   1.6179402e+01   0.0000000e+00
   1.9188488e+01   1.6178342e+01   0.0000000e+00
   1.9191181e+01   1.6177281e+01   0.0000000e+00
   1.9193874e+01   1.6176220e+01   0.0000000e+00
   1.9196567e+01   1.6175159e+01   0.0000000e+00
   1.9199260e+01   1.6174097e+01   0.0000000e+00
   1.9201954e+01   1.6173036e+01   0.0000000e+00
   1.9204648e+01   1.6171974e+01   0.0000000e+00
   1.9207343e+01   1.6170912e+01   0.0000000e+00
   1.9210037e+01   1.6169849e+01   0.0000000e+00
   1.9212732e+01   1.6168786e+01   0.0000000e+00
   1.9215428e+01   1.6167723e+01   0.0000000e+00
   1.9218123e+01   1.6166660e+01   0.0000000e+00
   1.9220819e+01   1.6165597e+01   0.0000000e+00
   1.9223515e+01   1.6164533e+01   0.0000000e+00
   1.9226211e+01   1.6163469e+01   0.0000000e+00
   1.9228908e+01   1.6162405e+01   0.0000000e+00
   1.9231605e+01   1.6161340e+01   0.0000000e+00
   1.9234302e+01   1.6160275e+01   0.0000000e+00
   1.9236999e+01   1.6159211e+01   0.0000000e+00
   1.9239697e+01   1.6158145e+01   0.0000000e+00
   1.9242395e+01   1.6157080e+01   0.0000000e+00
   1.9245093e+01   1.6156014e+01   0.0000000e+00
   1.9247792e+01   1.6154948e+01   0.0000000e+00
   1.9250490e+01   1.6153882e+01   0.0000000e+00
   1.9253189e+01   1.6152815e+01   0.0000000e+00
   1.9255889e+01   1.6151749e+01   0.0000000e+00
   1.9258588e+01   1.6150681e+01   0.0000000e+00
   1.9261288e+01   1.6149614e+01   0.0000000e+00
   1.9263988e+01   1.6148547e+01   0.0000000e+00
   1.9266689e+01   1.6147479e+01   0.0000000e+00
   1.9269390e+01   1.6146411e+01   0.0000000e+00
   1.9272091e+01   1.6145343e+01   0.0000000e+00
   1.9274792e+01   1.6144274e+01   0.0000000e+00
   1.9277494e+01   1.6143205e+01   0.0000000e+00
   1.9280195e+01   1.6142136e+01   0.0000000e+00
   1.9282898e+01   1.6141067e+01   0.0000000e+00
   1.9285600e+01   1.6139997e+01   0.0000000e+00
   1.9288303e+01   1.6138928e+01   0.0000000e+00
   1.9291006e+01   1.6137858e+01   0.0000000e+00
   1.9293709e+01   1.6136787e+01   0.0000000e+00
   1.9296412e+01   1.6135717e+01   0.0000000e+00
   1.9299116e+01   1.6134646e+01   0.0000000e+00
   1.9301820e+01   1.6133575e+01   0.0000000e+00
   1.9304525e+01   1.6132503e+01   0.0000000e+00
   1.9307229e+01   1.6131432e+01   0.0000000e+00
   1.9309934e+01   1.6130360e+01   0.0000000e+00
   1.9312640e+01   1.6129288e+01   0.0000000e+00
   1.9315345e+01   1.6128216e+01   0.0000000e+00
   1.9318051e+01   1.6127143e+01   0.0000000e+00
   1.9320757e+01   1.6126070e+01   0.0000000e+00
   1.9323463e+01   1.6124997e+01   0.0000000e+00
   1.9326170e+01   1.6123924e+01   0.0000000e+00
   1.9328877e+01   1.6122850e+01   0.0000000e+00
   1.9331584e+01   1.6121776e+01   0.0000000e+00
   1.9334292e+01   1.6120702e+01   0.0000000e+00
   1.9336999e+01   1.6119628e+01   0.0000000e+00
   1.9339707e+01   1.6118553e+01   0.0000000e+00
   1.9342416e+01   1.6117478e+01   0.0000000e+00
   1.9345124e+01   1.6116403e+01   0.0000000e+00
   1.9347833e+01   1.6115327e+01   0.0000000e+00
   1.9350542e+01   1.6114252e+01   0.0000000e+00
   1.9353252e+01   1.6113176e+01   0.0000000e+00
   1.9355962e+01   1.6112100e+01   0.0000000e+00
   1.9358672e+01   1.6111023e+01   0.0000000e+00
   1.9361382e+01   1.6109947e+01   0.0000000e+00
   1.9364093e+01   1.6108870e+01   0.0000000e+00
   1.9366804e+01   1.6107792e+01   0.0000000e+00
   1.9369515e+01   1.6106715e+01   0.0000000e+00
   1.9372226e+01   1.6105637e+01   0.0000000e+00
   1.9374938e+01   1.6104559e+01   0.0000000e+00
   1.9377650e+01   1.6103481e+01   0.0000000e+00
   1.9380362e+01   1.6102402e+01   0.0000000e+00
   1.9383075e+01   1.6101324e+01   0.0000000e+00
   1.9385788e+01   1.6100245e+01   0.0000000e+00
   1.9388501e+01   1.6099165e+01   0.0000000e+00
   1.9391214e+01   1.6098086e+01   0.0000000e+00
   1.9393928e+01   1.6097006e+01   0.0000000e+00
   1.9396642e+01   1.6095926e+01   0.0000000e+00
   1.9399356e+01   1.6094846e+01   0.0000000e+00
   1.9402071e+01   1.6093765e+01   0.0000000e+00
   1.9404786e+01   1.6092684e+01   0.0000000e+00
   1.9407501e+01   1.6091603e+01   0.0000000e+00
   1.9410217e+01   1.6090522e+01   0.0000000e+00
   1.9412932e+01   1.6089440e+01   0.0000000e+00
   1.9415648e+01   1.6088358e+01   0.0000000e+00
   1.9418365e+01   1.6087276e+01   0.0000000e+00
   1.9421081e+01   1.6086194e+01   0.0000000e+00
   1.9423798e+01   1.6085111e+01   0.0000000e+00
   1.9426516e+01   1.6084028e+01   0.0000000e+00
   1.9429233e+01   1.6082945e+01   0.0000000e+00
   1.9431951e+01   1.6081861e+01   0.0000000e+00
   1.9434669e+01   1.6080778e+01   0.0000000e+00
   1.9437387e+01   1.6079694e+01   0.0000000e+00
   1.9440106e+01   1.6078610e+01   0.0000000e+00
   1.9442825e+01   1.6077525e+01   0.0000000e+00
   1.9445544e+01   1.6076440e+01   0.0000000e+00
   1.9448264e+01   1.6075355e+01   0.0000000e+00
   1.9450983e+01   1.6074270e+01   0.0000000e+00
   1.9453704e+01   1.6073185e+01   0.0000000e+00
   1.9456424e+01   1.6072099e+01   0.0000000e+00
   1.9459145e+01   1.6071013e+01   0.0000000e+00
   1.9461866e+01   1.6069926e+01   0.0000000e+00
   1.9464587e+01   1.6068840e+01   0.0000000e+00
   1.9467308e+01   1.6067753e+01   0.0000000e+00
   1.9470030e+01   1.6066666e+01   0.0000000e+00
   1.9472752e+01   1.6065579e+01   0.0000000e+00
   1.9475475e+01   1.6064491e+01   0.0000000e+00
   1.9478198e+01   1.6063403e+01   0.0000000e+00
   1.9480921e+01   1.6062315e+01   0.0000000e+00
   1.9483644e+01   1.6061227e+01   0.0000000e+00
   1.9486368e+01   1.6060138e+01   0.0000000e+00
   1.9489091e+01   1.6059049e+01   0.0000000e+00
   1.9491816e+01   1.6057960e+01   0.0000000e+00
   1.9494540e+01   1.6056870e+01   0.0000000e+00
   1.9497265e+01   1.6055781e+01   0.0000000e+00
   1.9499990e+01   1.6054691e+01   0.0000000e+00
   1.9502715e+01   1.6053600e+01   0.0000000e+00
   1.9505441e+01   1.6052510e+01   0.0000000e+00
   1.9508167e+01   1.6051419e+01   0.0000000e+00
   1.9510893e+01   1.6050328e+01   0.0000000e+00
   1.9513620e+01   1.6049237e+01   0.0000000e+00
   1.9516347e+01   1.6048145e+01   0.0000000e+00
   1.9519074e+01   1.6047053e+01   0.0000000e+00
   1.9521801e+01   1.6045961e+01   0.0000000e+00
   1.9524529e+01   1.6044869e+01   0.0000000e+00
   1.9527257e+01   1.6043776e+01   0.0000000e+00
   1.9529985e+01   1.6042683e+01   0.0000000e+00
   1.9532714e+01   1.6041590e+01   0.0000000e+00
   1.9535443e+01   1.6040497e+01   0.0000000e+00
   1.9538172e+01   1.6039403e+01   0.0000000e+00
   1.9540902e+01   1.6038309e+01   0.0000000e+00
   1.9543631e+01   1.6037215e+01   0.0000000e+00
   1.9546361e+01   1.6036121e+01   0.0000000e+00
   1.9549092e+01   1.6035026e+01   0.0000000e+00
   1.9551823e+01   1.6033931e+01   0.0000000e+00
   1.9554554e+01   1.6032836e+01   0.0000000e+00
   1.9557285e+01   1.6031740e+01   0.0000000e+00
   1.9560016e+01   1.6030644e+01   0.0000000e+00
   1.9562748e+01   1.6029548e+01   0.0000000e+00
   1.9565481e+01   1.6028452e+01   0.0000000e+00
   1.9568213e+01   1.6027355e+01   0.0000000e+00
   1.9570946e+01   1.6026258e+01   0.0000000e+00
   1.9573679e+01   1.6025161e+01   0.0000000e+00
   1.9576412e+01   1.6024064e+01   0.0000000e+00
   1.9579146e+01   1.6022966e+01   0.0000000e+00
   1.9581880e+01   1.6021868e+01   0.0000000e+00
   1.9584614e+01   1.6020770e+01   0.0000000e+00
   1.9587349e+01   1.6019672e+01   0.0000000e+00
   1.9590084e+01   1.6018573e+01   0.0000000e+00
   1.9592819e+01   1.6017474e+01   0.0000000e+00
   1.9595554e+01   1.6016375e+01   0.0000000e+00
   1.9598290e+01   1.6015275e+01   0.0000000e+00
   1.9601026e+01   1.6014175e+01   0.0000000e+00
   1.9603763e+01   1.6013075e+01   0.0000000e+00
   1.9606499e+01   1.6011975e+01   0.0000000e+00
   1.9609236e+01   1.6010874e+01   0.0000000e+00
   1.9611973e+01   1.6009773e+01   0.0000000e+00
   1.9614711e+01   1.6008672e+01   0.0000000e+00
   1.9617449e+01   1.6007571e+01   0.0000000e+00
   1.9620187e+01   1.6006469e+01   0.0000000e+00
   1.9622926e+01   1.6005367e+01   0.0000000e+00
   1.9625664e+01   1.6004265e+01   0.0000000e+00
   1.9628404e+01   1.6003163e+01   0.0000000e+00
   1.9631143e+01   1.6002060e+01   0.0000000e+00
   1.9633883e+01   1.6000957e+01   0.0000000e+00
   1.9636623e+01   1.5999853e+01   0.0000000e+00
   1.9639363e+01   1.5998750e+01   0.0000000e+00
   1.9642104e+01   1.5997646e+01   0.0000000e+00
   1.9644844e+01   1.5996542e+01   0.0000000e+00
   1.9647586e+01   1.5995438e+01   0.0000000e+00
   1.9650327e+01   1.5994333e+01   0.0000000e+00
   1.9653069e+01   1.5993228e+01   0.0000000e+00
   1.9655811e+01   1.5992123e+01   0.0000000e+00
   1.9658554e+01   1.5991017e+01   0.0000000e+00
   1.9661296e+01   1.5989912e+01   0.0000000e+00
   1.9664039e+01   1.5988806e+01   0.0000000e+00
   1.9666783e+01   1.5987699e+01   0.0000000e+00
   1.9669526e+01   1.5986593e+01   0.0000000e+00
   1.9672270e+01   1.5985486e+01   0.0000000e+00
   1.9675015e+01   1.5984379e+01   0.0000000e+00
   1.9677759e+01   1.5983272e+01   0.0000000e+00
   1.9680504e+01   1.5982164e+01   0.0000000e+00
   1.9683249e+01   1.5981056e+01   0.0000000e+00
   1.9685995e+01   1.5979948e+01   0.0000000e+00
   1.9688741e+01   1.5978840e+01   0.0000000e+00
   1.9691487e+01   1.5977731e+01   0.0000000e+00
   1.9694233e+01   1.5976622e+01   0.0000000e+00
   1.9696980e+01   1.5975513e+01   0.0000000e+00
   1.9699727e+01   1.5974403e+01   0.0000000e+00
   1.9702474e+01   1.5973293e+01   0.0000000e+00
   1.9705222e+01   1.5972183e+01   0.0000000e+00
   1.9707970e+01   1.5971073e+01   0.0000000e+00
   1.9710718e+01   1.5969962e+01   0.0000000e+00
   1.9713467e+01   1.5968852e+01   0.0000000e+00
   1.9716216e+01   1.5967740e+01   0.0000000e+00
   1.9718965e+01   1.5966629e+01   0.0000000e+00
   1.9721714e+01   1.5965517e+01   0.0000000e+00
   1.9724464e+01   1.5964405e+01   0.0000000e+00
   1.9727214e+01   1.5963293e+01   0.0000000e+00
   1.9729965e+01   1.5962181e+01   0.0000000e+00
   1.9732715e+01   1.5961068e+01   0.0000000e+00
   1.9735466e+01   1.5959955e+01   0.0000000e+00
   1.9738218e+01   1.5958841e+01   0.0000000e+00
   1.9740969e+01   1.5957728e+01   0.0000000e+00
   1.9743721e+01   1.5956614e+01   0.0000000e+00
   1.9746474e+01   1.5955500e+01   0.0000000e+00
   1.9749226e+01   1.5954385e+01   0.0000000e+00
   1.9751979e+01   1.5953271e+01   0.0000000e+00
   1.9754732e+01   1.5952156e+01   0.0000000e+00
   1.9757486e+01   1.5951040e+01   0.0000000e+00
   1.9760240e+01   1.5949925e+01   0.0000000e+00
   1.9762994e+01   1.5948809e+01   0.0000000e+00
   1.9765748e+01   1.5947693e+01   0.0000000e+00
   1.9768503e+01   1.5946577e+01   0.0000000e+00
   1.9771258e+01   1.5945460e+01   0.0000000e+00
   1.9774014e+01   1.5944343e+01   0.0000000e+00
   1.9776769e+01   1.5943226e+01   0.0000000e+00
   1.9779525e+01   1.5942108e+01   0.0000000e+00
   1.9782282e+01   1.5940991e+01   0.0000000e+00
   1.9785038e+01   1.5939873e+01   0.0000000e+00
   1.9787795e+01   1.5938754e+01   0.0000000e+00
   1.9790553e+01   1.5937636e+01   0.0000000e+00
   1.9793310e+01   1.5936517e+01   0.0000000e+00
   1.9796068e+01   1.5935398e+01   0.0000000e+00
   1.9798826e+01   1.5934278e+01   0.0000000e+00
   1.9801585e+01   1.5933159e+01   0.0000000e+00
   1.9804344e+01   1.5932039e+01   0.0000000e+00
   1.9807103e+01   1.5930919e+01   0.0000000e+00
   1.9809862e+01   1.5929798e+01   0.0000000e+00
   1.9812622e+01   1.5928677e+01   0.0000000e+00
   1.9815382e+01   1.5927556e+01   0.0000000e+00
   1.9818143e+01   1.5926435e+01   0.0000000e+00
   1.9820904e+01   1.5925313e+01   0.0000000e+00
   1.9823665e+01   1.5924191e+01   0.0000000e+00
   1.9826426e+01   1.5923069e+01   0.0000000e+00
   1.9829188e+01   1.5921947e+01   0.0000000e+00
   1.9831950e+01   1.5920824e+01   0.0000000e+00
   1.9834712e+01   1.5919701e+01   0.0000000e+00
   1.9837475e+01   1.5918578e+01   0.0000000e+00
   1.9840238e+01   1.5917454e+01   0.0000000e+00
   1.9843001e+01   1.5916330e+01   0.0000000e+00
   1.9845765e+01   1.5915206e+01   0.0000000e+00
   1.9848529e+01   1.5914082e+01   0.0000000e+00
   1.9851293e+01   1.5912957e+01   0.0000000e+00
   1.9854057e+01   1.5911832e+01   0.0000000e+00
   1.9856822e+01   1.5910707e+01   0.0000000e+00
   1.9859587e+01   1.5909582e+01   0.0000000e+00
   1.9862353e+01   1.5908456e+01   0.0000000e+00
   1.9865119e+01   1.5907330e+01   0.0000000e+00
   1.9867885e+01   1.5906203e+01   0.0000000e+00
   1.9870651e+01   1.5905077e+01   0.0000000e+00
   1.9873418e+01   1.5903950e+01   0.0000000e+00
   1.9876185e+01   1.5902823e+01   0.0000000e+00
   1.9878953e+01   1.5901695e+01   0.0000000e+00
   1.9881720e+01   1.5900567e+01   0.0000000e+00
   1.9884489e+01   1.5899439e+01   0.0000000e+00
   1.9887257e+01   1.5898311e+01   0.0000000e+00
   1.9890026e+01   1.5897182e+01   0.0000000e+00
   1.9892795e+01   1.5896054e+01   0.0000000e+00
   1.9895564e+01   1.5894924e+01   0.0000000e+00
   1.9898334e+01   1.5893795e+01   0.0000000e+00
   1.9901104e+01   1.5892665e+01   0.0000000e+00
   1.9903874e+01   1.5891535e+01   0.0000000e+00
   1.9906645e+01   1.5890405e+01   0.0000000e+00
   1.9909416e+01   1.5889274e+01   0.0000000e+00
   1.9912187e+01   1.5888144e+01   0.0000000e+00
   1.9914959e+01   1.5887013e+01   0.0000000e+00
   1.9917731e+01   1.5885881e+01   0.0000000e+00
   1.9920503e+01   1.5884749e+01   0.0000000e+00
   1.9923275e+01   1.5883617e+01   0.0000000e+00
   1.9926048e+01   1.5882485e+01   0.0000000e+00
   1.9928822e+01   1.5881353e+01   0.0000000e+00
   1.9931595e+01   1.5880220e+01   0.0000000e+00
   1.9934369e+01   1.5879087e+01   0.0000000e+00
   1.9937143e+01   1.5877953e+01   0.0000000e+00
   1.9939918e+01   1.5876820e+01   0.0000000e+00
   1.9942693e+01   1.5875686e+01   0.0000000e+00
   1.9945468e+01   1.5874551e+01   0.0000000e+00
   1.9948243e+01   1.5873417e+01   0.0000000e+00
   1.9951019e+01   1.5872282e+01   0.0000000e+00
   1.9953795e+01   1.5871147e+01   0.0000000e+00
   1.9956572e+01   1.5870012e+01   0.0000000e+00
   1.9959348e+01   1.5868876e+01   0.0000000e+00
   1.9962126e+01   1.5867740e+01   0.0000000e+00
   1.9964903e+01   1.5866604e+01   0.0000000e+00
   1.9967681e+01   1.5865467e+01   0.0000000e+00
   1.9970459e+01   1.5864331e+01   0.0000000e+00
   1.9973237e+01   1.5863194e+01   0.0000000e+00
   1.9976016e+01   1.5862056e+01   0.0000000e+00
   1.9978795e+01   1.5860919e+01   0.0000000e+00
   1.9981575e+01   1.5859781e+01   0.0000000e+00
   1.9984354e+01   1.5858642e+01   0.0000000e+00
   1.9987134e+01   1.5857504e+01   0.0000000e+00
   1.9989915e+01   1.5856365e+01   0.0000000e+00
   1.9992696e+01   1.5855226e+01   0.0000000e+00
   1.9995477e+01   1.5854087e+01   0.0000000e+00
   1.9998258e+01   1.5852947e+01   0.0000000e+00
   2.0001040e+01   1.5851807e+01   0.0000000e+00
   2.0003822e+01   1.5850667e+01   0.0000000e+00
   2.0006604e+01   1.5849526e+01   0.0000000e+00
   2.0009387e+01   1.5848386e+01   0.0000000e+00
   2.0012170e+01   1.5847245e+01   0.0000000e+00
   2.0014953e+01   1.5846103e+01   0.0000000e+00
   2.0017737e+01   1.5844961e+01   0.0000000e+00
   2.0020521e+01   1.5843820e+01   0.0000000e+00
   2.0023305e+01   1.5842677e+01   0.0000000e+00
   2.0026090e+01   1.5841535e+01   0.0000000e+00
   2.0028875e+01   1.5840392e+01   0.0000000e+00
   2.0031660e+01   1.5839249e+01   0.0000000e+00
   2.0034446e+01   1.5838106e+01   0.0000000e+00
   2.0037232e+01   1.5836962e+01   0.0000000e+00
   2.0040018e+01   1.5835818e+01   0.0000000e+00
   2.0042805e+01   1.5834674e+01   0.0000000e+00
   2.0045592e+01   1.5833529e+01   0.0000000e+00
   2.0048379e+01   1.5832384e+01   0.0000000e+00
   2.0051167e+01   1.5831239e+01   0.0000000e+00
   2.0053955e+01   1.5830094e+01   0.0000000e+00
   2.0056743e+01   1.5828948e+01   0.0000000e+00
   2.0059532e+01   1.5827802e+01   0.0000000e+00
   2.0062321e+01   1.5826656e+01   0.0000000e+00
   2.0065110e+01   1.5825509e+01   0.0000000e+00
   2.0067900e+01   1.5824363e+01   0.0000000e+00
   2.0070690e+01   1.5823215e+01   0.0000000e+00
   2.0073480e+01   1.5822068e+01   0.0000000e+00
   2.0076271e+01   1.5820920e+01   0.0000000e+00
   2.0079062e+01   1.5819772e+01   0.0000000e+00
   2.0081854e+01   1.5818624e+01   0.0000000e+00
   2.0084645e+01   1.5817475e+01   0.0000000e+00
   2.0087437e+01   1.5816327e+01   0.0000000e+00
   2.0090230e+01   1.5815177e+01   0.0000000e+00
   2.0093022e+01   1.5814028e+01   0.0000000e+00
   2.0095815e+01   1.5812878e+01   0.0000000e+00
   2.0098609e+01   1.5811728e+01   0.0000000e+00
   2.0101402e+01   1.5810578e+01   0.0000000e+00
   2.0104196e+01   1.5809427e+01   0.0000000e+00
   2.0106991e+01   1.5808276e+01   0.0000000e+00
   2.0109785e+01   1.5807125e+01   0.0000000e+00
   2.0112580e+01   1.5805974e+01   0.0000000e+00
   2.0115376e+01   1.5804822e+01   0.0000000e+00
   2.0118172e+01   1.5803670e+01   0.0000000e+00
   2.0120968e+01   1.5802518e+01   0.0000000e+00
   2.0123764e+01   1.5801365e+01   0.0000000e+00
   2.0126561e+01   1.5800212e+01   0.0000000e+00
   2.0129358e+01   1.5799059e+01   0.0000000e+00
   2.0132155e+01   1.5797905e+01   0.0000000e+00
   2.0134953e+01   1.5796751e+01   0.0000000e+00
   2.0137751e+01   1.5795597e+01   0.0000000e+00
   2.0140549e+01   1.5794443e+01   0.0000000e+00
   2.0143348e+01   1.5793288e+01   0.0000000e+00
   2.0146147e+01   1.5792133e+01   0.0000000e+00
   2.0148947e+01   1.5790978e+01   0.0000000e+00
   2.0151747e+01   1.5789822e+01   0.0000000e+00
   2.0154547e+01   1.5788666e+01   0.0000000e+00
   2.0157347e+01   1.5787510e+01   0.0000000e+00
   2.0160148e+01   1.5786354e+01   0.0000000e+00
   2.0162949e+01   1.5785197e+01   0.0000000e+00
   2.0165751e+01   1.5784040e+01   0.0000000e+00
   2.0168552e+01   1.5782883e+01   0.0000000e+00
   2.0171355e+01   1.5781725e+01   0.0000000e+00
   2.0174157e+01   1.5780567e+01   0.0000000e+00
   2.0176960e+01   1.5779409e+01   0.0000000e+00
   2.0179763e+01   1.5778250e+01   0.0000000e+00
   2.0182567e+01   1.5777091e+01   0.0000000e+00
   2.0185371e+01   1.5775932e+01   0.0000000e+00
   2.0188175e+01   1.5774773e+01   0.0000000e+00
   2.0190979e+01   1.5773613e+01   0.0000000e+00
   2.0193784e+01   1.5772453e+01   0.0000000e+00
   2.0196589e+01   1.5771293e+01   0.0000000e+00
   2.0199395e+01   1.5770132e+01   0.0000000e+00
   2.0202201e+01   1.5768971e+01   0.0000000e+00
   2.0205007e+01   1.5767810e+01   0.0000000e+00
   2.0207814e+01   1.5766649e+01   0.0000000e+00
   2.0210621e+01   1.5765487e+01   0.0000000e+00
   2.0213428e+01   1.5764325e+01   0.0000000e+00
   2.0216236e+01   1.5763163e+01   0.0000000e+00
   2.0219044e+01   1.5762000e+01   0.0000000e+00
   2.0221852e+01   1.5760837e+01   0.0000000e+00
   2.0224661e+01   1.5759674e+01   0.0000000e+00
   2.0227470e+01   1.5758510e+01   0.0000000e+00
   2.0230279e+01   1.5757346e+01   0.0000000e+00
   2.0233089e+01   1.5756182e+01   0.0000000e+00
   2.0235899e+01   1.5755018e+01   0.0000000e+00
   2.0238710e+01   1.5753853e+01   0.0000000e+00
   2.0241520e+01   1.5752688e+01   0.0000000e+00
   2.0244331e+01   1.5751523e+01   0.0000000e+00
   2.0247143e+01   1.5750357e+01   0.0000000e+00
   2.0249955e+01   1.5749191e+01   0.0000000e+00
   2.0252767e+01   1.5748025e+01   0.0000000e+00
   2.0255579e+01   1.5746858e+01   0.0000000e+00
   2.0258392e+01   1.5745691e+01   0.0000000e+00
   2.0261205e+01   1.5744524e+01   0.0000000e+00
   2.0264019e+01   1.5743357e+01   0.0000000e+00
   2.0266833e+01   1.5742189e+01   0.0000000e+00
   2.0269647e+01   1.5741021e+01   0.0000000e+00
   2.0272462e+01   1.5739853e+01   0.0000000e+00
   2.0275277e+01   1.5738684e+01   0.0000000e+00
   2.0278092e+01   1.5737515e+01   0.0000000e+00
   2.0280908e+01   1.5736346e+01   0.0000000e+00
   2.0283724e+01   1.5735176e+01   0.0000000e+00
   2.0286540e+01   1.5734007e+01   0.0000000e+00
   2.0289357e+01   1.5732836e+01   0.0000000e+00
   2.0292174e+01   1.5731666e+01   0.0000000e+00
   2.0294991e+01   1.5730495e+01   0.0000000e+00
   2.0297809e+01   1.5729324e+01   0.0000000e+00
   2.0300627e+01   1.5728153e+01   0.0000000e+00
   2.0303445e+01   1.5726981e+01   0.0000000e+00
   2.0306264e+01   1.5725809e+01   0.0000000e+00
   2.0309083e+01   1.5724637e+01   0.0000000e+00
   2.0311903e+01   1.5723465e+01   0.0000000e+00
   2.0314723e+01   1.5722292e+01   0.0000000e+00
   2.0317543e+01   1.5721119e+01   0.0000000e+00
   2.0320364e+01   1.5719945e+01   0.0000000e+00
   2.0323185e+01   1.5718771e+01   0.0000000e+00
   2.0326006e+01   1.5717597e+01   0.0000000e+00
   2.0328827e+01   1.5716423e+01   0.0000000e+00
   2.0331649e+01   1.5715248e+01   0.0000000e+00
   2.0334472e+01   1.5714073e+01   0.0000000e+00
   2.0337294e+01   1.5712898e+01   0.0000000e+00
   2.0340117e+01   1.5711722e+01   0.0000000e+00
   2.0342941e+01   1.5710547e+01   0.0000000e+00
   2.0345765e+01   1.5709370e+01   0.0000000e+00
   2.0348589e+01   1.5708194e+01   0.0000000e+00
   2.0351413e+01   1.5707017e+01   0.0000000e+00
   2.0354238e+01   1.5705840e+01   0.0000000e+00
   2.0357063e+01   1.5704663e+01   0.0000000e+00
   2.0359889e+01   1.5703485e+01   0.0000000e+00
   2.0362715e+01   1.5702307e+01   0.0000000e+00
   2.0365541e+01   1.5701129e+01   0.0000000e+00
   2.0368367e+01   1.5699950e+01   0.0000000e+00
   2.0371194e+01   1.5698771e+01   0.0000000e+00
   2.0374022e+01   1.5697592e+01   0.0000000e+00
   2.0376849e+01   1.5696413e+01   0.0000000e+00
   2.0379677e+01   1.5695233e+01   0.0000000e+00
   2.0382506e+01   1.5694053e+01   0.0000000e+00
   2.0385335e+01   1.5692872e+01   0.0000000e+00
   2.0388164e+01   1.5691691e+01   0.0000000e+00
   2.0390993e+01   1.5690510e+01   0.0000000e+00
   2.0393823e+01   1.5689329e+01   0.0000000e+00
   2.0396653e+01   1.5688147e+01   0.0000000e+00
   2.0399484e+01   1.5686965e+01   0.0000000e+00
   2.0402314e+01   1.5685783e+01   0.0000000e+00
   2.0405146e+01   1.5684601e+01   0.0000000e+00
   2.0407977e+01   1.5683418e+01   0.0000000e+00
   2.0410809e+01   1.5682234e+01   0.0000000e+00
   2.0413642e+01   1.5681051e+01   0.0000000e+00
   2.0416474e+01   1.5679867e+01   0.0000000e+00
   2.0419307e+01   1.5678683e+01   0.0000000e+00
   2.0422141e+01   1.5677499e+01   0.0000000e+00
   2.0424975e+01   1.5676314e+01   0.0000000e+00
   2.0427809e+01   1.5675129e+01   0.0000000e+00
   2.0430643e+01   1.5673944e+01   0.0000000e+00
   2.0433478e+01   1.5672758e+01   0.0000000e+00
   2.0436313e+01   1.5671572e+01   0.0000000e+00
   2.0439149e+01   1.5670386e+01   0.0000000e+00
   2.0441985e+01   1.5669199e+01   0.0000000e+00
   2.0444821e+01   1.5668012e+01   0.0000000e+00
   2.0447658e+01   1.5666825e+01   0.0000000e+00
   2.0450495e+01   1.5665638e+01   0.0000000e+00
   2.0453332e+01   1.5664450e+01   0.0000000e+00
   2.0456170e+01   1.5663262e+01   0.0000000e+00
   2.0459008e+01   1.5662073e+01   0.0000000e+00
   2.0461847e+01   1.5660884e+01   0.0000000e+00
   2.0464685e+01   1.5659695e+01   0.0000000e+00
   2.0467525e+01   1.5658506e+01   0.0000000e+00
   2.0470364e+01   1.5657316e+01   0.0000000e+00
   2.0473204e+01   1.5656126e+01   0.0000000e+00
   2.0476044e+01   1.5654936e+01   0.0000000e+00
   2.0478885e+01   1.5653746e+01   0.0000000e+00
   2.0481726e+01   1.5652555e+01   0.0000000e+00
   2.0484568e+01   1.5651363e+01   0.0000000e+00
   2.0487409e+01   1.5650172e+01   0.0000000e+00
   2.0490251e+01   1.5648980e+01   0.0000000e+00
   2.0493094e+01   1.5647788e+01   0.0000000e+00
   2.0495937e+01   1.5646595e+01   0.0000000e+00
   2.0498780e+01   1.5645403e+01   0.0000000e+00
   2.0501624e+01   1.5644210e+01   0.0000000e+00
   2.0504468e+01   1.5643016e+01   0.0000000e+00
   2.0507312e+01   1.5641823e+01   0.0000000e+00
   2.0510157e+01   1.5640628e+01   0.0000000e+00
   2.0513002e+01   1.5639434e+01   0.0000000e+00
   2.0515847e+01   1.5638240e+01   0.0000000e+00
   2.0518693e+01   1.5637045e+01   0.0000000e+00
   2.0521539e+01   1.5635849e+01   0.0000000e+00
   2.0524386e+01   1.5634654e+01   0.0000000e+00
   2.0527233e+01   1.5633458e+01   0.0000000e+00
   2.0530080e+01   1.5632262e+01   0.0000000e+00
   2.0532927e+01   1.5631065e+01   0.0000000e+00
   2.0535775e+01   1.5629868e+01   0.0000000e+00
   2.0538624e+01   1.5628671e+01   0.0000000e+00
   2.0541473e+01   1.5627474e+01   0.0000000e+00
   2.0544322e+01   1.5626276e+01   0.0000000e+00
   2.0547171e+01   1.5625078e+01   0.0000000e+00
   2.0550021e+01   1.5623879e+01   0.0000000e+00
   2.0552871e+01   1.5622681e+01   0.0000000e+00
   2.0555722e+01   1.5621482e+01   0.0000000e+00
   2.0558573e+01   1.5620282e+01   0.0000000e+00
   2.0561424e+01   1.5619083e+01   0.0000000e+00
   2.0564276e+01   1.5617883e+01   0.0000000e+00
   2.0567128e+01   1.5616682e+01   0.0000000e+00
   2.0569981e+01   1.5615482e+01   0.0000000e+00
   2.0572833e+01   1.5614281e+01   0.0000000e+00
   2.0575687e+01   1.5613080e+01   0.0000000e+00
   2.0578540e+01   1.5611878e+01   0.0000000e+00
   2.0581394e+01   1.5610676e+01   0.0000000e+00
   2.0584249e+01   1.5609474e+01   0.0000000e+00
   2.0587103e+01   1.5608272e+01   0.0000000e+00
   2.0589958e+01   1.5607069e+01   0.0000000e+00
   2.0592814e+01   1.5605866e+01   0.0000000e+00
   2.0595670e+01   1.5604662e+01   0.0000000e+00
   2.0598526e+01   1.5603458e+01   0.0000000e+00
   2.0601382e+01   1.5602254e+01   0.0000000e+00
   2.0604239e+01   1.5601050e+01   0.0000000e+00
   2.0607097e+01   1.5599845e+01   0.0000000e+00
   2.0609954e+01   1.5598640e+01   0.0000000e+00
   2.0612812e+01   1.5597435e+01   0.0000000e+00
   2.0615671e+01   1.5596229e+01   0.0000000e+00
   2.0618530e+01   1.5595023e+01   0.0000000e+00
   2.0621389e+01   1.5593817e+01   0.0000000e+00
   2.0624249e+01   1.5592610e+01   0.0000000e+00
   2.0627108e+01   1.5591403e+01   0.0000000e+00
   2.0629969e+01   1.5590196e+01   0.0000000e+00
   2.0632830e+01   1.5588988e+01   0.0000000e+00
   2.0635691e+01   1.5587781e+01   0.0000000e+00
   2.0638552e+01   1.5586572e+01   0.0000000e+00
   2.0641414e+01   1.5585364e+01   0.0000000e+00
   2.0644276e+01   1.5584155e+01   0.0000000e+00
   2.0647139e+01   1.5582946e+01   0.0000000e+00
   2.0650002e+01   1.5581736e+01   0.0000000e+00
   2.0652865e+01   1.5580526e+01   0.0000000e+00
   2.0655729e+01   1.5579316e+01   0.0000000e+00
   2.0658593e+01   1.5578106e+01   0.0000000e+00
   2.0661457e+01   1.5576895e+01   0.0000000e+00
   2.0664322e+01   1.5575684e+01   0.0000000e+00
   2.0667188e+01   1.5574473e+01   0.0000000e+00
   2.0670053e+01   1.5573261e+01   0.0000000e+00
   2.0672919e+01   1.5572049e+01   0.0000000e+00
   2.0675786e+01   1.5570836e+01   0.0000000e+00
   2.0678652e+01   1.5569624e+01   0.0000000e+00
   2.0681520e+01   1.5568411e+01   0.0000000e+00
   2.0684387e+01   1.5567197e+01   0.0000000e+00
   2.0687255e+01   1.5565984e+01   0.0000000e+00
   2.0690123e+01   1.5564770e+01   0.0000000e+00
   2.0692992e+01   1.5563555e+01   0.0000000e+00
   2.0695861e+01   1.5562341e+01   0.0000000e+00
   2.0698731e+01   1.5561126e+01   0.0000000e+00
   2.0701601e+01   1.5559911e+01   0.0000000e+00
   2.0704471e+01   1.5558695e+01   0.0000000e+00
   2.0707341e+01   1.5557479e+01   0.0000000e+00
   2.0710212e+01   1.5556263e+01   0.0000000e+00
   2.0713084e+01   1.5555046e+01   0.0000000e+00
   2.0715955e+01   1.5553829e+01   0.0000000e+00
   2.0718828e+01   1.5552612e+01   0.0000000e+00
   2.0721700e+01   1.5551395e+01   0.0000000e+00
   2.0724573e+01   1.5550177e+01   0.0000000e+00
   2.0727446e+01   1.5548959e+01   0.0000000e+00
   2.0730320e+01   1.5547740e+01   0.0000000e+00
   2.0733194e+01   1.5546521e+01   0.0000000e+00
   2.0736069e+01   1.5545302e+01   0.0000000e+00
   2.0738943e+01   1.5544083e+01   0.0000000e+00
   2.0741819e+01   1.5542863e+01   0.0000000e+00
   2.0744694e+01   1.5541643e+01   0.0000000e+00
   2.0747570e+01   1.5540422e+01   0.0000000e+00
   2.0750447e+01   1.5539201e+01   0.0000000e+00
   2.0753323e+01   1.5537980e+01   0.0000000e+00
   2.0756201e+01   1.5536759e+01   0.0000000e+00
   2.0759078e+01   1.5535537e+01   0.0000000e+00
   2.0761956e+01   1.5534315e+01   0.0000000e+00
   2.0764834e+01   1.5533093e+01   0.0000000e+00
   2.0767713e+01   1.5531870e+01   0.0000000e+00
   2.0770592e+01   1.5530647e+01   0.0000000e+00
   2.0773472e+01   1.5529423e+01   0.0000000e+00
   2.0776352e+01   1.5528200e+01   0.0000000e+00
   2.0779232e+01   1.5526976e+01   0.0000000e+00
   2.0782112e+01   1.5525751e+01   0.0000000e+00
   2.0784993e+01   1.5524527e+01   0.0000000e+00
   2.0787875e+01   1.5523302e+01   0.0000000e+00
   2.0790757e+01   1.5522076e+01   0.0000000e+00
   2.0793639e+01   1.5520851e+01   0.0000000e+00
   2.0796522e+01   1.5519625e+01   0.0000000e+00
   2.0799405e+01   1.5518398e+01   0.0000000e+00
   2.0802288e+01   1.5517172e+01   0.0000000e+00
   2.0805172e+01   1.5515945e+01   0.0000000e+00
   2.0808056e+01   1.5514717e+01   0.0000000e+00
   2.0810940e+01   1.5513490e+01   0.0000000e+00
   2.0813825e+01   1.5512262e+01   0.0000000e+00
   2.0816711e+01   1.5511033e+01   0.0000000e+00
   2.0819597e+01   1.5509805e+01   0.0000000e+00
   2.0822483e+01   1.5508576e+01   0.0000000e+00
   2.0825369e+01   1.5507346e+01   0.0000000e+00
   2.0828256e+01   1.5506117e+01   0.0000000e+00
   2.0831143e+01   1.5504887e+01   0.0000000e+00
   2.0834031e+01   1.5503657e+01   0.0000000e+00
   2.0836919e+01   1.5502426e+01   0.0000000e+00
   2.0839808e+01   1.5501195e+01   0.0000000e+00
   2.0842697e+01   1.5499964e+01   0.0000000e+00
   2.0845586e+01   1.5498732e+01   0.0000000e+00
   2.0848476e+01   1.5497500e+01   0.0000000e+00
   2.0851366e+01   1.5496268e+01   0.0000000e+00
   2.0854256e+01   1.5495035e+01   0.0000000e+00
   2.0857147e+01   1.5493802e+01   0.0000000e+00
   2.0860038e+01   1.5492569e+01   0.0000000e+00
   2.0862930e+01   1.5491336e+01   0.0000000e+00
   2.0865822e+01   1.5490102e+01   0.0000000e+00
   2.0868714e+01   1.5488867e+01   0.0000000e+00
   2.0871607e+01   1.5487633e+01   0.0000000e+00
   2.0874500e+01   1.5486398e+01   0.0000000e+00
   2.0877394e+01   1.5485163e+01   0.0000000e+00
   2.0880288e+01   1.5483927e+01   0.0000000e+00
   2.0883183e+01   1.5482691e+01   0.0000000e+00
   2.0886077e+01   1.5481455e+01   0.0000000e+00
   2.0888973e+01   1.5480218e+01   0.0000000e+00
   2.0891868e+01   1.5478981e+01   0.0000000e+00
   2.0894764e+01   1.5477744e+01   0.0000000e+00
   2.0897661e+01   1.5476506e+01   0.0000000e+00
   2.0900558e+01   1.5475269e+01   0.0000000e+00
   2.0903455e+01   1.5474030e+01   0.0000000e+00
   2.0906352e+01   1.5472792e+01   0.0000000e+00
   2.0909251e+01   1.5471553e+01   0.0000000e+00
   2.0912149e+01   1.5470314e+01   0.0000000e+00
   2.0915048e+01   1.5469074e+01   0.0000000e+00
   2.0917947e+01   1.5467834e+01   0.0000000e+00
   2.0920847e+01   1.5466594e+01   0.0000000e+00
   2.0923747e+01   1.5465353e+01   0.0000000e+00
   2.0926647e+01   1.5464112e+01   0.0000000e+00
   2.0929548e+01   1.5462871e+01   0.0000000e+00
   2.0932449e+01   1.5461629e+01   0.0000000e+00
   2.0935351e+01   1.5460387e+01   0.0000000e+00
   2.0938253e+01   1.5459145e+01   0.0000000e+00
   2.0941155e+01   1.5457903e+01   0.0000000e+00
   2.0944058e+01   1.5456660e+01   0.0000000e+00
   2.0946961e+01   1.5455416e+01   0.0000000e+00
   2.0949865e+01   1.5454173e+01   0.0000000e+00
   2.0952769e+01   1.5452929e+01   0.0000000e+00
   2.0955674e+01   1.5451684e+01   0.0000000e+00
   2.0958578e+01   1.5450440e+01   0.0000000e+00
   2.0961484e+01   1.5449195e+01   0.0000000e+00
   2.0964389e+01   1.5447950e+01   0.0000000e+00
   2.0967296e+01   1.5446704e+01   0.0000000e+00
   2.0970202e+01   1.5445458e+01   0.0000000e+00
   2.0973109e+01   1.5444212e+01   0.0000000e+00
   2.0976016e+01   1.5442965e+01   0.0000000e+00
   2.0978924e+01   1.5441718e+01   0.0000000e+00
   2.0981832e+01   1.5440471e+01   0.0000000e+00
   2.0984741e+01   1.5439223e+01   0.0000000e+00
   2.0987649e+01   1.5437975e+01   0.0000000e+00
   2.0990559e+01   1.5436727e+01   0.0000000e+00
   2.0993469e+01   1.5435478e+01   0.0000000e+00
   2.0996379e+01   1.5434229e+01   0.0000000e+00
   2.0999289e+01   1.5432979e+01   0.0000000e+00
   2.1002200e+01   1.5431730e+01   0.0000000e+00
   2.1005112e+01   1.5430480e+01   0.0000000e+00
   2.1008023e+01   1.5429229e+01   0.0000000e+00
   2.1010936e+01   1.5427979e+01   0.0000000e+00
   2.1013848e+01   1.5426727e+01   0.0000000e+00
   2.1016761e+01   1.5425476e+01   0.0000000e+00
   2.1019675e+01   1.5424224e+01   0.0000000e+00
   2.1022588e+01   1.5422972e+01   0.0000000e+00
   2.1025503e+01   1.5421720e+01   0.0000000e+00
   2.1028417e+01   1.5420467e+01   0.0000000e+00
   2.1031332e+01   1.5419214e+01   0.0000000e+00
   2.1034248e+01   1.5417960e+01   0.0000000e+00
   2.1037164e+01   1.5416707e+01   0.0000000e+00
   2.1040080e+01   1.5415452e+01   0.0000000e+00
   2.1042997e+01   1.5414198e+01   0.0000000e+00
   2.1045914e+01   1.5412943e+01   0.0000000e+00
   2.1048831e+01   1.5411688e+01   0.0000000e+00
   2.1051749e+01   1.5410432e+01   0.0000000e+00
   2.1054668e+01   1.5409177e+01   0.0000000e+00
   2.1057586e+01   1.5407920e+01   0.0000000e+00
   2.1060506e+01   1.5406664e+01   0.0000000e+00
   2.1063425e+01   1.5405407e+01   0.0000000e+00
   2.1066345e+01   1.5404150e+01   0.0000000e+00
   2.1069266e+01   1.5402892e+01   0.0000000e+00
   2.1072186e+01   1.5401634e+01   0.0000000e+00
   2.1075108e+01   1.5400376e+01   0.0000000e+00
   2.1078029e+01   1.5399117e+01   0.0000000e+00
   2.1080951e+01   1.5397858e+01   0.0000000e+00
   2.1083874e+01   1.5396599e+01   0.0000000e+00
   2.1086797e+01   1.5395339e+01   0.0000000e+00
   2.1089720e+01   1.5394079e+01   0.0000000e+00
   2.1092644e+01   1.5392819e+01   0.0000000e+00
   2.1095568e+01   1.5391558e+01   0.0000000e+00
   2.1098493e+01   1.5390297e+01   0.0000000e+00
   2.1101418e+01   1.5389036e+01   0.0000000e+00
   2.1104343e+01   1.5387774e+01   0.0000000e+00
   2.1107269e+01   1.5386512e+01   0.0000000e+00
   2.1110195e+01   1.5385250e+01   0.0000000e+00
   2.1113122e+01   1.5383987e+01   0.0000000e+00
   2.1116049e+01   1.5382724e+01   0.0000000e+00
   2.1118976e+01   1.5381461e+01   0.0000000e+00
   2.1121904e+01   1.5380197e+01   0.0000000e+00
   2.1124833e+01   1.5378933e+01   0.0000000e+00
   2.1127761e+01   1.5377668e+01   0.0000000e+00
   2.1130690e+01   1.5376403e+01   0.0000000e+00
   2.1133620e+01   1.5375138e+01   0.0000000e+00
   2.1136550e+01   1.5373873e+01   0.0000000e+00
   2.1139480e+01   1.5372607e+01   0.0000000e+00
   2.1142411e+01   1.5371340e+01   0.0000000e+00
   2.1145343e+01   1.5370074e+01   0.0000000e+00
   2.1148274e+01   1.5368807e+01   0.0000000e+00
   2.1151206e+01   1.5367540e+01   0.0000000e+00
   2.1154139e+01   1.5366272e+01   0.0000000e+00
   2.1157072e+01   1.5365004e+01   0.0000000e+00
   2.1160005e+01   1.5363736e+01   0.0000000e+00
   2.1162939e+01   1.5362467e+01   0.0000000e+00
   2.1165873e+01   1.5361198e+01   0.0000000e+00
   2.1168808e+01   1.5359929e+01   0.0000000e+00
   2.1171743e+01   1.5358659e+01   0.0000000e+00
   2.1174678e+01   1.5357389e+01   0.0000000e+00
   2.1177614e+01   1.5356118e+01   0.0000000e+00
   2.1180551e+01   1.5354848e+01   0.0000000e+00
   2.1183487e+01   1.5353577e+01   0.0000000e+00
   2.1186425e+01   1.5352305e+01   0.0000000e+00
   2.1189362e+01   1.5351033e+01   0.0000000e+00
   2.1192300e+01   1.5349761e+01   0.0000000e+00
   2.1195239e+01   1.5348489e+01   0.0000000e+00
   2.1198178e+01   1.5347216e+01   0.0000000e+00
   2.1201117e+01   1.5345942e+01   0.0000000e+00
   2.1204057e+01   1.5344669e+01   0.0000000e+00
   2.1206997e+01   1.5343395e+01   0.0000000e+00
   2.1209937e+01   1.5342121e+01   0.0000000e+00
   2.1212878e+01   1.5340846e+01   0.0000000e+00
   2.1215820e+01   1.5339571e+01   0.0000000e+00
   2.1218762e+01   1.5338296e+01   0.0000000e+00
   2.1221704e+01   1.5337020e+01   0.0000000e+00
   2.1224647e+01   1.5335744e+01   0.0000000e+00
   2.1227590e+01   1.5334467e+01   0.0000000e+00
   2.1230533e+01   1.5333191e+01   0.0000000e+00
   2.1233477e+01   1.5331914e+01   0.0000000e+00
   2.1236422e+01   1.5330636e+01   0.0000000e+00
   2.1239367e+01   1.5329358e+01   0.0000000e+00
   2.1242312e+01   1.5328080e+01   0.0000000e+00
   2.1245258e+01   1.5326802e+01   0.0000000e+00
   2.1248204e+01   1.5325523e+01   0.0000000e+00
   2.1251150e+01   1.5324243e+01   0.0000000e+00
   2.1254098e+01   1.5322964e+01   0.0000000e+00
   2.1257045e+01   1.5321684e+01   0.0000000e+00
   2.1259993e+01   1.5320403e+01   0.0000000e+00
   2.1262941e+01   1.5319123e+01   0.0000000e+00
   2.1265890e+01   1.5317842e+01   0.0000000e+00
   2.1268839e+01   1.5316560e+01   0.0000000e+00
   2.1271789e+01   1.5315279e+01   0.0000000e+00
   2.1274739e+01   1.5313997e+01   0.0000000e+00
   2.1277689e+01   1.5312714e+01   0.0000000e+00
   2.1280640e+01   1.5311431e+01   0.0000000e+00
   2.1283591e+01   1.5310148e+01   0.0000000e+00
   2.1286543e+01   1.5308865e+01   0.0000000e+00
   2.1289495e+01   1.5307581e+01   0.0000000e+00
   2.1292448e+01   1.5306297e+01   0.0000000e+00
   2.1295401e+01   1.5305012e+01   0.0000000e+00
   2.1298354e+01   1.5303727e+01   0.0000000e+00
   2.1301308e+01   1.5302442e+01   0.0000000e+00
   2.1304263e+01   1.5301156e+01   0.0000000e+00
   2.1307218e+01   1.5299870e+01   0.0000000e+00
   2.1310173e+01   1.5298584e+01   0.0000000e+00
   2.1313128e+01   1.5297297e+01   0.0000000e+00
   2.1316085e+01   1.5296010e+01   0.0000000e+00
   2.1319041e+01   1.5294722e+01   0.0000000e+00
   2.1321998e+01   1.5293434e+01   0.0000000e+00
   2.1324955e+01   1.5292146e+01   0.0000000e+00
   2.1327913e+01   1.5290858e+01   0.0000000e+00
   2.1330872e+01   1.5289569e+01   0.0000000e+00
   2.1333830e+01   1.5288279e+01   0.0000000e+00
   2.1336790e+01   1.5286990e+01   0.0000000e+00
   2.1339749e+01   1.5285700e+01   0.0000000e+00
   2.1342709e+01   1.5284410e+01   0.0000000e+00
   2.1345670e+01   1.5283119e+01   0.0000000e+00
   2.1348631e+01   1.5281828e+01   0.0000000e+00
   2.1351592e+01   1.5280536e+01   0.0000000e+00
   2.1354554e+01   1.5279245e+01   0.0000000e+00
   2.1357516e+01   1.5277952e+01   0.0000000e+00
   2.1360479e+01   1.5276660e+01   0.0000000e+00
   2.1363442e+01   1.5275367e+01   0.0000000e+00
   2.1366405e+01   1.5274074e+01   0.0000000e+00
   2.1369369e+01   1.5272780e+01   0.0000000e+00
   2.1372334e+01   1.5271486e+01   0.0000000e+00
   2.1375299e+01   1.5270192e+01   0.0000000e+00
   2.1378264e+01   1.5268897e+01   0.0000000e+00
   2.1381230e+01   1.5267602e+01   0.0000000e+00
   2.1384196e+01   1.5266307e+01   0.0000000e+00
   2.1387163e+01   1.5265011e+01   0.0000000e+00
   2.1390130e+01   1.5263715e+01   0.0000000e+00
   2.1393097e+01   1.5262418e+01   0.0000000e+00
   2.1396065e+01   1.5261121e+01   0.0000000e+00
   2.1399034e+01   1.5259824e+01   0.0000000e+00
   2.1402002e+01   1.5258526e+01   0.0000000e+00
   2.1404972e+01   1.5257228e+01   0.0000000e+00
   2.1407941e+01   1.5255930e+01   0.0000000e+00
   2.1410912e+01   1.5254631e+01   0.0000000e+00
   2.1413882e+01   1.5253332e+01   0.0000000e+00
   2.1416853e+01   1.5252033e+01   0.0000000e+00
   2.1419825e+01   1.5250733e+01   0.0000000e+00
   2.1422797e+01   1.5249433e+01   0.0000000e+00
   2.1425769e+01   1.5248132e+01   0.0000000e+00
   2.1428742e+01   1.5246832e+01   0.0000000e+00
   2.1431715e+01   1.5245530e+01   0.0000000e+00
   2.1434689e+01   1.5244229e+01   0.0000000e+00
   2.1437663e+01   1.5242927e+01   0.0000000e+00
   2.1440638e+01   1.5241624e+01   0.0000000e+00
   2.1443613e+01   1.5240322e+01   0.0000000e+00
   2.1446589e+01   1.5239018e+01   0.0000000e+00
   2.1449565e+01   1.5237715e+01   0.0000000e+00
   2.1452541e+01   1.5236411e+01   0.0000000e+00
   2.1455518e+01   1.5235107e+01   0.0000000e+00
   2.1458495e+01   1.5233802e+01   0.0000000e+00
   2.1461473e+01   1.5232497e+01   0.0000000e+00
   2.1464451e+01   1.5231192e+01   0.0000000e+00
   2.1467430e+01   1.5229886e+01   0.0000000e+00
   2.1470409e+01   1.5228580e+01   0.0000000e+00
   2.1473389e+01   1.5227274e+01   0.0000000e+00
   2.1476369e+01   1.5225967e+01   0.0000000e+00
   2.1479349e+01   1.5224660e+01   0.0000000e+00
   2.1482330e+01   1.5223352e+01   0.0000000e+00
   2.1485312e+01   1.5222045e+01   0.0000000e+00
   2.1488294e+01   1.5220736e+01   0.0000000e+00
   2.1491276e+01   1.5219428e+01   0.0000000e+00
   2.1494259e+01   1.5218119e+01   0.0000000e+00
   2.1497242e+01   1.5216809e+01   0.0000000e+00
   2.1500226e+01   1.5215499e+01   0.0000000e+00
   2.1503210e+01   1.5214189e+01   0.0000000e+00
   2.1506194e+01   1.5212879e+01   0.0000000e+00
   2.1509179e+01   1.5211568e+01   0.0000000e+00
   2.1512165e+01   1.5210257e+01   0.0000000e+00
   2.1515151e+01   1.5208945e+01   0.0000000e+00
   2.1518137e+01   1.5207633e+01   0.0000000e+00
   2.1521124e+01   1.5206321e+01   0.0000000e+00
   2.1524111e+01   1.5205008e+01   0.0000000e+00
   2.1527099e+01   1.5203695e+01   0.0000000e+00
   2.1530087e+01   1.5202381e+01   0.0000000e+00
   2.1533076e+01   1.5201068e+01   0.0000000e+00
   2.1536065e+01   1.5199753e+01   0.0000000e+00
   2.1539054e+01   1.5198439e+01   0.0000000e+00
   2.1542044e+01   1.5197124e+01   0.0000000e+00
   2.1545035e+01   1.5195808e+01   0.0000000e+00
   2.1548026e+01   1.5194493e+01   0.0000000e+00
   2.1551017e+01   1.5193177e+01   0.0000000e+00
   2.1554009e+01   1.5191860e+01   0.0000000e+00
   2.1557001e+01   1.5190543e+01   0.0000000e+00
   2.1559994e+01   1.5189226e+01   0.0000000e+00
   2.1562987e+01   1.5187908e+01   0.0000000e+00
   2.1565981e+01   1.5186590e+01   0.0000000e+00
   2.1568975e+01   1.5185272e+01   0.0000000e+00
   2.1571970e+01   1.5183953e+01   0.0000000e+00
   2.1574965e+01   1.5182634e+01   0.0000000e+00
   2.1577960e+01   1.5181315e+01   0.0000000e+00
   2.1580956e+01   1.5179995e+01   0.0000000e+00
   2.1583953e+01   1.5178675e+01   0.0000000e+00
   2.1586950e+01   1.5177354e+01   0.0000000e+00
   2.1589947e+01   1.5176033e+01   0.0000000e+00
   2.1592945e+01   1.5174712e+01   0.0000000e+00
   2.1595943e+01   1.5173390e+01   0.0000000e+00
   2.1598942e+01   1.5172068e+01   0.0000000e+00
   2.1601941e+01   1.5170745e+01   0.0000000e+00
   2.1604941e+01   1.5169423e+01   0.0000000e+00
   2.1607941e+01   1.5168099e+01   0.0000000e+00
   2.1610942e+01   1.5166776e+01   0.0000000e+00
   2.1613943e+01   1.5165452e+01   0.0000000e+00
   2.1616944e+01   1.5164127e+01   0.0000000e+00
   2.1619946e+01   1.5162802e+01   0.0000000e+00
   2.1622949e+01   1.5161477e+01   0.0000000e+00
   2.1625952e+01   1.5160152e+01   0.0000000e+00
   2.1628955e+01   1.5158826e+01   0.0000000e+00
   2.1631959e+01   1.5157500e+01   0.0000000e+00
   2.1634963e+01   1.5156173e+01   0.0000000e+00
   2.1637968e+01   1.5154846e+01   0.0000000e+00
   2.1640973e+01   1.5153518e+01   0.0000000e+00
   2.1643979e+01   1.5152191e+01   0.0000000e+00
   2.1646985e+01   1.5150862e+01   0.0000000e+00
   2.1649992e+01   1.5149534e+01   0.0000000e+00
   2.1652999e+01   1.5148205e+01   0.0000000e+00
   2.1656007e+01   1.5146876e+01   0.0000000e+00
   2.1659015e+01   1.5145546e+01   0.0000000e+00
   2.1662023e+01   1.5144216e+01   0.0000000e+00
   2.1665032e+01   1.5142885e+01   0.0000000e+00
   2.1668042e+01   1.5141554e+01   0.0000000e+00
   2.1671052e+01   1.5140223e+01   0.0000000e+00
   2.1674062e+01   1.5138891e+01   0.0000000e+00
   2.1677073e+01   1.5137559e+01   0.0000000e+00
   2.1680084e+01   1.5136227e+01   0.0000000e+00
   2.1683096e+01   1.5134894e+01   0.0000000e+00
   2.1686109e+01   1.5133561e+01   0.0000000e+00
   2.1689121e+01   1.5132228e+01   0.0000000e+00
   2.1692135e+01   1.5130894e+01   0.0000000e+00
   2.1695148e+01   1.5129559e+01   0.0000000e+00
   2.1698162e+01   1.5128225e+01   0.0000000e+00
   2.1701177e+01   1.5126889e+01   0.0000000e+00
   2.1704192e+01   1.5125554e+01   0.0000000e+00
   2.1707208e+01   1.5124218e+01   0.0000000e+00
   2.1710224e+01   1.5122882e+01   0.0000000e+00
   2.1713240e+01   1.5121545e+01   0.0000000e+00
   2.1716257e+01   1.5120208e+01   0.0000000e+00
   2.1719275e+01   1.5118871e+01   0.0000000e+00
   2.1722293e+01   1.5117533e+01   0.0000000e+00
   2.1725311e+01   1.5116195e+01   0.0000000e+00
   2.1728330e+01   1.5114856e+01   0.0000000e+00
   2.1731350e+01   1.5113517e+01   0.0000000e+00
   2.1734369e+01   1.5112178e+01   0.0000000e+00
   2.1737390e+01   1.5110838e+01   0.0000000e+00
   2.1740411e+01   1.5109498e+01   0.0000000e+00
   2.1743432e+01   1.5108158e+01   0.0000000e+00
   2.1746454e+01   1.5106817e+01   0.0000000e+00
   2.1749476e+01   1.5105476e+01   0.0000000e+00
   2.1752499e+01   1.5104134e+01   0.0000000e+00
   2.1755522e+01   1.5102792e+01   0.0000000e+00
   2.1758545e+01   1.5101449e+01   0.0000000e+00
   2.1761570e+01   1.5100106e+01   0.0000000e+00
   2.1764594e+01   1.5098763e+01   0.0000000e+00
   2.1767619e+01   1.5097420e+01   0.0000000e+00
   2.1770645e+01   1.5096076e+01   0.0000000e+00
   2.1773671e+01   1.5094731e+01   0.0000000e+00
   2.1776698e+01   1.5093386e+01   0.0000000e+00
   2.1779725e+01   1.5092041e+01   0.0000000e+00
   2.1782752e+01   1.5090696e+01   0.0000000e+00
   2.1785780e+01   1.5089350e+01   0.0000000e+00
   2.1788809e+01   1.5088003e+01   0.0000000e+00
   2.1791837e+01   1.5086657e+01   0.0000000e+00
   2.1794867e+01   1.5085310e+01   0.0000000e+00
   2.1797897e+01   1.5083962e+01   0.0000000e+00
   2.1800927e+01   1.5082614e+01   0.0000000e+00
   2.1803958e+01   1.5081266e+01   0.0000000e+00
   2.1806989e+01   1.5079917e+01   0.0000000e+00
   2.1810021e+01   1.5078568e+01   0.0000000e+00
   2.1813054e+01   1.5077219e+01   0.0000000e+00
   2.1816086e+01   1.5075869e+01   0.0000000e+00
   2.1819120e+01   1.5074518e+01   0.0000000e+00
   2.1822153e+01   1.5073168e+01   0.0000000e+00
   2.1825188e+01   1.5071817e+01   0.0000000e+00
   2.1828222e+01   1.5070465e+01   0.0000000e+00
   2.1831258e+01   1.5069113e+01   0.0000000e+00
   2.1834293e+01   1.5067761e+01   0.0000000e+00
   2.1837330e+01   1.5066409e+01   0.0000000e+00
   2.1840366e+01   1.5065056e+01   0.0000000e+00
   2.1843403e+01   1.5063702e+01   0.0000000e+00
   2.1846441e+01   1.5062348e+01   0.0000000e+00
   2.1849479e+01   1.5060994e+01   0.0000000e+00
   2.1852518e+01   1.5059639e+01   0.0000000e+00
   2.1855557e+01   1.5058284e+01   0.0000000e+00
   2.1858597e+01   1.5056929e+01   0.0000000e+00
   2.1861637e+01   1.5055573e+01   0.0000000e+00
   2.1864677e+01   1.5054217e+01   0.0000000e+00
   2.1867718e+01   1.5052860e+01   0.0000000e+00
   2.1870760e+01   1.5051503e+01   0.0000000e+00
   2.1873802e+01   1.5050146e+01   0.0000000e+00
   2.1876845e+01   1.5048788e+01   0.0000000e+00
   2.1879888e+01   1.5047430e+01   0.0000000e+00
   2.1882931e+01   1.5046072e+01   0.0000000e+00
   2.1885975e+01   1.5044713e+01   0.0000000e+00
   2.1889020e+01   1.5043353e+01   0.0000000e+00
   2.1892065e+01   1.5041993e+01   0.0000000e+00
   2.1895110e+01   1.5040633e+01   0.0000000e+00
   2.1898156e+01   1.5039273e+01   0.0000000e+00
   2.1901203e+01   1.5037912e+01   0.0000000e+00
   2.1904250e+01   1.5036550e+01   0.0000000e+00
   2.1907297e+01   1.5035189e+01   0.0000000e+00
   2.1910345e+01   1.5033826e+01   0.0000000e+00
   2.1913393e+01   1.5032464e+01   0.0000000e+00
   2.1916442e+01   1.5031101e+01   0.0000000e+00
   2.1919492e+01   1.5029737e+01   0.0000000e+00
   2.1922542e+01   1.5028374e+01   0.0000000e+00
   2.1925592e+01   1.5027010e+01   0.0000000e+00
   2.1928643e+01   1.5025645e+01   0.0000000e+00
   2.1931694e+01   1.5024280e+01   0.0000000e+00
   2.1934746e+01   1.5022915e+01   0.0000000e+00
   2.1937799e+01   1.5021549e+01   0.0000000e+00
   2.1940852e+01   1.5020183e+01   0.0000000e+00
   2.1943905e+01   1.5018816e+01   0.0000000e+00
   2.1946959e+01   1.5017449e+01   0.0000000e+00
   2.1950013e+01   1.5016082e+01   0.0000000e+00
   2.1953068e+01   1.5014714e+01   0.0000000e+00
   2.1956123e+01   1.5013346e+01   0.0000000e+00
   2.1959179e+01   1.5011977e+01   0.0000000e+00
   2.1962236e+01   1.5010608e+01   0.0000000e+00
   2.1965293e+01   1.5009239e+01   0.0000000e+00
   2.1968350e+01   1.5007869e+01   0.0000000e+00
   2.1971408e+01   1.5006499e+01   0.0000000e+00
   2.1974466e+01   1.5005128e+01   0.0000000e+00
   2.1977525e+01   1.5003757e+01   0.0000000e+00
   2.1980584e+01   1.5002386e+01   0.0000000e+00
   2.1983644e+01   1.5001014e+01   0.0000000e+00
   2.1986705e+01   1.4999642e+01   0.0000000e+00
   2.1989766e+01   1.4998269e+01   0.0000000e+00
   2.1992827e+01   1.4996896e+01   0.0000000e+00
   2.1995889e+01   1.4995522e+01   0.0000000e+00
   2.1998951e+01   1.4994149e+01   0.0000000e+00
   2.2002014e+01   1.4992774e+01   0.0000000e+00
   2.2005077e+01   1.4991400e+01   0.0000000e+00
   2.2008141e+01   1.4990025e+01   0.0000000e+00
   2.2011206e+01   1.4988649e+01   0.0000000e+00
   2.2014271e+01   1.4987273e+01   0.0000000e+00
   2.2017336e+01   1.4985897e+01   0.0000000e+00
   2.2020402e+01   1.4984520e+01   0.0000000e+00
   2.2023468e+01   1.4983143e+01   0.0000000e+00
   2.2026535e+01   1.4981765e+01   0.0000000e+00
   2.2029603e+01   1.4980388e+01   0.0000000e+00
   2.2032671e+01   1.4979009e+01   0.0000000e+00
   2.2035739e+01   1.4977630e+01   0.0000000e+00
   2.2038808e+01   1.4976251e+01   0.0000000e+00
   2.2041877e+01   1.4974872e+01   0.0000000e+00
   2.2044947e+01   1.4973492e+01   0.0000000e+00
   2.2048018e+01   1.4972111e+01   0.0000000e+00
   2.2051089e+01   1.4970731e+01   0.0000000e+00
   2.2054160e+01   1.4969349e+01   0.0000000e+00
   2.2057232e+01   1.4967968e+01   0.0000000e+00
   2.2060305e+01   1.4966586e+01   0.0000000e+00
   2.2063378e+01   1.4965203e+01   0.0000000e+00
   2.2066451e+01   1.4963820e+01   0.0000000e+00
   2.2069525e+01   1.4962437e+01   0.0000000e+00
   2.2072600e+01   1.4961053e+01   0.0000000e+00
   2.2075675e+01   1.4959669e+01   0.0000000e+00
   2.2078750e+01   1.4958285e+01   0.0000000e+00
   2.2081826e+01   1.4956900e+01   0.0000000e+00
   2.2084903e+01   1.4955515e+01   0.0000000e+00
   2.2087980e+01   1.4954129e+01   0.0000000e+00
   2.2091058e+01   1.4952743e+01   0.0000000e+00
   2.2094136e+01   1.4951356e+01   0.0000000e+00
   2.2097214e+01   1.4949969e+01   0.0000000e+00
   2.2100293e+01   1.4948582e+01   0.0000000e+00
   2.2103373e+01   1.4947194e+01   0.0000000e+00
   2.2106453e+01   1.4945806e+01   0.0000000e+00
   2.2109534e+01   1.4944417e+01   0.0000000e+00
   2.2112615e+01   1.4943028e+01   0.0000000e+00
   2.2115697e+01   1.4941638e+01   0.0000000e+00
   2.2118779e+01   1.4940249e+01   0.0000000e+00
   2.2121862e+01   1.4938858e+01   0.0000000e+00
   2.2124945e+01   1.4937468e+01   0.0000000e+00
   2.2128029e+01   1.4936076e+01   0.0000000e+00
   2.2131113e+01   1.4934685e+01   0.0000000e+00
   2.2134198e+01   1.4933293e+01   0.0000000e+00
   2.2137283e+01   1.4931900e+01   0.0000000e+00
   2.2140369e+01   1.4930508e+01   0.0000000e+00
   2.2143455e+01   1.4929114e+01   0.0000000e+00
   2.2146542e+01   1.4927721e+01   0.0000000e+00
   2.2149629e+01   1.4926327e+01   0.0000000e+00
   2.2152717e+01   1.4924932e+01   0.0000000e+00
   2.2155806e+01   1.4923537e+01   0.0000000e+00
   2.2158895e+01   1.4922142e+01   0.0000000e+00
   2.2161984e+01   1.4920746e+01   0.0000000e+00
   2.2165074e+01   1.4919350e+01   0.0000000e+00
   2.2168165e+01   1.4917954e+01   0.0000000e+00
   2.2171256e+01   1.4916557e+01   0.0000000e+00
   2.2174347e+01   1.4915159e+01   0.0000000e+00
   2.2177439e+01   1.4913761e+01   0.0000000e+00
   2.2180532e+01   1.4912363e+01   0.0000000e+00
   2.2183625e+01   1.4910964e+01   0.0000000e+00
   2.2186718e+01   1.4909565e+01   0.0000000e+00
   2.2189813e+01   1.4908166e+01   0.0000000e+00
   2.2192907e+01   1.4906766e+01   0.0000000e+00
   2.2196002e+01   1.4905366e+01   0.0000000e+00
   2.2199098e+01   1.4903965e+01   0.0000000e+00
   2.2202194e+01   1.4902564e+01   0.0000000e+00
   2.2205291e+01   1.4901162e+01   0.0000000e+00
   2.2208388e+01   1.4899760e+01   0.0000000e+00
   2.2211486e+01   1.4898358e+01   0.0000000e+00
   2.2214584e+01   1.4896955e+01   0.0000000e+00
   2.2217683e+01   1.4895551e+01   0.0000000e+00
   2.2220783e+01   1.4894148e+01   0.0000000e+00
   2.2223883e+01   1.4892743e+01   0.0000000e+00
   2.2226983e+01   1.4891339e+01   0.0000000e+00
   2.2230084e+01   1.4889934e+01   0.0000000e+00
   2.2233185e+01   1.4888528e+01   0.0000000e+00
   2.2236287e+01   1.4887123e+01   0.0000000e+00
   2.2239390e+01   1.4885716e+01   0.0000000e+00
   2.2242493e+01   1.4884310e+01   0.0000000e+00
   2.2245597e+01   1.4882902e+01   0.0000000e+00
   2.2248701e+01   1.4881495e+01   0.0000000e+00
   2.2251805e+01   1.4880087e+01   0.0000000e+00
   2.2254911e+01   1.4878679e+01   0.0000000e+00
   2.2258016e+01   1.4877270e+01   0.0000000e+00
   2.2261123e+01   1.4875860e+01   0.0000000e+00
   2.2264229e+01   1.4874451e+01   0.0000000e+00
   2.2267337e+01   1.4873041e+01   0.0000000e+00
   2.2270444e+01   1.4871630e+01   0.0000000e+00
   2.2273553e+01   1.4870219e+01   0.0000000e+00
   2.2276662e+01   1.4868808e+01   0.0000000e+00
   2.2279771e+01   1.4867396e+01   0.0000000e+00
   2.2282881e+01   1.4865984e+01   0.0000000e+00
   2.2285992e+01   1.4864571e+01   0.0000000e+00
   2.2289103e+01   1.4863158e+01   0.0000000e+00
   2.2292214e+01   1.4861744e+01   0.0000000e+00
   2.2295326e+01   1.4860330e+01   0.0000000e+00
   2.2298439e+01   1.4858916e+01   0.0000000e+00
   2.2301552e+01   1.4857501e+01   0.0000000e+00
   2.2304666e+01   1.4856086e+01   0.0000000e+00
   2.2307780e+01   1.4854670e+01   0.0000000e+00
   2.2310895e+01   1.4853254e+01   0.0000000e+00
   2.2314010e+01   1.4851838e+01   0.0000000e+00
   2.2317126e+01   1.4850421e+01   0.0000000e+00
   2.2320242e+01   1.4849003e+01   0.0000000e+00
   2.2323359e+01   1.4847585e+01   0.0000000e+00
   2.2326476e+01   1.4846167e+01   0.0000000e+00
   2.2329594e+01   1.4844748e+01   0.0000000e+00
   2.2332713e+01   1.4843329e+01   0.0000000e+00
   2.2335832e+01   1.4841910e+01   0.0000000e+00
   2.2338952e+01   1.4840490e+01   0.0000000e+00
   2.2342072e+01   1.4839069e+01   0.0000000e+00
   2.2345192e+01   1.4837648e+01   0.0000000e+00
   2.2348314e+01   1.4836227e+01   0.0000000e+00
   2.2351435e+01   1.4834805e+01   0.0000000e+00
   2.2354558e+01   1.4833383e+01   0.0000000e+00
   2.2357681e+01   1.4831961e+01   0.0000000e+00
   2.2360804e+01   1.4830538e+01   0.0000000e+00
   2.2363928e+01   1.4829114e+01   0.0000000e+00
   2.2367052e+01   1.4827690e+01   0.0000000e+00
   2.2370177e+01   1.4826266e+01   0.0000000e+00
   2.2373303e+01   1.4824841e+01   0.0000000e+00
   2.2376429e+01   1.4823416e+01   0.0000000e+00
   2.2379555e+01   1.4821990e+01   0.0000000e+00
   2.2382683e+01   1.4820564e+01   0.0000000e+00
   2.2385810e+01   1.4819138e+01   0.0000000e+00
   2.2388939e+01   1.4817711e+01   0.0000000e+00
   2.2392067e+01   1.4816283e+01   0.0000000e+00
   2.2395197e+01   1.4814856e+01   0.0000000e+00
   2.2398327e+01   1.4813427e+01   0.0000000e+00
   2.2401457e+01   1.4811999e+01   0.0000000e+00
   2.2404588e+01   1.4810569e+01   0.0000000e+00
   2.2407720e+01   1.4809140e+01   0.0000000e+00
   2.2410852e+01   1.4807710e+01   0.0000000e+00
   2.2413984e+01   1.4806279e+01   0.0000000e+00
   2.2417117e+01   1.4804848e+01   0.0000000e+00
   2.2420251e+01   1.4803417e+01   0.0000000e+00
   2.2423385e+01   1.4801985e+01   0.0000000e+00
   2.2426520e+01   1.4800553e+01   0.0000000e+00
   2.2429656e+01   1.4799120e+01   0.0000000e+00
   2.2432792e+01   1.4797687e+01   0.0000000e+00
   2.2435928e+01   1.4796254e+01   0.0000000e+00
   2.2439065e+01   1.4794820e+01   0.0000000e+00
   2.2442203e+01   1.4793385e+01   0.0000000e+00
   2.2445341e+01   1.4791951e+01   0.0000000e+00
   2.2448479e+01   1.4790515e+01   0.0000000e+00
   2.2451619e+01   1.4789080e+01   0.0000000e+00
   2.2454758e+01   1.4787643e+01   0.0000000e+00
   2.2457899e+01   1.4786207e+01   0.0000000e+00
   2.2461039e+01   1.4784770e+01   0.0000000e+00
   2.2464181e+01   1.4783332e+01   0.0000000e+00
   2.2467323e+01   1.4781894e+01   0.0000000e+00
   2.2470465e+01   1.4780456e+01   0.0000000e+00
   2.2473608e+01   1.4779017e+01   0.0000000e+00
   2.2476752e+01   1.4777578e+01   0.0000000e+00
   2.2479896e+01   1.4776138e+01   0.0000000e+00
   2.2483041e+01   1.4774698e+01   0.0000000e+00
   2.2486186e+01   1.4773257e+01   0.0000000e+00
   2.2489332e+01   1.4771816e+01   0.0000000e+00
   2.2492479e+01   1.4770375e+01   0.0000000e+00
   2.2495626e+01   1.4768933e+01   0.0000000e+00
   2.2498773e+01   1.4767490e+01   0.0000000e+00
   2.2501921e+01   1.4766047e+01   0.0000000e+00
   2.2505070e+01   1.4764604e+01   0.0000000e+00
   2.2508219e+01   1.4763160e+01   0.0000000e+00
   2.2511369e+01   1.4761716e+01   0.0000000e+00
   2.2514519e+01   1.4760272e+01   0.0000000e+00
   2.2517670e+01   1.4758826e+01   0.0000000e+00
   2.2520821e+01   1.4757381e+01   0.0000000e+00
   2.2523973e+01   1.4755935e+01   0.0000000e+00
   2.2527126e+01   1.4754489e+01   0.0000000e+00
   2.2530279e+01   1.4753042e+01   0.0000000e+00
   2.2533433e+01   1.4751594e+01   0.0000000e+00
   2.2536587e+01   1.4750147e+01   0.0000000e+00
   2.2539742e+01   1.4748698e+01   0.0000000e+00
   2.2542897e+01   1.4747250e+01   0.0000000e+00
   2.2546053e+01   1.4745801e+01   0.0000000e+00
   2.2549209e+01   1.4744351e+01   0.0000000e+00
   2.2552366e+01   1.4742901e+01   0.0000000e+00
   2.2555524e+01   1.4741450e+01   0.0000000e+00
   2.2558682e+01   1.4740000e+01   0.0000000e+00
   2.2561841e+01   1.4738548e+01   0.0000000e+00
   2.2565000e+01   1.4737096e+01   0.0000000e+00
   2.2568160e+01   1.4735644e+01   0.0000000e+00
   2.2571320e+01   1.4734191e+01   0.0000000e+00
   2.2574481e+01   1.4732738e+01   0.0000000e+00
   2.2577643e+01   1.4731285e+01   0.0000000e+00
   2.2580805e+01   1.4729830e+01   0.0000000e+00
   2.2583968e+01   1.4728376e+01   0.0000000e+00
   2.2587131e+01   1.4726921e+01   0.0000000e+00
   2.2590295e+01   1.4725466e+01   0.0000000e+00
   2.2593459e+01   1.4724010e+01   0.0000000e+00
   2.2596624e+01   1.4722553e+01   0.0000000e+00
   2.2599790e+01   1.4721096e+01   0.0000000e+00
   2.2602956e+01   1.4719639e+01   0.0000000e+00
   2.2606122e+01   1.4718182e+01   0.0000000e+00
   2.2609289e+01   1.4716723e+01   0.0000000e+00
   2.2612457e+01   1.4715265e+01   0.0000000e+00
   2.2615626e+01   1.4713806e+01   0.0000000e+00
   2.2618795e+01   1.4712346e+01   0.0000000e+00
   2.2621964e+01   1.4710886e+01   0.0000000e+00
   2.2625134e+01   1.4709426e+01   0.0000000e+00
   2.2628305e+01   1.4707965e+01   0.0000000e+00
   2.2631476e+01   1.4706503e+01   0.0000000e+00
   2.2634648e+01   1.4705042e+01   0.0000000e+00
   2.2637820e+01   1.4703579e+01   0.0000000e+00
   2.2640993e+01   1.4702117e+01   0.0000000e+00
   2.2644167e+01   1.4700653e+01   0.0000000e+00
   2.2647341e+01   1.4699190e+01   0.0000000e+00
   2.2650515e+01   1.4697726e+01   0.0000000e+00
   2.2653690e+01   1.4696261e+01   0.0000000e+00
   2.2656866e+01   1.4694796e+01   0.0000000e+00
   2.2660043e+01   1.4693331e+01   0.0000000e+00
   2.2663220e+01   1.4691865e+01   0.0000000e+00
   2.2666397e+01   1.4690398e+01   0.0000000e+00
   2.2669575e+01   1.4688931e+01   0.0000000e+00
   2.2672754e+01   1.4687464e+01   0.0000000e+00
   2.2675933e+01   1.4685996e+01   0.0000000e+00
   2.2679113e+01   1.4684528e+01   0.0000000e+00
   2.2682293e+01   1.4683059e+01   0.0000000e+00
   2.2685474e+01   1.4681590e+01   0.0000000e+00
   2.2688656e+01   1.4680120e+01   0.0000000e+00
   2.2691838e+01   1.4678650e+01   0.0000000e+00
   2.2695021e+01   1.4677180e+01   0.0000000e+00
   2.2698204e+01   1.4675709e+01   0.0000000e+00
   2.2701388e+01   1.4674237e+01   0.0000000e+00
   2.2704573e+01   1.4672765e+01   0.0000000e+00
   2.2707758e+01   1.4671293e+01   0.0000000e+00
   2.2710943e+01   1.4669820e+01   0.0000000e+00
   2.2714129e+01   1.4668347e+01   0.0000000e+00
   2.2717316e+01   1.4666873e+01   0.0000000e+00
   2.2720504e+01   1.4665399e+01   0.0000000e+00
   2.2723692e+01   1.4663924e+01   0.0000000e+00
   2.2726880e+01   1.4662449e+01   0.0000000e+00
   2.2730069e+01   1.4660973e+01   0.0000000e+00
   2.2733259e+01   1.4659497e+01   0.0000000e+00
   2.2736449e+01   1.4658020e+01   0.0000000e+00
   2.2739640e+01   1.4656543e+01   0.0000000e+00
   2.2742832e+01   1.4655066e+01   0.0000000e+00
   2.2746024e+01   1.4653588e+01   0.0000000e+00
   2.2749216e+01   1.4652109e+01   0.0000000e+00
   2.2752409e+01   1.4650630e+01   0.0000000e+00
   2.2755603e+01   1.4649151e+01   0.0000000e+00
   2.2758798e+01   1.4647671e+01   0.0000000e+00
   2.2761993e+01   1.4646191e+01   0.0000000e+00
   2.2765188e+01   1.4644710e+01   0.0000000e+00
   2.2768384e+01   1.4643229e+01   0.0000000e+00
   2.2771581e+01   1.4641747e+01   0.0000000e+00
   2.2774778e+01   1.4640265e+01   0.0000000e+00
   2.2777976e+01   1.4638782e+01   0.0000000e+00
   2.2781175e+01   1.4637299e+01   0.0000000e+00
   2.2784374e+01   1.4635815e+01   0.0000000e+00
   2.2787574e+01   1.4634331e+01   0.0000000e+00
   2.2790774e+01   1.4632847e+01   0.0000000e+00
   2.2793975e+01   1.4631362e+01   0.0000000e+00
   2.2797176e+01   1.4629876e+01   0.0000000e+00
   2.2800378e+01   1.4628390e+01   0.0000000e+00
   2.2803581e+01   1.4626904e+01   0.0000000e+00
   2.2806784e+01   1.4625417e+01   0.0000000e+00
   2.2809988e+01   1.4623929e+01   0.0000000e+00
   2.2813192e+01   1.4622442e+01   0.0000000e+00
   2.2816397e+01   1.4620953e+01   0.0000000e+00
   2.2819603e+01   1.4619464e+01   0.0000000e+00
   2.2822809e+01   1.4617975e+01   0.0000000e+00
   2.2826016e+01   1.4616485e+01   0.0000000e+00
   2.2829223e+01   1.4614995e+01   0.0000000e+00
   2.2832431e+01   1.4613504e+01   0.0000000e+00
   2.2835640e+01   1.4612013e+01   0.0000000e+00
   2.2838849e+01   1.4610522e+01   0.0000000e+00
   2.2842059e+01   1.4609029e+01   0.0000000e+00
   2.2845269e+01   1.4607537e+01   0.0000000e+00
   2.2848480e+01   1.4606044e+01   0.0000000e+00
   2.2851692e+01   1.4604550e+01   0.0000000e+00
   2.2854904e+01   1.4603056e+01   0.0000000e+00
   2.2858117e+01   1.4601562e+01   0.0000000e+00
   2.2861330e+01   1.4600067e+01   0.0000000e+00
   2.2864544e+01   1.4598571e+01   0.0000000e+00
   2.2867759e+01   1.4597075e+01   0.0000000e+00
   2.2870974e+01   1.4595579e+01   0.0000000e+00
   2.2874190e+01   1.4594082e+01   0.0000000e+00
   2.2877406e+01   1.4592585e+01   0.0000000e+00
   2.2880623e+01   1.4591087e+01   0.0000000e+00
   2.2883841e+01   1.4589588e+01   0.0000000e+00
   2.2887059e+01   1.4588090e+01   0.0000000e+00
   2.2890278e+01   1.4586590e+01   0.0000000e+00
   2.2893497e+01   1.4585090e+01   0.0000000e+00
   2.2896717e+01   1.4583590e+01   0.0000000e+00
   2.2899938e+01   1.4582089e+01   0.0000000e+00
   2.2903159e+01   1.4580588e+01   0.0000000e+00
   2.2906381e+01   1.4579087e+01   0.0000000e+00
   2.2909603e+01   1.4577584e+01   0.0000000e+00
   2.2912826e+01   1.4576082e+01   0.0000000e+00
   2.2916050e+01   1.4574579e+01   0.0000000e+00
   2.2919274e+01   1.4573075e+01   0.0000000e+00
   2.2922499e+01   1.4571571e+01   0.0000000e+00
   2.2925724e+01   1.4570066e+01   0.0000000e+00
   2.2928950e+01   1.4568561e+01   0.0000000e+00
   2.2932177e+01   1.4567056e+01   0.0000000e+00
   2.2935404e+01   1.4565549e+01   0.0000000e+00
   2.2938632e+01   1.4564043e+01   0.0000000e+00
   2.2941861e+01   1.4562536e+01   0.0000000e+00
   2.2945090e+01   1.4561028e+01   0.0000000e+00
   2.2948319e+01   1.4559520e+01   0.0000000e+00
   2.2951550e+01   1.4558012e+01   0.0000000e+00
   2.2954781e+01   1.4556503e+01   0.0000000e+00
   2.2958012e+01   1.4554994e+01   0.0000000e+00
   2.2961244e+01   1.4553484e+01   0.0000000e+00
   2.2964477e+01   1.4551973e+01   0.0000000e+00
   2.2967711e+01   1.4550462e+01   0.0000000e+00
   2.2970945e+01   1.4548951e+01   0.0000000e+00
   2.2974179e+01   1.4547439e+01   0.0000000e+00
   2.2977414e+01   1.4545927e+01   0.0000000e+00
   2.2980650e+01   1.4544414e+01   0.0000000e+00
   2.2983887e+01   1.4542900e+01   0.0000000e+00
   2.2987124e+01   1.4541387e+01   0.0000000e+00
   2.2990361e+01   1.4539872e+01   0.0000000e+00
   2.2993600e+01   1.4538358e+01   0.0000000e+00
   2.2996839e+01   1.4536842e+01   0.0000000e+00
   2.3000078e+01   1.4535326e+01   0.0000000e+00
   2.3003318e+01   1.4533810e+01   0.0000000e+00
   2.3006559e+01   1.4532293e+01   0.0000000e+00
   2.3009800e+01   1.4530776e+01   0.0000000e+00
   2.3013042e+01   1.4529258e+01   0.0000000e+00
   2.3016285e+01   1.4527740e+01   0.0000000e+00
   2.3019528e+01   1.4526221e+01   0.0000000e+00
   2.3022772e+01   1.4524702e+01   0.0000000e+00
   2.3026017e+01   1.4523182e+01   0.0000000e+00
   2.3029262e+01   1.4521662e+01   0.0000000e+00
   2.3032507e+01   1.4520142e+01   0.0000000e+00
   2.3035754e+01   1.4518620e+01   0.0000000e+00
   2.3039001e+01   1.4517099e+01   0.0000000e+00
   2.3042248e+01   1.4515576e+01   0.0000000e+00
   2.3045496e+01   1.4514054e+01   0.0000000e+00
   2.3048745e+01   1.4512531e+01   0.0000000e+00
   2.3051995e+01   1.4511007e+01   0.0000000e+00
   2.3055245e+01   1.4509483e+01   0.0000000e+00
   2.3058495e+01   1.4507958e+01   0.0000000e+00
   2.3061747e+01   1.4506433e+01   0.0000000e+00
   2.3064999e+01   1.4504907e+01   0.0000000e+00
   2.3068251e+01   1.4503381e+01   0.0000000e+00
   2.3071504e+01   1.4501854e+01   0.0000000e+00
   2.3074758e+01   1.4500327e+01   0.0000000e+00
   2.3078013e+01   1.4498800e+01   0.0000000e+00
   2.3081268e+01   1.4497272e+01   0.0000000e+00
   2.3084524e+01   1.4495743e+01   0.0000000e+00
   2.3087780e+01   1.4494214e+01   0.0000000e+00
   2.3091037e+01   1.4492684e+01   0.0000000e+00
   2.3094294e+01   1.4491154e+01   0.0000000e+00
   2.3097553e+01   1.4489623e+01   0.0000000e+00
   2.3100811e+01   1.4488092e+01   0.0000000e+00
   2.3104071e+01   1.4486561e+01   0.0000000e+00
   2.3107331e+01   1.4485028e+01   0.0000000e+00
   2.3110592e+01   1.4483496e+01   0.0000000e+00
   2.3113853e+01   1.4481963e+01   0.0000000e+00
   2.3117115e+01   1.4480429e+01   0.0000000e+00
   2.3120378e+01   1.4478895e+01   0.0000000e+00
   2.3123641e+01   1.4477360e+01   0.0000000e+00
   2.3126905e+01   1.4475825e+01   0.0000000e+00
   2.3130169e+01   1.4474290e+01   0.0000000e+00
   2.3133435e+01   1.4472753e+01   0.0000000e+00
   2.3136700e+01   1.4471217e+01   0.0000000e+00
   2.3139967e+01   1.4469680e+01   0.0000000e+00
   2.3143234e+01   1.4468142e+01   0.0000000e+00
   2.3146502e+01   1.4466604e+01   0.0000000e+00
   2.3149770e+01   1.4465065e+01   0.0000000e+00
   2.3153039e+01   1.4463526e+01   0.0000000e+00
   2.3156309e+01   1.4461986e+01   0.0000000e+00
   2.3159579e+01   1.4460446e+01   0.0000000e+00
   2.3162850e+01   1.4458905e+01   0.0000000e+00
   2.3166121e+01   1.4457364e+01   0.0000000e+00
   2.3169393e+01   1.4455823e+01   0.0000000e+00
   2.3172666e+01   1.4454280e+01   0.0000000e+00
   2.3175940e+01   1.4452738e+01   0.0000000e+00
   2.3179214e+01   1.4451194e+01   0.0000000e+00
   2.3182488e+01   1.4449651e+01   0.0000000e+00
   2.3185764e+01   1.4448106e+01   0.0000000e+00
   2.3189040e+01   1.4446562e+01   0.0000000e+00
   2.3192316e+01   1.4445016e+01   0.0000000e+00
   2.3195594e+01   1.4443471e+01   0.0000000e+00
   2.3198872e+01   1.4441924e+01   0.0000000e+00
   2.3202150e+01   1.4440378e+01   0.0000000e+00
   2.3205429e+01   1.4438830e+01   0.0000000e+00
   2.3208709e+01   1.4437283e+01   0.0000000e+00
   2.3211990e+01   1.4435734e+01   0.0000000e+00
   2.3215271e+01   1.4434186e+01   0.0000000e+00
   2.3218553e+01   1.4432636e+01   0.0000000e+00
   2.3221835e+01   1.4431086e+01   0.0000000e+00
   2.3225118e+01   1.4429536e+01   0.0000000e+00
   2.3228402e+01   1.4427985e+01   0.0000000e+00
   2.3231686e+01   1.4426434e+01   0.0000000e+00
   2.3234971e+01   1.4424882e+01   0.0000000e+00
   2.3238257e+01   1.4423330e+01   0.0000000e+00
   2.3241543e+01   1.4421777e+01   0.0000000e+00
   2.3244830e+01   1.4420223e+01   0.0000000e+00
   2.3248118e+01   1.4418669e+01   0.0000000e+00
   2.3251406e+01   1.4417115e+01   0.0000000e+00
   2.3254695e+01   1.4415560e+01   0.0000000e+00
   2.3257985e+01   1.4414004e+01   0.0000000e+00
   2.3261275e+01   1.4412448e+01   0.0000000e+00
   2.3264566e+01   1.4410892e+01   0.0000000e+00
   2.3267857e+01   1.4409335e+01   0.0000000e+00
   2.3271150e+01   1.4407777e+01   0.0000000e+00
   2.3274442e+01   1.4406219e+01   0.0000000e+00
   2.3277736e+01   1.4404661e+01   0.0000000e+00
   2.3281030e+01   1.4403102e+01   0.0000000e+00
   2.3284325e+01   1.4401542e+01   0.0000000e+00
   2.3287620e+01   1.4399982e+01   0.0000000e+00
   2.3290916e+01   1.4398421e+01   0.0000000e+00
   2.3294213e+01   1.4396860e+01   0.0000000e+00
   2.3297510e+01   1.4395298e+01   0.0000000e+00
   2.3300808e+01   1.4393736e+01   0.0000000e+00
   2.3304107e+01   1.4392173e+01   0.0000000e+00
   2.3307407e+01   1.4390610e+01   0.0000000e+00
   2.3310707e+01   1.4389046e+01   0.0000000e+00
   2.3314007e+01   1.4387482e+01   0.0000000e+00
   2.3317309e+01   1.4385917e+01   0.0000000e+00
   2.3320611e+01   1.4384352e+01   0.0000000e+00
   2.3323913e+01   1.4382786e+01   0.0000000e+00
   2.3327217e+01   1.4381220e+01   0.0000000e+00
   2.3330521e+01   1.4379653e+01   0.0000000e+00
   2.3333825e+01   1.4378086e+01   0.0000000e+00
   2.3337130e+01   1.4376518e+01   0.0000000e+00
   2.3340436e+01   1.4374949e+01   0.0000000e+00
   2.3343743e+01   1.4373380e+01   0.0000000e+00
   2.3347050e+01   1.4371811e+01   0.0000000e+00
   2.3350358e+01   1.4370241e+01   0.0000000e+00
   2.3353667e+01   1.4368670e+01   0.0000000e+00
   2.3356976e+01   1.4367099e+01   0.0000000e+00
   2.3360286e+01   1.4365527e+01   0.0000000e+00
   2.3363597e+01   1.4363955e+01   0.0000000e+00
   2.3366908e+01   1.4362383e+01   0.0000000e+00
   2.3370220e+01   1.4360809e+01   0.0000000e+00
   2.3373533e+01   1.4359236e+01   0.0000000e+00
   2.3376846e+01   1.4357661e+01   0.0000000e+00
   2.3380160e+01   1.4356087e+01   0.0000000e+00
   2.3383474e+01   1.4354511e+01   0.0000000e+00
   2.3386790e+01   1.4352936e+01   0.0000000e+00
   2.3390106e+01   1.4351359e+01   0.0000000e+00
   2.3393422e+01   1.4349782e+01   0.0000000e+00
   2.3396739e+01   1.4348205e+01   0.0000000e+00
   2.3400057e+01   1.4346627e+01   0.0000000e+00
   2.3403376e+01   1.4345049e+01   0.0000000e+00
   2.3406695e+01   1.4343470e+01   0.0000000e+00
   2.3410015e+01   1.4341890e+01   0.0000000e+00
   2.3413336e+01   1.4340310e+01   0.0000000e+00
   2.3416657e+01   1.4338730e+01   0.0000000e+00
   2.3419979e+01   1.4337148e+01   0.0000000e+00
   2.3423302e+01   1.4335567e+01   0.0000000e+00
   2.3426625e+01   1.4333985e+01   0.0000000e+00
   2.3429949e+01   1.4332402e+01   0.0000000e+00
   2.3433274e+01   1.4330819e+01   0.0000000e+00
   2.3436599e+01   1.4329235e+01   0.0000000e+00
   2.3439925e+01   1.4327651e+01   0.0000000e+00
   2.3443252e+01   1.4326066e+01   0.0000000e+00
   2.3446579e+01   1.4324480e+01   0.0000000e+00
   2.3449907e+01   1.4322894e+01   0.0000000e+00
   2.3453236e+01   1.4321308e+01   0.0000000e+00
   2.3456565e+01   1.4319721e+01   0.0000000e+00
   2.3459895e+01   1.4318134e+01   0.0000000e+00
   2.3463226e+01   1.4316545e+01   0.0000000e+00
   2.3466557e+01   1.4314957e+01   0.0000000e+00
   2.3469890e+01   1.4313368e+01   0.0000000e+00
   2.3473222e+01   1.4311778e+01   0.0000000e+00
   2.3476556e+01   1.4310188e+01   0.0000000e+00
   2.3479890e+01   1.4308597e+01   0.0000000e+00
   2.3483225e+01   1.4307006e+01   0.0000000e+00
   2.3486560e+01   1.4305414e+01   0.0000000e+00
   2.3489897e+01   1.4303822e+01   0.0000000e+00
   2.3493233e+01   1.4302229e+01   0.0000000e+00
   2.3496571e+01   1.4300635e+01   0.0000000e+00
   2.3499909e+01   1.4299042e+01   0.0000000e+00
   2.3503248e+01   1.4297447e+01   0.0000000e+00
   2.3506588e+01   1.4295852e+01   0.0000000e+00
   2.3509928e+01   1.4294256e+01   0.0000000e+00
   2.3513269e+01   1.4292660e+01   0.0000000e+00
   2.3516611e+01   1.4291064e+01   0.0000000e+00
   2.3519953e+01   1.4289466e+01   0.0000000e+00
   2.3523296e+01   1.4287869e+01   0.0000000e+00
   2.3526640e+01   1.4286270e+01   0.0000000e+00
   2.3529984e+01   1.4284672e+01   0.0000000e+00
   2.3533329e+01   1.4283072e+01   0.0000000e+00
   2.3536675e+01   1.4281472e+01   0.0000000e+00
   2.3540022e+01   1.4279872e+01   0.0000000e+00
   2.3543369e+01   1.4278271e+01   0.0000000e+00
   2.3546717e+01   1.4276669e+01   0.0000000e+00
   2.3550065e+01   1.4275067e+01   0.0000000e+00
   2.3553414e+01   1.4273464e+01   0.0000000e+00
   2.3556764e+01   1.4271861e+01   0.0000000e+00
   2.3560115e+01   1.4270258e+01   0.0000000e+00
   2.3563466e+01   1.4268653e+01   0.0000000e+00
   2.3566818e+01   1.4267048e+01   0.0000000e+00
   2.3570171e+01   1.4265443e+01   0.0000000e+00
   2.3573524e+01   1.4263837e+01   0.0000000e+00
   2.3576878e+01   1.4262231e+01   0.0000000e+00
   2.3580233e+01   1.4260624e+01   0.0000000e+00
   2.3583589e+01   1.4259016e+01   0.0000000e+00
   2.3586945e+01   1.4257408e+01   0.0000000e+00
   2.3590302e+01   1.4255799e+01   0.0000000e+00
   2.3593659e+01   1.4254190e+01   0.0000000e+00
   2.3597017e+01   1.4252580e+01   0.0000000e+00
   2.3600376e+01   1.4250970e+01   0.0000000e+00
   2.3603736e+01   1.4249359e+01   0.0000000e+00
   2.3607096e+01   1.4247748e+01   0.0000000e+00
   2.3610457e+01   1.4246136e+01   0.0000000e+00
   2.3613819e+01   1.4244523e+01   0.0000000e+00
   2.3617182e+01   1.4242910e+01   0.0000000e+00
   2.3620545e+01   1.4241297e+01   0.0000000e+00
   2.3623909e+01   1.4239682e+01   0.0000000e+00
   2.3627273e+01   1.4238068e+01   0.0000000e+00
   2.3630639e+01   1.4236452e+01   0.0000000e+00
   2.3634004e+01   1.4234837e+01   0.0000000e+00
   2.3637371e+01   1.4233220e+01   0.0000000e+00
   2.3640739e+01   1.4231603e+01   0.0000000e+00
   2.3644107e+01   1.4229986e+01   0.0000000e+00
   2.3647475e+01   1.4228368e+01   0.0000000e+00
   2.3650845e+01   1.4226749e+01   0.0000000e+00
   2.3654215e+01   1.4225130e+01   0.0000000e+00
   2.3657586e+01   1.4223510e+01   0.0000000e+00
   2.3660958e+01   1.4221890e+01   0.0000000e+00
   2.3664330e+01   1.4220269e+01   0.0000000e+00
   2.3667703e+01   1.4218648e+01   0.0000000e+00
   2.3671077e+01   1.4217026e+01   0.0000000e+00
   2.3674451e+01   1.4215403e+01   0.0000000e+00
   2.3677826e+01   1.4213780e+01   0.0000000e+00
   2.3681202e+01   1.4212157e+01   0.0000000e+00
   2.3684579e+01   1.4210532e+01   0.0000000e+00
   2.3687956e+01   1.4208908e+01   0.0000000e+00
   2.3691334e+01   1.4207282e+01   0.0000000e+00
   2.3694712e+01   1.4205656e+01   0.0000000e+00
   2.3698092e+01   1.4204030e+01   0.0000000e+00
   2.3701472e+01   1.4202403e+01   0.0000000e+00
   2.3704853e+01   1.4200775e+01   0.0000000e+00
   2.3708234e+01   1.4199147e+01   0.0000000e+00
   2.3711617e+01   1.4197519e+01   0.0000000e+00
   2.3715000e+01   1.4195889e+01   0.0000000e+00
   2.3718383e+01   1.4194260e+01   0.0000000e+00
   2.3721768e+01   1.4192629e+01   0.0000000e+00
   2.3725153e+01   1.4190998e+01   0.0000000e+00
   2.3728539e+01   1.4189367e+01   0.0000000e+00
   2.3731925e+01   1.4187735e+01   0.0000000e+00
   2.3735312e+01   1.4186102e+01   0.0000000e+00
   2.3738700e+01   1.4184469e+01   0.0000000e+00
   2.3742089e+01   1.4182835e+01   0.0000000e+00
   2.3745478e+01   1.4181201e+01   0.0000000e+00
   2.3748869e+01   1.4179566e+01   0.0000000e+00
   2.3752259e+01   1.4177931e+01   0.0000000e+00
   2.3755651e+01   1.4176295e+01   0.0000000e+00
   2.3759043e+01   1.4174658e+01   0.0000000e+00
   2.3762436e+01   1.4173021e+01   0.0000000e+00
   2.3765830e+01   1.4171383e+01   0.0000000e+00
   2.3769225e+01   1.4169745e+01   0.0000000e+00
   2.3772620e+01   1.4168106e+01   0.0000000e+00
   2.3776016e+01   1.4166467e+01   0.0000000e+00
   2.3779412e+01   1.4164827e+01   0.0000000e+00
   2.3782810e+01   1.4163186e+01   0.0000000e+00
   2.3786208e+01   1.4161545e+01   0.0000000e+00
   2.3789606e+01   1.4159903e+01   0.0000000e+00
   2.3793006e+01   1.4158261e+01   0.0000000e+00
   2.3796406e+01   1.4156618e+01   0.0000000e+00
   2.3799807e+01   1.4154975e+01   0.0000000e+00
   2.3803209e+01   1.4153331e+01   0.0000000e+00
   2.3806611e+01   1.4151686e+01   0.0000000e+00
   2.3810015e+01   1.4150041e+01   0.0000000e+00
   2.3813418e+01   1.4148395e+01   0.0000000e+00
   2.3816823e+01   1.4146749e+01   0.0000000e+00
   2.3820228e+01   1.4145102e+01   0.0000000e+00
   2.3823635e+01   1.4143455e+01   0.0000000e+00
   2.3827041e+01   1.4141807e+01   0.0000000e+00
   2.3830449e+01   1.4140158e+01   0.0000000e+00
   2.3833857e+01   1.4138509e+01   0.0000000e+00
   2.3837266e+01   1.4136859e+01   0.0000000e+00
   2.3840676e+01   1.4135209e+01   0.0000000e+00
   2.3844086e+01   1.4133558e+01   0.0000000e+00
   2.3847498e+01   1.4131906e+01   0.0000000e+00
   2.3850910e+01   1.4130254e+01   0.0000000e+00
   2.3854322e+01   1.4128602e+01   0.0000000e+00
   2.3857736e+01   1.4126949e+01   0.0000000e+00
   2.3861150e+01   1.4125295e+01   0.0000000e+00
   2.3864565e+01   1.4123640e+01   0.0000000e+00
   2.3867980e+01   1.4121985e+01   0.0000000e+00
   2.3871397e+01   1.4120330e+01   0.0000000e+00
   2.3874814e+01   1.4118674e+01   0.0000000e+00
   2.3878232e+01   1.4117017e+01   0.0000000e+00
   2.3881650e+01   1.4115360e+01   0.0000000e+00
   2.3885070e+01   1.4113702e+01   0.0000000e+00
   2.3888490e+01   1.4112044e+01   0.0000000e+00
   2.3891910e+01   1.4110384e+01   0.0000000e+00
   2.3895332e+01   1.4108725e+01   0.0000000e+00
   2.3898754e+01   1.4107065e+01   0.0000000e+00
   2.3902177e+01   1.4105404e+01   0.0000000e+00
   2.3905601e+01   1.4103743e+01   0.0000000e+00
   2.3909026e+01   1.4102081e+01   0.0000000e+00
   2.3912451e+01   1.4100418e+01   0.0000000e+00
   2.3915877e+01   1.4098755e+01   0.0000000e+00
   2.3919304e+01   1.4097091e+01   0.0000000e+00
   2.3922731e+01   1.4095427e+01   0.0000000e+00
   2.3926159e+01   1.4093762e+01   0.0000000e+00
   2.3929588e+01   1.4092097e+01   0.0000000e+00
   2.3933018e+01   1.4090431e+01   0.0000000e+00
   2.3936449e+01   1.4088764e+01   0.0000000e+00
   2.3939880e+01   1.4087097e+01   0.0000000e+00
   2.3943312e+01   1.4085429e+01   0.0000000e+00
   2.3946745e+01   1.4083761e+01   0.0000000e+00
   2.3950178e+01   1.4082092e+01   0.0000000e+00
   2.3953612e+01   1.4080422e+01   0.0000000e+00
   2.3957047e+01   1.4078752e+01   0.0000000e+00
   2.3960483e+01   1.4077081e+01   0.0000000e+00
   2.3963919e+01   1.4075410e+01   0.0000000e+00
   2.3967357e+01   1.4073738e+01   0.0000000e+00
   2.3970795e+01   1.4072065e+01   0.0000000e+00
   2.3974233e+01   1.4070392e+01   0.0000000e+00
   2.3977673e+01   1.4068719e+01   0.0000000e+00
   2.3981113e+01   1.4067044e+01   0.0000000e+00
   2.3984554e+01   1.4065369e+01   0.0000000e+00
   2.3987996e+01   1.4063694e+01   0.0000000e+00
   2.3991438e+01   1.4062018e+01   0.0000000e+00
   2.3994882e+01   1.4060341e+01   0.0000000e+00
   2.3998326e+01   1.4058664e+01   0.0000000e+00
   2.4001771e+01   1.4056986e+01   0.0000000e+00
   2.4005216e+01   1.4055307e+01   0.0000000e+00
   2.4008662e+01   1.4053628e+01   0.0000000e+00
   2.4012109e+01   1.4051949e+01   0.0000000e+00
   2.4015557e+01   1.4050268e+01   0.0000000e+00
   2.4019006e+01   1.4048588e+01   0.0000000e+00
   2.4022455e+01   1.4046906e+01   0.0000000e+00
   2.4025905e+01   1.4045224e+01   0.0000000e+00
   2.4029356e+01   1.4043541e+01   0.0000000e+00
   2.4032808e+01   1.4041858e+01   0.0000000e+00
   2.4036260e+01   1.4040174e+01   0.0000000e+00
   2.4039713e+01   1.4038490e+01   0.0000000e+00
   2.4043167e+01   1.4036805e+01   0.0000000e+00
   2.4046622e+01   1.4035119e+01   0.0000000e+00
   2.4050077e+01   1.4033433e+01   0.0000000e+00
   2.4053534e+01   1.4031746e+01   0.0000000e+00
   2.4056991e+01   1.4030059e+01   0.0000000e+00
   2.4060448e+01   1.4028371e+01   0.0000000e+00
   2.4063907e+01   1.4026682e+01   0.0000000e+00
   2.4067366e+01   1.4024993e+01   0.0000000e+00
   2.4070826e+01   1.4023303e+01   0.0000000e+00
   2.4074287e+01   1.4021612e+01   0.0000000e+00
   2.4077749e+01   1.4019921e+01   0.0000000e+00
   2.4081211e+01   1.4018230e+01   0.0000000e+00
   2.4084674e+01   1.4016537e+01   0.0000000e+00
   2.4088138e+01   1.4014844e+01   0.0000000e+00
   2.4091603e+01   1.4013151e+01   0.0000000e+00
   2.4095068e+01   1.4011457e+01   0.0000000e+00
   2.4098534e+01   1.4009762e+01   0.0000000e+00
   2.4102001e+01   1.4008067e+01   0.0000000e+00
   2.4105469e+01   1.4006371e+01   0.0000000e+00
   2.4108938e+01   1.4004674e+01   0.0000000e+00
   2.4112407e+01   1.4002977e+01   0.0000000e+00
   2.4115877e+01   1.4001279e+01   0.0000000e+00
   2.4119348e+01   1.3999581e+01   0.0000000e+00
   2.4122820e+01   1.3997882e+01   0.0000000e+00
   2.4126292e+01   1.3996182e+01   0.0000000e+00
   2.4129765e+01   1.3994482e+01   0.0000000e+00
   2.4133239e+01   1.3992781e+01   0.0000000e+00
   2.4136714e+01   1.3991080e+01   0.0000000e+00
   2.4140190e+01   1.3989378e+01   0.0000000e+00
   2.4143666e+01   1.3987675e+01   0.0000000e+00
   2.4147143e+01   1.3985972e+01   0.0000000e+00
   2.4150621e+01   1.3984268e+01   0.0000000e+00
   2.4154100e+01   1.3982564e+01   0.0000000e+00
   2.4157579e+01   1.3980859e+01   0.0000000e+00
   2.4161059e+01   1.3979153e+01   0.0000000e+00
   2.4164540e+01   1.3977447e+01   0.0000000e+00
   2.4168022e+01   1.3975740e+01   0.0000000e+00
   2.4171505e+01   1.3974032e+01   0.0000000e+00
   2.4174988e+01   1.3972324e+01   0.0000000e+00
   2.4178472e+01   1.3970615e+01   0.0000000e+00
   2.4181957e+01   1.3968906e+01   0.0000000e+00
   2.4185443e+01   1.3967196e+01   0.0000000e+00
   2.4188930e+01   1.3965485e+01   0.0000000e+00
   2.4192417e+01   1.3963774e+01   0.0000000e+00
   2.4195905e+01   1.3962062e+01   0.0000000e+00
   2.4199394e+01   1.3960349e+01   0.0000000e+00
   2.4202884e+01   1.3958636e+01   0.0000000e+00
   2.4206374e+01   1.3956923e+01   0.0000000e+00
   2.4209865e+01   1.3955208e+01   0.0000000e+00
   2.4213357e+01   1.3953493e+01   0.0000000e+00
   2.4216850e+01   1.3951778e+01   0.0000000e+00
   2.4220344e+01   1.3950061e+01   0.0000000e+00
   2.4223838e+01   1.3948345e+01   0.0000000e+00
   2.4227334e+01   1.3946627e+01   0.0000000e+00
   2.4230830e+01   1.3944909e+01   0.0000000e+00
   2.4234326e+01   1.3943190e+01   0.0000000e+00
   2.4237824e+01   1.3941471e+01   0.0000000e+00
   2.4241322e+01   1.3939751e+01   0.0000000e+00
   2.4244822e+01   1.3938030e+01   0.0000000e+00
   2.4248322e+01   1.3936309e+01   0.0000000e+00
   2.4251823e+01   1.3934587e+01   0.0000000e+00
   2.4255324e+01   1.3932865e+01   0.0000000e+00
   2.4258827e+01   1.3931142e+01   0.0000000e+00
   2.4262330e+01   1.3929418e+01   0.0000000e+00
   2.4265834e+01   1.3927694e+01   0.0000000e+00
   2.4269339e+01   1.3925969e+01   0.0000000e+00
   2.4272844e+01   1.3924243e+01   0.0000000e+00
   2.4276351e+01   1.3922517e+01   0.0000000e+00
   2.4279858e+01   1.3920790e+01   0.0000000e+00
   2.4283366e+01   1.3919062e+01   0.0000000e+00
   2.4286875e+01   1.3917334e+01   0.0000000e+00
   2.4290384e+01   1.3915606e+01   0.0000000e+00
   2.4293895e+01   1.3913876e+01   0.0000000e+00
   2.4297406e+01   1.3912146e+01   0.0000000e+00
   2.4300918e+01   1.3910415e+01   0.0000000e+00
   2.4304431e+01   1.3908684e+01   0.0000000e+00
   2.4307944e+01   1.3906952e+01   0.0000000e+00
   2.4311459e+01   1.3905220e+01   0.0000000e+00
   2.4314974e+01   1.3903486e+01   0.0000000e+00
   2.4318490e+01   1.3901753e+01   0.0000000e+00
   2.4322007e+01   1.3900018e+01   0.0000000e+00
   2.4325525e+01   1.3898283e+01   0.0000000e+00
   2.4329043e+01   1.3896547e+01   0.0000000e+00
   2.4332563e+01   1.3894811e+01   0.0000000e+00
   2.4336083e+01   1.3893074e+01   0.0000000e+00
   2.4339604e+01   1.3891336e+01   0.0000000e+00
   2.4343126e+01   1.3889598e+01   0.0000000e+00
   2.4346648e+01   1.3887859e+01   0.0000000e+00
   2.4350171e+01   1.3886120e+01   0.0000000e+00
   2.4353696e+01   1.3884379e+01   0.0000000e+00
   2.4357221e+01   1.3882639e+01   0.0000000e+00
   2.4360747e+01   1.3880897e+01   0.0000000e+00
   2.4364273e+01   1.3879155e+01   0.0000000e+00
   2.4367801e+01   1.3877412e+01   0.0000000e+00
   2.4371329e+01   1.3875669e+01   0.0000000e+00
   2.4374858e+01   1.3873925e+01   0.0000000e+00
   2.4378388e+01   1.3872180e+01   0.0000000e+00
   2.4381919e+01   1.3870435e+01   0.0000000e+00
   2.4385450e+01   1.3868689e+01   0.0000000e+00
   2.4388983e+01   1.3866942e+01   0.0000000e+00
   2.4392516e+01   1.3865195e+01   0.0000000e+00
   2.4396050e+01   1.3863447e+01   0.0000000e+00
   2.4399585e+01   1.3861699e+01   0.0000000e+00
   2.4403121e+01   1.3859949e+01   0.0000000e+00
   2.4406657e+01   1.3858200e+01   0.0000000e+00
   2.4410194e+01   1.3856449e+01   0.0000000e+00
   2.4413733e+01   1.3854698e+01   0.0000000e+00
   2.4417271e+01   1.3852946e+01   0.0000000e+00
   2.4420811e+01   1.3851194e+01   0.0000000e+00
   2.4424352e+01   1.3849441e+01   0.0000000e+00
   2.4427893e+01   1.3847687e+01   0.0000000e+00
   2.4431436e+01   1.3845933e+01   0.0000000e+00
   2.4434979e+01   1.3844178e+01   0.0000000e+00
   2.4438523e+01   1.3842422e+01   0.0000000e+00
   2.4442068e+01   1.3840666e+01   0.0000000e+00
   2.4445613e+01   1.3838909e+01   0.0000000e+00
   2.4449160e+01   1.3837151e+01   0.0000000e+00
   2.4452707e+01   1.3835393e+01   0.0000000e+00
   2.4456255e+01   1.3833634e+01   0.0000000e+00
   2.4459804e+01   1.3831874e+01   0.0000000e+00
   2.4463354e+01   1.3830114e+01   0.0000000e+00
   2.4466904e+01   1.3828353e+01   0.0000000e+00
   2.4470456e+01   1.3826592e+01   0.0000000e+00
   2.4474008e+01   1.3824830e+01   0.0000000e+00
   2.4477561e+01   1.3823067e+01   0.0000000e+00
   2.4481115e+01   1.3821303e+01   0.0000000e+00
   2.4484670e+01   1.3819539e+01   0.0000000e+00
   2.4488226e+01   1.3817774e+01   0.0000000e+00
   2.4491782e+01   1.3816009e+01   0.0000000e+00
   2.4495339e+01   1.3814243e+01   0.0000000e+00
   2.4498897e+01   1.3812476e+01   0.0000000e+00
   2.4502456e+01   1.3810708e+01   0.0000000e+00
   2.4506016e+01   1.3808940e+01   0.0000000e+00
   2.4509577e+01   1.3807172e+01   0.0000000e+00
   2.4513139e+01   1.3805402e+01   0.0000000e+00
   2.4516701e+01   1.3803632e+01   0.0000000e+00
   2.4520264e+01   1.3801861e+01   0.0000000e+00
   2.4523828e+01   1.3800090e+01   0.0000000e+00
   2.4527393e+01   1.3798318e+01   0.0000000e+00
   2.4530959e+01   1.3796545e+01   0.0000000e+00
   2.4534525e+01   1.3794772e+01   0.0000000e+00
   2.4538093e+01   1.3792998e+01   0.0000000e+00
   2.4541661e+01   1.3791223e+01   0.0000000e+00
   2.4545230e+01   1.3789448e+01   0.0000000e+00
   2.4548800e+01   1.3787672e+01   0.0000000e+00
   2.4552371e+01   1.3785895e+01   0.0000000e+00
   2.4555943e+01   1.3784117e+01   0.0000000e+00
   2.4559515e+01   1.3782339e+01   0.0000000e+00
   2.4563089e+01   1.3780561e+01   0.0000000e+00
   2.4566663e+01   1.3778781e+01   0.0000000e+00
   2.4570238e+01   1.3777001e+01   0.0000000e+00
   2.4573814e+01   1.3775221e+01   0.0000000e+00
   2.4577391e+01   1.3773439e+01   0.0000000e+00
   2.4580968e+01   1.3771657e+01   0.0000000e+00
   2.4584547e+01   1.3769874e+01   0.0000000e+00
   2.4588126e+01   1.3768091e+01   0.0000000e+00
   2.4591706e+01   1.3766307e+01   0.0000000e+00
   2.4595287e+01   1.3764522e+01   0.0000000e+00
   2.4598869e+01   1.3762737e+01   0.0000000e+00
   2.4602452e+01   1.3760951e+01   0.0000000e+00
   2.4606036e+01   1.3759164e+01   0.0000000e+00
   2.4609620e+01   1.3757377e+01   0.0000000e+00
   2.4613206e+01   1.3755588e+01   0.0000000e+00
   2.4616792e+01   1.3753800e+01   0.0000000e+00
   2.4620379e+01   1.3752010e+01   0.0000000e+00
   2.4623967e+01   1.3750220e+01   0.0000000e+00
   2.4627556e+01   1.3748429e+01   0.0000000e+00
   2.4631146e+01   1.3746638e+01   0.0000000e+00
   2.4634736e+01   1.3744846e+01   0.0000000e+00
   2.4638328e+01   1.3743053e+01   0.0000000e+00
   2.4641920e+01   1.3741259e+01   0.0000000e+00
   2.4645513e+01   1.3739465e+01   0.0000000e+00
   2.4649107e+01   1.3737670e+01   0.0000000e+00
   2.4652702e+01   1.3735875e+01   0.0000000e+00
   2.4656298e+01   1.3734079e+01   0.0000000e+00
   2.4659894e+01   1.3732282e+01   0.0000000e+00
   2.4663492e+01   1.3730484e+01   0.0000000e+00
   2.4667090e+01   1.3728686e+01   0.0000000e+00
   2.4670689e+01   1.3726887e+01   0.0000000e+00
   2.4674289e+01   1.3725087e+01   0.0000000e+00
   2.4677890e+01   1.3723287e+01   0.0000000e+00
   2.4681492e+01   1.3721486e+01   0.0000000e+00
   2.4685095e+01   1.3719684e+01   0.0000000e+00
   2.4688699e+01   1.3717882e+01   0.0000000e+00
   2.4692303e+01   1.3716079e+01   0.0000000e+00
   2.4695908e+01   1.3714275e+01   0.0000000e+00
   2.4699515e+01   1.3712471e+01   0.0000000e+00
   2.4703122e+01   1.3710666e+01   0.0000000e+00
   2.4706730e+01   1.3708860e+01   0.0000000e+00
   2.4710338e+01   1.3707054e+01   0.0000000e+00
   2.4713948e+01   1.3705247e+01   0.0000000e+00
   2.4717559e+01   1.3703439e+01   0.0000000e+00
   2.4721170e+01   1.3701630e+01   0.0000000e+00
   2.4724783e+01   1.3699821e+01   0.0000000e+00
   2.4728396e+01   1.3698011e+01   0.0000000e+00
   2.4732010e+01   1.3696200e+01   0.0000000e+00
   2.4735625e+01   1.3694389e+01   0.0000000e+00
   2.4739241e+01   1.3692577e+01   0.0000000e+00
   2.4742858e+01   1.3690764e+01   0.0000000e+00
   2.4746475e+01   1.3688951e+01   0.0000000e+00
   2.4750094e+01   1.3687137e+01   0.0000000e+00
   2.4753713e+01   1.3685322e+01   0.0000000e+00
   2.4757334e+01   1.3683507e+01   0.0000000e+00
   2.4760955e+01   1.3681691e+01   0.0000000e+00
   2.4764577e+01   1.3679874e+01   0.0000000e+00
   2.4768200e+01   1.3678056e+01   0.0000000e+00
   2.4771824e+01   1.3676238e+01   0.0000000e+00
   2.4775449e+01   1.3674419e+01   0.0000000e+00
   2.4779074e+01   1.3672600e+01   0.0000000e+00
   2.4782701e+01   1.3670779e+01   0.0000000e+00
   2.4786328e+01   1.3668958e+01   0.0000000e+00
   2.4789957e+01   1.3667137e+01   0.0000000e+00
   2.4793586e+01   1.3665314e+01   0.0000000e+00
   2.4797216e+01   1.3663491e+01   0.0000000e+00
   2.4800847e+01   1.3661667e+01   0.0000000e+00
   2.4804479e+01   1.3659843e+01   0.0000000e+00
   2.4808112e+01   1.3658018e+01   0.0000000e+00
   2.4811746e+01   1.3656192e+01   0.0000000e+00
   2.4815380e+01   1.3654365e+01   0.0000000e+00
   2.4819016e+01   1.3652538e+01   0.0000000e+00
   2.4822652e+01   1.3650710e+01   0.0000000e+00
   2.4826289e+01   1.3648881e+01   0.0000000e+00
   2.4829928e+01   1.3647052e+01   0.0000000e+00
   2.4833567e+01   1.3645222e+01   0.0000000e+00
   2.4837207e+01   1.3643391e+01   0.0000000e+00
   2.4840848e+01   1.3641559e+01   0.0000000e+00
   2.4844490e+01   1.3639727e+01   0.0000000e+00
   2.4848132e+01   1.3637894e+01   0.0000000e+00
   2.4851776e+01   1.3636060e+01   0.0000000e+00
   2.4855420e+01   1.3634226e+01   0.0000000e+00
   2.4859066e+01   1.3632391e+01   0.0000000e+00
   2.4862712e+01   1.3630555e+01   0.0000000e+00
   2.4866359e+01   1.3628719e+01   0.0000000e+00
   2.4870008e+01   1.3626881e+01   0.0000000e+00
   2.4873657e+01   1.3625044e+01   0.0000000e+00
   2.4877307e+01   1.3623205e+01   0.0000000e+00
   2.4880958e+01   1.3621366e+01   0.0000000e+00
   2.4884609e+01   1.3619526e+01   0.0000000e+00
   2.4888262e+01   1.3617685e+01   0.0000000e+00
   2.4891916e+01   1.3615843e+01   0.0000000e+00
   2.4895570e+01   1.3614001e+01   0.0000000e+00
   2.4899226e+01   1.3612158e+01   0.0000000e+00
   2.4902882e+01   1.3610315e+01   0.0000000e+00
   2.4906539e+01   1.3608470e+01   0.0000000e+00
   2.4910198e+01   1.3606625e+01   0.0000000e+00
   2.4913857e+01   1.3604780e+01   0.0000000e+00
   2.4917517e+01   1.3602933e+01   0.0000000e+00
   2.4921178e+01   1.3601086e+01   0.0000000e+00
   2.4924839e+01   1.3599238e+01   0.0000000e+00
   2.4928502e+01   1.3597389e+01   0.0000000e+00
   2.4932166e+01   1.3595540e+01   0.0000000e+00
   2.4935831e+01   1.3593690e+01   0.0000000e+00
   2.4939496e+01   1.3591839e+01   0.0000000e+00
   2.4943163e+01   1.3589988e+01   0.0000000e+00
   2.4946830e+01   1.3588135e+01   0.0000000e+00
   2.4950498e+01   1.3586282e+01   0.0000000e+00
   2.4954168e+01   1.3584429e+01   0.0000000e+00
   2.4957838e+01   1.3582574e+01   0.0000000e+00
   2.4961509e+01   1.3580719e+01   0.0000000e+00
   2.4965181e+01   1.3578863e+01   0.0000000e+00
   2.4968854e+01   1.3577007e+01   0.0000000e+00
   2.4972528e+01   1.3575150e+01   0.0000000e+00
   2.4976202e+01   1.3573292e+01   0.0000000e+00
   2.4979878e+01   1.3571433e+01   0.0000000e+00
   2.4983555e+01   1.3569573e+01   0.0000000e+00
   2.4987232e+01   1.3567713e+01   0.0000000e+00
   2.4990911e+01   1.3565852e+01   0.0000000e+00
   2.4994590e+01   1.3563991e+01   0.0000000e+00
   2.4998271e+01   1.3562128e+01   0.0000000e+00
   2.5001952e+01   1.3560265e+01   0.0000000e+00
   2.5005634e+01   1.3558401e+01   0.0000000e+00
   2.5009318e+01   1.3556537e+01   0.0000000e+00
   2.5013002e+01   1.3554671e+01   0.0000000e+00
   2.5016687e+01   1.3552805e+01   0.0000000e+00
   2.5020373e+01   1.3550939e+01   0.0000000e+00
   2.5024060e+01   1.3549071e+01   0.0000000e+00
   2.5027748e+01   1.3547203e+01   0.0000000e+00
   2.5031436e+01   1.3545334e+01   0.0000000e+00
   2.5035126e+01   1.3543464e+01   0.0000000e+00
   2.5038817e+01   1.3541594e+01   0.0000000e+00
   2.5042508e+01   1.3539723e+01   0.0000000e+00
   2.5046201e+01   1.3537851e+01   0.0000000e+00
   2.5049895e+01   1.3535978e+01   0.0000000e+00
   2.5053589e+01   1.3534105e+01   0.0000000e+00
   2.5057284e+01   1.3532231e+01   0.0000000e+00
   2.5060981e+01   1.3530356e+01   0.0000000e+00
   2.5064678e+01   1.3528480e+01   0.0000000e+00
   2.5068376e+01   1.3526604e+01   0.0000000e+00
   2.5072076e+01   1.3524727e+01   0.0000000e+00
   2.5075776e+01   1.3522849e+01   0.0000000e+00
   2.5079477e+01   1.3520970e+01   0.0000000e+00
   2.5083179e+01   1.3519091e+01   0.0000000e+00
   2.5086882e+01   1.3517211e+01   0.0000000e+00
   2.5090586e+01   1.3515330e+01   0.0000000e+00
   2.5094291e+01   1.3513449e+01   0.0000000e+00
   2.5097997e+01   1.3511566e+01   0.0000000e+00
   2.5101703e+01   1.3509683e+01   0.0000000e+00
   2.5105411e+01   1.3507800e+01   0.0000000e+00
   2.5109120e+01   1.3505915e+01   0.0000000e+00
   2.5112830e+01   1.3504030e+01   0.0000000e+00
   2.5116540e+01   1.3502144e+01   0.0000000e+00
   2.5120252e+01   1.3500257e+01   0.0000000e+00
   2.5123964e+01   1.3498370e+01   0.0000000e+00
   2.5127678e+01   1.3496481e+01   0.0000000e+00
   2.5131392e+01   1.3494592e+01   0.0000000e+00
   2.5135108e+01   1.3492703e+01   0.0000000e+00
   2.5138824e+01   1.3490812e+01   0.0000000e+00
   2.5142541e+01   1.3488921e+01   0.0000000e+00
   2.5146260e+01   1.3487029e+01   0.0000000e+00
   2.5149979e+01   1.3485136e+01   0.0000000e+00
   2.5153699e+01   1.3483243e+01   0.0000000e+00
   2.5157420e+01   1.3481348e+01   0.0000000e+00
   2.5161143e+01   1.3479453e+01   0.0000000e+00
   2.5164866e+01   1.3477558e+01   0.0000000e+00
   2.5168590e+01   1.3475661e+01   0.0000000e+00
   2.5172315e+01   1.3473764e+01   0.0000000e+00
   2.5176041e+01   1.3471866e+01   0.0000000e+00
   2.5179768e+01   1.3469967e+01   0.0000000e+00
   2.5183496e+01   1.3468067e+01   0.0000000e+00
   2.5187225e+01   1.3466167e+01   0.0000000e+00
   2.5190955e+01   1.3464266e+01   0.0000000e+00
   2.5194686e+01   1.3462364e+01   0.0000000e+00
   2.5198418e+01   1.3460462e+01   0.0000000e+00
   2.5202150e+01   1.3458558e+01   0.0000000e+00
   2.5205884e+01   1.3456654e+01   0.0000000e+00
   2.5209619e+01   1.3454749e+01   0.0000000e+00
   2.5213355e+01   1.3452844e+01   0.0000000e+00
   2.5217092e+01   1.3450937e+01   0.0000000e+00
   2.5220829e+01   1.3449030e+01   0.0000000e+00
   2.5224568e+01   1.3447122e+01   0.0000000e+00
   2.5228308e+01   1.3445214e+01   0.0000000e+00
   2.5232048e+01   1.3443304e+01   0.0000000e+00
   2.5235790e+01   1.3441394e+01   0.0000000e+00
   2.5239533e+01   1.3439483e+01   0.0000000e+00
   2.5243276e+01   1.3437571e+01   0.0000000e+00
   2.5247021e+01   1.3435659e+01   0.0000000e+00
   2.5250766e+01   1.3433745e+01   0.0000000e+00
   2.5254513e+01   1.3431831e+01   0.0000000e+00
   2.5258260e+01   1.3429917e+01   0.0000000e+00
   2.5262009e+01   1.3428001e+01   0.0000000e+00
   2.5265758e+01   1.3426085e+01   0.0000000e+00
   2.5269509e+01   1.3424168e+01   0.0000000e+00
   2.5273260e+01   1.3422250e+01   0.0000000e+00
   2.5277013e+01   1.3420331e+01   0.0000000e+00
   2.5280766e+01   1.3418412e+01   0.0000000e+00
   2.5284521e+01   1.3416491e+01   0.0000000e+00
   2.5288276e+01   1.3414570e+01   0.0000000e+00
   2.5292033e+01   1.3412649e+01   0.0000000e+00
   2.5295790e+01   1.3410726e+01   0.0000000e+00
   2.5299549e+01   1.3408803e+01   0.0000000e+00
   2.5303308e+01   1.3406879e+01   0.0000000e+00
   2.5307068e+01   1.3404954e+01   0.0000000e+00
   2.5310830e+01   1.3403028e+01   0.0000000e+00
   2.5314592e+01   1.3401102e+01   0.0000000e+00
   2.5318356e+01   1.3399174e+01   0.0000000e+00
   2.5322120e+01   1.3397246e+01   0.0000000e+00
   2.5325886e+01   1.3395318e+01   0.0000000e+00
   2.5329652e+01   1.3393388e+01   0.0000000e+00
   2.5333419e+01   1.3391458e+01   0.0000000e+00
   2.5337188e+01   1.3389527e+01   0.0000000e+00
   2.5340957e+01   1.3387595e+01   0.0000000e+00
   2.5344728e+01   1.3385662e+01   0.0000000e+00
   2.5348499e+01   1.3383729e+01   0.0000000e+00
   2.5352272e+01   1.3381794e+01   0.0000000e+00
   2.5356045e+01   1.3379859e+01   0.0000000e+00
   2.5359819e+01   1.3377923e+01   0.0000000e+00
   2.5363595e+01   1.3375987e+01   0.0000000e+00
   2.5367371e+01   1.3374049e+01   0.0000000e+00
   2.5371149e+01   1.3372111e+01   0.0000000e+00
   2.5374927e+01   1.3370172e+01   0.0000000e+00
   2.5378707e+01   1.3368233e+01   0.0000000e+00
   2.5382487e+01   1.3366292e+01   0.0000000e+00
   2.5386269e+01   1.3364351e+01   0.0000000e+00
   2.5390051e+01   1.3362409e+01   0.0000000e+00
   2.5393835e+01   1.3360466e+01   0.0000000e+00
   2.5397620e+01   1.3358522e+01   0.0000000e+00
   2.5401405e+01   1.3356577e+01   0.0000000e+00
   2.5405192e+01   1.3354632e+01   0.0000000e+00
   2.5408979e+01   1.3352686e+01   0.0000000e+00
   2.5412768e+01   1.3350739e+01   0.0000000e+00
   2.5416558e+01   1.3348791e+01   0.0000000e+00
   2.5420348e+01   1.3346843e+01   0.0000000e+00
   2.5424140e+01   1.3344894e+01   0.0000000e+00
   2.5427933e+01   1.3342944e+01   0.0000000e+00
   2.5431726e+01   1.3340993e+01   0.0000000e+00
   2.5435521e+01   1.3339041e+01   0.0000000e+00
   2.5439317e+01   1.3337089e+01   0.0000000e+00
   2.5443114e+01   1.3335135e+01   0.0000000e+00
   2.5446912e+01   1.3333181e+01   0.0000000e+00
   2.5450711e+01   1.3331226e+01   0.0000000e+00
   2.5454510e+01   1.3329271e+01   0.0000000e+00
   2.5458311e+01   1.3327314e+01   0.0000000e+00
   2.5462113e+01   1.3325357e+01   0.0000000e+00
   2.5465916e+01   1.3323399e+01   0.0000000e+00
   2.5469720e+01   1.3321440e+01   0.0000000e+00
   2.5473525e+01   1.3319480e+01   0.0000000e+00
   2.5477331e+01   1.3317520e+01   0.0000000e+00
   2.5481139e+01   1.3315558e+01   0.0000000e+00
   2.5484947e+01   1.3313596e+01   0.0000000e+00
   2.5488756e+01   1.3311633e+01   0.0000000e+00
   2.5492566e+01   1.3309670e+01   0.0000000e+00
   2.5496377e+01   1.3307705e+01   0.0000000e+00
   2.5500190e+01   1.3305740e+01   0.0000000e+00
   2.5504003e+01   1.3303774e+01   0.0000000e+00
   2.5507817e+01   1.3301807e+01   0.0000000e+00
   2.5511633e+01   1.3299839e+01   0.0000000e+00
   2.5515449e+01   1.3297870e+01   0.0000000e+00
   2.5519267e+01   1.3295901e+01   0.0000000e+00
   2.5523085e+01   1.3293931e+01   0.0000000e+00
   2.5526905e+01   1.3291960e+01   0.0000000e+00
   2.5530725e+01   1.3289988e+01   0.0000000e+00
   2.5534547e+01   1.3288015e+01   0.0000000e+00
   2.5538370e+01   1.3286042e+01   0.0000000e+00
   2.5542194e+01   1.3284067e+01   0.0000000e+00
   2.5546018e+01   1.3282092e+01   0.0000000e+00
   2.5549844e+01   1.3280116e+01   0.0000000e+00
   2.5553671e+01   1.3278139e+01   0.0000000e+00
   2.5557499e+01   1.3276162e+01   0.0000000e+00
   2.5561328e+01   1.3274184e+01   0.0000000e+00
   2.5565158e+01   1.3272204e+01   0.0000000e+00
   2.5568989e+01   1.3270224e+01   0.0000000e+00
   2.5572821e+01   1.3268243e+01   0.0000000e+00
   2.5576655e+01   1.3266262e+01   0.0000000e+00
   2.5580489e+01   1.3264279e+01   0.0000000e+00
   2.5584324e+01   1.3262296e+01   0.0000000e+00
   2.5588161e+01   1.3260312e+01   0.0000000e+00
   2.5591998e+01   1.3258327e+01   0.0000000e+00
   2.5595837e+01   1.3256341e+01   0.0000000e+00
   2.5599676e+01   1.3254354e+01   0.0000000e+00
   2.5603517e+01   1.3252367e+01   0.0000000e+00
   2.5607359e+01   1.3250379e+01   0.0000000e+00
   2.5611201e+01   1.3248390e+01   0.0000000e+00
   2.5615045e+01   1.3246400e+01   0.0000000e+00
   2.5618890e+01   1.3244409e+01   0.0000000e+00
   2.5622736e+01   1.3242417e+01   0.0000000e+00
   2.5626583e+01   1.3240425e+01   0.0000000e+00
   2.5630431e+01   1.3238431e+01   0.0000000e+00
   2.5634280e+01   1.3236437e+01   0.0000000e+00
   2.5638130e+01   1.3234442e+01   0.0000000e+00
   2.5641982e+01   1.3232447e+01   0.0000000e+00
   2.5645834e+01   1.3230450e+01   0.0000000e+00
   2.5649687e+01   1.3228453e+01   0.0000000e+00
   2.5653542e+01   1.3226454e+01   0.0000000e+00
   2.5657398e+01   1.3224455e+01   0.0000000e+00
   2.5661254e+01   1.3222455e+01   0.0000000e+00
   2.5665112e+01   1.3220455e+01   0.0000000e+00
   2.5668971e+01   1.3218453e+01   0.0000000e+00
   2.5672831e+01   1.3216450e+01   0.0000000e+00
   2.5676692e+01   1.3214447e+01   0.0000000e+00
   2.5680554e+01   1.3212443e+01   0.0000000e+00
   2.5684417e+01   1.3210438e+01   0.0000000e+00
   2.5688281e+01   1.3208432e+01   0.0000000e+00
   2.5692146e+01   1.3206425e+01   0.0000000e+00
   2.5696013e+01   1.3204418e+01   0.0000000e+00
   2.5699880e+01   1.3202410e+01   0.0000000e+00
   2.5703748e+01   1.3200400e+01   0.0000000e+00
   2.5707618e+01   1.3198390e+01   0.0000000e+00
   2.5711489e+01   1.3196379e+01   0.0000000e+00
   2.5715361e+01   1.3194368e+01   0.0000000e+00
   2.5719233e+01   1.3192355e+01   0.0000000e+00
   2.5723107e+01   1.3190342e+01   0.0000000e+00
   2.5726982e+01   1.3188327e+01   0.0000000e+00
   2.5730859e+01   1.3186312e+01   0.0000000e+00
   2.5734736e+01   1.3184296e+01   0.0000000e+00
   2.5738614e+01   1.3182279e+01   0.0000000e+00
   2.5742493e+01   1.3180262e+01   0.0000000e+00
   2.5746374e+01   1.3178243e+01   0.0000000e+00
   2.5750256e+01   1.3176224e+01   0.0000000e+00
   2.5754138e+01   1.3174203e+01   0.0000000e+00
   2.5758022e+01   1.3172182e+01   0.0000000e+00
   2.5761907e+01   1.3170160e+01   0.0000000e+00
   2.5765793e+01   1.3168138e+01   0.0000000e+00
   2.5769680e+01   1.3166114e+01   0.0000000e+00
   2.5773568e+01   1.3164089e+01   0.0000000e+00
   2.5777457e+01   1.3162064e+01   0.0000000e+00
   2.5781348e+01   1.3160038e+01   0.0000000e+00
   2.5785239e+01   1.3158010e+01   0.0000000e+00
   2.5789132e+01   1.3155982e+01   0.0000000e+00
   2.5793026e+01   1.3153954e+01   0.0000000e+00
   2.5796920e+01   1.3151924e+01   0.0000000e+00
   2.5800816e+01   1.3149893e+01   0.0000000e+00
   2.5804713e+01   1.3147862e+01   0.0000000e+00
   2.5808612e+01   1.3145830e+01   0.0000000e+00
   2.5812511e+01   1.3143796e+01   0.0000000e+00
   2.5816411e+01   1.3141762e+01   0.0000000e+00
   2.5820313e+01   1.3139728e+01   0.0000000e+00
   2.5824215e+01   1.3137692e+01   0.0000000e+00
   2.5828119e+01   1.3135655e+01   0.0000000e+00
   2.5832024e+01   1.3133618e+01   0.0000000e+00
   2.5835930e+01   1.3131579e+01   0.0000000e+00
   2.5839837e+01   1.3129540e+01   0.0000000e+00
   2.5843745e+01   1.3127500e+01   0.0000000e+00
   2.5847654e+01   1.3125459e+01   0.0000000e+00
   2.5851564e+01   1.3123417e+01   0.0000000e+00
   2.5855476e+01   1.3121374e+01   0.0000000e+00
   2.5859388e+01   1.3119331e+01   0.0000000e+00
   2.5863302e+01   1.3117286e+01   0.0000000e+00
   2.5867217e+01   1.3115241e+01   0.0000000e+00
   2.5871133e+01   1.3113195e+01   0.0000000e+00
   2.5875050e+01   1.3111148e+01   0.0000000e+00
   2.5878968e+01   1.3109100e+01   0.0000000e+00
   2.5882888e+01   1.3107051e+01   0.0000000e+00
   2.5886808e+01   1.3105001e+01   0.0000000e+00
   2.5890730e+01   1.3102950e+01   0.0000000e+00
   2.5894653e+01   1.3100899e+01   0.0000000e+00
   2.5898577e+01   1.3098846e+01   0.0000000e+00
   2.5902502e+01   1.3096793e+01   0.0000000e+00
   2.5906428e+01   1.3094739e+01   0.0000000e+00
   2.5910355e+01   1.3092684e+01   0.0000000e+00
   2.5914283e+01   1.3090628e+01   0.0000000e+00
   2.5918213e+01   1.3088571e+01   0.0000000e+00
   2.5922144e+01   1.3086514e+01   0.0000000e+00
   2.5926075e+01   1.3084455e+01   0.0000000e+00
   2.5930008e+01   1.3082396e+01   0.0000000e+00
   2.5933943e+01   1.3080335e+01   0.0000000e+00
   2.5937878e+01   1.3078274e+01   0.0000000e+00
   2.5941814e+01   1.3076212e+01   0.0000000e+00
   2.5945752e+01   1.3074149e+01   0.0000000e+00
   2.5949690e+01   1.3072085e+01   0.0000000e+00
   2.5953630e+01   1.3070020e+01   0.0000000e+00
   2.5957571e+01   1.3067954e+01   0.0000000e+00
   2.5961513e+01   1.3065888e+01   0.0000000e+00
   2.5965456e+01   1.3063820e+01   0.0000000e+00
   2.5969401e+01   1.3061752e+01   0.0000000e+00
   2.5973346e+01   1.3059683e+01   0.0000000e+00
   2.5977293e+01   1.3057613e+01   0.0000000e+00
   2.5981241e+01   1.3055541e+01   0.0000000e+00
   2.5985190e+01   1.3053470e+01   0.0000000e+00
   2.5989140e+01   1.3051397e+01   0.0000000e+00
   2.5993091e+01   1.3049323e+01   0.0000000e+00
   2.5997044e+01   1.3047248e+01   0.0000000e+00
   2.6000997e+01   1.3045173e+01   0.0000000e+00
   2.6004952e+01   1.3043096e+01   0.0000000e+00
   2.6008908e+01   1.3041019e+01   0.0000000e+00
   2.6012865e+01   1.3038941e+01   0.0000000e+00
   2.6016823e+01   1.3036861e+01   0.0000000e+00
   2.6020783e+01   1.3034781e+01   0.0000000e+00
   2.6024743e+01   1.3032700e+01   0.0000000e+00
   2.6028705e+01   1.3030618e+01   0.0000000e+00
   2.6032668e+01   1.3028536e+01   0.0000000e+00
   2.6036632e+01   1.3026452e+01   0.0000000e+00
   2.6040597e+01   1.3024367e+01   0.0000000e+00
   2.6044564e+01   1.3022282e+01   0.0000000e+00
   2.6048531e+01   1.3020195e+01   0.0000000e+00
   2.6052500e+01   1.3018108e+01   0.0000000e+00
   2.6056470e+01   1.3016020e+01   0.0000000e+00
   2.6060441e+01   1.3013931e+01   0.0000000e+00
   2.6064413e+01   1.3011840e+01   0.0000000e+00
   2.6068386e+01   1.3009749e+01   0.0000000e+00
   2.6072361e+01   1.3007658e+01   0.0000000e+00
   2.6076337e+01   1.3005565e+01   0.0000000e+00
   2.6080314e+01   1.3003471e+01   0.0000000e+00
   2.6084292e+01   1.3001376e+01   0.0000000e+00
   2.6088271e+01   1.2999281e+01   0.0000000e+00
   2.6092251e+01   1.2997184e+01   0.0000000e+00
   2.6096233e+01   1.2995087e+01   0.0000000e+00
   2.6100216e+01   1.2992988e+01   0.0000000e+00
   2.6104200e+01   1.2990889e+01   0.0000000e+00
   2.6108185e+01   1.2988789e+01   0.0000000e+00
   2.6112171e+01   1.2986688e+01   0.0000000e+00
   2.6116159e+01   1.2984586e+01   0.0000000e+00
   2.6120148e+01   1.2982483e+01   0.0000000e+00
   2.6124138e+01   1.2980379e+01   0.0000000e+00
   2.6128129e+01   1.2978274e+01   0.0000000e+00
   2.6132121e+01   1.2976169e+01   0.0000000e+00
   2.6136115e+01   1.2974062e+01   0.0000000e+00
   2.6140109e+01   1.2971954e+01   0.0000000e+00
   2.6144105e+01   1.2969846e+01   0.0000000e+00
   2.6148102e+01   1.2967736e+01   0.0000000e+00
   2.6152100e+01   1.2965626e+01   0.0000000e+00
   2.6156100e+01   1.2963515e+01   0.0000000e+00
   2.6160101e+01   1.2961402e+01   0.0000000e+00
   2.6164102e+01   1.2959289e+01   0.0000000e+00
   2.6168105e+01   1.2957175e+01   0.0000000e+00
   2.6172110e+01   1.2955060e+01   0.0000000e+00
   2.6176115e+01   1.2952944e+01   0.0000000e+00
   2.6180122e+01   1.2950827e+01   0.0000000e+00
   2.6184130e+01   1.2948709e+01   0.0000000e+00
   2.6188139e+01   1.2946590e+01   0.0000000e+00
   2.6192149e+01   1.2944471e+01   0.0000000e+00
   2.6196160e+01   1.2942350e+01   0.0000000e+00
   2.6200173e+01   1.2940228e+01   0.0000000e+00
   2.6204187e+01   1.2938106e+01   0.0000000e+00
   2.6208202e+01   1.2935982e+01   0.0000000e+00
   2.6212218e+01   1.2933858e+01   0.0000000e+00
   2.6216236e+01   1.2931733e+01   0.0000000e+00
   2.6220255e+01   1.2929606e+01   0.0000000e+00
   2.6224274e+01   1.2927479e+01   0.0000000e+00
   2.6228296e+01   1.2925351e+01   0.0000000e+00
   2.6232318e+01   1.2923222e+01   0.0000000e+00
   2.6236342e+01   1.2921091e+01   0.0000000e+00
   2.6240366e+01   1.2918960e+01   0.0000000e+00
   2.6244392e+01   1.2916828e+01   0.0000000e+00
   2.6248420e+01   1.2914695e+01   0.0000000e+00
   2.6252448e+01   1.2912561e+01   0.0000000e+00
   2.6256478e+01   1.2910427e+01   0.0000000e+00
   2.6260509e+01   1.2908291e+01   0.0000000e+00
   2.6264541e+01   1.2906154e+01   0.0000000e+00
   2.6268574e+01   1.2904016e+01   0.0000000e+00
   2.6272609e+01   1.2901877e+01   0.0000000e+00
   2.6276644e+01   1.2899738e+01   0.0000000e+00
   2.6280681e+01   1.2897597e+01   0.0000000e+00
   2.6284720e+01   1.2895456e+01   0.0000000e+00
   2.6288759e+01   1.2893313e+01   0.0000000e+00
   2.6292800e+01   1.2891170e+01   0.0000000e+00
   2.6296842e+01   1.2889025e+01   0.0000000e+00
   2.6300885e+01   1.2886880e+01   0.0000000e+00
   2.6304929e+01   1.2884733e+01   0.0000000e+00
   2.6308975e+01   1.2882586e+01   0.0000000e+00
   2.6313022e+01   1.2880438e+01   0.0000000e+00
   2.6317070e+01   1.2878289e+01   0.0000000e+00
   2.6321119e+01   1.2876138e+01   0.0000000e+00
   2.6325170e+01   1.2873987e+01   0.0000000e+00
   2.6329222e+01   1.2871835e+01   0.0000000e+00
   2.6333275e+01   1.2869682e+01   0.0000000e+00
   2.6337329e+01   1.2867528e+01   0.0000000e+00
   2.6341385e+01   1.2865373e+01   0.0000000e+00
   2.6345442e+01   1.2863217e+01   0.0000000e+00
   2.6349500e+01   1.2861060e+01   0.0000000e+00
   2.6353559e+01   1.2858902e+01   0.0000000e+00
   2.6357619e+01   1.2856743e+01   0.0000000e+00
   2.6361681e+01   1.2854583e+01   0.0000000e+00
   2.6365744e+01   1.2852422e+01   0.0000000e+00
   2.6369809e+01   1.2850260e+01   0.0000000e+00
   2.6373874e+01   1.2848097e+01   0.0000000e+00
   2.6377941e+01   1.2845933e+01   0.0000000e+00
   2.6382009e+01   1.2843768e+01   0.0000000e+00
   2.6386078e+01   1.2841603e+01   0.0000000e+00
   2.6390149e+01   1.2839436e+01   0.0000000e+00
   2.6394221e+01   1.2837268e+01   0.0000000e+00
   2.6398294e+01   1.2835099e+01   0.0000000e+00
   2.6402368e+01   1.2832930e+01   0.0000000e+00
   2.6406444e+01   1.2830759e+01   0.0000000e+00
   2.6410521e+01   1.2828587e+01   0.0000000e+00
   2.6414599e+01   1.2826414e+01   0.0000000e+00
   2.6418678e+01   1.2824241e+01   0.0000000e+00
   2.6422759e+01   1.2822066e+01   0.0000000e+00
   2.6426841e+01   1.2819890e+01   0.0000000e+00
   2.6430924e+01   1.2817714e+01   0.0000000e+00
   2.6435009e+01   1.2815536e+01   0.0000000e+00
   2.6439094e+01   1.2813358e+01   0.0000000e+00
   2.6443181e+01   1.2811178e+01   0.0000000e+00
   2.6447270e+01   1.2808997e+01   0.0000000e+00
   2.6451359e+01   1.2806816e+01   0.0000000e+00
   2.6455450e+01   1.2804633e+01   0.0000000e+00
   2.6459542e+01   1.2802450e+01   0.0000000e+00
   2.6463636e+01   1.2800265e+01   0.0000000e+00
   2.6467730e+01   1.2798079e+01   0.0000000e+00
   2.6471826e+01   1.2795893e+01   0.0000000e+00
   2.6475924e+01   1.2793705e+01   0.0000000e+00
   2.6480022e+01   1.2791517e+01   0.0000000e+00
   2.6484122e+01   1.2789327e+01   0.0000000e+00
   2.6488223e+01   1.2787137e+01   0.0000000e+00
   2.6492326e+01   1.2784945e+01   0.0000000e+00
   2.6496429e+01   1.2782752e+01   0.0000000e+00
   2.6500534e+01   1.2780559e+01   0.0000000e+00
   2.6504640e+01   1.2778364e+01   0.0000000e+00
   2.6508748e+01   1.2776169e+01   0.0000000e+00
   2.6512857e+01   1.2773972e+01   0.0000000e+00
   2.6516967e+01   1.2771774e+01   0.0000000e+00
   2.6521078e+01   1.2769576e+01   0.0000000e+00
   2.6525191e+01   1.2767376e+01   0.0000000e+00
   2.6529305e+01   1.2765175e+01   0.0000000e+00
   2.6533420e+01   1.2762974e+01   0.0000000e+00
   2.6537537e+01   1.2760771e+01   0.0000000e+00
   2.6541655e+01   1.2758567e+01   0.0000000e+00
   2.6545774e+01   1.2756363e+01   0.0000000e+00
   2.6549895e+01   1.2754157e+01   0.0000000e+00
   2.6554016e+01   1.2751950e+01   0.0000000e+00
   2.6558140e+01   1.2749742e+01   0.0000000e+00
   2.6562264e+01   1.2747534e+01   0.0000000e+00
   2.6566390e+01   1.2745324e+01   0.0000000e+00
   2.6570517e+01   1.2743113e+01   0.0000000e+00
   2.6574645e+01   1.2740901e+01   0.0000000e+00
   2.6578775e+01   1.2738688e+01   0.0000000e+00
   2.6582906e+01   1.2736474e+01   0.0000000e+00
   2.6587038e+01   1.2734259e+01   0.0000000e+00
   2.6591172e+01   1.2732044e+01   0.0000000e+00
   2.6595307e+01   1.2729827e+01   0.0000000e+00
   2.6599443e+01   1.2727609e+01   0.0000000e+00
   2.6603580e+01   1.2725390e+01   0.0000000e+00
   2.6607719e+01   1.2723169e+01   0.0000000e+00
   2.6611859e+01   1.2720948e+01   0.0000000e+00
   2.6616001e+01   1.2718726e+01   0.0000000e+00
   2.6620144e+01   1.2716503e+01   0.0000000e+00
   2.6624288e+01   1.2714279e+01   0.0000000e+00
   2.6628433e+01   1.2712054e+01   0.0000000e+00
   2.6632580e+01   1.2709828e+01   0.0000000e+00
   2.6636728e+01   1.2707600e+01   0.0000000e+00
   2.6640878e+01   1.2705372e+01   0.0000000e+00
   2.6645029e+01   1.2703143e+01   0.0000000e+00
   2.6649181e+01   1.2700912e+01   0.0000000e+00
   2.6653334e+01   1.2698681e+01   0.0000000e+00
   2.6657489e+01   1.2696448e+01   0.0000000e+00
   2.6661645e+01   1.2694215e+01   0.0000000e+00
   2.6665803e+01   1.2691980e+01   0.0000000e+00
   2.6669962e+01   1.2689745e+01   0.0000000e+00
   2.6674122e+01   1.2687508e+01   0.0000000e+00
   2.6678283e+01   1.2685270e+01   0.0000000e+00
   2.6682446e+01   1.2683032e+01   0.0000000e+00
   2.6686610e+01   1.2680792e+01   0.0000000e+00
   2.6690776e+01   1.2678551e+01   0.0000000e+00
   2.6694942e+01   1.2676309e+01   0.0000000e+00
   2.6699111e+01   1.2674066e+01   0.0000000e+00
   2.6703280e+01   1.2671822e+01   0.0000000e+00
   2.6707451e+01   1.2669577e+01   0.0000000e+00
   2.6711623e+01   1.2667331e+01   0.0000000e+00
   2.6715797e+01   1.2665084e+01   0.0000000e+00
   2.6719972e+01   1.2662836e+01   0.0000000e+00
   2.6724148e+01   1.2660587e+01   0.0000000e+00
   2.6728326e+01   1.2658336e+01   0.0000000e+00
   2.6732505e+01   1.2656085e+01   0.0000000e+00
   2.6736685e+01   1.2653832e+01   0.0000000e+00
   2.6740867e+01   1.2651579e+01   0.0000000e+00
   2.6745050e+01   1.2649324e+01   0.0000000e+00
   2.6749235e+01   1.2647069e+01   0.0000000e+00
   2.6753420e+01   1.2644812e+01   0.0000000e+00
   2.6757608e+01   1.2642554e+01   0.0000000e+00
   2.6761796e+01   1.2640296e+01   0.0000000e+00
   2.6765986e+01   1.2638036e+01   0.0000000e+00
   2.6770177e+01   1.2635775e+01   0.0000000e+00
   2.6774370e+01   1.2633513e+01   0.0000000e+00
   2.6778564e+01   1.2631250e+01   0.0000000e+00
   2.6782759e+01   1.2628986e+01   0.0000000e+00
   2.6786956e+01   1.2626720e+01   0.0000000e+00
   2.6791154e+01   1.2624454e+01   0.0000000e+00
   2.6795354e+01   1.2622187e+01   0.0000000e+00
   2.6799555e+01   1.2619918e+01   0.0000000e+00
   2.6803757e+01   1.2617649e+01   0.0000000e+00
   2.6807960e+01   1.2615378e+01   0.0000000e+00
   2.6812165e+01   1.2613107e+01   0.0000000e+00
   2.6816372e+01   1.2610834e+01   0.0000000e+00
   2.6820580e+01   1.2608560e+01   0.0000000e+00
   2.6824789e+01   1.2606285e+01   0.0000000e+00
   2.6828999e+01   1.2604009e+01   0.0000000e+00
   2.6833211e+01   1.2601732e+01   0.0000000e+00
   2.6837425e+01   1.2599454e+01   0.0000000e+00
   2.6841639e+01   1.2597175e+01   0.0000000e+00
   2.6845855e+01   1.2594895e+01   0.0000000e+00
   2.6850073e+01   1.2592613e+01   0.0000000e+00
   2.6854292e+01   1.2590331e+01   0.0000000e+00
   2.6858512e+01   1.2588047e+01   0.0000000e+00
   2.6862734e+01   1.2585763e+01   0.0000000e+00
   2.6866957e+01   1.2583477e+01   0.0000000e+00
   2.6871181e+01   1.2581190e+01   0.0000000e+00
   2.6875407e+01   1.2578902e+01   0.0000000e+00
   2.6879634e+01   1.2576613e+01   0.0000000e+00
   2.6883863e+01   1.2574323e+01   0.0000000e+00
   2.6888093e+01   1.2572032e+01   0.0000000e+00
   2.6892325e+01   1.2569739e+01   0.0000000e+00
   2.6896558e+01   1.2567446e+01   0.0000000e+00
   2.6900792e+01   1.2565151e+01   0.0000000e+00
   2.6905028e+01   1.2562856e+01   0.0000000e+00
   2.6909265e+01   1.2560559e+01   0.0000000e+00
   2.6913503e+01   1.2558261e+01   0.0000000e+00
   2.6917743e+01   1.2555962e+01   0.0000000e+00
   2.6921985e+01   1.2553662e+01   0.0000000e+00
   2.6926227e+01   1.2551361e+01   0.0000000e+00
   2.6930471e+01   1.2549059e+01   0.0000000e+00
   2.6934717e+01   1.2546756e+01   0.0000000e+00
   2.6938964e+01   1.2544451e+01   0.0000000e+00
   2.6943213e+01   1.2542146e+01   0.0000000e+00
   2.6947462e+01   1.2539839e+01   0.0000000e+00
   2.6951714e+01   1.2537531e+01   0.0000000e+00
   2.6955966e+01   1.2535223e+01   0.0000000e+00
   2.6960221e+01   1.2532913e+01   0.0000000e+00
   2.6964476e+01   1.2530601e+01   0.0000000e+00
   2.6968733e+01   1.2528289e+01   0.0000000e+00
   2.6972992e+01   1.2525976e+01   0.0000000e+00
   2.6977251e+01   1.2523661e+01   0.0000000e+00
   2.6981513e+01   1.2521346e+01   0.0000000e+00
   2.6985775e+01   1.2519029e+01   0.0000000e+00
   2.6990040e+01   1.2516711e+01   0.0000000e+00
   2.6994305e+01   1.2514392e+01   0.0000000e+00
   2.6998572e+01   1.2512072e+01   0.0000000e+00
   2.7002841e+01   1.2509751e+01   0.0000000e+00
   2.7007111e+01   1.2507429e+01   0.0000000e+00
   2.7011382e+01   1.2505105e+01   0.0000000e+00
   2.7015655e+01   1.2502781e+01   0.0000000e+00
   2.7019929e+01   1.2500455e+01   0.0000000e+00
   2.7024205e+01   1.2498128e+01   0.0000000e+00
   2.7028482e+01   1.2495800e+01   0.0000000e+00
   2.7032761e+01   1.2493471e+01   0.0000000e+00
   2.7037041e+01   1.2491141e+01   0.0000000e+00
   2.7041322e+01   1.2488810e+01   0.0000000e+00
   2.7045605e+01   1.2486477e+01   0.0000000e+00
   2.7049889e+01   1.2484144e+01   0.0000000e+00
   2.7054175e+01   1.2481809e+01   0.0000000e+00
   2.7058463e+01   1.2479473e+01   0.0000000e+00
   2.7062751e+01   1.2477136e+01   0.0000000e+00
   2.7067042e+01   1.2474798e+01   0.0000000e+00
   2.7071333e+01   1.2472459e+01   0.0000000e+00
   2.7075627e+01   1.2470118e+01   0.0000000e+00
   2.7079921e+01   1.2467776e+01   0.0000000e+00
   2.7084217e+01   1.2465434e+01   0.0000000e+00
   2.7088515e+01   1.2463090e+01   0.0000000e+00
   2.7092814e+01   1.2460745e+01   0.0000000e+00
   2.7097114e+01   1.2458399e+01   0.0000000e+00
   2.7101416e+01   1.2456051e+01   0.0000000e+00
   2.7105720e+01   1.2453703e+01   0.0000000e+00
   2.7110025e+01   1.2451353e+01   0.0000000e+00
   2.7114331e+01   1.2449002e+01   0.0000000e+00
   2.7118639e+01   1.2446650e+01   0.0000000e+00
   2.7122948e+01   1.2444297e+01   0.0000000e+00
   2.7127259e+01   1.2441943e+01   0.0000000e+00
   2.7131572e+01   1.2439588e+01   0.0000000e+00
   2.7135885e+01   1.2437231e+01   0.0000000e+00
   2.7140201e+01   1.2434873e+01   0.0000000e+00
   2.7144517e+01   1.2432514e+01   0.0000000e+00
   2.7148836e+01   1.2430154e+01   0.0000000e+00
   2.7153155e+01   1.2427793e+01   0.0000000e+00
   2.7157477e+01   1.2425431e+01   0.0000000e+00
   2.7161799e+01   1.2423067e+01   0.0000000e+00
   2.7166124e+01   1.2420703e+01   0.0000000e+00
   2.7170449e+01   1.2418337e+01   0.0000000e+00
   2.7174777e+01   1.2415970e+01   0.0000000e+00
   2.7179105e+01   1.2413601e+01   0.0000000e+00
   2.7183436e+01   1.2411232e+01   0.0000000e+00
   2.7187767e+01   1.2408861e+01   0.0000000e+00
   2.7192101e+01   1.2406490e+01   0.0000000e+00
   2.7196435e+01   1.2404117e+01   0.0000000e+00
   2.7200771e+01   1.2401743e+01   0.0000000e+00
   2.7205109e+01   1.2399367e+01   0.0000000e+00
   2.7209448e+01   1.2396991e+01   0.0000000e+00
   2.7213789e+01   1.2394613e+01   0.0000000e+00
   2.7218131e+01   1.2392235e+01   0.0000000e+00
   2.7222475e+01   1.2389855e+01   0.0000000e+00
   2.7226821e+01   1.2387473e+01   0.0000000e+00
   2.7231167e+01   1.2385091e+01   0.0000000e+00
   2.7235516e+01   1.2382708e+01   0.0000000e+00
   2.7239866e+01   1.2380323e+01   0.0000000e+00
   2.7244217e+01   1.2377937e+01   0.0000000e+00
   2.7248570e+01   1.2375550e+01   0.0000000e+00
   2.7252924e+01   1.2373162e+01   0.0000000e+00
   2.7257280e+01   1.2370772e+01   0.0000000e+00
   2.7261638e+01   1.2368381e+01   0.0000000e+00
   2.7265997e+01   1.2365990e+01   0.0000000e+00
   2.7270357e+01   1.2363596e+01   0.0000000e+00
   2.7274719e+01   1.2361202e+01   0.0000000e+00
   2.7279083e+01   1.2358807e+01   0.0000000e+00
   2.7283448e+01   1.2356410e+01   0.0000000e+00
   2.7287815e+01   1.2354012e+01   0.0000000e+00
   2.7292183e+01   1.2351613e+01   0.0000000e+00
   2.7296552e+01   1.2349213e+01   0.0000000e+00
   2.7300924e+01   1.2346812e+01   0.0000000e+00
   2.7305296e+01   1.2344409e+01   0.0000000e+00
   2.7309671e+01   1.2342005e+01   0.0000000e+00
   2.7314047e+01   1.2339600e+01   0.0000000e+00
   2.7318424e+01   1.2337194e+01   0.0000000e+00
   2.7322803e+01   1.2334786e+01   0.0000000e+00
   2.7327184e+01   1.2332378e+01   0.0000000e+00
   2.7331566e+01   1.2329968e+01   0.0000000e+00
   2.7335949e+01   1.2327557e+01   0.0000000e+00
   2.7340335e+01   1.2325144e+01   0.0000000e+00
   2.7344721e+01   1.2322731e+01   0.0000000e+00
   2.7349110e+01   1.2320316e+01   0.0000000e+00
   2.7353499e+01   1.2317900e+01   0.0000000e+00
   2.7357891e+01   1.2315483e+01   0.0000000e+00
   2.7362284e+01   1.2313064e+01   0.0000000e+00
   2.7366678e+01   1.2310645e+01   0.0000000e+00
   2.7371075e+01   1.2308224e+01   0.0000000e+00
   2.7375472e+01   1.2305802e+01   0.0000000e+00
   2.7379871e+01   1.2303378e+01   0.0000000e+00
   2.7384272e+01   1.2300954e+01   0.0000000e+00
   2.7388675e+01   1.2298528e+01   0.0000000e+00
   2.7393079e+01   1.2296101e+01   0.0000000e+00
   2.7397484e+01   1.2293673e+01   0.0000000e+00
   2.7401891e+01   1.2291243e+01   0.0000000e+00
   2.7406300e+01   1.2288813e+01   0.0000000e+00
   2.7410710e+01   1.2286381e+01   0.0000000e+00
   2.7415122e+01   1.2283948e+01   0.0000000e+00
   2.7419535e+01   1.2281513e+01   0.0000000e+00
   2.7423950e+01   1.2279078e+01   0.0000000e+00
   2.7428367e+01   1.2276641e+01   0.0000000e+00
   2.7432785e+01   1.2274203e+01   0.0000000e+00
   2.7437205e+01   1.2271763e+01   0.0000000e+00
   2.7441626e+01   1.2269323e+01   0.0000000e+00
   2.7446049e+01   1.2266881e+01   0.0000000e+00
   2.7450474e+01   1.2264438e+01   0.0000000e+00
   2.7454900e+01   1.2261994e+01   0.0000000e+00
   2.7459328e+01   1.2259548e+01   0.0000000e+00
   2.7463757e+01   1.2257101e+01   0.0000000e+00
   2.7468188e+01   1.2254653e+01   0.0000000e+00
   2.7472620e+01   1.2252204e+01   0.0000000e+00
   2.7477054e+01   1.2249753e+01   0.0000000e+00
   2.7481490e+01   1.2247302e+01   0.0000000e+00
   2.7485927e+01   1.2244848e+01   0.0000000e+00
   2.7490366e+01   1.2242394e+01   0.0000000e+00
   2.7494807e+01   1.2239939e+01   0.0000000e+00
   2.7499249e+01   1.2237482e+01   0.0000000e+00
   2.7503693e+01   1.2235024e+01   0.0000000e+00
   2.7508138e+01   1.2232564e+01   0.0000000e+00
   2.7512585e+01   1.2230104e+01   0.0000000e+00
   2.7517034e+01   1.2227642e+01   0.0000000e+00
   2.7521484e+01   1.2225179e+01   0.0000000e+00
   2.7525936e+01   1.2222714e+01   0.0000000e+00
   2.7530389e+01   1.2220248e+01   0.0000000e+00
   2.7534844e+01   1.2217781e+01   0.0000000e+00
   2.7539301e+01   1.2215313e+01   0.0000000e+00
   2.7543760e+01   1.2212844e+01   0.0000000e+00
   2.7548220e+01   1.2210373e+01   0.0000000e+00
   2.7552681e+01   1.2207901e+01   0.0000000e+00
   2.7557144e+01   1.2205428e+01   0.0000000e+00
   2.7561609e+01   1.2202953e+01   0.0000000e+00
   2.7566076e+01   1.2200477e+01   0.0000000e+00
   2.7570544e+01   1.2198000e+01   0.0000000e+00
   2.7575014e+01   1.2195521e+01   0.0000000e+00
   2.7579485e+01   1.2193042e+01   0.0000000e+00
   2.7583958e+01   1.2190561e+01   0.0000000e+00
   2.7588433e+01   1.2188078e+01   0.0000000e+00
   2.7592909e+01   1.2185595e+01   0.0000000e+00
   2.7597387e+01   1.2183110e+01   0.0000000e+00
   2.7601867e+01   1.2180624e+01   0.0000000e+00
   2.7606348e+01   1.2178136e+01   0.0000000e+00
   2.7610831e+01   1.2175648e+01   0.0000000e+00
   2.7615316e+01   1.2173158e+01   0.0000000e+00
   2.7619802e+01   1.2170666e+01   0.0000000e+00
   2.7624290e+01   1.2168174e+01   0.0000000e+00
   2.7628779e+01   1.2165680e+01   0.0000000e+00
   2.7633271e+01   1.2163184e+01   0.0000000e+00
   2.7637764e+01   1.2160688e+01   0.0000000e+00
   2.7642258e+01   1.2158190e+01   0.0000000e+00
   2.7646754e+01   1.2155691e+01   0.0000000e+00
   2.7651252e+01   1.2153191e+01   0.0000000e+00
   2.7655752e+01   1.2150689e+01   0.0000000e+00
   2.7660253e+01   1.2148186e+01   0.0000000e+00
   2.7664756e+01   1.2145681e+01   0.0000000e+00
   2.7669260e+01   1.2143176e+01   0.0000000e+00
   2.7673767e+01   1.2140669e+01   0.0000000e+00
   2.7678275e+01   1.2138161e+01   0.0000000e+00
   2.7682784e+01   1.2135651e+01   0.0000000e+00
   2.7687296e+01   1.2133140e+01   0.0000000e+00
   2.7691809e+01   1.2130628e+01   0.0000000e+00
   2.7696323e+01   1.2128114e+01   0.0000000e+00
   2.7700840e+01   1.2125599e+01   0.0000000e+00
   2.7705358e+01   1.2123083e+01   0.0000000e+00
   2.7709877e+01   1.2120566e+01   0.0000000e+00
   2.7714399e+01   1.2118047e+01   0.0000000e+00
   2.7718922e+01   1.2115527e+01   0.0000000e+00
   2.7723447e+01   1.2113005e+01   0.0000000e+00
   2.7727973e+01   1.2110482e+01   0.0000000e+00
   2.7732501e+01   1.2107958e+01   0.0000000e+00
   2.7737031e+01   1.2105433e+01   0.0000000e+00
   2.7741563e+01   1.2102906e+01   0.0000000e+00
   2.7746096e+01   1.2100378e+01   0.0000000e+00
   2.7750631e+01   1.2097848e+01   0.0000000e+00
   2.7755168e+01   1.2095318e+01   0.0000000e+00
   2.7759706e+01   1.2092786e+01   0.0000000e+00
   2.7764246e+01   1.2090252e+01   0.0000000e+00
   2.7768788e+01   1.2087717e+01   0.0000000e+00
   2.7773332e+01   1.2085181e+01   0.0000000e+00
   2.7777877e+01   1.2082644e+01   0.0000000e+00
   2.7782424e+01   1.2080105e+01   0.0000000e+00
   2.7786973e+01   1.2077565e+01   0.0000000e+00
   2.7791523e+01   1.2075023e+01   0.0000000e+00
   2.7796075e+01   1.2072480e+01   0.0000000e+00
   2.7800629e+01   1.2069936e+01   0.0000000e+00
   2.7805185e+01   1.2067390e+01   0.0000000e+00
   2.7809742e+01   1.2064843e+01   0.0000000e+00
   2.7814301e+01   1.2062295e+01   0.0000000e+00
   2.7818862e+01   1.2059745e+01   0.0000000e+00
   2.7823425e+01   1.2057194e+01   0.0000000e+00
   2.7827989e+01   1.2054642e+01   0.0000000e+00
   2.7832555e+01   1.2052088e+01   0.0000000e+00
   2.7837123e+01   1.2049533e+01   0.0000000e+00
   2.7841692e+01   1.2046977e+01   0.0000000e+00
   2.7846263e+01   1.2044419e+01   0.0000000e+00
   2.7850836e+01   1.2041860e+01   0.0000000e+00
   2.7855411e+01   1.2039299e+01   0.0000000e+00
   2.7859988e+01   1.2036737e+01   0.0000000e+00
   2.7864566e+01   1.2034174e+01   0.0000000e+00
   2.7869146e+01   1.2031609e+01   0.0000000e+00
   2.7873728e+01   1.2029043e+01   0.0000000e+00
   2.7878311e+01   1.2026476e+01   0.0000000e+00
   2.7882896e+01   1.2023907e+01   0.0000000e+00
   2.7887483e+01   1.2021337e+01   0.0000000e+00
   2.7892072e+01   1.2018765e+01   0.0000000e+00
   2.7896663e+01   1.2016193e+01   0.0000000e+00
   2.7901255e+01   1.2013618e+01   0.0000000e+00
   2.7905849e+01   1.2011043e+01   0.0000000e+00
   2.7910445e+01   1.2008465e+01   0.0000000e+00
   2.7915042e+01   1.2005887e+01   0.0000000e+00
   2.7919642e+01   1.2003307e+01   0.0000000e+00
   2.7924243e+01   1.2000726e+01   0.0000000e+00
   2.7928846e+01   1.1998143e+01   0.0000000e+00
   2.7933451e+01   1.1995559e+01   0.0000000e+00
   2.7938057e+01   1.1992974e+01   0.0000000e+00
   2.7942665e+01   1.1990387e+01   0.0000000e+00
   2.7947276e+01   1.1987799e+01   0.0000000e+00
   2.7951887e+01   1.1985209e+01   0.0000000e+00
   2.7956501e+01   1.1982618e+01   0.0000000e+00
   2.7961116e+01   1.1980026e+01   0.0000000e+00
   2.7965734e+01   1.1977432e+01   0.0000000e+00
   2.7970353e+01   1.1974837e+01   0.0000000e+00
   2.7974974e+01   1.1972240e+01   0.0000000e+00
   2.7979596e+01   1.1969642e+01   0.0000000e+00
   2.7984221e+01   1.1967043e+01   0.0000000e+00
   2.7988847e+01   1.1964442e+01   0.0000000e+00
   2.7993475e+01   1.1961839e+01   0.0000000e+00
   2.7998105e+01   1.1959236e+01   0.0000000e+00
   2.8002736e+01   1.1956631e+01   0.0000000e+00
   2.8007370e+01   1.1954024e+01   0.0000000e+00
   2.8012005e+01   1.1951416e+01   0.0000000e+00
   2.8016642e+01   1.1948807e+01   0.0000000e+00
   2.8021281e+01   1.1946196e+01   0.0000000e+00
   2.8025922e+01   1.1943584e+01   0.0000000e+00
   2.8030564e+01   1.1940970e+01   0.0000000e+00
   2.8035208e+01   1.1938355e+01   0.0000000e+00
   2.8039855e+01   1.1935739e+01   0.0000000e+00
   2.8044503e+01   1.1933121e+01   0.0000000e+00
   2.8049152e+01   1.1930502e+01   0.0000000e+00
   2.8053804e+01   1.1927881e+01   0.0000000e+00
   2.8058458e+01   1.1925259e+01   0.0000000e+00
   2.8063113e+01   1.1922635e+01   0.0000000e+00
   2.8067770e+01   1.1920010e+01   0.0000000e+00
   2.8072429e+01   1.1917383e+01   0.0000000e+00
   2.8077090e+01   1.1914755e+01   0.0000000e+00
   2.8081752e+01   1.1912126e+01   0.0000000e+00
   2.8086417e+01   1.1909495e+01   0.0000000e+00
   2.8091083e+01   1.1906863e+01   0.0000000e+00
   2.8095752e+01   1.1904229e+01   0.0000000e+00
   2.8100422e+01   1.1901594e+01   0.0000000e+00
   2.8105093e+01   1.1898957e+01   0.0000000e+00
   2.8109767e+01   1.1896319e+01   0.0000000e+00
   2.8114443e+01   1.1893680e+01   0.0000000e+00
   2.8119120e+01   1.1891039e+01   0.0000000e+00
   2.8123800e+01   1.1888396e+01   0.0000000e+00
   2.8128481e+01   1.1885752e+01   0.0000000e+00
   2.8133164e+01   1.1883107e+01   0.0000000e+00
   2.8137849e+01   1.1880460e+01   0.0000000e+00
   2.8142536e+01   1.1877812e+01   0.0000000e+00
   2.8147224e+01   1.1875162e+01   0.0000000e+00
   2.8151915e+01   1.1872511e+01   0.0000000e+00
   2.8156607e+01   1.1869858e+01   0.0000000e+00
   2.8161301e+01   1.1867204e+01   0.0000000e+00
   2.8165998e+01   1.1864548e+01   0.0000000e+00
   2.8170696e+01   1.1861891e+01   0.0000000e+00
   2.8175395e+01   1.1859232e+01   0.0000000e+00
   2.8180097e+01   1.1856572e+01   0.0000000e+00
   2.8184801e+01   1.1853911e+01   0.0000000e+00
   2.8189507e+01   1.1851248e+01   0.0000000e+00
   2.8194214e+01   1.1848583e+01   0.0000000e+00
   2.8198923e+01   1.1845917e+01   0.0000000e+00
   2.8203635e+01   1.1843250e+01   0.0000000e+00
   2.8208348e+01   1.1840581e+01   0.0000000e+00
   2.8213063e+01   1.1837910e+01   0.0000000e+00
   2.8217780e+01   1.1835238e+01   0.0000000e+00
   2.8222499e+01   1.1832565e+01   0.0000000e+00
   2.8227219e+01   1.1829890e+01   0.0000000e+00
   2.8231942e+01   1.1827214e+01   0.0000000e+00
   2.8236667e+01   1.1824536e+01   0.0000000e+00
   2.8241393e+01   1.1821856e+01   0.0000000e+00
   2.8246121e+01   1.1819175e+01   0.0000000e+00
   2.8250852e+01   1.1816493e+01   0.0000000e+00
   2.8255584e+01   1.1813809e+01   0.0000000e+00
   2.8260318e+01   1.1811124e+01   0.0000000e+00
   2.8265054e+01   1.1808437e+01   0.0000000e+00
   2.8269792e+01   1.1805748e+01   0.0000000e+00
   2.8274532e+01   1.1803058e+01   0.0000000e+00
   2.8279274e+01   1.1800367e+01   0.0000000e+00
   2.8284018e+01   1.1797674e+01   0.0000000e+00
   2.8288763e+01   1.1794979e+01   0.0000000e+00
   2.8293511e+01   1.1792283e+01   0.0000000e+00
   2.8298261e+01   1.1789586e+01   0.0000000e+00
   2.8303012e+01   1.1786887e+01   0.0000000e+00
   2.8307766e+01   1.1784186e+01   0.0000000e+00
   2.8312521e+01   1.1781484e+01   0.0000000e+00
   2.8317278e+01   1.1778780e+01   0.0000000e+00
   2.8322038e+01   1.1776075e+01   0.0000000e+00
   2.8326799e+01   1.1773369e+01   0.0000000e+00
   2.8331562e+01   1.1770660e+01   0.0000000e+00
   2.8336327e+01   1.1767951e+01   0.0000000e+00
   2.8341094e+01   1.1765239e+01   0.0000000e+00
   2.8345863e+01   1.1762527e+01   0.0000000e+00
   2.8350634e+01   1.1759812e+01   0.0000000e+00
   2.8355407e+01   1.1757096e+01   0.0000000e+00
   2.8360182e+01   1.1754379e+01   0.0000000e+00
   2.8364959e+01   1.1751660e+01   0.0000000e+00
   2.8369738e+01   1.1748939e+01   0.0000000e+00
   2.8374519e+01   1.1746217e+01   0.0000000e+00
   2.8379302e+01   1.1743494e+01   0.0000000e+00
   2.8384087e+01   1.1740769e+01   0.0000000e+00
   2.8388873e+01   1.1738042e+01   0.0000000e+00
   2.8393662e+01   1.1735314e+01   0.0000000e+00
   2.8398453e+01   1.1732584e+01   0.0000000e+00
   2.8403246e+01   1.1729852e+01   0.0000000e+00
   2.8408040e+01   1.1727119e+01   0.0000000e+00
   2.8412837e+01   1.1724385e+01   0.0000000e+00
   2.8417636e+01   1.1721649e+01   0.0000000e+00
   2.8422437e+01   1.1718911e+01   0.0000000e+00
   2.8427239e+01   1.1716172e+01   0.0000000e+00
   2.8432044e+01   1.1713431e+01   0.0000000e+00
   2.8436851e+01   1.1710689e+01   0.0000000e+00
   2.8441659e+01   1.1707945e+01   0.0000000e+00
   2.8446470e+01   1.1705199e+01   0.0000000e+00
   2.8451283e+01   1.1702452e+01   0.0000000e+00
   2.8456098e+01   1.1699704e+01   0.0000000e+00
   2.8460914e+01   1.1696954e+01   0.0000000e+00
   2.8465733e+01   1.1694202e+01   0.0000000e+00
   2.8470554e+01   1.1691448e+01   0.0000000e+00
   2.8475377e+01   1.1688693e+01   0.0000000e+00
   2.8480201e+01   1.1685937e+01   0.0000000e+00
   2.8485028e+01   1.1683179e+01   0.0000000e+00
   2.8489857e+01   1.1680419e+01   0.0000000e+00
   2.8494688e+01   1.1677658e+01   0.0000000e+00
   2.8499521e+01   1.1674895e+01   0.0000000e+00
   2.8504356e+01   1.1672130e+01   0.0000000e+00
   2.8509193e+01   1.1669364e+01   0.0000000e+00
   2.8514032e+01   1.1666596e+01   0.0000000e+00
   2.8518873e+01   1.1663827e+01   0.0000000e+00
   2.8523716e+01   1.1661056e+01   0.0000000e+00
   2.8528561e+01   1.1658284e+01   0.0000000e+00
   2.8533409e+01   1.1655509e+01   0.0000000e+00
   2.8538258e+01   1.1652734e+01   0.0000000e+00
   2.8543109e+01   1.1649956e+01   0.0000000e+00
   2.8547962e+01   1.1647177e+01   0.0000000e+00
   2.8552818e+01   1.1644397e+01   0.0000000e+00
   2.8557675e+01   1.1641615e+01   0.0000000e+00
   2.8562535e+01   1.1638831e+01   0.0000000e+00
   2.8567397e+01   1.1636045e+01   0.0000000e+00
   2.8572260e+01   1.1633258e+01   0.0000000e+00
   2.8577126e+01   1.1630470e+01   0.0000000e+00
   2.8581994e+01   1.1627679e+01   0.0000000e+00
   2.8586864e+01   1.1624887e+01   0.0000000e+00
   2.8591736e+01   1.1622094e+01   0.0000000e+00
   2.8596610e+01   1.1619299e+01   0.0000000e+00
   2.8601486e+01   1.1616502e+01   0.0000000e+00
   2.8606364e+01   1.1613703e+01   0.0000000e+00
   2.8611244e+01   1.1610903e+01   0.0000000e+00
   2.8616127e+01   1.1608102e+01   0.0000000e+00
   2.8621011e+01   1.1605298e+01   0.0000000e+00
   2.8625898e+01   1.1602493e+01   0.0000000e+00
   2.8630786e+01   1.1599686e+01   0.0000000e+00
   2.8635677e+01   1.1596878e+01   0.0000000e+00
   2.8640570e+01   1.1594068e+01   0.0000000e+00
   2.8645465e+01   1.1591257e+01   0.0000000e+00
   2.8650362e+01   1.1588443e+01   0.0000000e+00
   2.8655261e+01   1.1585628e+01   0.0000000e+00
   2.8660162e+01   1.1582812e+01   0.0000000e+00
   2.8665066e+01   1.1579993e+01   0.0000000e+00
   2.8669971e+01   1.1577174e+01   0.0000000e+00
   2.8674879e+01   1.1574352e+01   0.0000000e+00
   2.8679789e+01   1.1571529e+01   0.0000000e+00
   2.8684700e+01   1.1568704e+01   0.0000000e+00
   2.8689614e+01   1.1565877e+01   0.0000000e+00
   2.8694531e+01   1.1563049e+01   0.0000000e+00
   2.8699449e+01   1.1560219e+01   0.0000000e+00
   2.8704369e+01   1.1557387e+01   0.0000000e+00
   2.8709292e+01   1.1554554e+01   0.0000000e+00
   2.8714216e+01   1.1551719e+01   0.0000000e+00
   2.8719143e+01   1.1548883e+01   0.0000000e+00
   2.8724072e+01   1.1546044e+01   0.0000000e+00
   2.8729003e+01   1.1543204e+01   0.0000000e+00
   2.8733936e+01   1.1540363e+01   0.0000000e+00
   2.8738872e+01   1.1537519e+01   0.0000000e+00
   2.8743809e+01   1.1534674e+01   0.0000000e+00
   2.8748749e+01   1.1531827e+01   0.0000000e+00
   2.8753691e+01   1.1528979e+01   0.0000000e+00
   2.8758635e+01   1.1526129e+01   0.0000000e+00
   2.8763581e+01   1.1523277e+01   0.0000000e+00
   2.8768529e+01   1.1520423e+01   0.0000000e+00
   2.8773480e+01   1.1517568e+01   0.0000000e+00
   2.8778432e+01   1.1514711e+01   0.0000000e+00
   2.8783387e+01   1.1511852e+01   0.0000000e+00
   2.8788344e+01   1.1508992e+01   0.0000000e+00
   2.8793303e+01   1.1506130e+01   0.0000000e+00
   2.8798265e+01   1.1503266e+01   0.0000000e+00
   2.8803228e+01   1.1500401e+01   0.0000000e+00
   2.8808194e+01   1.1497533e+01   0.0000000e+00
   2.8813162e+01   1.1494664e+01   0.0000000e+00
   2.8818132e+01   1.1491794e+01   0.0000000e+00
   2.8823105e+01   1.1488921e+01   0.0000000e+00
   2.8828079e+01   1.1486047e+01   0.0000000e+00
   2.8833056e+01   1.1483171e+01   0.0000000e+00
   2.8838035e+01   1.1480294e+01   0.0000000e+00
   2.8843016e+01   1.1477414e+01   0.0000000e+00
   2.8847999e+01   1.1474533e+01   0.0000000e+00
   2.8852985e+01   1.1471650e+01   0.0000000e+00
   2.8857972e+01   1.1468766e+01   0.0000000e+00
   2.8862962e+01   1.1465879e+01   0.0000000e+00
   2.8867955e+01   1.1462991e+01   0.0000000e+00
   2.8872949e+01   1.1460102e+01   0.0000000e+00
   2.8877946e+01   1.1457210e+01   0.0000000e+00
   2.8882944e+01   1.1454317e+01   0.0000000e+00
   2.8887946e+01   1.1451422e+01   0.0000000e+00
   2.8892949e+01   1.1448525e+01   0.0000000e+00
   2.8897954e+01   1.1445626e+01   0.0000000e+00
   2.8902962e+01   1.1442726e+01   0.0000000e+00
   2.8907972e+01   1.1439824e+01   0.0000000e+00
   2.8912984e+01   1.1436920e+01   0.0000000e+00
   2.8917999e+01   1.1434015e+01   0.0000000e+00
   2.8923016e+01   1.1431107e+01   0.0000000e+00
   2.8928035e+01   1.1428198e+01   0.0000000e+00
   2.8933056e+01   1.1425287e+01   0.0000000e+00
   2.8938079e+01   1.1422375e+01   0.0000000e+00
   2.8943105e+01   1.1419460e+01   0.0000000e+00
   2.8948133e+01   1.1416544e+01   0.0000000e+00
   2.8953164e+01   1.1413626e+01   0.0000000e+00
   2.8958196e+01   1.1410706e+01   0.0000000e+00
   2.8963231e+01   1.1407784e+01   0.0000000e+00
   2.8968268e+01   1.1404861e+01   0.0000000e+00
   2.8973307e+01   1.1401936e+01   0.0000000e+00
   2.8978349e+01   1.1399009e+01   0.0000000e+00
   2.8983393e+01   1.1396080e+01   0.0000000e+00
   2.8988439e+01   1.1393150e+01   0.0000000e+00
   2.8993488e+01   1.1390217e+01   0.0000000e+00
   2.8998539e+01   1.1387283e+01   0.0000000e+00
   2.9003592e+01   1.1384347e+01   0.0000000e+00
   2.9008647e+01   1.1381409e+01   0.0000000e+00
   2.9013705e+01   1.1378470e+01   0.0000000e+00
   2.9018765e+01   1.1375528e+01   0.0000000e+00
   2.9023827e+01   1.1372585e+01   0.0000000e+00
   2.9028892e+01   1.1369640e+01   0.0000000e+00
   2.9033958e+01   1.1366693e+01   0.0000000e+00
   2.9039028e+01   1.1363745e+01   0.0000000e+00
   2.9044099e+01   1.1360794e+01   0.0000000e+00
   2.9049173e+01   1.1357842e+01   0.0000000e+00
   2.9054249e+01   1.1354888e+01   0.0000000e+00
   2.9059328e+01   1.1351932e+01   0.0000000e+00
   2.9064408e+01   1.1348974e+01   0.0000000e+00
   2.9069492e+01   1.1346015e+01   0.0000000e+00
   2.9074577e+01   1.1343053e+01   0.0000000e+00
   2.9079665e+01   1.1340090e+01   0.0000000e+00
   2.9084755e+01   1.1337125e+01   0.0000000e+00
   2.9089847e+01   1.1334158e+01   0.0000000e+00
   2.9094942e+01   1.1331189e+01   0.0000000e+00
   2.9100039e+01   1.1328218e+01   0.0000000e+00
   2.9105139e+01   1.1325246e+01   0.0000000e+00
   2.9110241e+01   1.1322272e+01   0.0000000e+00
   2.9115345e+01   1.1319295e+01   0.0000000e+00
   2.9120452e+01   1.1316317e+01   0.0000000e+00
   2.9125560e+01   1.1313337e+01   0.0000000e+00
   2.9130672e+01   1.1310356e+01   0.0000000e+00
   2.9135785e+01   1.1307372e+01   0.0000000e+00
   2.9140901e+01   1.1304386e+01   0.0000000e+00
   2.9146020e+01   1.1301399e+01   0.0000000e+00
   2.9151141e+01   1.1298410e+01   0.0000000e+00
   2.9156264e+01   1.1295419e+01   0.0000000e+00
   2.9161389e+01   1.1292426e+01   0.0000000e+00
   2.9166517e+01   1.1289431e+01   0.0000000e+00
   2.9171648e+01   1.1286434e+01   0.0000000e+00
   2.9176780e+01   1.1283435e+01   0.0000000e+00
   2.9181915e+01   1.1280435e+01   0.0000000e+00
   2.9187053e+01   1.1277433e+01   0.0000000e+00
   2.9192193e+01   1.1274428e+01   0.0000000e+00
   2.9197335e+01   1.1271422e+01   0.0000000e+00
   2.9202480e+01   1.1268414e+01   0.0000000e+00
   2.9207627e+01   1.1265404e+01   0.0000000e+00
   2.9212776e+01   1.1262392e+01   0.0000000e+00
   2.9217928e+01   1.1259378e+01   0.0000000e+00
   2.9223083e+01   1.1256363e+01   0.0000000e+00
   2.9228239e+01   1.1253345e+01   0.0000000e+00
   2.9233399e+01   1.1250325e+01   0.0000000e+00
   2.9238560e+01   1.1247304e+01   0.0000000e+00
   2.9243724e+01   1.1244281e+01   0.0000000e+00
   2.9248891e+01   1.1241255e+01   0.0000000e+00
   2.9254060e+01   1.1238228e+01   0.0000000e+00
   2.9259231e+01   1.1235199e+01   0.0000000e+00
   2.9264405e+01   1.1232168e+01   0.0000000e+00
   2.9269581e+01   1.1229135e+01   0.0000000e+00
   2.9274760e+01   1.1226100e+01   0.0000000e+00
   2.9279941e+01   1.1223064e+01   0.0000000e+00
   2.9285125e+01   1.1220025e+01   0.0000000e+00
   2.9290311e+01   1.1216984e+01   0.0000000e+00
   2.9295499e+01   1.1213942e+01   0.0000000e+00
   2.9300690e+01   1.1210897e+01   0.0000000e+00
   2.9305884e+01   1.1207850e+01   0.0000000e+00
   2.9311079e+01   1.1204802e+01   0.0000000e+00
   2.9316278e+01   1.1201752e+01   0.0000000e+00
   2.9321479e+01   1.1198699e+01   0.0000000e+00
   2.9326682e+01   1.1195645e+01   0.0000000e+00
   2.9331888e+01   1.1192589e+01   0.0000000e+00
   2.9337096e+01   1.1189530e+01   0.0000000e+00
   2.9342307e+01   1.1186470e+01   0.0000000e+00
   2.9347520e+01   1.1183408e+01   0.0000000e+00
   2.9352736e+01   1.1180344e+01   0.0000000e+00
   2.9357954e+01   1.1177278e+01   0.0000000e+00
   2.9363175e+01   1.1174210e+01   0.0000000e+00
   2.9368398e+01   1.1171140e+01   0.0000000e+00
   2.9373624e+01   1.1168068e+01   0.0000000e+00
   2.9378853e+01   1.1164994e+01   0.0000000e+00
   2.9384083e+01   1.1161918e+01   0.0000000e+00
   2.9389317e+01   1.1158840e+01   0.0000000e+00
   2.9394553e+01   1.1155760e+01   0.0000000e+00
   2.9399791e+01   1.1152678e+01   0.0000000e+00
   2.9405032e+01   1.1149594e+01   0.0000000e+00
   2.9410275e+01   1.1146508e+01   0.0000000e+00
   2.9415521e+01   1.1143420e+01   0.0000000e+00
   2.9420770e+01   1.1140330e+01   0.0000000e+00
   2.9426021e+01   1.1137238e+01   0.0000000e+00
   2.9431274e+01   1.1134144e+01   0.0000000e+00
   2.9436531e+01   1.1131048e+01   0.0000000e+00
   2.9441789e+01   1.1127950e+01   0.0000000e+00
   2.9447051e+01   1.1124850e+01   0.0000000e+00
   2.9452314e+01   1.1121748e+01   0.0000000e+00
   2.9457581e+01   1.1118644e+01   0.0000000e+00
   2.9462850e+01   1.1115538e+01   0.0000000e+00
   2.9468121e+01   1.1112430e+01   0.0000000e+00
   2.9473395e+01   1.1109320e+01   0.0000000e+00
   2.9478672e+01   1.1106208e+01   0.0000000e+00
   2.9483951e+01   1.1103094e+01   0.0000000e+00
   2.9489233e+01   1.1099978e+01   0.0000000e+00
   2.9494517e+01   1.1096859e+01   0.0000000e+00
   2.9499804e+01   1.1093739e+01   0.0000000e+00
   2.9505094e+01   1.1090617e+01   0.0000000e+00
   2.9510386e+01   1.1087492e+01   0.0000000e+00
   2.9515681e+01   1.1084366e+01   0.0000000e+00
   2.9520978e+01   1.1081238e+01   0.0000000e+00
   2.9526278e+01   1.1078107e+01   0.0000000e+00
   2.9531581e+01   1.1074974e+01   0.0000000e+00
   2.9536886e+01   1.1071840e+01   0.0000000e+00
   2.9542194e+01   1.1068703e+01   0.0000000e+00
   2.9547504e+01   1.1065564e+01   0.0000000e+00
   2.9552817e+01   1.1062423e+01   0.0000000e+00
   2.9558133e+01   1.1059280e+01   0.0000000e+00
   2.9563451e+01   1.1056135e+01   0.0000000e+00
   2.9568772e+01   1.1052988e+01   0.0000000e+00
   2.9574096e+01   1.1049839e+01   0.0000000e+00
   2.9579422e+01   1.1046688e+01   0.0000000e+00
   2.9584751e+01   1.1043535e+01   0.0000000e+00
   2.9590082e+01   1.1040379e+01   0.0000000e+00
   2.9595416e+01   1.1037222e+01   0.0000000e+00
   2.9600753e+01   1.1034062e+01   0.0000000e+00
   2.9606093e+01   1.1030900e+01   0.0000000e+00
   2.9611435e+01   1.1027736e+01   0.0000000e+00
   2.9616780e+01   1.1024571e+01   0.0000000e+00
   2.9622127e+01   1.1021403e+01   0.0000000e+00
   2.9627477e+01   1.1018232e+01   0.0000000e+00
   2.9632830e+01   1.1015060e+01   0.0000000e+00
   2.9638185e+01   1.1011886e+01   0.0000000e+00
   2.9643544e+01   1.1008709e+01   0.0000000e+00
   2.9648904e+01   1.1005531e+01   0.0000000e+00
   2.9654268e+01   1.1002350e+01   0.0000000e+00
   2.9659634e+01   1.0999167e+01   0.0000000e+00
   2.9665003e+01   1.0995982e+01   0.0000000e+00
   2.9670375e+01   1.0992795e+01   0.0000000e+00
   2.9675749e+01   1.0989606e+01   0.0000000e+00
   2.9681126e+01   1.0986414e+01   0.0000000e+00
   2.9686506e+01   1.0983221e+01   0.0000000e+00
   2.9691888e+01   1.0980025e+01   0.0000000e+00
   2.9697274e+01   1.0976827e+01   0.0000000e+00
   2.9702661e+01   1.0973627e+01   0.0000000e+00
   2.9708052e+01   1.0970425e+01   0.0000000e+00
   2.9713445e+01   1.0967221e+01   0.0000000e+00
   2.9718841e+01   1.0964015e+01   0.0000000e+00
   2.9724240e+01   1.0960806e+01   0.0000000e+00
   2.9729642e+01   1.0957595e+01   0.0000000e+00
   2.9735046e+01   1.0954382e+01   0.0000000e+00
   2.9740453e+01   1.0951167e+01   0.0000000e+00
   2.9745863e+01   1.0947950e+01   0.0000000e+00
   2.9751276e+01   1.0944730e+01   0.0000000e+00
   2.9756691e+01   1.0941509e+01   0.0000000e+00
   2.9762109e+01   1.0938285e+01   0.0000000e+00
   2.9767530e+01   1.0935059e+01   0.0000000e+00
   2.9772953e+01   1.0931831e+01   0.0000000e+00
   2.9778380e+01   1.0928600e+01   0.0000000e+00
   2.9783809e+01   1.0925368e+01   0.0000000e+00
   2.9789241e+01   1.0922133e+01   0.0000000e+00
   2.9794676e+01   1.0918896e+01   0.0000000e+00
   2.9800113e+01   1.0915657e+01   0.0000000e+00
   2.9805554e+01   1.0912415e+01   0.0000000e+00
   2.9810997e+01   1.0909172e+01   0.0000000e+00
   2.9816443e+01   1.0905926e+01   0.0000000e+00
   2.9821891e+01   1.0902678e+01   0.0000000e+00
   2.9827343e+01   1.0899427e+01   0.0000000e+00
   2.9832797e+01   1.0896175e+01   0.0000000e+00
   2.9838254e+01   1.0892920e+01   0.0000000e+00
   2.9843714e+01   1.0889663e+01   0.0000000e+00
   2.9849177e+01   1.0886404e+01   0.0000000e+00
   2.9854643e+01   1.0883143e+01   0.0000000e+00
   2.9860111e+01   1.0879879e+01   0.0000000e+00
   2.9865582e+01   1.0876613e+01   0.0000000e+00
   2.9871057e+01   1.0873345e+01   0.0000000e+00
   2.9876534e+01   1.0870074e+01   0.0000000e+00
   2.9882013e+01   1.0866802e+01   0.0000000e+00
   2.9887496e+01   1.0863527e+01   0.0000000e+00
   2.9892982e+01   1.0860250e+01   0.0000000e+00
   2.9898470e+01   1.0856970e+01   0.0000000e+00
   2.9903961e+01   1.0853689e+01   0.0000000e+00
   2.9909455e+01   1.0850405e+01   0.0000000e+00
   2.9914952e+01   1.0847118e+01   0.0000000e+00
   2.9920452e+01   1.0843830e+01   0.0000000e+00
   2.9925955e+01   1.0840539e+01   0.0000000e+00
   2.9931461e+01   1.0837246e+01   0.0000000e+00
   2.9936969e+01   1.0833951e+01   0.0000000e+00
   2.9942481e+01   1.0830653e+01   0.0000000e+00
   2.9947995e+01   1.0827353e+01   0.0000000e+00
   2.9953512e+01   1.0824051e+01   0.0000000e+00
   2.9959032e+01   1.0820746e+01   0.0000000e+00
   2.9964555e+01   1.0817440e+01   0.0000000e+00
   2.9970081e+01   1.0814130e+01   0.0000000e+00
   2.9975610e+01   1.0810819e+01   0.0000000e+00
   2.9981142e+01   1.0807505e+01   0.0000000e+00
   2.9986676e+01   1.0804189e+01   0.0000000e+00
   2.9992214e+01   1.0800871e+01   0.0000000e+00
   2.9997755e+01   1.0797550e+01   0.0000000e+00
   3.0003298e+01   1.0794227e+01   0.0000000e+00
   3.0008844e+01   1.0790902e+01   0.0000000e+00
   3.0014394e+01   1.0787574e+01   0.0000000e+00
   3.0019946e+01   1.0784244e+01   0.0000000e+00
   3.0025501e+01   1.0780912e+01   0.0000000e+00
   3.0031060e+01   1.0777577e+01   0.0000000e+00
   3.0036621e+01   1.0774240e+01   0.0000000e+00
   3.0042185e+01   1.0770900e+01   0.0000000e+00
   3.0047752e+01   1.0767559e+01   0.0000000e+00
   3.0053322e+01   1.0764215e+01   0.0000000e+00
   3.0058895e+01   1.0760868e+01   0.0000000e+00
   3.0064471e+01   1.0757519e+01   0.0000000e+00
   3.0070050e+01   1.0754168e+01   0.0000000e+00
   3.0075632e+01   1.0750814e+01   0.0000000e+00
   3.0081217e+01   1.0747459e+01   0.0000000e+00
   3.0086805e+01   1.0744100e+01   0.0000000e+00
   3.0092396e+01   1.0740740e+01   0.0000000e+00
   3.0097990e+01   1.0737377e+01   0.0000000e+00
   3.0103588e+01   1.0734011e+01   0.0000000e+00
   3.0109188e+01   1.0730643e+01   0.0000000e+00
   3.0114791e+01   1.0727273e+01   0.0000000e+00
   3.0120397e+01   1.0723900e+01   0.0000000e+00
   3.0126006e+01   1.0720525e+01   0.0000000e+00
   3.0131618e+01   1.0717148e+01   0.0000000e+00
   3.0137233e+01   1.0713768e+01   0.0000000e+00
   3.0142852e+01   1.0710386e+01   0.0000000e+00
   3.0148473e+01   1.0707001e+01   0.0000000e+00
   3.0154097e+01   1.0703614e+01   0.0000000e+00
   3.0159725e+01   1.0700224e+01   0.0000000e+00
   3.0165355e+01   1.0696833e+01   0.0000000e+00
   3.0170989e+01   1.0693438e+01   0.0000000e+00
   3.0176625e+01   1.0690041e+01   0.0000000e+00
   3.0182265e+01   1.0686642e+01   0.0000000e+00
   3.0187908e+01   1.0683240e+01   0.0000000e+00
   3.0193553e+01   1.0679836e+01   0.0000000e+00
   3.0199202e+01   1.0676430e+01   0.0000000e+00
   3.0204854e+01   1.0673021e+01   0.0000000e+00
   3.0210510e+01   1.0669609e+01   0.0000000e+00
   3.0216168e+01   1.0666195e+01   0.0000000e+00
   3.0221829e+01   1.0662779e+01   0.0000000e+00
   3.0227493e+01   1.0659360e+01   0.0000000e+00
   3.0233161e+01   1.0655939e+01   0.0000000e+00
   3.0238832e+01   1.0652515e+01   0.0000000e+00
   3.0244505e+01   1.0649089e+01   0.0000000e+00
   3.0250182e+01   1.0645660e+01   0.0000000e+00
   3.0255862e+01   1.0642229e+01   0.0000000e+00
   3.0261546e+01   1.0638795e+01   0.0000000e+00
   3.0267232e+01   1.0635359e+01   0.0000000e+00
   3.0272921e+01   1.0631920e+01   0.0000000e+00
   3.0278614e+01   1.0628479e+01   0.0000000e+00
   3.0284310e+01   1.0625035e+01   0.0000000e+00
   3.0290009e+01   1.0621589e+01   0.0000000e+00
   3.0295711e+01   1.0618140e+01   0.0000000e+00
   3.0301416e+01   1.0614689e+01   0.0000000e+00
   3.0307124e+01   1.0611235e+01   0.0000000e+00
   3.0312836e+01   1.0607779e+01   0.0000000e+00
   3.0318551e+01   1.0604320e+01   0.0000000e+00
   3.0324269e+01   1.0600859e+01   0.0000000e+00
   3.0329990e+01   1.0597395e+01   0.0000000e+00
   3.0335714e+01   1.0593929e+01   0.0000000e+00
   3.0341442e+01   1.0590460e+01   0.0000000e+00
   3.0347173e+01   1.0586988e+01   0.0000000e+00
   3.0352907e+01   1.0583514e+01   0.0000000e+00
   3.0358644e+01   1.0580038e+01   0.0000000e+00
   3.0364384e+01   1.0576559e+01   0.0000000e+00
   3.0370128e+01   1.0573077e+01   0.0000000e+00
   3.0375875e+01   1.0569593e+01   0.0000000e+00
   3.0381625e+01   1.0566106e+01   0.0000000e+00
   3.0387378e+01   1.0562616e+01   0.0000000e+00
   3.0393135e+01   1.0559124e+01   0.0000000e+00
   3.0398895e+01   1.0555630e+01   0.0000000e+00
   3.0404658e+01   1.0552133e+01   0.0000000e+00
   3.0410424e+01   1.0548633e+01   0.0000000e+00
   3.0416194e+01   1.0545131e+01   0.0000000e+00
   3.0421967e+01   1.0541626e+01   0.0000000e+00
   3.0427743e+01   1.0538118e+01   0.0000000e+00
   3.0433523e+01   1.0534608e+01   0.0000000e+00
   3.0439305e+01   1.0531095e+01   0.0000000e+00
   3.0445091e+01   1.0527580e+01   0.0000000e+00
   3.0450881e+01   1.0524062e+01   0.0000000e+00
   3.0456673e+01   1.0520541e+01   0.0000000e+00
   3.0462469e+01   1.0517018e+01   0.0000000e+00
   3.0468268e+01   1.0513492e+01   0.0000000e+00
   3.0474071e+01   1.0509964e+01   0.0000000e+00
   3.0479877e+01   1.0506433e+01   0.0000000e+00
   3.0485686e+01   1.0502899e+01   0.0000000e+00
   3.0491499e+01   1.0499363e+01   0.0000000e+00
   3.0497314e+01   1.0495824e+01   0.0000000e+00
   3.0503134e+01   1.0492282e+01   0.0000000e+00
   3.0508956e+01   1.0488738e+01   0.0000000e+00
   3.0514782e+01   1.0485191e+01   0.0000000e+00
   3.0520611e+01   1.0481641e+01   0.0000000e+00
   3.0526444e+01   1.0478089e+01   0.0000000e+00
   3.0532280e+01   1.0474534e+01   0.0000000e+00
   3.0538119e+01   1.0470976e+01   0.0000000e+00
   3.0543962e+01   1.0467416e+01   0.0000000e+00
   3.0549808e+01   1.0463853e+01   0.0000000e+00
   3.0555658e+01   1.0460287e+01   0.0000000e+00
   3.0561510e+01   1.0456719e+01   0.0000000e+00
   3.0567367e+01   1.0453147e+01   0.0000000e+00
   3.0573226e+01   1.0449574e+01   0.0000000e+00
   3.0579089e+01   1.0445997e+01   0.0000000e+00
   3.0584956e+01   1.0442418e+01   0.0000000e+00
   3.0590826e+01   1.0438836e+01   0.0000000e+00
   3.0596699e+01   1.0435251e+01   0.0000000e+00
   3.0602576e+01   1.0431664e+01   0.0000000e+00
   3.0608456e+01   1.0428074e+01   0.0000000e+00
   3.0614340e+01   1.0424481e+01   0.0000000e+00
   3.0620227e+01   1.0420885e+01   0.0000000e+00
   3.0626117e+01   1.0417287e+01   0.0000000e+00
   3.0632011e+01   1.0413686e+01   0.0000000e+00
   3.0637909e+01   1.0410082e+01   0.0000000e+00
   3.0643810e+01   1.0406475e+01   0.0000000e+00
   3.0649714e+01   1.0402866e+01   0.0000000e+00
   3.0655622e+01   1.0399254e+01   0.0000000e+00
   3.0661533e+01   1.0395639e+01   0.0000000e+00
   3.0667448e+01   1.0392021e+01   0.0000000e+00
   3.0673366e+01   1.0388401e+01   0.0000000e+00
   3.0679288e+01   1.0384778e+01   0.0000000e+00
   3.0685213e+01   1.0381152e+01   0.0000000e+00
   3.0691142e+01   1.0377523e+01   0.0000000e+00
   3.0697074e+01   1.0373891e+01   0.0000000e+00
   3.0703010e+01   1.0370257e+01   0.0000000e+00
   3.0708950e+01   1.0366620e+01   0.0000000e+00
   3.0714892e+01   1.0362980e+01   0.0000000e+00
   3.0720839e+01   1.0359337e+01   0.0000000e+00
   3.0726789e+01   1.0355691e+01   0.0000000e+00
   3.0732742e+01   1.0352043e+01   0.0000000e+00
   3.0738699e+01   1.0348392e+01   0.0000000e+00
   3.0744660e+01   1.0344737e+01   0.0000000e+00
   3.0750624e+01   1.0341080e+01   0.0000000e+00
   3.0756592e+01   1.0337421e+01   0.0000000e+00
   3.0762563e+01   1.0333758e+01   0.0000000e+00
   3.0768538e+01   1.0330093e+01   0.0000000e+00
   3.0774517e+01   1.0326424e+01   0.0000000e+00
   3.0780499e+01   1.0322753e+01   0.0000000e+00
   3.0786484e+01   1.0319079e+01   0.0000000e+00
   3.0792474e+01   1.0315402e+01   0.0000000e+00
   3.0798467e+01   1.0311722e+01   0.0000000e+00
   3.0804463e+01   1.0308040e+01   0.0000000e+00
   3.0810463e+01   1.0304354e+01   0.0000000e+00
   3.0816467e+01   1.0300666e+01   0.0000000e+00
   3.0822474e+01   1.0296974e+01   0.0000000e+00
   3.0828485e+01   1.0293280e+01   0.0000000e+00
   3.0834500e+01   1.0289583e+01   0.0000000e+00
   3.0840518e+01   1.0285883e+01   0.0000000e+00
   3.0846540e+01   1.0282180e+01   0.0000000e+00
   3.0852566e+01   1.0278474e+01   0.0000000e+00
   3.0858595e+01   1.0274766e+01   0.0000000e+00
   3.0864628e+01   1.0271054e+01   0.0000000e+00
   3.0870665e+01   1.0267339e+01   0.0000000e+00
   3.0876705e+01   1.0263622e+01   0.0000000e+00
   3.0882749e+01   1.0259901e+01   0.0000000e+00
   3.0888797e+01   1.0256178e+01   0.0000000e+00
   3.0894849e+01   1.0252451e+01   0.0000000e+00
   3.0900904e+01   1.0248722e+01   0.0000000e+00
   3.0906963e+01   1.0244990e+01   0.0000000e+00
   3.0913025e+01   1.0241254e+01   0.0000000e+00
   3.0919091e+01   1.0237516e+01   0.0000000e+00
   3.0925161e+01   1.0233775e+01   0.0000000e+00
   3.0931235e+01   1.0230031e+01   0.0000000e+00
   3.0937313e+01   1.0226284e+01   0.0000000e+00
   3.0943394e+01   1.0222534e+01   0.0000000e+00
   3.0949479e+01   1.0218780e+01   0.0000000e+00
   3.0955568e+01   1.0215024e+01   0.0000000e+00
   3.0961660e+01   1.0211265e+01   0.0000000e+00
   3.0967757e+01   1.0207503e+01   0.0000000e+00
   3.0973857e+01   1.0203738e+01   0.0000000e+00
   3.0979961e+01   1.0199970e+01   0.0000000e+00
   3.0986068e+01   1.0196198e+01   0.0000000e+00
   3.0992180e+01   1.0192424e+01   0.0000000e+00
   3.0998295e+01   1.0188647e+01   0.0000000e+00
   3.1004414e+01   1.0184867e+01   0.0000000e+00
   3.1010537e+01   1.0181083e+01   0.0000000e+00
   3.1016664e+01   1.0177297e+01   0.0000000e+00
   3.1022794e+01   1.0173507e+01   0.0000000e+00
   3.1028929e+01   1.0169715e+01   0.0000000e+00
   3.1035067e+01   1.0165919e+01   0.0000000e+00
   3.1041209e+01   1.0162121e+01   0.0000000e+00
   3.1047355e+01   1.0158319e+01   0.0000000e+00
   3.1053505e+01   1.0154514e+01   0.0000000e+00
   3.1059659e+01   1.0150706e+01   0.0000000e+00
   3.1065816e+01   1.0146895e+01   0.0000000e+00
   3.1071978e+01   1.0143081e+01   0.0000000e+00
   3.1078143e+01   1.0139264e+01   0.0000000e+00
   3.1084312e+01   1.0135444e+01   0.0000000e+00
   3.1090486e+01   1.0131620e+01   0.0000000e+00
   3.1096663e+01   1.0127794e+01   0.0000000e+00
   3.1102844e+01   1.0123964e+01   0.0000000e+00
   3.1109028e+01   1.0120131e+01   0.0000000e+00
   3.1115217e+01   1.0116296e+01   0.0000000e+00
   3.1121410e+01   1.0112456e+01   0.0000000e+00
   3.1127607e+01   1.0108614e+01   0.0000000e+00
   3.1133807e+01   1.0104769e+01   0.0000000e+00
   3.1140012e+01   1.0100921e+01   0.0000000e+00
   3.1146221e+01   1.0097069e+01   0.0000000e+00
   3.1152433e+01   1.0093214e+01   0.0000000e+00
   3.1158650e+01   1.0089356e+01   0.0000000e+00
   3.1164870e+01   1.0085495e+01   0.0000000e+00
   3.1171094e+01   1.0081631e+01   0.0000000e+00
   3.1177323e+01   1.0077763e+01   0.0000000e+00
   3.1183555e+01   1.0073892e+01   0.0000000e+00
   3.1189792e+01   1.0070018e+01   0.0000000e+00
   3.1196032e+01   1.0066141e+01   0.0000000e+00
   3.1202277e+01   1.0062261e+01   0.0000000e+00
   3.1208525e+01   1.0058377e+01   0.0000000e+00
   3.1214778e+01   1.0054491e+01   0.0000000e+00
   3.1221035e+01   1.0050601e+01   0.0000000e+00
   3.1227295e+01   1.0046708e+01   0.0000000e+00
   3.1233560e+01   1.0042811e+01   0.0000000e+00
   3.1239829e+01   1.0038911e+01   0.0000000e+00
   3.1246101e+01   1.0035008e+01   0.0000000e+00
   3.1252378e+01   1.0031102e+01   0.0000000e+00
   3.1258659e+01   1.0027193e+01   0.0000000e+00
   3.1264944e+01   1.0023280e+01   0.0000000e+00
   3.1271234e+01   1.0019364e+01   0.0000000e+00
   3.1277527e+01   1.0015445e+01   0.0000000e+00
   3.1283824e+01   1.0011522e+01   0.0000000e+00
   3.1290126e+01   1.0007596e+01   0.0000000e+00
   3.1296432e+01   1.0003667e+01   0.0000000e+00
   3.1302741e+01   9.9997347e+00   0.0000000e+00
   3.1309055e+01   9.9957990e+00   0.0000000e+00
   3.1315373e+01   9.9918599e+00   0.0000000e+00
   3.1321696e+01   9.9879175e+00   0.0000000e+00
   3.1328022e+01   9.9839718e+00   0.0000000e+00
   3.1334352e+01   9.9800227e+00   0.0000000e+00
   3.1340687e+01   9.9760704e+00   0.0000000e+00
   3.1347026e+01   9.9721147e+00   0.0000000e+00
   3.1353369e+01   9.9681556e+00   0.0000000e+00
   3.1359716e+01   9.9641932e+00   0.0000000e+00
   3.1366068e+01   9.9602274e+00   0.0000000e+00
   3.1372424e+01   9.9562582e+00   0.0000000e+00
   3.1378784e+01   9.9522857e+00   0.0000000e+00
   3.1385148e+01   9.9483098e+00   0.0000000e+00
   3.1391516e+01   9.9443306e+00   0.0000000e+00
   3.1397889e+01   9.9403479e+00   0.0000000e+00
   3.1404266e+01   9.9363618e+00   0.0000000e+00
   3.1410647e+01   9.9323724e+00   0.0000000e+00
   3.1417032e+01   9.9283795e+00   0.0000000e+00
   3.1423422e+01   9.9243832e+00   0.0000000e+00
   3.1429816e+01   9.9203835e+00   0.0000000e+00
   3.1436214e+01   9.9163803e+00   0.0000000e+00
   3.1442617e+01   9.9123738e+00   0.0000000e+00
   3.1449023e+01   9.9083638e+00   0.0000000e+00
   3.1455435e+01   9.9043503e+00   0.0000000e+00
   3.1461850e+01   9.9003334e+00   0.0000000e+00
   3.1468270e+01   9.8963130e+00   0.0000000e+00
   3.1474694e+01   9.8922892e+00   0.0000000e+00
   3.1481122e+01   9.8882619e+00   0.0000000e+00
   3.1487555e+01   9.8842311e+00   0.0000000e+00
   3.1493992e+01   9.8801969e+00   0.0000000e+00
   3.1500434e+01   9.8761591e+00   0.0000000e+00
   3.1506880e+01   9.8721179e+00   0.0000000e+00
   3.1513330e+01   9.8680731e+00   0.0000000e+00
   3.1519785e+01   9.8640249e+00   0.0000000e+00
   3.1526244e+01   9.8599731e+00   0.0000000e+00
   3.1532707e+01   9.8559178e+00   0.0000000e+00
   3.1539175e+01   9.8518590e+00   0.0000000e+00
   3.1545647e+01   9.8477966e+00   0.0000000e+00
   3.1552124e+01   9.8437307e+00   0.0000000e+00
   3.1558605e+01   9.8396613e+00   0.0000000e+00
   3.1565091e+01   9.8355883e+00   0.0000000e+00
   3.1571581e+01   9.8315117e+00   0.0000000e+00
   3.1578075e+01   9.8274316e+00   0.0000000e+00
   3.1584574e+01   9.8233479e+00   0.0000000e+00
   3.1591078e+01   9.8192606e+00   0.0000000e+00
   3.1597585e+01   9.8151697e+00   0.0000000e+00
   3.1604098e+01   9.8110753e+00   0.0000000e+00
   3.1610615e+01   9.8069772e+00   0.0000000e+00
   3.1617136e+01   9.8028755e+00   0.0000000e+00
   3.1623662e+01   9.7987702e+00   0.0000000e+00
   3.1630192e+01   9.7946613e+00   0.0000000e+00
   3.1636727e+01   9.7905488e+00   0.0000000e+00
   3.1643267e+01   9.7864326e+00   0.0000000e+00
   3.1649811e+01   9.7823128e+00   0.0000000e+00
   3.1656360e+01   9.7781894e+00   0.0000000e+00
   3.1662913e+01   9.7740623e+00   0.0000000e+00
   3.1669470e+01   9.7699315e+00   0.0000000e+00
   3.1676033e+01   9.7657971e+00   0.0000000e+00
   3.1682600e+01   9.7616589e+00   0.0000000e+00
   3.1689171e+01   9.7575172e+00   0.0000000e+00
   3.1695747e+01   9.7533717e+00   0.0000000e+00
   3.1702328e+01   9.7492225e+00   0.0000000e+00
   3.1708913e+01   9.7450696e+00   0.0000000e+00
   3.1715503e+01   9.7409130e+00   0.0000000e+00
   3.1722098e+01   9.7367527e+00   0.0000000e+00
   3.1728697e+01   9.7325887e+00   0.0000000e+00
   3.1735301e+01   9.7284209e+00   0.0000000e+00
   3.1741910e+01   9.7242494e+00   0.0000000e+00
   3.1748523e+01   9.7200741e+00   0.0000000e+00
   3.1755141e+01   9.7158951e+00   0.0000000e+00
   3.1761764e+01   9.7117124e+00   0.0000000e+00
   3.1768391e+01   9.7075258e+00   0.0000000e+00
   3.1775023e+01   9.7033355e+00   0.0000000e+00
   3.1781660e+01   9.6991414e+00   0.0000000e+00
   3.1788301e+01   9.6949436e+00   0.0000000e+00
   3.1794947e+01   9.6907419e+00   0.0000000e+00
   3.1801598e+01   9.6865364e+00   0.0000000e+00
   3.1808254e+01   9.6823271e+00   0.0000000e+00
   3.1814915e+01   9.6781140e+00   0.0000000e+00
   3.1821580e+01   9.6738971e+00   0.0000000e+00
   3.1828250e+01   9.6696764e+00   0.0000000e+00
   3.1834925e+01   9.6654518e+00   0.0000000e+00
   3.1841604e+01   9.6612233e+00   0.0000000e+00
   3.1848289e+01   9.6569910e+00   0.0000000e+00
   3.1854978e+01   9.6527549e+00   0.0000000e+00
   3.1861672e+01   9.6485148e+00   0.0000000e+00
   3.1868371e+01   9.6442709e+00   0.0000000e+00
   3.1875075e+01   9.6400231e+00   0.0000000e+00
   3.1881783e+01   9.6357714e+00   0.0000000e+00
   3.1888497e+01   9.6315159e+00   0.0000000e+00
   3.1895215e+01   9.6272564e+00   0.0000000e+00
   3.1901938e+01   9.6229930e+00   0.0000000e+00
   3.1908666e+01   9.6187256e+00   0.0000000e+00
   3.1915399e+01   9.6144544e+00   0.0000000e+00
   3.1922137e+01   9.6101792e+00   0.0000000e+00
   3.1928880e+01   9.6059000e+00   0.0000000e+00
   3.1935628e+01   9.6016170e+00   0.0000000e+00
   3.1942380e+01   9.5973299e+00   0.0000000e+00
   3.1949138e+01   9.5930389e+00   0.0000000e+00
   3.1955901e+01   9.5887439e+00   0.0000000e+00
   3.1962668e+01   9.5844449e+00   0.0000000e+00
   3.1969441e+01   9.5801419e+00   0.0000000e+00
   3.1976218e+01   9.5758349e+00   0.0000000e+00
   3.1983001e+01   9.5715239e+00   0.0000000e+00
   3.1989788e+01   9.5672089e+00   0.0000000e+00
   3.1996581e+01   9.5628899e+00   0.0000000e+00
   3.2003378e+01   9.5585668e+00   0.0000000e+00
   3.2010181e+01   9.5542397e+00   0.0000000e+00
   3.2016988e+01   9.5499086e+00   0.0000000e+00
   3.2023801e+01   9.5455734e+00   0.0000000e+00
   3.2030619e+01   9.5412341e+00   0.0000000e+00
   3.2037442e+01   9.5368908e+00   0.0000000e+00
   3.2044269e+01   9.5325434e+00   0.0000000e+00
   3.2051102e+01   9.5281919e+00   0.0000000e+00
   3.2057940e+01   9.5238363e+00   0.0000000e+00
   3.2064784e+01   9.5194765e+00   0.0000000e+00
   3.2071632e+01   9.5151127e+00   0.0000000e+00
   3.2078485e+01   9.5107448e+00   0.0000000e+00
   3.2085344e+01   9.5063727e+00   0.0000000e+00
   3.2092208e+01   9.5019965e+00   0.0000000e+00
   3.2099077e+01   9.4976161e+00   0.0000000e+00
   3.2105951e+01   9.4932316e+00   0.0000000e+00
   3.2112830e+01   9.4888429e+00   0.0000000e+00
   3.2119714e+01   9.4844501e+00   0.0000000e+00
   3.2126604e+01   9.4800530e+00   0.0000000e+00
   3.2133499e+01   9.4756518e+00   0.0000000e+00
   3.2140399e+01   9.4712464e+00   0.0000000e+00
   3.2147304e+01   9.4668368e+00   0.0000000e+00
   3.2154215e+01   9.4624229e+00   0.0000000e+00
   3.2161130e+01   9.4580049e+00   0.0000000e+00
   3.2168051e+01   9.4535826e+00   0.0000000e+00
   3.2174978e+01   9.4491561e+00   0.0000000e+00
   3.2181909e+01   9.4447253e+00   0.0000000e+00
   3.2188846e+01   9.4402902e+00   0.0000000e+00
   3.2195789e+01   9.4358509e+00   0.0000000e+00
   3.2202736e+01   9.4314074e+00   0.0000000e+00
   3.2209689e+01   9.4269595e+00   0.0000000e+00
   3.2216647e+01   9.4225073e+00   0.0000000e+00
   3.2223611e+01   9.4180509e+00   0.0000000e+00
   3.2230580e+01   9.4135901e+00   0.0000000e+00
   3.2237554e+01   9.4091250e+00   0.0000000e+00
   3.2244534e+01   9.4046556e+00   0.0000000e+00
   3.2251519e+01   9.4001819e+00   0.0000000e+00
   3.2258509e+01   9.3957038e+00   0.0000000e+00
   3.2265505e+01   9.3912213e+00   0.0000000e+00
   3.2272506e+01   9.3867345e+00   0.0000000e+00
   3.2279513e+01   9.3822433e+00   0.0000000e+00
   3.2286525e+01   9.3777477e+00   0.0000000e+00
   3.2293543e+01   9.3732478e+00   0.0000000e+00
   3.2300566e+01   9.3687434e+00   0.0000000e+00
   3.2307594e+01   9.3642346e+00   0.0000000e+00
   3.2314629e+01   9.3597214e+00   0.0000000e+00
   3.2321668e+01   9.3552038e+00   0.0000000e+00
   3.2328713e+01   9.3506817e+00   0.0000000e+00
   3.2335764e+01   9.3461552e+00   0.0000000e+00
   3.2342820e+01   9.3416243e+00   0.0000000e+00
   3.2349882e+01   9.3370888e+00   0.0000000e+00
   3.2356949e+01   9.3325489e+00   0.0000000e+00
   3.2364022e+01   9.3280045e+00   0.0000000e+00
   3.2371100e+01   9.3234557e+00   0.0000000e+00
   3.2378184e+01   9.3189023e+00   0.0000000e+00
   3.2385274e+01   9.3143444e+00   0.0000000e+00
   3.2392369e+01   9.3097819e+00   0.0000000e+00
   3.2399470e+01   9.3052150e+00   0.0000000e+00
   3.2406576e+01   9.3006435e+00   0.0000000e+00
   3.2413689e+01   9.2960674e+00   0.0000000e+00
   3.2420806e+01   9.2914868e+00   0.0000000e+00
   3.2427930e+01   9.2869016e+00   0.0000000e+00
   3.2435059e+01   9.2823119e+00   0.0000000e+00
   3.2442194e+01   9.2777175e+00   0.0000000e+00
   3.2449335e+01   9.2731186e+00   0.0000000e+00
   3.2456481e+01   9.2685150e+00   0.0000000e+00
   3.2463633e+01   9.2639068e+00   0.0000000e+00
   3.2470791e+01   9.2592940e+00   0.0000000e+00
   3.2477954e+01   9.2546765e+00   0.0000000e+00
   3.2485124e+01   9.2500544e+00   0.0000000e+00
   3.2492299e+01   9.2454277e+00   0.0000000e+00
   3.2499480e+01   9.2407962e+00   0.0000000e+00
   3.2506666e+01   9.2361601e+00   0.0000000e+00
   3.2513859e+01   9.2315193e+00   0.0000000e+00
   3.2521057e+01   9.2268738e+00   0.0000000e+00
   3.2528261e+01   9.2222236e+00   0.0000000e+00
   3.2535472e+01   9.2175686e+00   0.0000000e+00
   3.2542687e+01   9.2129090e+00   0.0000000e+00
   3.2549909e+01   9.2082445e+00   0.0000000e+00
   3.2557137e+01   9.2035754e+00   0.0000000e+00
   3.2564371e+01   9.1989014e+00   0.0000000e+00
   3.2571610e+01   9.1942227e+00   0.0000000e+00
   3.2578856e+01   9.1895393e+00   0.0000000e+00
   3.2586107e+01   9.1848510e+00   0.0000000e+00
   3.2593364e+01   9.1801579e+00   0.0000000e+00
   3.2600628e+01   9.1754600e+00   0.0000000e+00
   3.2607897e+01   9.1707573e+00   0.0000000e+00
   3.2615172e+01   9.1660497e+00   0.0000000e+00
   3.2622454e+01   9.1613373e+00   0.0000000e+00
   3.2629741e+01   9.1566200e+00   0.0000000e+00
   3.2637035e+01   9.1518979e+00   0.0000000e+00
   3.2644334e+01   9.1471709e+00   0.0000000e+00
   3.2651640e+01   9.1424389e+00   0.0000000e+00
   3.2658951e+01   9.1377021e+00   0.0000000e+00
   3.2666269e+01   9.1329604e+00   0.0000000e+00
   3.2673593e+01   9.1282138e+00   0.0000000e+00
   3.2680922e+01   9.1234622e+00   0.0000000e+00
   3.2688258e+01   9.1187057e+00   0.0000000e+00
   3.2695601e+01   9.1139442e+00   0.0000000e+00
   3.2702949e+01   9.1091777e+00   0.0000000e+00
   3.2710303e+01   9.1044063e+00   0.0000000e+00
   3.2717664e+01   9.0996299e+00   0.0000000e+00
   3.2725031e+01   9.0948485e+00   0.0000000e+00
   3.2732404e+01   9.0900621e+00   0.0000000e+00
   3.2739783e+01   9.0852706e+00   0.0000000e+00
   3.2747169e+01   9.0804741e+00   0.0000000e+00
   3.2754561e+01   9.0756726e+00   0.0000000e+00
   3.2761959e+01   9.0708660e+00   0.0000000e+00
   3.2769363e+01   9.0660543e+00   0.0000000e+00
   3.2776774e+01   9.0612376e+00   0.0000000e+00
   3.2784191e+01   9.0564158e+00   0.0000000e+00
   3.2791614e+01   9.0515888e+00   0.0000000e+00
   3.2799043e+01   9.0467568e+00   0.0000000e+00
   3.2806479e+01   9.0419196e+00   0.0000000e+00
   3.2813922e+01   9.0370773e+00   0.0000000e+00
   3.2821370e+01   9.0322298e+00   0.0000000e+00
   3.2828825e+01   9.0273772e+00   0.0000000e+00
   3.2836287e+01   9.0225194e+00   0.0000000e+00
   3.2843755e+01   9.0176564e+00   0.0000000e+00
   3.2851229e+01   9.0127882e+00   0.0000000e+00
   3.2858710e+01   9.0079148e+00   0.0000000e+00
   3.2866197e+01   9.0030362e+00   0.0000000e+00
   3.2873690e+01   8.9981523e+00   0.0000000e+00
   3.2881191e+01   8.9932632e+00   0.0000000e+00
   3.2888697e+01   8.9883689e+00   0.0000000e+00
   3.2896211e+01   8.9834692e+00   0.0000000e+00
   3.2903730e+01   8.9785643e+00   0.0000000e+00
   3.2911257e+01   8.9736541e+00   0.0000000e+00
   3.2918789e+01   8.9687386e+00   0.0000000e+00
   3.2926329e+01   8.9638177e+00   0.0000000e+00
   3.2933875e+01   8.9588916e+00   0.0000000e+00
   3.2941428e+01   8.9539600e+00   0.0000000e+00
   3.2948987e+01   8.9490232e+00   0.0000000e+00
   3.2956553e+01   8.9440809e+00   0.0000000e+00
   3.2964125e+01   8.9391333e+00   0.0000000e+00
   3.2971705e+01   8.9341803e+00   0.0000000e+00
   3.2979291e+01   8.9292218e+00   0.0000000e+00
   3.2986883e+01   8.9242580e+00   0.0000000e+00
   3.2994483e+01   8.9192887e+00   0.0000000e+00
   3.3002089e+01   8.9143140e+00   0.0000000e+00
   3.3009701e+01   8.9093338e+00   0.0000000e+00
   3.3017321e+01   8.9043481e+00   0.0000000e+00
   3.3024947e+01   8.8993570e+00   0.0000000e+00
   3.3032581e+01   8.8943603e+00   0.0000000e+00
   3.3040221e+01   8.8893582e+00   0.0000000e+00
   3.3047867e+01   8.8843505e+00   0.0000000e+00
   3.3055521e+01   8.8793373e+00   0.0000000e+00
   3.3063182e+01   8.8743185e+00   0.0000000e+00
   3.3070849e+01   8.8692941e+00   0.0000000e+00
   3.3078523e+01   8.8642642e+00   0.0000000e+00
   3.3086204e+01   8.8592287e+00   0.0000000e+00
   3.3093893e+01   8.8541876e+00   0.0000000e+00
   3.3101588e+01   8.8491409e+00   0.0000000e+00
   3.3109290e+01   8.8440885e+00   0.0000000e+00
   3.3116999e+01   8.8390305e+00   0.0000000e+00
   3.3124715e+01   8.8339668e+00   0.0000000e+00
   3.3132438e+01   8.8288975e+00   0.0000000e+00
   3.3140168e+01   8.8238225e+00   0.0000000e+00
   3.3147905e+01   8.8187417e+00   0.0000000e+00
   3.3155649e+01   8.8136553e+00   0.0000000e+00
   3.3163400e+01   8.8085631e+00   0.0000000e+00
   3.3171158e+01   8.8034652e+00   0.0000000e+00
   3.3178924e+01   8.7983615e+00   0.0000000e+00
   3.3186696e+01   8.7932521e+00   0.0000000e+00
   3.3194476e+01   8.7881368e+00   0.0000000e+00
   3.3202263e+01   8.7830158e+00   0.0000000e+00
   3.3210057e+01   8.7778890e+00   0.0000000e+00
   3.3217858e+01   8.7727563e+00   0.0000000e+00
   3.3225666e+01   8.7676178e+00   0.0000000e+00
   3.3233482e+01   8.7624734e+00   0.0000000e+00
   3.3241304e+01   8.7573232e+00   0.0000000e+00
   3.3249135e+01   8.7521671e+00   0.0000000e+00
   3.3256972e+01   8.7470051e+00   0.0000000e+00
   3.3264817e+01   8.7418371e+00   0.0000000e+00
   3.3272669e+01   8.7366633e+00   0.0000000e+00
   3.3280528e+01   8.7314834e+00   0.0000000e+00
   3.3288395e+01   8.7262977e+00   0.0000000e+00
   3.3296269e+01   8.7211059e+00   0.0000000e+00
   3.3304150e+01   8.7159082e+00   0.0000000e+00
   3.3312039e+01   8.7107045e+00   0.0000000e+00
   3.3319935e+01   8.7054947e+00   0.0000000e+00
   3.3327839e+01   8.7002789e+00   0.0000000e+00
   3.3335750e+01   8.6950571e+00   0.0000000e+00
   3.3343669e+01   8.6898292e+00   0.0000000e+00
   3.3351595e+01   8.6845952e+00   0.0000000e+00
   3.3359529e+01   8.6793551e+00   0.0000000e+00
   3.3367470e+01   8.6741089e+00   0.0000000e+00
   3.3375419e+01   8.6688566e+00   0.0000000e+00
   3.3383375e+01   8.6635981e+00   0.0000000e+00
   3.3391339e+01   8.6583335e+00   0.0000000e+00
   3.3399310e+01   8.6530627e+00   0.0000000e+00
   3.3407289e+01   8.6477857e+00   0.0000000e+00
   3.3415276e+01   8.6425026e+00   0.0000000e+00
   3.3423271e+01   8.6372132e+00   0.0000000e+00
   3.3431273e+01   8.6319175e+00   0.0000000e+00
   3.3439283e+01   8.6266156e+00   0.0000000e+00
   3.3447300e+01   8.6213075e+00   0.0000000e+00
   3.3455325e+01   8.6159930e+00   0.0000000e+00
   3.3463359e+01   8.6106723e+00   0.0000000e+00
   3.3471399e+01   8.6053452e+00   0.0000000e+00
   3.3479448e+01   8.6000118e+00   0.0000000e+00
   3.3487505e+01   8.5946720e+00   0.0000000e+00
   3.3495569e+01   8.5893259e+00   0.0000000e+00
   3.3503641e+01   8.5839734e+00   0.0000000e+00
   3.3511721e+01   8.5786145e+00   0.0000000e+00
   3.3519809e+01   8.5732492e+00   0.0000000e+00
   3.3527905e+01   8.5678774e+00   0.0000000e+00
   3.3536009e+01   8.5624992e+00   0.0000000e+00
   3.3544121e+01   8.5571146e+00   0.0000000e+00
   3.3552240e+01   8.5517234e+00   0.0000000e+00
   3.3560368e+01   8.5463257e+00   0.0000000e+00
   3.3568504e+01   8.5409216e+00   0.0000000e+00
   3.3576648e+01   8.5355109e+00   0.0000000e+00
   3.3584800e+01   8.5300936e+00   0.0000000e+00
   3.3592960e+01   8.5246698e+00   0.0000000e+00
   3.3601128e+01   8.5192393e+00   0.0000000e+00
   3.3609304e+01   8.5138023e+00   0.0000000e+00
   3.3617488e+01   8.5083587e+00   0.0000000e+00
   3.3625681e+01   8.5029084e+00   0.0000000e+00
   3.3633882e+01   8.4974514e+00   0.0000000e+00
   3.3642091e+01   8.4919878e+00   0.0000000e+00
   3.3650308e+01   8.4865175e+00   0.0000000e+00
   3.3658533e+01   8.4810404e+00   0.0000000e+00
   3.3666767e+01   8.4755567e+00   0.0000000e+00
   3.3675009e+01   8.4700662e+00   0.0000000e+00
   3.3683259e+01   8.4645689e+00   0.0000000e+00
   3.3691518e+01   8.4590648e+00   0.0000000e+00
   3.3699785e+01   8.4535540e+00   0.0000000e+00
   3.3708060e+01   8.4480363e+00   0.0000000e+00
   3.3716344e+01   8.4425118e+00   0.0000000e+00
   3.3724637e+01   8.4369804e+00   0.0000000e+00
   3.3732937e+01   8.4314421e+00   0.0000000e+00
   3.3741247e+01   8.4258970e+00   0.0000000e+00
   3.3749564e+01   8.4203449e+00   0.0000000e+00
   3.3757890e+01   8.4147859e+00   0.0000000e+00
   3.3766225e+01   8.4092199e+00   0.0000000e+00
   3.3774569e+01   8.4036470e+00   0.0000000e+00
   3.3782920e+01   8.3980671e+00   0.0000000e+00
   3.3791281e+01   8.3924802e+00   0.0000000e+00
   3.3799650e+01   8.3868862e+00   0.0000000e+00
   3.3808028e+01   8.3812852e+00   0.0000000e+00
   3.3816415e+01   8.3756771e+00   0.0000000e+00
   3.3824810e+01   8.3700620e+00   0.0000000e+00
   3.3833214e+01   8.3644397e+00   0.0000000e+00
   3.3841626e+01   8.3588103e+00   0.0000000e+00
   3.3850048e+01   8.3531738e+00   0.0000000e+00
   3.3858478e+01   8.3475301e+00   0.0000000e+00
   3.3866917e+01   8.3418792e+00   0.0000000e+00
   3.3875365e+01   8.3362211e+00   0.0000000e+00
   3.3883822e+01   8.3305558e+00   0.0000000e+00
   3.3892288e+01   8.3248832e+00   0.0000000e+00
   3.3900763e+01   8.3192034e+00   0.0000000e+00
   3.3909246e+01   8.3135162e+00   0.0000000e+00
   3.3917739e+01   8.3078218e+00   0.0000000e+00
   3.3926240e+01   8.3021200e+00   0.0000000e+00
   3.3934751e+01   8.2964109e+00   0.0000000e+00
   3.3943271e+01   8.2906944e+00   0.0000000e+00
   3.3951799e+01   8.2849705e+00   0.0000000e+00
   3.3960337e+01   8.2792392e+00   0.0000000e+00
   3.3968884e+01   8.2735005e+00   0.0000000e+00
   3.3977440e+01   8.2677543e+00   0.0000000e+00
   3.3986006e+01   8.2620007e+00   0.0000000e+00
   3.3994580e+01   8.2562395e+00   0.0000000e+00
   3.4003164e+01   8.2504708e+00   0.0000000e+00
   3.4011757e+01   8.2446946e+00   0.0000000e+00
   3.4020359e+01   8.2389108e+00   0.0000000e+00
   3.4028970e+01   8.2331195e+00   0.0000000e+00
   3.4037591e+01   8.2273205e+00   0.0000000e+00
   3.4046222e+01   8.2215139e+00   0.0000000e+00
   3.4054861e+01   8.2156996e+00   0.0000000e+00
   3.4063510e+01   8.2098777e+00   0.0000000e+00
   3.4072169e+01   8.2040481e+00   0.0000000e+00
   3.4080836e+01   8.1982108e+00   0.0000000e+00
   3.4089514e+01   8.1923657e+00   0.0000000e+00
   3.4098201e+01   8.1865128e+00   0.0000000e+00
   3.4106897e+01   8.1806522e+00   0.0000000e+00
   3.4115603e+01   8.1747838e+00   0.0000000e+00
   3.4124319e+01   8.1689075e+00   0.0000000e+00
   3.4133044e+01   8.1630234e+00   0.0000000e+00
   3.4141779e+01   8.1571314e+00   0.0000000e+00
   3.4150524e+01   8.1512315e+00   0.0000000e+00
   3.4159278e+01   8.1453237e+00   0.0000000e+00
   3.4168042e+01   8.1394079e+00   0.0000000e+00
   3.4176816e+01   8.1334842e+00   0.0000000e+00
   3.4185599e+01   8.1275524e+00   0.0000000e+00
   3.4194393e+01   8.1216127e+00   0.0000000e+00
   3.4203196e+01   8.1156649e+00   0.0000000e+00
   3.4212009e+01   8.1097090e+00   0.0000000e+00
   3.4220832e+01   8.1037451e+00   0.0000000e+00
   3.4229665e+01   8.0977730e+00   0.0000000e+00
   3.4238508e+01   8.0917928e+00   0.0000000e+00
   3.4247361e+01   8.0858044e+00   0.0000000e+00
   3.4256224e+01   8.0798078e+00   0.0000000e+00
   3.4265097e+01   8.0738030e+00   0.0000000e+00
   3.4273980e+01   8.0677900e+00   0.0000000e+00
   3.4282874e+01   8.0617687e+00   0.0000000e+00
   3.4291777e+01   8.0557392e+00   0.0000000e+00
   3.4300691e+01   8.0497013e+00   0.0000000e+00
   3.4309614e+01   8.0436550e+00   0.0000000e+00
   3.4318548e+01   8.0376005e+00   0.0000000e+00
   3.4327493e+01   8.0315375e+00   0.0000000e+00
   3.4336447e+01   8.0254661e+00   0.0000000e+00
   3.4345412e+01   8.0193862e+00   0.0000000e+00
   3.4354388e+01   8.0132979e+00   0.0000000e+00
   3.4363373e+01   8.0072011e+00   0.0000000e+00
   3.4372369e+01   8.0010958e+00   0.0000000e+00
   3.4381376e+01   7.9949819e+00   0.0000000e+00
   3.4390393e+01   7.9888595e+00   0.0000000e+00
   3.4399421e+01   7.9827284e+00   0.0000000e+00
   3.4408459e+01   7.9765887e+00   0.0000000e+00
   3.4417507e+01   7.9704404e+00   0.0000000e+00
   3.4426567e+01   7.9642834e+00   0.0000000e+00
   3.4435637e+01   7.9581177e+00   0.0000000e+00
   3.4444717e+01   7.9519432e+00   0.0000000e+00
   3.4453809e+01   7.9457600e+00   0.0000000e+00
   3.4462911e+01   7.9395680e+00   0.0000000e+00
   3.4472024e+01   7.9333671e+00   0.0000000e+00
   3.4481147e+01   7.9271575e+00   0.0000000e+00
   3.4490282e+01   7.9209389e+00   0.0000000e+00
   3.4499427e+01   7.9147115e+00   0.0000000e+00
   3.4508584e+01   7.9084751e+00   0.0000000e+00
   3.4517751e+01   7.9022297e+00   0.0000000e+00
   3.4526929e+01   7.8959754e+00   0.0000000e+00
   3.4536119e+01   7.8897120e+00   0.0000000e+00
   3.4545319e+01   7.8834396e+00   0.0000000e+00
   3.4554531e+01   7.8771582e+00   0.0000000e+00
   3.4563753e+01   7.8708676e+00   0.0000000e+00
   3.4572987e+01   7.8645679e+00   0.0000000e+00
   3.4582232e+01   7.8582590e+00   0.0000000e+00
   3.4591488e+01   7.8519409e+00   0.0000000e+00
   3.4600755e+01   7.8456137e+00   0.0000000e+00
   3.4610034e+01   7.8392771e+00   0.0000000e+00
   3.4619324e+01   7.8329313e+00   0.0000000e+00
   3.4628625e+01   7.8265761e+00   0.0000000e+00
   3.4637938e+01   7.8202117e+00   0.0000000e+00
   3.4647263e+01   7.8138378e+00   0.0000000e+00
   3.4656598e+01   7.8074545e+00   0.0000000e+00
   3.4665946e+01   7.8010618e+00   0.0000000e+00
   3.4675304e+01   7.7946597e+00   0.0000000e+00
   3.4684675e+01   7.7882480e+00   0.0000000e+00
   3.4694057e+01   7.7818268e+00   0.0000000e+00
   3.4703451e+01   7.7753961e+00   0.0000000e+00
   3.4712856e+01   7.7689557e+00   0.0000000e+00
   3.4722273e+01   7.7625057e+00   0.0000000e+00
   3.4731702e+01   7.7560461e+00   0.0000000e+00
   3.4741143e+01   7.7495768e+00   0.0000000e+00
   3.4750596e+01   7.7430977e+00   0.0000000e+00
   3.4760060e+01   7.7366089e+00   0.0000000e+00
   3.4769537e+01   7.7301103e+00   0.0000000e+00
   3.4779025e+01   7.7236019e+00   0.0000000e+00
   3.4788526e+01   7.7170837e+00   0.0000000e+00
   3.4798038e+01   7.7105555e+00   0.0000000e+00
   3.4807563e+01   7.7040175e+00   0.0000000e+00
   3.4817099e+01   7.6974694e+00   0.0000000e+00
   3.4826648e+01   7.6909114e+00   0.0000000e+00
   3.4836210e+01   7.6843434e+00   0.0000000e+00
   3.4845783e+01   7.6777653e+00   0.0000000e+00
   3.4855369e+01   7.6711771e+00   0.0000000e+00
   3.4864967e+01   7.6645788e+00   0.0000000e+00
   3.4874577e+01   7.6579703e+00   0.0000000e+00
   3.4884200e+01   7.6513517e+00   0.0000000e+00
   3.4893835e+01   7.6447228e+00   0.0000000e+00
   3.4903483e+01   7.6380836e+00   0.0000000e+00
   3.4913144e+01   7.6314342e+00   0.0000000e+00
   3.4922817e+01   7.6247744e+00   0.0000000e+00
   3.4932502e+01   7.6181042e+00   0.0000000e+00
   3.4942201e+01   7.6114236e+00   0.0000000e+00
   3.4951912e+01   7.6047326e+00   0.0000000e+00
   3.4961635e+01   7.5980311e+00   0.0000000e+00
   3.4971372e+01   7.5913190e+00   0.0000000e+00
   3.4981122e+01   7.5845964e+00   0.0000000e+00
   3.4990884e+01   7.5778632e+00   0.0000000e+00
   3.5000659e+01   7.5711194e+00   0.0000000e+00
   3.5010448e+01   7.5643649e+00   0.0000000e+00
   3.5020249e+01   7.5575998e+00   0.0000000e+00
   3.5030063e+01   7.5508238e+00   0.0000000e+00
   3.5039891e+01   7.5440371e+00   0.0000000e+00
   3.5049732e+01   7.5372395e+00   0.0000000e+00
   3.5059586e+01   7.5304311e+00   0.0000000e+00
   3.5069453e+01   7.5236118e+00   0.0000000e+00
   3.5079333e+01   7.5167816e+00   0.0000000e+00
   3.5089227e+01   7.5099404e+00   0.0000000e+00
   3.5099134e+01   7.5030881e+00   0.0000000e+00
   3.5109055e+01   7.4962248e+00   0.0000000e+00
   3.5118989e+01   7.4893504e+00   0.0000000e+00
   3.5128937e+01   7.4824649e+00   0.0000000e+00
   3.5138899e+01   7.4755682e+00   0.0000000e+00
   3.5148874e+01   7.4686602e+00   0.0000000e+00
   3.5158862e+01   7.4617410e+00   0.0000000e+00
   3.5168865e+01   7.4548105e+00   0.0000000e+00
   3.5178881e+01   7.4478687e+00   0.0000000e+00
   3.5188911e+01   7.4409155e+00   0.0000000e+00
   3.5198955e+01   7.4339508e+00   0.0000000e+00
   3.5209013e+01   7.4269747e+00   0.0000000e+00
   3.5219085e+01   7.4199870e+00   0.0000000e+00
   3.5229171e+01   7.4129878e+00   0.0000000e+00
   3.5239271e+01   7.4059770e+00   0.0000000e+00
   3.5249386e+01   7.3989546e+00   0.0000000e+00
   3.5259514e+01   7.3919204e+00   0.0000000e+00
   3.5269657e+01   7.3848746e+00   0.0000000e+00
   3.5279814e+01   7.3778169e+00   0.0000000e+00
   3.5289985e+01   7.3707475e+00   0.0000000e+00
   3.5300171e+01   7.3636662e+00   0.0000000e+00
   3.5310371e+01   7.3565730e+00   0.0000000e+00
   3.5320586e+01   7.3494678e+00   0.0000000e+00
   3.5330815e+01   7.3423506e+00   0.0000000e+00
   3.5341059e+01   7.3352214e+00   0.0000000e+00
   3.5351318e+01   7.3280801e+00   0.0000000e+00
   3.5361591e+01   7.3209266e+00   0.0000000e+00
   3.5371880e+01   7.3137610e+00   0.0000000e+00
   3.5382183e+01   7.3065831e+00   0.0000000e+00
   3.5392501e+01   7.2993930e+00   0.0000000e+00
   3.5402834e+01   7.2921905e+00   0.0000000e+00
   3.5413181e+01   7.2849757e+00   0.0000000e+00
   3.5423545e+01   7.2777484e+00   0.0000000e+00
   3.5433923e+01   7.2705087e+00   0.0000000e+00
   3.5444316e+01   7.2632564e+00   0.0000000e+00
   3.5454725e+01   7.2559916e+00   0.0000000e+00
   3.5465149e+01   7.2487141e+00   0.0000000e+00
   3.5475588e+01   7.2414240e+00   0.0000000e+00
   3.5486043e+01   7.2341212e+00   0.0000000e+00
   3.5496513e+01   7.2268056e+00   0.0000000e+00
   3.5506998e+01   7.2194772e+00   0.0000000e+00
   3.5517500e+01   7.2121359e+00   0.0000000e+00
   3.5528017e+01   7.2047817e+00   0.0000000e+00
   3.5538550e+01   7.1974146e+00   0.0000000e+00
   3.5549098e+01   7.1900344e+00   0.0000000e+00
   3.5559663e+01   7.1826411e+00   0.0000000e+00
   3.5570243e+01   7.1752347e+00   0.0000000e+00
   3.5580839e+01   7.1678152e+00   0.0000000e+00
   3.5591452e+01   7.1603823e+00   0.0000000e+00
   3.5602080e+01   7.1529362e+00   0.0000000e+00
   3.5612725e+01   7.1454768e+00   0.0000000e+00
   3.5623386e+01   7.1380040e+00   0.0000000e+00
   3.5634063e+01   7.1305177e+00   0.0000000e+00
   3.5644756e+01   7.1230179e+00   0.0000000e+00
   3.5655466e+01   7.1155045e+00   0.0000000e+00
   3.5666193e+01   7.1079775e+00   0.0000000e+00
   3.5676936e+01   7.1004369e+00   0.0000000e+00
   3.5687695e+01   7.0928825e+00   0.0000000e+00
   3.5698472e+01   7.0853143e+00   0.0000000e+00
   3.5709265e+01   7.0777323e+00   0.0000000e+00
   3.5720075e+01   7.0701364e+00   0.0000000e+00
   3.5730902e+01   7.0625265e+00   0.0000000e+00
   3.5741746e+01   7.0549027e+00   0.0000000e+00
   3.5752607e+01   7.0472647e+00   0.0000000e+00
   3.5763485e+01   7.0396126e+00   0.0000000e+00
   3.5774380e+01   7.0319463e+00   0.0000000e+00
   3.5785292e+01   7.0242657e+00   0.0000000e+00
   3.5796222e+01   7.0165708e+00   0.0000000e+00
   3.5807169e+01   7.0088616e+00   0.0000000e+00
   3.5818134e+01   7.0011379e+00   0.0000000e+00
   3.5829116e+01   6.9933997e+00   0.0000000e+00
   3.5840116e+01   6.9856469e+00   0.0000000e+00
   3.5851134e+01   6.9778795e+00   0.0000000e+00
   3.5862169e+01   6.9700975e+00   0.0000000e+00
   3.5873222e+01   6.9623006e+00   0.0000000e+00
   3.5884293e+01   6.9544890e+00   0.0000000e+00
   3.5895383e+01   6.9466625e+00   0.0000000e+00
   3.5906490e+01   6.9388210e+00   0.0000000e+00
   3.5917615e+01   6.9309645e+00   0.0000000e+00
   3.5928759e+01   6.9230929e+00   0.0000000e+00
   3.5939921e+01   6.9152062e+00   0.0000000e+00
   3.5951101e+01   6.9073043e+00   0.0000000e+00
   3.5962300e+01   6.8993871e+00   0.0000000e+00
   3.5973517e+01   6.8914546e+00   0.0000000e+00
   3.5984753e+01   6.8835067e+00   0.0000000e+00
   3.5996007e+01   6.8755432e+00   0.0000000e+00
   3.6007281e+01   6.8675643e+00   0.0000000e+00
   3.6018573e+01   6.8595697e+00   0.0000000e+00
   3.6029885e+01   6.8515594e+00   0.0000000e+00
   3.6041215e+01   6.8435333e+00   0.0000000e+00
   3.6052564e+01   6.8354915e+00   0.0000000e+00
   3.6063933e+01   6.8274337e+00   0.0000000e+00
   3.6075321e+01   6.8193599e+00   0.0000000e+00
   3.6086728e+01   6.8112701e+00   0.0000000e+00
   3.6098155e+01   6.8031642e+00   0.0000000e+00
   3.6109602e+01   6.7950421e+00   0.0000000e+00
   3.6121068e+01   6.7869037e+00   0.0000000e+00
   3.6132553e+01   6.7787489e+00   0.0000000e+00
   3.6144059e+01   6.7705778e+00   0.0000000e+00
   3.6155585e+01   6.7623901e+00   0.0000000e+00
   3.6167130e+01   6.7541859e+00   0.0000000e+00
   3.6178696e+01   6.7459650e+00   0.0000000e+00
   3.6190282e+01   6.7377274e+00   0.0000000e+00
   3.6201888e+01   6.7294730e+00   0.0000000e+00
   3.6213514e+01   6.7212017e+00   0.0000000e+00
   3.6225161e+01   6.7129134e+00   0.0000000e+00
   3.6236829e+01   6.7046081e+00   0.0000000e+00
   3.6248517e+01   6.6962857e+00   0.0000000e+00
   3.6260226e+01   6.6879460e+00   0.0000000e+00
   3.6271956e+01   6.6795891e+00   0.0000000e+00
   3.6283706e+01   6.6712148e+00   0.0000000e+00
   3.6295478e+01   6.6628231e+00   0.0000000e+00
   3.6307271e+01   6.6544138e+00   0.0000000e+00
   3.6319085e+01   6.6459869e+00   0.0000000e+00
   3.6330921e+01   6.6375422e+00   0.0000000e+00
   3.6342778e+01   6.6290798e+00   0.0000000e+00
   3.6354657e+01   6.6205995e+00   0.0000000e+00
   3.6366557e+01   6.6121012e+00   0.0000000e+00
   3.6378479e+01   6.6035849e+00   0.0000000e+00
   3.6390423e+01   6.5950504e+00   0.0000000e+00
   3.6402389e+01   6.5864977e+00   0.0000000e+00
   3.6414377e+01   6.5779267e+00   0.0000000e+00
   3.6426387e+01   6.5693373e+00   0.0000000e+00
   3.6438419e+01   6.5607293e+00   0.0000000e+00
   3.6450474e+01   6.5521028e+00   0.0000000e+00
   3.6462551e+01   6.5434575e+00   0.0000000e+00
   3.6474651e+01   6.5347935e+00   0.0000000e+00
   3.6486774e+01   6.5261106e+00   0.0000000e+00
   3.6498920e+01   6.5174087e+00   0.0000000e+00
   3.6511088e+01   6.5086877e+00   0.0000000e+00
   3.6523280e+01   6.4999476e+00   0.0000000e+00
   3.6535495e+01   6.4911882e+00   0.0000000e+00
   3.6547733e+01   6.4824094e+00   0.0000000e+00
   3.6559995e+01   6.4736112e+00   0.0000000e+00
   3.6572280e+01   6.4647934e+00   0.0000000e+00
   3.6584589e+01   6.4559560e+00   0.0000000e+00
   3.6596922e+01   6.4470988e+00   0.0000000e+00
   3.6609278e+01   6.4382217e+00   0.0000000e+00
   3.6621659e+01   6.4293246e+00   0.0000000e+00
   3.6634063e+01   6.4204074e+00   0.0000000e+00
   3.6646492e+01   6.4114701e+00   0.0000000e+00
   3.6658946e+01   6.4025125e+00   0.0000000e+00
   3.6671424e+01   6.3935345e+00   0.0000000e+00
   3.6683927e+01   6.3845360e+00   0.0000000e+00
   3.6696454e+01   6.3755168e+00   0.0000000e+00
   3.6709006e+01   6.3664770e+00   0.0000000e+00
   3.6721584e+01   6.3574163e+00   0.0000000e+00
   3.6734186e+01   6.3483346e+00   0.0000000e+00
   3.6746814e+01   6.3392319e+00   0.0000000e+00
   3.6759468e+01   6.3301080e+00   0.0000000e+00
   3.6772147e+01   6.3209629e+00   0.0000000e+00
   3.6784852e+01   6.3117963e+00   0.0000000e+00
   3.6797582e+01   6.3026082e+00   0.0000000e+00
   3.6810339e+01   6.2933985e+00   0.0000000e+00
   3.6823122e+01   6.2841670e+00   0.0000000e+00
   3.6835931e+01   6.2749136e+00   0.0000000e+00
   3.6848766e+01   6.2656383e+00   0.0000000e+00
   3.6861628e+01   6.2563408e+00   0.0000000e+00
   3.6874517e+01   6.2470211e+00   0.0000000e+00
   3.6887433e+01   6.2376790e+00   0.0000000e+00
   3.6900375e+01   6.2283144e+00   0.0000000e+00
   3.6913345e+01   6.2189271e+00   0.0000000e+00
   3.6926342e+01   6.2095172e+00   0.0000000e+00
   3.6939367e+01   6.2000843e+00   0.0000000e+00
   3.6952419e+01   6.1906285e+00   0.0000000e+00
   3.6965499e+01   6.1811495e+00   0.0000000e+00
   3.6978607e+01   6.1716472e+00   0.0000000e+00
   3.6991743e+01   6.1621215e+00   0.0000000e+00
   3.7004908e+01   6.1525723e+00   0.0000000e+00
   3.7018100e+01   6.1429994e+00   0.0000000e+00
   3.7031322e+01   6.1334027e+00   0.0000000e+00
   3.7044572e+01   6.1237821e+00   0.0000000e+00
   3.7057851e+01   6.1141373e+00   0.0000000e+00
   3.7071159e+01   6.1044683e+00   0.0000000e+00
   3.7084496e+01   6.0947749e+00   0.0000000e+00
   3.7097863e+01   6.0850570e+00   0.0000000e+00
   3.7111259e+01   6.0753144e+00   0.0000000e+00
   3.7124685e+01   6.0655471e+00   0.0000000e+00
   3.7138141e+01   6.0557547e+00   0.0000000e+00
   3.7151627e+01   6.0459372e+00   0.0000000e+00
   3.7165144e+01   6.0360945e+00   0.0000000e+00
   3.7178691e+01   6.0262263e+00   0.0000000e+00
   3.7192268e+01   6.0163326e+00   0.0000000e+00
   3.7205877e+01   6.0064131e+00   0.0000000e+00
   3.7219516e+01   5.9964678e+00   0.0000000e+00
   3.7233187e+01   5.9864963e+00   0.0000000e+00
   3.7246889e+01   5.9764987e+00   0.0000000e+00
   3.7260623e+01   5.9664747e+00   0.0000000e+00
   3.7274388e+01   5.9564242e+00   0.0000000e+00
   3.7288186e+01   5.9463470e+00   0.0000000e+00
   3.7302015e+01   5.9362429e+00   0.0000000e+00
   3.7315877e+01   5.9261117e+00   0.0000000e+00
   3.7329772e+01   5.9159534e+00   0.0000000e+00
   3.7343699e+01   5.9057676e+00   0.0000000e+00
   3.7357660e+01   5.8955544e+00   0.0000000e+00
   3.7371654e+01   5.8853133e+00   0.0000000e+00
   3.7385681e+01   5.8750444e+00   0.0000000e+00
   3.7399741e+01   5.8647474e+00   0.0000000e+00
   3.7413836e+01   5.8544221e+00   0.0000000e+00
   3.7427964e+01   5.8440683e+00   0.0000000e+00
   3.7442127e+01   5.8336859e+00   0.0000000e+00
   3.7456325e+01   5.8232747e+00   0.0000000e+00
   3.7470557e+01   5.8128344e+00   0.0000000e+00
   3.7484824e+01   5.8023650e+00   0.0000000e+00
   3.7499126e+01   5.7918661e+00   0.0000000e+00
   3.7513464e+01   5.7813376e+00   0.0000000e+00
   3.7527837e+01   5.7707793e+00   0.0000000e+00
   3.7542246e+01   5.7601910e+00   0.0000000e+00
   3.7556691e+01   5.7495726e+00   0.0000000e+00
   3.7571173e+01   5.7389237e+00   0.0000000e+00
   3.7585691e+01   5.7282442e+00   0.0000000e+00
   3.7600246e+01   5.7175338e+00   0.0000000e+00
   3.7614839e+01   5.7067924e+00   0.0000000e+00
   3.7629468e+01   5.6960198e+00   0.0000000e+00
   3.7644135e+01   5.6852157e+00   0.0000000e+00
   3.7658840e+01   5.6743800e+00   0.0000000e+00
   3.7673583e+01   5.6635123e+00   0.0000000e+00
   3.7688365e+01   5.6526125e+00   0.0000000e+00
   3.7703185e+01   5.6416803e+00   0.0000000e+00
   3.7718044e+01   5.6307155e+00   0.0000000e+00
   3.7732943e+01   5.6197179e+00   0.0000000e+00
   3.7747881e+01   5.6086873e+00   0.0000000e+00
   3.7762858e+01   5.5976234e+00   0.0000000e+00
   3.7777876e+01   5.5865259e+00   0.0000000e+00
   3.7792934e+01   5.5753947e+00   0.0000000e+00
   3.7808033e+01   5.5642294e+00   0.0000000e+00
   3.7823172e+01   5.5530299e+00   0.0000000e+00
   3.7838353e+01   5.5417958e+00   0.0000000e+00
   3.7853575e+01   5.5305270e+00   0.0000000e+00
   3.7868839e+01   5.5192232e+00   0.0000000e+00
   3.7884145e+01   5.5078840e+00   0.0000000e+00
   3.7899494e+01   5.4965093e+00   0.0000000e+00
   3.7914885e+01   5.4850988e+00   0.0000000e+00
   3.7930319e+01   5.4736522e+00   0.0000000e+00
   3.7945797e+01   5.4621692e+00   0.0000000e+00
   3.7961319e+01   5.4506495e+00   0.0000000e+00
   3.7976884e+01   5.4390930e+00   0.0000000e+00
   3.7992494e+01   5.4274992e+00   0.0000000e+00
   3.8008149e+01   5.4158679e+00   0.0000000e+00
   3.8023849e+01   5.4041988e+00   0.0000000e+00
   3.8039594e+01   5.3924916e+00   0.0000000e+00
   3.8055385e+01   5.3807461e+00   0.0000000e+00
   3.8071222e+01   5.3689619e+00   0.0000000e+00
   3.8087105e+01   5.3571386e+00   0.0000000e+00
   3.8103035e+01   5.3452761e+00   0.0000000e+00
   3.8119013e+01   5.3333739e+00   0.0000000e+00
   3.8135038e+01   5.3214318e+00   0.0000000e+00
   3.8151111e+01   5.3094494e+00   0.0000000e+00
   3.8167233e+01   5.2974264e+00   0.0000000e+00
   3.8183403e+01   5.2853625e+00   0.0000000e+00
   3.8199622e+01   5.2732574e+00   0.0000000e+00
   3.8215891e+01   5.2611106e+00   0.0000000e+00
   3.8232210e+01   5.2489219e+00   0.0000000e+00
   3.8248579e+01   5.2366909e+00   0.0000000e+00
   3.8264999e+01   5.2244173e+00   0.0000000e+00
   3.8281470e+01   5.2121006e+00   0.0000000e+00
   3.8297993e+01   5.1997405e+00   0.0000000e+00
   3.8314568e+01   5.1873367e+00   0.0000000e+00
   3.8331195e+01   5.1748888e+00   0.0000000e+00
   3.8347876e+01   5.1623964e+00   0.0000000e+00
   3.8364610e+01   5.1498591e+00   0.0000000e+00
   3.8381397e+01   5.1372765e+00   0.0000000e+00
   3.8398239e+01   5.1246482e+00   0.0000000e+00
   3.8415136e+01   5.1119738e+00   0.0000000e+00
   3.8432088e+01   5.0992529e+00   0.0000000e+00
   3.8449096e+01   5.0864852e+00   0.0000000e+00
   3.8466160e+01   5.0736701e+00   0.0000000e+00
   3.8483281e+01   5.0608072e+00   0.0000000e+00
   3.8500459e+01   5.0478962e+00   0.0000000e+00
   3.8517695e+01   5.0349365e+00   0.0000000e+00
   3.8534990e+01   5.0219278e+00   0.0000000e+00
   3.8552343e+01   5.0088695e+00   0.0000000e+00
   3.8569756e+01   4.9957613e+00   0.0000000e+00
   3.8587228e+01   4.9826026e+00   0.0000000e+00
   3.8604761e+01   4.9693929e+00   0.0000000e+00
   3.8622356e+01   4.9561319e+00   0.0000000e+00
   3.8640011e+01   4.9428190e+00   0.0000000e+00
   3.8657730e+01   4.9294536e+00   0.0000000e+00
   3.8675510e+01   4.9160354e+00   0.0000000e+00
   3.8693355e+01   4.9025637e+00   0.0000000e+00
   3.8711263e+01   4.8890381e+00   0.0000000e+00
   3.8729236e+01   4.8754581e+00   0.0000000e+00
   3.8747274e+01   4.8618230e+00   0.0000000e+00
   3.8765379e+01   4.8481325e+00   0.0000000e+00
   3.8783550e+01   4.8343858e+00   0.0000000e+00
   3.8801788e+01   4.8205824e+00   0.0000000e+00
   3.8820094e+01   4.8067218e+00   0.0000000e+00
   3.8838468e+01   4.7928033e+00   0.0000000e+00
   3.8856912e+01   4.7788265e+00   0.0000000e+00
   3.8875426e+01   4.7647906e+00   0.0000000e+00
   3.8894011e+01   4.7506951e+00   0.0000000e+00
   3.8912667e+01   4.7365393e+00   0.0000000e+00
   3.8931396e+01   4.7223227e+00   0.0000000e+00
   3.8950197e+01   4.7080445e+00   0.0000000e+00
   3.8969072e+01   4.6937041e+00   0.0000000e+00
   3.8988022e+01   4.6793008e+00   0.0000000e+00
   3.9007047e+01   4.6648340e+00   0.0000000e+00
   3.9026148e+01   4.6503029e+00   0.0000000e+00
   3.9045326e+01   4.6357069e+00   0.0000000e+00
   3.9064582e+01   4.6210453e+00   0.0000000e+00
   3.9083916e+01   4.6063172e+00   0.0000000e+00
   3.9103330e+01   4.5915220e+00   0.0000000e+00
   3.9122825e+01   4.5766589e+00   0.0000000e+00
   3.9142401e+01   4.5617271e+00   0.0000000e+00
   3.9162059e+01   4.5467259e+00   0.0000000e+00
   3.9181800e+01   4.5316544e+00   0.0000000e+00
   3.9201626e+01   4.5165118e+00   0.0000000e+00
   3.9221537e+01   4.5012974e+00   0.0000000e+00
   3.9241533e+01   4.4860101e+00   0.0000000e+00
   3.9261617e+01   4.4706492e+00   0.0000000e+00
   3.9281789e+01   4.4552139e+00   0.0000000e+00
   3.9302051e+01   4.4397031e+00   0.0000000e+00
   3.9322403e+01   4.4241159e+00   0.0000000e+00
   3.9342846e+01   4.4084515e+00   0.0000000e+00
   3.9363381e+01   4.3927089e+00   0.0000000e+00
   3.9384011e+01   4.3768871e+00   0.0000000e+00
   3.9404735e+01   4.3609851e+00   0.0000000e+00
   3.9425555e+01   4.3450019e+00   0.0000000e+00
   3.9446473e+01   4.3289364e+00   0.0000000e+00
   3.9467489e+01   4.3127876e+00   0.0000000e+00
   3.9488605e+01   4.2965545e+00   0.0000000e+00
   3.9509822e+01   4.2802358e+00   0.0000000e+00
   3.9531141e+01   4.2638305e+00   0.0000000e+00
   3.9552564e+01   4.2473374e+00   0.0000000e+00
   3.9574092e+01   4.2307554e+00   0.0000000e+00
   3.9595727e+01   4.2140832e+00   0.0000000e+00
   3.9617470e+01   4.1973195e+00   0.0000000e+00
   3.9639322e+01   4.1804633e+00   0.0000000e+00
   3.9661285e+01   4.1635130e+00   0.0000000e+00
   3.9683361e+01   4.1464675e+00   0.0000000e+00
   3.9705550e+01   4.1293254e+00   0.0000000e+00
   3.9727856e+01   4.1120852e+00   0.0000000e+00
   3.9750279e+01   4.0947456e+00   0.0000000e+00
   3.9772821e+01   4.0773052e+00   0.0000000e+00
   3.9795484e+01   4.0597624e+00   0.0000000e+00
   3.9818269e+01   4.0421157e+00   0.0000000e+00
   3.9841179e+01   4.0243636e+00   0.0000000e+00
   3.9864215e+01   4.0065044e+00   0.0000000e+00
   3.9887380e+01   3.9885365e+00   0.0000000e+00
   3.9910674e+01   3.9704583e+00   0.0000000e+00
   3.9934101e+01   3.9522681e+00   0.0000000e+00
   3.9957662e+01   3.9339639e+00   0.0000000e+00
   3.9981360e+01   3.9155441e+00   0.0000000e+00
   4.0005196e+01   3.8970068e+00   0.0000000e+00
   4.0029173e+01   3.8783501e+00   0.0000000e+00
   4.0053293e+01   3.8595719e+00   0.0000000e+00
   4.0077558e+01   3.8406704e+00   0.0000000e+00
   4.0101972e+01   3.8216433e+00   0.0000000e+00
   4.0126535e+01   3.8024887e+00   0.0000000e+00
   4.0151252e+01   3.7832042e+00   0.0000000e+00
   4.0176125e+01   3.7637877e+00   0.0000000e+00
   4.0201155e+01   3.7442368e+00   0.0000000e+00
   4.0226347e+01   3.7245491e+00   0.0000000e+00
   4.0251703e+01   3.7047222e+00   0.0000000e+00
   4.0277226e+01   3.6847535e+00   0.0000000e+00
   4.0302918e+01   3.6646404e+00   0.0000000e+00
   4.0328784e+01   3.6443803e+00   0.0000000e+00
   4.0354826e+01   3.6239704e+00   0.0000000e+00
   4.0381048e+01   3.6034078e+00   0.0000000e+00
   4.0407454e+01   3.5826895e+00   0.0000000e+00
   4.0434045e+01   3.5618126e+00   0.0000000e+00
   4.0460828e+01   3.5407738e+00   0.0000000e+00
   4.0487804e+01   3.5195699e+00   0.0000000e+00
   4.0514979e+01   3.4981976e+00   0.0000000e+00
   4.0542356e+01   3.4766534e+00   0.0000000e+00
   4.0569939e+01   3.4549337e+00   0.0000000e+00
   4.0597733e+01   3.4330348e+00   0.0000000e+00
   4.0625743e+01   3.4109528e+00   0.0000000e+00
   4.0653972e+01   3.3886837e+00   0.0000000e+00
   4.0682426e+01   3.3662235e+00   0.0000000e+00
   4.0711110e+01   3.3435677e+00   0.0000000e+00
   4.0740028e+01   3.3207120e+00   0.0000000e+00
   4.0769188e+01   3.2976518e+00   0.0000000e+00
   4.0798593e+01   3.2743823e+00   0.0000000e+00
   4.0828250e+01   3.2508984e+00   0.0000000e+00
   4.0858164e+01   3.2271949e+00   0.0000000e+00
   4.0888343e+01   3.2032666e+00   0.0000000e+00
   4.0918793e+01   3.1791077e+00   0.0000000e+00
   4.0949520e+01   3.1547125e+00   0.0000000e+00
   4.0980532e+01   3.1300748e+00   0.0000000e+00
   4.1011836e+01   3.1051882e+00   0.0000000e+00
   4.1043440e+01   3.0800460e+00   0.0000000e+00
   4.1075352e+01   3.0546415e+00   0.0000000e+00
   4.1107581e+01   3.0289672e+00   0.0000000e+00
   4.1140135e+01   3.0030156e+00   0.0000000e+00
   4.1173023e+01   2.9767786e+00   0.0000000e+00
   4.1206256e+01   2.9502481e+00   0.0000000e+00
   4.1239844e+01   2.9234150e+00   0.0000000e+00
   4.1273797e+01   2.8962704e+00   0.0000000e+00
   4.1308128e+01   2.8688044e+00   0.0000000e+00
   4.1342846e+01   2.8410070e+00   0.0000000e+00
   4.1377966e+01   2.8128673e+00   0.0000000e+00
   4.1413501e+01   2.7843740e+00   0.0000000e+00
   4.1449464e+01   2.7555152e+00   0.0000000e+00
   4.1485870e+01   2.7262782e+00   0.0000000e+00
   4.1522734e+01   2.6966497e+00   0.0000000e+00
   4.1560074e+01   2.6666154e+00   0.0000000e+00
   4.1597908e+01   2.6361603e+00   0.0000000e+00
   4.1636252e+01   2.6052684e+00   0.0000000e+00
   4.1675129e+01   2.5739226e+00   0.0000000e+00
   4.1714558e+01   2.5421047e+00   0.0000000e+00
   4.1754562e+01   2.5097954e+00   0.0000000e+00
   4.1795166e+01   2.4769739e+00   0.0000000e+00
   4.1836396e+01   2.4436178e+00   0.0000000e+00
   4.1878279e+01   2.4097033e+00   0.0000000e+00
   4.1920846e+01   2.3752045e+00   0.0000000e+00
   4.1964129e+01   2.3400938e+00   0.0000000e+00
   4.2008163e+01   2.3043410e+00   0.0000000e+00
   4.2052987e+01   2.2679135e+00   0.0000000e+00
   4.2098640e+01   2.2307759e+00   0.0000000e+00
   4.2145170e+01   2.1928897e+00   0.0000000e+00
   4.2192624e+01   2.1542124e+00   0.0000000e+00
   4.2241057e+01   2.1146979e+00   0.0000000e+00
   4.2290529e+01   2.0742950e+00   0.0000000e+00
   4.2341105e+01   2.0329473e+00   0.0000000e+00
   4.2392859e+01   1.9905922e+00   0.0000000e+00
   4.2445871e+01   1.9471598e+00   0.0000000e+00
   4.2500234e+01   1.9025718e+00   0.0000000e+00
   4.2556049e+01   1.8567399e+00   0.0000000e+00
   4.2613435e+01   1.8095643e+00   0.0000000e+00
   4.2672523e+01   1.7609306e+00   0.0000000e+00
   4.2733468e+01   1.7107078e+00   0.0000000e+00
   4.2796445e+01   1.6587437e+00   0.0000000e+00
   4.2861664e+01   1.6048604e+00   0.0000000e+00
   4.2929368e+01   1.5488475e+00   0.0000000e+00
   4.2999853e+01   1.4904531e+00   0.0000000e+00
   4.3073474e+01   1.4293719e+00   0.0000000e+00
   4.3150671e+01   1.3652268e+00   0.0000000e+00
   4.3231996e+01   1.2975439e+00   0.0000000e+00
   4.3318162e+01   1.2257130e+00   0.0000000e+00
   4.3410111e+01   1.1489258e+00   0.0000000e+00
   4.3509139e+01   1.0660718e+00   0.0000000e+00
   4.3617111e+01   9.7555217e-01   0.0000000e+00
   4.3736891e+01   8.7491283e-01   0.0000000e+00
   4.3873303e+01   7.6002191e-01   0.0000000e+00
   4.4035755e+01   6.2282191e-01   0.0000000e+00
   4.4248561e+01   4.4250774e-01   0.0000000e+00
   4.4768578e+01   1.2849326e-05   0.0000000e+00
